idx,license,license_normalized,ground_truth,predicted,exact_correct,equiv_correct
5425202,GNU,gnu,gpl,agpl 3 0,False,False
4483356,"Apache License
                                   Version 2.0, January 2004
                                http://www.apache.org/licenses/
        
           TERMS AND CONDITIONS FOR USE, REPRODUCTION, AND DISTRIBUTION
        
           1. Definitions.
        
              ""License"" shall mean the terms and conditions for use, reproduction,
              and distribution as defined by Sections 1 through 9 of this document.
        
              ""Licensor"" shall mean the copyright owner or entity authorized by
              the copyright owner that is granting the License.
        
              ""Legal Entity"" shall mean the union of the acting entity and all
              other entities that control, are controlled by, or are under common
              control with that entity. For the purposes of this definition,
              ""control"" means (i) the power, direct or indirect, to cause the
              direction or management of such entity, whether by contract or
              otherwise, or (ii) ownership of fifty percent (50%) or more of the
              outstanding shares, or (iii) beneficial ownership of such entity.
        
              ""You"" (or ""Your"") shall mean an individual or Legal Entity
              exercising permissions granted by this License.
        
              ""Source"" form shall mean the preferred form for making modifications,
              including but not limited to software source code, documentation
              source, and configuration files.
        
              ""Object"" form shall mean any form resulting from mechanical
              transformation or translation of a Source form, including but
              not limited to compiled object code, generated documentation,
              and conversions to other media types.
        
              ""Work"" shall mean the work of authorship, whether in Source or
              Object form, made available under the License, as indicated by a
              copyright notice that is included in or attached to the work
              (an example is provided in the Appendix below).
        
              ""Derivative Works"" shall mean any work, whether in Source or Object
              form, that is based on (or derived from) the Work and for which the
              editorial revisions, annotations, elaborations, or other modifications
              represent, as a whole, an original work of authorship. For the purposes
              of this License, Derivative Works shall not include works that remain
              separable from, or merely link (or bind by name) to the interfaces of,
              the Work and Derivative Works thereof.
        
              ""Contribution"" shall mean any work of authorship, including
              the original version of the Work and any modifications or additions
              to that Work or Derivative Works thereof, that is intentionally
              submitted to Licensor for inclusion in the Work by the copyright owner
              or by an individual or Legal Entity authorized to submit on behalf of
              the copyright owner. For the purposes of this definition, ""submitted""
              means any form of electronic, verbal, or written communication sent
              to the Licensor or its representatives, including but not limited to
              communication on electronic mailing lists, source code control systems,
              and issue tracking systems that are managed by, or on behalf of, the
              Licensor for the purpose of discussing and improving the Work, but
              excluding communication that is conspicuously marked or otherwise
              designated in writing by the copyright owner as ""Not a Contribution.""
        
              ""Contributor"" shall mean Licensor and any individual or Legal Entity
              on behalf of whom a Contribution has been received by Licensor and
              subsequently incorporated within the Work.
        
           2. Grant of Copyright License. Subject to the terms and conditions of
              this License, each Contributor hereby grants to You a perpetual,
              worldwide, non-exclusive, no-charge, royalty-free, irrevocable
              copyright license to reproduce, prepare Derivative Works of,
              publicly display, publicly perform, sublicense, and distribute the
              Work and such Derivative Works in Source or Object form.
        
           3. Grant of Patent License. Subject to the terms and conditions of
              this License, each Contributor hereby grants to You a perpetual,
              worldwide, non-exclusive, no-charge, royalty-free, irrevocable
              (except as stated in this section) patent license to make, have made,
              use, offer to sell, sell, import, and otherwise transfer the Work,
              where such license applies only to those patent claims licensable
              by such Contributor that are necessarily infringed by their
              Contribution(s) alone or by combination of their Contribution(s)
              with the Work to which such Contribution(s) was submitted. If You
              institute patent litigation against any entity (including a
              cross-claim or counterclaim in a lawsuit) alleging that the Work
              or a Contribution incorporated within the Work constitutes direct
              or contributory patent infringement, then any patent licenses
              granted to You under this License for that Work shall terminate
              as of the date such litigation is filed.
        
           4. Redistribution. You may reproduce and distribute copies of the
              Work or Derivative Works thereof in any medium, with or without
              modifications, and in Source or Object form, provided that You
              meet the following conditions:
        
              (a) You must give any other recipients of the Work or
                  Derivative Works a copy of this License; and
        
              (b) You must cause any modified files to carry prominent notices
                  stating that You changed the files; and
        
              (c) You must retain, in the Source form of any Derivative Works
                  that You distribute, all copyright, patent, trademark, and
                  attribution notices from the Source form of the Work,
                  excluding those notices that do not pertain to any part of
                  the Derivative Works; and
        
              (d) If the Work includes a ""NOTICE"" text file as part of its
                  distribution, then any Derivative Works that You distribute must
                  include a readable copy of the attribution notices contained
                  within such NOTICE file, excluding those notices that do not
                  pertain to any part of the Derivative Works, in at least one
                  of the following places: within a NOTICE text file distributed
                  as part of the Derivative Works; within the Source form or
                  documentation, if provided along with the Derivative Works; or,
                  within a display generated by the Derivative Works, if and
                  wherever such third-party notices normally appear. The contents
                  of the NOTICE file are for informational purposes only and
                  do not modify the License. You may add Your own attribution
                  notices within Derivative Works that You distribute, alongside
                  or as an addendum to the NOTICE text from the Work, provided
                  that such additional attribution notices cannot be construed
                  as modifying the License.
        
              You may add Your own copyright statement to Your modifications and
              may provide additional or different license terms and conditions
              for use, reproduction, or distribution of Your modifications, or
              for any such Derivative Works as a whole, provided Your use,
              reproduction, and distribution of the Work otherwise complies with
              the conditions stated in this License.
        
           5. Submission of Contributions. Unless You explicitly state otherwise,
              any Contribution intentionally submitted for inclusion in the Work
              by You to the Licensor shall be under the terms and conditions of
              this License, without any additional terms or conditions.
              Notwithstanding the above, nothing herein shall supersede or modify
              the terms of any separate license agreement you may have executed
              with Licensor regarding such Contributions.
        
           6. Trademarks. This License does not grant permission to use the trade
              names, trademarks, service marks, or product names of the Licensor,
              except as required for reasonable and customary use in describing the
              origin of the Work and reproducing the content of the NOTICE file.
        
           7. Disclaimer of Warranty. Unless required by applicable law or
              agreed to in writing, Licensor provides the Work (and each
              Contributor provides its Contributions) on an ""AS IS"" BASIS,
              WITHOUT WARRANTIES OR CONDITIONS OF ANY KIND, either express or
              implied, including, without limitation, any warranties or conditions
              of TITLE, NON-INFRINGEMENT, MERCHANTABILITY, or FITNESS FOR A
              PARTICULAR PURPOSE. You are solely responsible for determining the
              appropriateness of using or redistributing the Work and assume any
              risks associated with Your exercise of permissions under this License.
        
           8. Limitation of Liability. In no event and under no legal theory,
              whether in tort (including negligence), contract, or otherwise,
              unless required by applicable law (such as deliberate and grossly
              negligent acts) or agreed to in writing, shall any Contributor be
              liable to You for damages, including any direct, indirect, special,
              incidental, or consequential damages of any character arising as a
              result of this License or out of the use or inability to use the
              Work (including but not limited to damages for loss of goodwill,
              work stoppage, computer failure or malfunction, or any and all
              other commercial damages or losses), even if such Contributor
              has been advised of the possibility of such damages.
        
           9. Accepting Warranty or Additional Liability. While redistributing
              the Work or Derivative Works thereof, You may choose to offer,
              and charge a fee for, acceptance of support, warranty, indemnity,
              or other liability obligations and/or rights consistent with this
              License. However, in accepting such obligations, You may act only
              on Your own behalf and on Your sole responsibility, not on behalf
              of any other Contributor, and only if You agree to indemnify,
              defend, and hold each Contributor harmless for any liability
              incurred by, or claims asserted against, such Contributor by reason
              of your accepting any such warranty or additional liability.
        
           END OF TERMS AND CONDITIONS
        
           APPENDIX: How to apply the Apache License to your work.
        
              To apply the Apache License to your work, attach the following
              boilerplate notice, with the fields enclosed by brackets ""{}""
              replaced with your own identifying information. (Don't include
              the brackets!)  The text should be enclosed in the appropriate
              comment syntax for the file format. We also recommend that a
              file or class name and description of purpose be included on the
              same ""printed page"" as the copyright notice for easier
              identification within third-party archives.
        
           Copyright {yyyy} {name of copyright owner}
        
           Licensed under the Apache License, Version 2.0 (the ""License"");
           you may not use this file except in compliance with the License.
           You may obtain a copy of the License at
        
               http://www.apache.org/licenses/LICENSE-2.0
        
           Unless required by applicable law or agreed to in writing, software
           distributed under the License is distributed on an ""AS IS"" BASIS,
           WITHOUT WARRANTIES OR CONDITIONS OF ANY KIND, either express or implied.
           See the License for the specific language governing permissions and
           limitations under the License.
        ",apache 2 0 january 2004 http www apache org licenses terms conditions for use reproduction distribution 1 definitions shall mean terms conditions for use reproduction distribution as defined by sections 1 through 9 this document licensor shall mean copyright owner or entity authorized by copyright owner granting legal entity shall mean union acting entity all other entities control are controlled by or are under common control with entity for purposes this definition control means i power direct or indirect cause direction or management such entity whether by contract or otherwise or ii ownership fifty percent 50 or more outstanding shares or iii beneficial ownership such entity or your shall mean an individual or legal entity exercising permissions granted by this source form shall mean preferred form for making modifications including but not limited source code documentation source configuration files object form shall mean any form resulting from mechanical transformation or translation source form including but not limited compiled object code generated documentation conversions other media types work shall mean work authorship whether source or object form made available under as indicated by copyright notice included or attached work an example provided appendix below derivative works shall mean any work whether source or object form based on or derived from work for which editorial revisions annotations elaborations or other modifications represent as whole an original work authorship for purposes this derivative works shall not include works remain separable from or merely link or bind by name interfaces work derivative works thereof contribution shall mean any work authorship including original work any modifications or additions work or derivative works thereof intentionally submitted licensor for inclusion work by copyright owner or by an individual or legal entity authorized submit on behalf copyright owner for purposes this definition submitted means any form electronic verbal or written communication sent licensor or its representatives including but not limited communication on electronic mailing lists source code control systems issue tracking systems are managed by or on behalf licensor for purpose discussing improving work but excluding communication conspicuously marked or otherwise designated writing by copyright owner as not contribution contributor shall mean licensor any individual or legal entity on behalf whom contribution has been received by licensor subsequently incorporated within work 2 grant copyright subject terms conditions this each contributor hereby grants perpetual worldwide non exclusive no charge royalty free irrevocable copyright reproduce prepare derivative works publicly display publicly perform sublicense distribute work such derivative works source or object form 3 grant patent subject terms conditions this each contributor hereby grants perpetual worldwide non exclusive no charge royalty free irrevocable except as stated this section patent make have made use offer sell sell import otherwise transfer work where such applies only those patent claims licensable by such contributor are necessarily infringed by their contribution s alone or by combination their contribution s with work which such contribution s was submitted if institute patent litigation against any entity including cross claim or counterclaim lawsuit alleging work or contribution incorporated within work constitutes direct or contributory patent infringement then any patent licenses granted under this for work shall terminate as date such litigation filed 4 redistribution may reproduce distribute copies work or derivative works thereof any medium with or without modifications source or object form provided meet following conditions must give any other recipients work or derivative works copy this b must cause any modified files carry prominent notices stating changed files c must retain source form any derivative works distribute all copyright patent trademark attribution notices from source form work excluding those notices do not pertain any part derivative works d if work includes notice text file as part its distribution then any derivative works distribute must include readable copy attribution notices contained within such notice file excluding those notices do not pertain any part derivative works at least one following places within notice text file distributed as part derivative works within source form or documentation if provided along with derivative works or within display generated by derivative works if wherever such third party notices normally appear contents notice file are for informational purposes only do not modify may add your own attribution notices within derivative works distribute alongside or as an addendum notice text from work provided such additional attribution notices cannot be construed as modifying may add your own copyright statement your modifications may provide additional or different terms conditions for use reproduction or distribution your modifications or for any such derivative works as whole provided your use reproduction distribution work otherwise complies with conditions stated this 5 submission contributions unless explicitly state otherwise any contribution intentionally submitted for inclusion work by licensor shall be under terms conditions this without any additional terms or conditions notwithstanding above nothing herein shall supersede or modify terms any separate agreement may have executed with licensor regarding such contributions 6 trademarks this does not grant permission use trade names trademarks service marks or product names licensor except as required for reasonable customary use describing origin work reproducing content notice file 7 disclaimer warranty unless required by applicable law or agreed writing licensor provides work each contributor provides its contributions on an as basis without warranties or conditions any kind either express or implied including without limitation any warranties or conditions title non infringement merchantability or fitness for particular purpose are solely responsible for determining appropriateness using or redistributing work assume any risks associated with your exercise permissions under this 8 limitation liability no event under no legal theory whether tort including negligence contract or otherwise unless required by applicable law such as deliberate grossly negligent acts or agreed writing shall any contributor be liable for damages including any direct indirect special incidental or consequential damages any character arising as result this or out use or inability use work including but not limited damages for loss goodwill work stoppage computer failure or malfunction or any all other commercial damages or losses even if such contributor has been advised possibility such damages 9 accepting warranty or additional liability while redistributing work or derivative works thereof may choose offer charge fee for acceptance support warranty indemnity or other liability obligations or rights consistent with this however accepting such obligations may act only on your own behalf on your sole responsibility not on behalf any other contributor only if agree indemnify defend hold each contributor harmless for any liability incurred by or claims asserted against such contributor by reason your accepting any such warranty or additional liability end terms conditions appendix how apply apache your work apply apache your work attach following boilerplate notice with fields enclosed by brackets replaced with your own identifying information don t include brackets text should be enclosed appropriate comment syntax for file format we also recommend file or class name description purpose be included on same printed page as copyright notice for easier identification within third party archives copyright yyyy name copyright owner licensed under apache 2 0 may not use this file except compliance with may obtain copy at http www apache org licenses 2 0 unless required by applicable law or agreed writing distributed under distributed on an as basis without warranties or conditions any kind either express or implied see for specific language governing permissions limitations under,apache 2 0,apache 1 0,False,False
6198885,"GNU GENERAL PUBLIC LICENSE Version 3, 29 June 2007  Copyright (C) 2007 Free Software Foundation, Inc. <https://fsf.org/> Everyone is permitted to copy and distribute verbatim copies of this license document, but changing it is not allowed.  Preamble  The GNU General Public License is a free, copyleft license for software and other kinds of works.  The licenses for most software and other practical works are designed to take away your freedom to share and change the works.  By contrast, the GNU General Public License is intended to guarantee your freedom to share and change all versions of a program--to make sure it remains free software for all its users.  We, the Free Software Foundation, use the GNU General Public License for most of our software; it applies also to any other work released this way by its authors.  You can apply it to your programs, too.  When we speak of free software, we are referring to freedom, not price.  Our General Public Licenses are designed to make sure that you have the freedom to distribute copies of free software (and charge for them if you wish), that you receive source code or can get it if you want it, that you can change the software or use pieces of it in new free programs, and that you know you can do these things.  To protect your rights, we need to prevent others from denying you these rights or asking you to surrender the rights.  Therefore, you have certain responsibilities if you distribute copies of the software, or if you modify it: responsibilities to respect the freedom of others.  For example, if you distribute copies of such a program, whether gratis or for a fee, you must pass on to the recipients the same freedoms that you received.  You must make sure that they, too, receive or can get the source code.  And you must show them these terms so they know their rights.  Developers that use the GNU GPL protect your rights with two steps: (1) assert copyright on the software, and (2) offer you this License giving you legal permission to copy, distribute and/or modify it.  For the developers' and authors' protection, the GPL clearly explains that there is no warranty for this free software.  For both users' and authors' sake, the GPL requires that modified versions be marked as changed, so that their problems will not be attributed erroneously to authors of previous versions.  Some devices are designed to deny users access to install or run modified versions of the software inside them, although the manufacturer can do so.  This is fundamentally incompatible with the aim of protecting users' freedom to change the software.  The systematic pattern of such abuse occurs in the area of products for individuals to use, which is precisely where it is most unacceptable.  Therefore, we have designed this version of the GPL to prohibit the practice for those products.  If such problems arise substantially in other domains, we stand ready to extend this provision to those domains in future versions of the GPL, as needed to protect the freedom of users.  Finally, every program is threatened constantly by software patents. States should not allow patents to restrict development and use of software on general-purpose computers, but in those that do, we wish to avoid the special danger that patents applied to a free program could make it effectively proprietary.  To prevent this, the GPL assures that patents cannot be used to render the program non-free.  The precise terms and conditions for copying, distribution and modification follow.  TERMS AND CONDITIONS  0. Definitions.  ""This License"" refers to version 3 of the GNU General Public License.  ""Copyright"" also means copyright-like laws that apply to other kinds of works, such as semiconductor masks.  ""The Program"" refers to any copyrightable work licensed under this License.  Each licensee is addressed as ""you"".  ""Licensees"" and ""recipients"" may be individuals or organizations.  To ""modify"" a work means to copy from or adapt all or part of the work in a fashion requiring copyright permission, other than the making of an exact copy.  The resulting work is called a ""modified version"" of the earlier work or a work ""based on"" the earlier work.  A ""covered work"" means either the unmodified Program or a work based on the Program.  To ""propagate"" a work means to do anything with it that, without permission, would make you directly or secondarily liable for infringement under applicable copyright law, except executing it on a computer or modifying a private copy.  Propagation includes copying, distribution (with or without modification), making available to the public, and in some countries other activities as well.  To ""convey"" a work means any kind of propagation that enables other parties to make or receive copies.  Mere interaction with a user through a computer network, with no transfer of a copy, is not conveying.  An interactive user interface displays ""Appropriate Legal Notices"" to the extent that it includes a convenient and prominently visible feature that (1) displays an appropriate copyright notice, and (2) tells the user that there is no warranty for the work (except to the extent that warranties are provided), that licensees may convey the work under this License, and how to view a copy of this License.  If the interface presents a list of user commands or options, such as a menu, a prominent item in the list meets this criterion.  1. Source Code.  The ""source code"" for a work means the preferred form of the work for making modifications to it.  ""Object code"" means any non-source form of a work.  A ""Standard Interface"" means an interface that either is an official standard defined by a recognized standards body, or, in the case of interfaces specified for a particular programming language, one that is widely used among developers working in that language.  The ""System Libraries"" of an executable work include anything, other than the work as a whole, that (a) is included in the normal form of packaging a Major Component, but which is not part of that Major Component, and (b) serves only to enable use of the work with that Major Component, or to implement a Standard Interface for which an implementation is available to the public in source code form.  A ""Major Component"", in this context, means a major essential component (kernel, window system, and so on) of the specific operating system (if any) on which the executable work runs, or a compiler used to produce the work, or an object code interpreter used to run it.  The ""Corresponding Source"" for a work in object code form means all the source code needed to generate, install, and (for an executable work) run the object code and to modify the work, including scripts to control those activities.  However, it does not include the work's System Libraries, or general-purpose tools or generally available free programs which are used unmodified in performing those activities but which are not part of the work.  For example, Corresponding Source includes interface definition files associated with source files for the work, and the source code for shared libraries and dynamically linked subprograms that the work is specifically designed to require, such as by intimate data communication or control flow between those subprograms and other parts of the work.  The Corresponding Source need not include anything that users can regenerate automatically from other parts of the Corresponding Source.  The Corresponding Source for a work in source code form is that same work.  2. Basic Permissions.  All rights granted under this License are granted for the term of copyright on the Program, and are irrevocable provided the stated conditions are met.  This License explicitly affirms your unlimited permission to run the unmodified Program.  The output from running a covered work is covered by this License only if the output, given its content, constitutes a covered work.  This License acknowledges your rights of fair use or other equivalent, as provided by copyright law.  You may make, run and propagate covered works that you do not convey, without conditions so long as your license otherwise remains in force.  You may convey covered works to others for the sole purpose of having them make modifications exclusively for you, or provide you with facilities for running those works, provided that you comply with the terms of this License in conveying all material for which you do not control copyright.  Those thus making or running the covered works for you must do so exclusively on your behalf, under your direction and control, on terms that prohibit them from making any copies of your copyrighted material outside their relationship with you.  Conveying under any other circumstances is permitted solely under the conditions stated below.  Sublicensing is not allowed; section 10 makes it unnecessary.  3. Protecting Users' Legal Rights From Anti-Circumvention Law.  No covered work shall be deemed part of an effective technological measure under any applicable law fulfilling obligations under article 11 of the WIPO copyright treaty adopted on 20 December 1996, or similar laws prohibiting or restricting circumvention of such measures.  When you convey a covered work, you waive any legal power to forbid circumvention of technological measures to the extent such circumvention is effected by exercising rights under this License with respect to the covered work, and you disclaim any intention to limit operation or modification of the work as a means of enforcing, against the work's users, your or third parties' legal rights to forbid circumvention of technological measures.  4. Conveying Verbatim Copies.  You may convey verbatim copies of the Program's source code as you receive it, in any medium, provided that you conspicuously and appropriately publish on each copy an appropriate copyright notice; keep intact all notices stating that this License and any non-permissive terms added in accord with section 7 apply to the code; keep intact all notices of the absence of any warranty; and give all recipients a copy of this License along with the Program.  You may charge any price or no price for each copy that you convey, and you may offer support or warranty protection for a fee.  5. Conveying Modified Source Versions.  You may convey a work based on the Program, or the modifications to produce it from the Program, in the form of source code under the terms of section 4, provided that you also meet all of these conditions:  a) The work must carry prominent notices stating that you modified it, and giving a relevant date.  b) The work must carry prominent notices stating that it is released under this License and any conditions added under section 7.  This requirement modifies the requirement in section 4 to ""keep intact all notices"".  c) You must license the entire work, as a whole, under this License to anyone who comes into possession of a copy.  This License will therefore apply, along with any applicable section 7 additional terms, to the whole of the work, and all its parts, regardless of how they are packaged.  This License gives no permission to license the work in any other way, but it does not invalidate such permission if you have separately received it.  d) If the work has interactive user interfaces, each must display Appropriate Legal Notices; however, if the Program has interactive interfaces that do not display Appropriate Legal Notices, your work need not make them do so.  A compilation of a covered work with other separate and independent works, which are not by their nature extensions of the covered work, and which are not combined with it such as to form a larger program, in or on a volume of a storage or distribution medium, is called an ""aggregate"" if the compilation and its resulting copyright are not used to limit the access or legal rights of the compilation's users beyond what the individual works permit.  Inclusion of a covered work in an aggregate does not cause this License to apply to the other parts of the aggregate.  6. Conveying Non-Source Forms.  You may convey a covered work in object code form under the terms of sections 4 and 5, provided that you also convey the machine-readable Corresponding Source under the terms of this License, in one of these ways:  a) Convey the object code in, or embodied in, a physical product (including a physical distribution medium), accompanied by the Corresponding Source fixed on a durable physical medium customarily used for software interchange.  b) Convey the object code in, or embodied in, a physical product (including a physical distribution medium), accompanied by a written offer, valid for at least three years and valid for as long as you offer spare parts or customer support for that product model, to give anyone who possesses the object code either (1) a copy of the Corresponding Source for all the software in the product that is covered by this License, on a durable physical medium customarily used for software interchange, for a price no more than your reasonable cost of physically performing this conveying of source, or (2) access to copy the Corresponding Source from a network server at no charge.  c) Convey individual copies of the object code with a copy of the written offer to provide the Corresponding Source.  This alternative is allowed only occasionally and noncommercially, and only if you received the object code with such an offer, in accord with subsection 6b.  d) Convey the object code by offering access from a designated place (gratis or for a charge), and offer equivalent access to the Corresponding Source in the same way through the same place at no further charge.  You need not require recipients to copy the Corresponding Source along with the object code.  If the place to copy the object code is a network server, the Corresponding Source may be on a different server (operated by you or a third party) that supports equivalent copying facilities, provided you maintain clear directions next to the object code saying where to find the Corresponding Source.  Regardless of what server hosts the Corresponding Source, you remain obligated to ensure that it is available for as long as needed to satisfy these requirements.  e) Convey the object code using peer-to-peer transmission, provided you inform other peers where the object code and Corresponding Source of the work are being offered to the general public at no charge under subsection 6d.  A separable portion of the object code, whose source code is excluded from the Corresponding Source as a System Library, need not be included in conveying the object code work.  A ""User Product"" is either (1) a ""consumer product"", which means any tangible personal property which is normally used for personal, family, or household purposes, or (2) anything designed or sold for incorporation into a dwelling.  In determining whether a product is a consumer product, doubtful cases shall be resolved in favor of coverage.  For a particular product received by a particular user, ""normally used"" refers to a typical or common use of that class of product, regardless of the status of the particular user or of the way in which the particular user actually uses, or expects or is expected to use, the product.  A product is a consumer product regardless of whether the product has substantial commercial, industrial or non-consumer uses, unless such uses represent the only significant mode of use of the product.  ""Installation Information"" for a User Product means any methods, procedures, authorization keys, or other information required to install and execute modified versions of a covered work in that User Product from a modified version of its Corresponding Source.  The information must suffice to ensure that the continued functioning of the modified object code is in no case prevented or interfered with solely because modification has been made.  If you convey an object code work under this section in, or with, or specifically for use in, a User Product, and the conveying occurs as part of a transaction in which the right of possession and use of the User Product is transferred to the recipient in perpetuity or for a fixed term (regardless of how the transaction is characterized), the Corresponding Source conveyed under this section must be accompanied by the Installation Information.  But this requirement does not apply if neither you nor any third party retains the ability to install modified object code on the User Product (for example, the work has been installed in ROM).  The requirement to provide Installation Information does not include a requirement to continue to provide support service, warranty, or updates for a work that has been modified or installed by the recipient, or for the User Product in which it has been modified or installed.  Access to a network may be denied when the modification itself materially and adversely affects the operation of the network or violates the rules and protocols for communication across the network.  Corresponding Source conveyed, and Installation Information provided, in accord with this section must be in a format that is publicly documented (and with an implementation available to the public in source code form), and must require no special password or key for unpacking, reading or copying.  7. Additional Terms.  ""Additional permissions"" are terms that supplement the terms of this License by making exceptions from one or more of its conditions. Additional permissions that are applicable to the entire Program shall be treated as though they were included in this License, to the extent that they are valid under applicable law.  If additional permissions apply only to part of the Program, that part may be used separately under those permissions, but the entire Program remains governed by this License without regard to the additional permissions.  When you convey a copy of a covered work, you may at your option remove any additional permissions from that copy, or from any part of it.  (Additional permissions may be written to require their own removal in certain cases when you modify the work.)  You may place additional permissions on material, added by you to a covered work, for which you have or can give appropriate copyright permission.  Notwithstanding any other provision of this License, for material you add to a covered work, you may (if authorized by the copyright holders of that material) supplement the terms of this License with terms:  a) Disclaiming warranty or limiting liability differently from the terms of sections 15 and 16 of this License; or  b) Requiring preservation of specified reasonable legal notices or author attributions in that material or in the Appropriate Legal Notices displayed by works containing it; or  c) Prohibiting misrepresentation of the origin of that material, or requiring that modified versions of such material be marked in reasonable ways as different from the original version; or  d) Limiting the use for publicity purposes of names of licensors or authors of the material; or  e) Declining to grant rights under trademark law for use of some trade names, trademarks, or service marks; or  f) Requiring indemnification of licensors and authors of that material by anyone who conveys the material (or modified versions of it) with contractual assumptions of liability to the recipient, for any liability that these contractual assumptions directly impose on those licensors and authors.  All other non-permissive additional terms are considered ""further restrictions"" within the meaning of section 10.  If the Program as you received it, or any part of it, contains a notice stating that it is governed by this License along with a term that is a further restriction, you may remove that term.  If a license document contains a further restriction but permits relicensing or conveying under this License, you may add to a covered work material governed by the terms of that license document, provided that the further restriction does not survive such relicensing or conveying.  If you add terms to a covered work in accord with this section, you must place, in the relevant source files, a statement of the additional terms that apply to those files, or a notice indicating where to find the applicable terms.  Additional terms, permissive or non-permissive, may be stated in the form of a separately written license, or stated as exceptions; the above requirements apply either way.  8. Termination.  You may not propagate or modify a covered work except as expressly provided under this License.  Any attempt otherwise to propagate or modify it is void, and will automatically terminate your rights under this License (including any patent licenses granted under the third paragraph of section 11).  However, if you cease all violation of this License, then your license from a particular copyright holder is reinstated (a) provisionally, unless and until the copyright holder explicitly and finally terminates your license, and (b) permanently, if the copyright holder fails to notify you of the violation by some reasonable means prior to 60 days after the cessation.  Moreover, your license from a particular copyright holder is reinstated permanently if the copyright holder notifies you of the violation by some reasonable means, this is the first time you have received notice of violation of this License (for any work) from that copyright holder, and you cure the violation prior to 30 days after your receipt of the notice.  Termination of your rights under this section does not terminate the licenses of parties who have received copies or rights from you under this License.  If your rights have been terminated and not permanently reinstated, you do not qualify to receive new licenses for the same material under section 10.  9. Acceptance Not Required for Having Copies.  You are not required to accept this License in order to receive or run a copy of the Program.  Ancillary propagation of a covered work occurring solely as a consequence of using peer-to-peer transmission to receive a copy likewise does not require acceptance.  However, nothing other than this License grants you permission to propagate or modify any covered work.  These actions infringe copyright if you do not accept this License.  Therefore, by modifying or propagating a covered work, you indicate your acceptance of this License to do so.  10. Automatic Licensing of Downstream Recipients.  Each time you convey a covered work, the recipient automatically receives a license from the original licensors, to run, modify and propagate that work, subject to this License.  You are not responsible for enforcing compliance by third parties with this License.  An ""entity transaction"" is a transaction transferring control of an organization, or substantially all assets of one, or subdividing an organization, or merging organizations.  If propagation of a covered work results from an entity transaction, each party to that transaction who receives a copy of the work also receives whatever licenses to the work the party's predecessor in interest had or could give under the previous paragraph, plus a right to possession of the Corresponding Source of the work from the predecessor in interest, if the predecessor has it or can get it with reasonable efforts.  You may not impose any further restrictions on the exercise of the rights granted or affirmed under this License.  For example, you may not impose a license fee, royalty, or other charge for exercise of rights granted under this License, and you may not initiate litigation (including a cross-claim or counterclaim in a lawsuit) alleging that any patent claim is infringed by making, using, selling, offering for sale, or importing the Program or any portion of it.  11. Patents.  A ""contributor"" is a copyright holder who authorizes use under this License of the Program or a work on which the Program is based.  The work thus licensed is called the contributor's ""contributor version"".  A contributor's ""essential patent claims"" are all patent claims owned or controlled by the contributor, whether already acquired or hereafter acquired, that would be infringed by some manner, permitted by this License, of making, using, or selling its contributor version, but do not include claims that would be infringed only as a consequence of further modification of the contributor version.  For purposes of this definition, ""control"" includes the right to grant patent sublicenses in a manner consistent with the requirements of this License.  Each contributor grants you a non-exclusive, worldwide, royalty-free patent license under the contributor's essential patent claims, to make, use, sell, offer for sale, import and otherwise run, modify and propagate the contents of its contributor version.  In the following three paragraphs, a ""patent license"" is any express agreement or commitment, however denominated, not to enforce a patent (such as an express permission to practice a patent or covenant not to sue for patent infringement).  To ""grant"" such a patent license to a party means to make such an agreement or commitment not to enforce a patent against the party.  If you convey a covered work, knowingly relying on a patent license, and the Corresponding Source of the work is not available for anyone to copy, free of charge and under the terms of this License, through a publicly available network server or other readily accessible means, then you must either (1) cause the Corresponding Source to be so available, or (2) arrange to deprive yourself of the benefit of the patent license for this particular work, or (3) arrange, in a manner consistent with the requirements of this License, to extend the patent license to downstream recipients.  ""Knowingly relying"" means you have actual knowledge that, but for the patent license, your conveying the covered work in a country, or your recipient's use of the covered work in a country, would infringe one or more identifiable patents in that country that you have reason to believe are valid.  If, pursuant to or in connection with a single transaction or arrangement, you convey, or propagate by procuring conveyance of, a covered work, and grant a patent license to some of the parties receiving the covered work authorizing them to use, propagate, modify or convey a specific copy of the covered work, then the patent license you grant is automatically extended to all recipients of the covered work and works based on it.  A patent license is ""discriminatory"" if it does not include within the scope of its coverage, prohibits the exercise of, or is conditioned on the non-exercise of one or more of the rights that are specifically granted under this License.  You may not convey a covered work if you are a party to an arrangement with a third party that is in the business of distributing software, under which you make payment to the third party based on the extent of your activity of conveying the work, and under which the third party grants, to any of the parties who would receive the covered work from you, a discriminatory patent license (a) in connection with copies of the covered work conveyed by you (or copies made from those copies), or (b) primarily for and in connection with specific products or compilations that contain the covered work, unless you entered into that arrangement, or that patent license was granted, prior to 28 March 2007.  Nothing in this License shall be construed as excluding or limiting any implied license or other defenses to infringement that may otherwise be available to you under applicable patent law.  12. No Surrender of Others' Freedom.  If conditions are imposed on you (whether by court order, agreement or otherwise) that contradict the conditions of this License, they do not excuse you from the conditions of this License.  If you cannot convey a covered work so as to satisfy simultaneously your obligations under this License and any other pertinent obligations, then as a consequence you may not convey it at all.  For example, if you agree to terms that obligate you to collect a royalty for further conveying from those to whom you convey the Program, the only way you could satisfy both those terms and this License would be to refrain entirely from conveying the Program.  13. Use with the GNU Affero General Public License.  Notwithstanding any other provision of this License, you have permission to link or combine any covered work with a work licensed under version 3 of the GNU Affero General Public License into a single combined work, and to convey the resulting work.  The terms of this License will continue to apply to the part which is the covered work, but the special requirements of the GNU Affero General Public License, section 13, concerning interaction through a network will apply to the combination as such.  14. Revised Versions of this License.  The Free Software Foundation may publish revised and/or new versions of the GNU General Public License from time to time.  Such new versions will be similar in spirit to the present version, but may differ in detail to address new problems or concerns.  Each version is given a distinguishing version number.  If the Program specifies that a certain numbered version of the GNU General Public License ""or any later version"" applies to it, you have the option of following the terms and conditions either of that numbered version or of any later version published by the Free Software Foundation.  If the Program does not specify a version number of the GNU General Public License, you may choose any version ever published by the Free Software Foundation.  If the Program specifies that a proxy can decide which future versions of the GNU General Public License can be used, that proxy's public statement of acceptance of a version permanently authorizes you to choose that version for the Program.  Later license versions may give you additional or different permissions.  However, no additional obligations are imposed on any author or copyright holder as a result of your choosing to follow a later version.  15. Disclaimer of Warranty.  THERE IS NO WARRANTY FOR THE PROGRAM, TO THE EXTENT PERMITTED BY APPLICABLE LAW.  EXCEPT WHEN OTHERWISE STATED IN WRITING THE COPYRIGHT HOLDERS AND/OR OTHER PARTIES PROVIDE THE PROGRAM ""AS IS"" WITHOUT WARRANTY OF ANY KIND, EITHER EXPRESSED OR IMPLIED, INCLUDING, BUT NOT LIMITED TO, THE IMPLIED WARRANTIES OF MERCHANTABILITY AND FITNESS FOR A PARTICULAR PURPOSE.  THE ENTIRE RISK AS TO THE QUALITY AND PERFORMANCE OF THE PROGRAM IS WITH YOU.  SHOULD THE PROGRAM PROVE DEFECTIVE, YOU ASSUME THE COST OF ALL NECESSARY SERVICING, REPAIR OR CORRECTION.  16. Limitation of Liability.  IN NO EVENT UNLESS REQUIRED BY APPLICABLE LAW OR AGREED TO IN WRITING WILL ANY COPYRIGHT HOLDER, OR ANY OTHER PARTY WHO MODIFIES AND/OR CONVEYS THE PROGRAM AS PERMITTED ABOVE, BE LIABLE TO YOU FOR DAMAGES, INCLUDING ANY GENERAL, SPECIAL, INCIDENTAL OR CONSEQUENTIAL DAMAGES ARISING OUT OF THE USE OR INABILITY TO USE THE PROGRAM (INCLUDING BUT NOT LIMITED TO LOSS OF DATA OR DATA BEING RENDERED INACCURATE OR LOSSES SUSTAINED BY YOU OR THIRD PARTIES OR A FAILURE OF THE PROGRAM TO OPERATE WITH ANY OTHER PROGRAMS), EVEN IF SUCH HOLDER OR OTHER PARTY HAS BEEN ADVISED OF THE POSSIBILITY OF SUCH DAMAGES.  17. Interpretation of Sections 15 and 16.  If the disclaimer of warranty and limitation of liability provided above cannot be given local legal effect according to their terms, reviewing courts shall apply local law that most closely approximates an absolute waiver of all civil liability in connection with the Program, unless a warranty or assumption of liability accompanies a copy of the Program in return for a fee.  END OF TERMS AND CONDITIONS  How to Apply These Terms to Your New Programs  If you develop a new program, and you want it to be of the greatest possible use to the public, the best way to achieve this is to make it free software which everyone can redistribute and change under these terms.  To do so, attach the following notices to the program.  It is safest to attach them to the start of each source file to most effectively state the exclusion of warranty; and each file should have at least the ""copyright"" line and a pointer to where the full notice is found.  <one line to give the program's name and a brief idea of what it does.> Copyright (C) <year>  <name of author>  This program is free software: you can redistribute it and/or modify it under the terms of the GNU General Public License as published by the Free Software Foundation, either version 3 of the License, or (at your option) any later version.  This program is distributed in the hope that it will be useful, but WITHOUT ANY WARRANTY; without even the implied warranty of MERCHANTABILITY or FITNESS FOR A PARTICULAR PURPOSE.  See the GNU General Public License for more details.  You should have received a copy of the GNU General Public License along with this program.  If not, see <https://www.gnu.org/licenses/>.  Also add information on how to contact you by electronic and paper mail.  If the program does terminal interaction, make it output a short notice like this when it starts in an interactive mode:  <program>  Copyright (C) <year>  <name of author> This program comes with ABSOLUTELY NO WARRANTY; for details type `show w'. This is free software, and you are welcome to redistribute it under certain conditions; type `show c' for details.  The hypothetical commands `show w' and `show c' should show the appropriate parts of the General Public License.  Of course, your program's commands might be different; for a GUI interface, you would use an ""about box"".  You should also get your employer (if you work as a programmer) or school, if any, to sign a ""copyright disclaimer"" for the program, if necessary. For more information on this, and how to apply and follow the GNU GPL, see <https://www.gnu.org/licenses/>.  The GNU General Public License does not permit incorporating your program into proprietary programs.  If your program is a subroutine library, you may consider it more useful to permit linking proprietary applications with the library.  If this is what you want to do, use the GNU Lesser General Public License instead of this License.  But first, please read <https://www.gnu.org/licenses/why-not-lgpl.html>. ",gnu general public 3 29 june 2007 copyright c 2007 free foundation inc https fsf org everyone permitted copy distribute verbatim copies this document but changing not allowed preamble gnu general public free copyleft for other kinds works licenses for most other practical works are designed take away your freedom share change works by contrast gnu general public intended guarantee your freedom share change all versions program make sure remains free for all its users we free foundation use gnu general public for most our applies also any other work released this way by its authors can apply your programs too when we speak free we are referring freedom not price our general public licenses are designed make sure have freedom distribute copies free charge for them if wish receive source code or can get if want can change or use pieces new free programs know can do these things protect your rights we need prevent others from denying these rights or asking surrender rights therefore have certain responsibilities if distribute copies or if modify responsibilities respect freedom others for example if distribute copies such program whether gratis or for fee must pass on recipients same freedoms received must make sure they too receive or can get source code must show them these terms so they know their rights developers use gnu gpl protect your rights with two steps 1 assert copyright on 2 offer this giving legal permission copy distribute or modify for developers authors protection gpl clearly explains there no warranty for this free for both users authors sake gpl requires modified versions be marked as changed so their problems will not be attributed erroneously authors previous versions some devices are designed deny users access install or run modified versions inside them although manufacturer can do so this fundamentally incompatible with aim protecting users freedom change systematic pattern such abuse occurs area products for individuals use which precisely where most unacceptable therefore we have designed this gpl prohibit practice for those products if such problems arise substantially other domains we stand ready extend this provision those domains future versions gpl as needed protect freedom users finally every program threatened constantly by patents states should not allow patents restrict development use on general purpose computers but those do we wish avoid special danger patents applied free program could make effectively proprietary prevent this gpl assures patents cannot be used render program non free precise terms conditions for copying distribution modification follow terms conditions 0 definitions this refers 3 gnu general public copyright also means copyright like laws apply other kinds works such as semiconductor masks program refers any copyrightable work licensed under this each licensee addressed as licensees recipients may be individuals or organizations modify work means copy from or adapt all or part work fashion requiring copyright permission other than making an exact copy resulting work called modified earlier work or work based on earlier work covered work means either unmodified program or work based on program propagate work means do anything with without permission would make directly or secondarily liable for infringement under applicable copyright law except executing on computer or modifying private copy propagation includes copying distribution with or without modification making available public some countries other activities as well convey work means any kind propagation enables other parties make or receive copies mere interaction with user through computer network with no transfer copy not conveying an interactive user interface displays appropriate legal notices extent includes convenient prominently visible feature 1 displays an appropriate copyright notice 2 tells user there no warranty for work except extent warranties are provided licensees may convey work under this how view copy this if interface presents list user commands or options such as menu prominent item list meets this criterion 1 source code source code for work means preferred form work for making modifications object code means any non source form work standard interface means an interface either an official standard defined by recognized standards body or case interfaces specified for particular programming language one widely used among developers working language system libraries an executable work include anything other than work as whole included normal form packaging major component but which not part major component b serves only enable use work with major component or implement standard interface for which an implementation available public source code form major component this context means major essential component kernel window system so on specific operating system if any on which executable work runs or compiler used produce work or an object code interpreter used run corresponding source for work object code form means all source code needed generate install for an executable work run object code modify work including scripts control those activities however does not include work s system libraries or general purpose tools or generally available free programs which are used unmodified performing those activities but which are not part work for example corresponding source includes interface definition files associated with source files for work source code for shared libraries dynamically linked subprograms work specifically designed require such as by intimate data communication or control flow between those subprograms other parts work corresponding source need not include anything users can regenerate automatically from other parts corresponding source corresponding source for work source code form same work 2 basic permissions all rights granted under this are granted for term copyright on program are irrevocable provided stated conditions are met this explicitly affirms your unlimited permission run unmodified program output from running covered work covered by this only if output given its content constitutes covered work this acknowledges your rights fair use or other equivalent as provided by copyright law may make run propagate covered works do not convey without conditions so long as your otherwise remains force may convey covered works others for sole purpose having them make modifications exclusively for or provide with facilities for running those works provided comply with terms this conveying all material for which do not control copyright those thus making or running covered works for must do so exclusively on your behalf under your direction control on terms prohibit them from making any copies your copyrighted material outside their relationship with conveying under any other circumstances permitted solely under conditions stated below sublicensing not allowed section 10 makes unnecessary 3 protecting users legal rights from anti circumvention law no covered work shall be deemed part an effective technological measure under any applicable law fulfilling obligations under article 11 wipo copyright treaty adopted on 20 december 1996 or similar laws prohibiting or restricting circumvention such measures when convey covered work waive any legal power forbid circumvention technological measures extent such circumvention effected by exercising rights under this with respect covered work disclaim any intention limit operation or modification work as means enforcing against work s users your or third parties legal rights forbid circumvention technological measures 4 conveying verbatim copies may convey verbatim copies program s source code as receive any medium provided conspicuously appropriately publish on each copy an appropriate copyright notice keep intact all notices stating this any non permissive terms added accord with section 7 apply code keep intact all notices absence any warranty give all recipients copy this along with program may charge any price or no price for each copy convey may offer support or warranty protection for fee 5 conveying modified source versions may convey work based on program or modifications produce from program form source code under terms section 4 provided also meet all these conditions work must carry prominent notices stating modified giving relevant date b work must carry prominent notices stating released under this any conditions added under section 7 this requirement modifies requirement section 4 keep intact all notices c must entire work as whole under this anyone who comes into possession copy this will therefore apply along with any applicable section 7 additional terms whole work all its parts regardless how they are packaged this gives no permission work any other way but does not invalidate such permission if have separately received d if work has interactive user interfaces each must display appropriate legal notices however if program has interactive interfaces do not display appropriate legal notices your work need not make them do so compilation covered work with other separate independent works which are not by their nature extensions covered work which are not combined with such as form larger program or on volume storage or distribution medium called an aggregate if compilation its resulting copyright are not used limit access or legal rights compilation s users beyond what individual works permit inclusion covered work an aggregate does not cause this apply other parts aggregate 6 conveying non source forms may convey covered work object code form under terms sections 4 5 provided also convey machine readable corresponding source under terms this one these ways convey object code or embodied physical product including physical distribution medium accompanied by corresponding source fixed on durable physical medium customarily used for interchange b convey object code or embodied physical product including physical distribution medium accompanied by written offer valid for at least three years valid for as long as offer spare parts or customer support for product model give anyone who possesses object code either 1 copy corresponding source for all product covered by this on durable physical medium customarily used for interchange for price no more than your reasonable cost physically performing this conveying source or 2 access copy corresponding source from network server at no charge c convey individual copies object code with copy written offer provide corresponding source this alternative allowed only occasionally noncommercially only if received object code with such an offer accord with subsection 6b d convey object code by offering access from designated place gratis or for charge offer equivalent access corresponding source same way through same place at no further charge need not require recipients copy corresponding source along with object code if place copy object code network server corresponding source may be on different server operated by or third party supports equivalent copying facilities provided maintain clear directions next object code saying where find corresponding source regardless what server hosts corresponding source remain obligated ensure available for as long as needed satisfy these requirements e convey object code using peer peer transmission provided inform other peers where object code corresponding source work are being offered general public at no charge under subsection 6d separable portion object code whose source code excluded from corresponding source as system library need not be included conveying object code work user product either 1 consumer product which means any tangible personal property which normally used for personal family or household purposes or 2 anything designed or sold for incorporation into dwelling determining whether product consumer product doubtful cases shall be resolved favor coverage for particular product received by particular user normally used refers typical or common use class product regardless status particular user or way which particular user actually uses or expects or expected use product product consumer product regardless whether product has substantial commercial industrial or non consumer uses unless such uses represent only significant mode use product installation information for user product means any methods procedures authorization keys or other information required install execute modified versions covered work user product from modified its corresponding source information must suffice ensure continued functioning modified object code no case prevented or interfered with solely because modification has been made if convey an object code work under this section or with or specifically for use user product conveying occurs as part transaction which right possession use user product transferred recipient perpetuity or for fixed term regardless how transaction characterized corresponding source conveyed under this section must be accompanied by installation information but this requirement does not apply if neither nor any third party retains ability install modified object code on user product for example work has been installed rom requirement provide installation information does not include requirement continue provide support service warranty or updates for work has been modified or installed by recipient or for user product which has been modified or installed access network may be denied when modification itself materially adversely affects operation network or violates rules protocols for communication across network corresponding source conveyed installation information provided accord with this section must be format publicly documented with an implementation available public source code form must require no special password or key for unpacking reading or copying 7 additional terms additional permissions are terms supplement terms this by making exceptions from one or more its conditions additional permissions are applicable entire program shall be treated as though they were included this extent they are valid under applicable law if additional permissions apply only part program part may be used separately under those permissions but entire program remains governed by this without regard additional permissions when convey copy covered work may at your option remove any additional permissions from copy or from any part additional permissions may be written require their own removal certain cases when modify work may place additional permissions on material added by covered work for which have or can give appropriate copyright permission notwithstanding any other provision this for material add covered work may if authorized by copyright holders material supplement terms this with terms disclaiming warranty or limiting liability differently from terms sections 15 16 this or b requiring preservation specified reasonable legal notices or author attributions material or appropriate legal notices displayed by works containing or c prohibiting misrepresentation origin material or requiring modified versions such material be marked reasonable ways as different from original or d limiting use for publicity purposes names licensors or authors material or e declining grant rights under trademark law for use some trade names trademarks or service marks or f requiring indemnification licensors authors material by anyone who conveys material or modified versions with contractual assumptions liability recipient for any liability these contractual assumptions directly impose on those licensors authors all other non permissive additional terms are considered further restrictions within meaning section 10 if program as received or any part contains notice stating governed by this along with term further restriction may remove term if document contains further restriction but permits relicensing or conveying under this may add covered work material governed by terms document provided further restriction does not survive such relicensing or conveying if add terms covered work accord with this section must place relevant source files statement additional terms apply those files or notice indicating where find applicable terms additional terms permissive or non permissive may be stated form separately written or stated as exceptions above requirements apply either way 8 termination may not propagate or modify covered work except as expressly provided under this any attempt otherwise propagate or modify void will automatically terminate your rights under this including any patent licenses granted under third paragraph section 11 however if cease all violation this then your from particular copyright holder reinstated provisionally unless until copyright holder explicitly finally terminates your b permanently if copyright holder fails notify violation by some reasonable means prior 60 days after cessation moreover your from particular copyright holder reinstated permanently if copyright holder notifies violation by some reasonable means this first time have received notice violation this for any work from copyright holder cure violation prior 30 days after your receipt notice termination your rights under this section does not terminate licenses parties who have received copies or rights from under this if your rights have been terminated not permanently reinstated do not qualify receive new licenses for same material under section 10 9 acceptance not required for having copies are not required accept this order receive or run copy program ancillary propagation covered work occurring solely as consequence using peer peer transmission receive copy likewise does not require acceptance however nothing other than this grants permission propagate or modify any covered work these actions infringe copyright if do not accept this therefore by modifying or propagating covered work indicate your acceptance this do so 10 automatic licensing downstream recipients each time convey covered work recipient automatically receives from original licensors run modify propagate work subject this are not responsible for enforcing compliance by third parties with this an entity transaction transaction transferring control an organization or substantially all assets one or subdividing an organization or merging organizations if propagation covered work results from an entity transaction each party transaction who receives copy work also receives whatever licenses work party s predecessor interest had or could give under previous paragraph plus right possession corresponding source work from predecessor interest if predecessor has or can get with reasonable efforts may not impose any further restrictions on exercise rights granted or affirmed under this for example may not impose fee royalty or other charge for exercise rights granted under this may not initiate litigation including cross claim or counterclaim lawsuit alleging any patent claim infringed by making using selling offering for sale or importing program or any portion 11 patents contributor copyright holder who authorizes use under this program or work on which program based work thus licensed called contributor s contributor contributor s essential patent claims are all patent claims owned or controlled by contributor whether already acquired or hereafter acquired would be infringed by some manner permitted by this making using or selling its contributor but do not include claims would be infringed only as consequence further modification contributor for purposes this definition control includes right grant patent sublicenses manner consistent with requirements this each contributor grants non exclusive worldwide royalty free patent under contributor s essential patent claims make use sell offer for sale import otherwise run modify propagate contents its contributor following three paragraphs patent any express agreement or commitment however denominated not enforce patent such as an express permission practice patent or covenant not sue for patent infringement grant such patent party means make such an agreement or commitment not enforce patent against party if convey covered work knowingly relying on patent corresponding source work not available for anyone copy free charge under terms this through publicly available network server or other readily accessible means then must either 1 cause corresponding source be so available or 2 arrange deprive yourself benefit patent for this particular work or 3 arrange manner consistent with requirements this extend patent downstream recipients knowingly relying means have actual knowledge but for patent your conveying covered work country or your recipient s use covered work country would infringe one or more identifiable patents country have reason believe are valid if pursuant or connection with single transaction or arrangement convey or propagate by procuring conveyance covered work grant patent some parties receiving covered work authorizing them use propagate modify or convey specific copy covered work then patent grant automatically extended all recipients covered work works based on patent discriminatory if does not include within scope its coverage prohibits exercise or conditioned on non exercise one or more rights are specifically granted under this may not convey covered work if are party an arrangement with third party business distributing under which make payment third party based on extent your activity conveying work under which third party grants any parties who would receive covered work from discriminatory patent connection with copies covered work conveyed by or copies made from those copies or b primarily for connection with specific products or compilations contain covered work unless entered into arrangement or patent was granted prior 28 march 2007 nothing this shall be construed as excluding or limiting any implied or other defenses infringement may otherwise be available under applicable patent law 12 no surrender others freedom if conditions are imposed on whether by court order agreement or otherwise contradict conditions this they do not excuse from conditions this if cannot convey covered work so as satisfy simultaneously your obligations under this any other pertinent obligations then as consequence may not convey at all for example if agree terms obligate collect royalty for further conveying from those whom convey program only way could satisfy both those terms this would be refrain entirely from conveying program 13 use with gnu affero general public notwithstanding any other provision this have permission link or combine any covered work with work licensed under 3 gnu affero general public into single combined work convey resulting work terms this will continue apply part which covered work but special requirements gnu affero general public section 13 concerning interaction through network will apply combination as such 14 revised versions this free foundation may publish revised or new versions gnu general public from time time such new versions will be similar spirit present but may differ detail address new problems or concerns each given distinguishing number if program specifies certain numbered gnu general public or any later applies have option following terms conditions either numbered or any later published by free foundation if program does not specify number gnu general public may choose any ever published by free foundation if program specifies proxy can decide which future versions gnu general public can be used proxy s public statement acceptance permanently authorizes choose for program later versions may give additional or different permissions however no additional obligations are imposed on any author or copyright holder as result your choosing follow later 15 disclaimer warranty there no warranty for program extent permitted by applicable law except when otherwise stated writing copyright holders or other parties provide program as without warranty any kind either expressed or implied including but not limited implied warranties merchantability fitness for particular purpose entire risk as quality performance program with should program prove defective assume cost all necessary servicing repair or correction 16 limitation liability no event unless required by applicable law or agreed writing will any copyright holder or any other party who modifies or conveys program as permitted above be liable for damages including any general special incidental or consequential damages arising out use or inability use program including but not limited loss data or data being rendered inaccurate or losses sustained by or third parties or failure program operate with any other programs even if such holder or other party has been advised possibility such damages 17 interpretation sections 15 16 if disclaimer warranty limitation liability provided above cannot be given local legal effect according their terms reviewing courts shall apply local law most closely approximates an absolute waiver all civil liability connection with program unless warranty or assumption liability accompanies copy program return for fee end terms conditions how apply these terms your new programs if develop new program want be greatest possible use public best way achieve this make free which everyone can redistribute change under these terms do so attach following notices program safest attach them start each source file most effectively state exclusion warranty each file should have at least copyright line pointer where full notice found one line give program s name brief idea what does copyright c year name author this program free can redistribute or modify under terms gnu general public as published by free foundation either 3 or at your option any later this program distributed hope will be useful but without any warranty without even implied warranty merchantability or fitness for particular purpose see gnu general public for more details should have received copy gnu general public along with this program if not see https www gnu org licenses also add information on how contact by electronic paper mail if program does terminal interaction make output short notice like this when starts an interactive mode program copyright c year name author this program comes with absolutely no warranty for details type show w this free are welcome redistribute under certain conditions type show c for details hypothetical commands show w show c should show appropriate parts general public course your program s commands might be different for gui interface would use an about box should also get your employer if work as programmer or school if any sign copyright disclaimer for program if necessary for more information on this how apply follow gnu gpl see https www gnu org licenses gnu general public does not permit incorporating your program into proprietary programs if your program subroutine library may consider more useful permit linking proprietary applications with library if this what want do use gnu lesser general public instead this but first please read https www gnu org licenses why not lgpl html,gpl 3 0,copyleft next 0 3 0,False,False
2138940,License :: OSI Approved :: GNU General Public License v3 or later (GPLv3+),gnu general public v3 or later gpl 3 0,gpl 3 0 or later,gpl 3 0,False,True
3427552,"GNU GENERAL PUBLIC LICENSE Version 3, 29 June 2007  Copyright (C) 2007 Free Software Foundation, Inc. <https://fsf.org/> Everyone is permitted to copy and distribute verbatim copies of this license document, but changing it is not allowed.  Preamble  The GNU General Public License is a free, copyleft license for software and other kinds of works.  The licenses for most software and other practical works are designed to take away your freedom to share and change the works.  By contrast, the GNU General Public License is intended to guarantee your freedom to share and change all versions of a program--to make sure it remains free software for all its users.  We, the Free Software Foundation, use the GNU General Public License for most of our software; it applies also to any other work released this way by its authors.  You can apply it to your programs, too.  When we speak of free software, we are referring to freedom, not price.  Our General Public Licenses are designed to make sure that you have the freedom to distribute copies of free software (and charge for them if you wish), that you receive source code or can get it if you want it, that you can change the software or use pieces of it in new free programs, and that you know you can do these things.  To protect your rights, we need to prevent others from denying you these rights or asking you to surrender the rights.  Therefore, you have certain responsibilities if you distribute copies of the software, or if you modify it: responsibilities to respect the freedom of others.  For example, if you distribute copies of such a program, whether gratis or for a fee, you must pass on to the recipients the same freedoms that you received.  You must make sure that they, too, receive or can get the source code.  And you must show them these terms so they know their rights.  Developers that use the GNU GPL protect your rights with two steps: (1) assert copyright on the software, and (2) offer you this License giving you legal permission to copy, distribute and/or modify it.  For the developers' and authors' protection, the GPL clearly explains that there is no warranty for this free software.  For both users' and authors' sake, the GPL requires that modified versions be marked as changed, so that their problems will not be attributed erroneously to authors of previous versions.  Some devices are designed to deny users access to install or run modified versions of the software inside them, although the manufacturer can do so.  This is fundamentally incompatible with the aim of protecting users' freedom to change the software.  The systematic pattern of such abuse occurs in the area of products for individuals to use, which is precisely where it is most unacceptable.  Therefore, we have designed this version of the GPL to prohibit the practice for those products.  If such problems arise substantially in other domains, we stand ready to extend this provision to those domains in future versions of the GPL, as needed to protect the freedom of users.  Finally, every program is threatened constantly by software patents. States should not allow patents to restrict development and use of software on general-purpose computers, but in those that do, we wish to avoid the special danger that patents applied to a free program could make it effectively proprietary.  To prevent this, the GPL assures that patents cannot be used to render the program non-free.  The precise terms and conditions for copying, distribution and modification follow.  TERMS AND CONDITIONS  0. Definitions.  ""This License"" refers to version 3 of the GNU General Public License.  ""Copyright"" also means copyright-like laws that apply to other kinds of works, such as semiconductor masks.  ""The Program"" refers to any copyrightable work licensed under this License.  Each licensee is addressed as ""you"".  ""Licensees"" and ""recipients"" may be individuals or organizations.  To ""modify"" a work means to copy from or adapt all or part of the work in a fashion requiring copyright permission, other than the making of an exact copy.  The resulting work is called a ""modified version"" of the earlier work or a work ""based on"" the earlier work.  A ""covered work"" means either the unmodified Program or a work based on the Program.  To ""propagate"" a work means to do anything with it that, without permission, would make you directly or secondarily liable for infringement under applicable copyright law, except executing it on a computer or modifying a private copy.  Propagation includes copying, distribution (with or without modification), making available to the public, and in some countries other activities as well.  To ""convey"" a work means any kind of propagation that enables other parties to make or receive copies.  Mere interaction with a user through a computer network, with no transfer of a copy, is not conveying.  An interactive user interface displays ""Appropriate Legal Notices"" to the extent that it includes a convenient and prominently visible feature that (1) displays an appropriate copyright notice, and (2) tells the user that there is no warranty for the work (except to the extent that warranties are provided), that licensees may convey the work under this License, and how to view a copy of this License.  If the interface presents a list of user commands or options, such as a menu, a prominent item in the list meets this criterion.  1. Source Code.  The ""source code"" for a work means the preferred form of the work for making modifications to it.  ""Object code"" means any non-source form of a work.  A ""Standard Interface"" means an interface that either is an official standard defined by a recognized standards body, or, in the case of interfaces specified for a particular programming language, one that is widely used among developers working in that language.  The ""System Libraries"" of an executable work include anything, other than the work as a whole, that (a) is included in the normal form of packaging a Major Component, but which is not part of that Major Component, and (b) serves only to enable use of the work with that Major Component, or to implement a Standard Interface for which an implementation is available to the public in source code form.  A ""Major Component"", in this context, means a major essential component (kernel, window system, and so on) of the specific operating system (if any) on which the executable work runs, or a compiler used to produce the work, or an object code interpreter used to run it.  The ""Corresponding Source"" for a work in object code form means all the source code needed to generate, install, and (for an executable work) run the object code and to modify the work, including scripts to control those activities.  However, it does not include the work's System Libraries, or general-purpose tools or generally available free programs which are used unmodified in performing those activities but which are not part of the work.  For example, Corresponding Source includes interface definition files associated with source files for the work, and the source code for shared libraries and dynamically linked subprograms that the work is specifically designed to require, such as by intimate data communication or control flow between those subprograms and other parts of the work.  The Corresponding Source need not include anything that users can regenerate automatically from other parts of the Corresponding Source.  The Corresponding Source for a work in source code form is that same work.  2. Basic Permissions.  All rights granted under this License are granted for the term of copyright on the Program, and are irrevocable provided the stated conditions are met.  This License explicitly affirms your unlimited permission to run the unmodified Program.  The output from running a covered work is covered by this License only if the output, given its content, constitutes a covered work.  This License acknowledges your rights of fair use or other equivalent, as provided by copyright law.  You may make, run and propagate covered works that you do not convey, without conditions so long as your license otherwise remains in force.  You may convey covered works to others for the sole purpose of having them make modifications exclusively for you, or provide you with facilities for running those works, provided that you comply with the terms of this License in conveying all material for which you do not control copyright.  Those thus making or running the covered works for you must do so exclusively on your behalf, under your direction and control, on terms that prohibit them from making any copies of your copyrighted material outside their relationship with you.  Conveying under any other circumstances is permitted solely under the conditions stated below.  Sublicensing is not allowed; section 10 makes it unnecessary.  3. Protecting Users' Legal Rights From Anti-Circumvention Law.  No covered work shall be deemed part of an effective technological measure under any applicable law fulfilling obligations under article 11 of the WIPO copyright treaty adopted on 20 December 1996, or similar laws prohibiting or restricting circumvention of such measures.  When you convey a covered work, you waive any legal power to forbid circumvention of technological measures to the extent such circumvention is effected by exercising rights under this License with respect to the covered work, and you disclaim any intention to limit operation or modification of the work as a means of enforcing, against the work's users, your or third parties' legal rights to forbid circumvention of technological measures.  4. Conveying Verbatim Copies.  You may convey verbatim copies of the Program's source code as you receive it, in any medium, provided that you conspicuously and appropriately publish on each copy an appropriate copyright notice; keep intact all notices stating that this License and any non-permissive terms added in accord with section 7 apply to the code; keep intact all notices of the absence of any warranty; and give all recipients a copy of this License along with the Program.  You may charge any price or no price for each copy that you convey, and you may offer support or warranty protection for a fee.  5. Conveying Modified Source Versions.  You may convey a work based on the Program, or the modifications to produce it from the Program, in the form of source code under the terms of section 4, provided that you also meet all of these conditions:  a) The work must carry prominent notices stating that you modified it, and giving a relevant date.  b) The work must carry prominent notices stating that it is released under this License and any conditions added under section 7.  This requirement modifies the requirement in section 4 to ""keep intact all notices"".  c) You must license the entire work, as a whole, under this License to anyone who comes into possession of a copy.  This License will therefore apply, along with any applicable section 7 additional terms, to the whole of the work, and all its parts, regardless of how they are packaged.  This License gives no permission to license the work in any other way, but it does not invalidate such permission if you have separately received it.  d) If the work has interactive user interfaces, each must display Appropriate Legal Notices; however, if the Program has interactive interfaces that do not display Appropriate Legal Notices, your work need not make them do so.  A compilation of a covered work with other separate and independent works, which are not by their nature extensions of the covered work, and which are not combined with it such as to form a larger program, in or on a volume of a storage or distribution medium, is called an ""aggregate"" if the compilation and its resulting copyright are not used to limit the access or legal rights of the compilation's users beyond what the individual works permit.  Inclusion of a covered work in an aggregate does not cause this License to apply to the other parts of the aggregate.  6. Conveying Non-Source Forms.  You may convey a covered work in object code form under the terms of sections 4 and 5, provided that you also convey the machine-readable Corresponding Source under the terms of this License, in one of these ways:  a) Convey the object code in, or embodied in, a physical product (including a physical distribution medium), accompanied by the Corresponding Source fixed on a durable physical medium customarily used for software interchange.  b) Convey the object code in, or embodied in, a physical product (including a physical distribution medium), accompanied by a written offer, valid for at least three years and valid for as long as you offer spare parts or customer support for that product model, to give anyone who possesses the object code either (1) a copy of the Corresponding Source for all the software in the product that is covered by this License, on a durable physical medium customarily used for software interchange, for a price no more than your reasonable cost of physically performing this conveying of source, or (2) access to copy the Corresponding Source from a network server at no charge.  c) Convey individual copies of the object code with a copy of the written offer to provide the Corresponding Source.  This alternative is allowed only occasionally and noncommercially, and only if you received the object code with such an offer, in accord with subsection 6b.  d) Convey the object code by offering access from a designated place (gratis or for a charge), and offer equivalent access to the Corresponding Source in the same way through the same place at no further charge.  You need not require recipients to copy the Corresponding Source along with the object code.  If the place to copy the object code is a network server, the Corresponding Source may be on a different server (operated by you or a third party) that supports equivalent copying facilities, provided you maintain clear directions next to the object code saying where to find the Corresponding Source.  Regardless of what server hosts the Corresponding Source, you remain obligated to ensure that it is available for as long as needed to satisfy these requirements.  e) Convey the object code using peer-to-peer transmission, provided you inform other peers where the object code and Corresponding Source of the work are being offered to the general public at no charge under subsection 6d.  A separable portion of the object code, whose source code is excluded from the Corresponding Source as a System Library, need not be included in conveying the object code work.  A ""User Product"" is either (1) a ""consumer product"", which means any tangible personal property which is normally used for personal, family, or household purposes, or (2) anything designed or sold for incorporation into a dwelling.  In determining whether a product is a consumer product, doubtful cases shall be resolved in favor of coverage.  For a particular product received by a particular user, ""normally used"" refers to a typical or common use of that class of product, regardless of the status of the particular user or of the way in which the particular user actually uses, or expects or is expected to use, the product.  A product is a consumer product regardless of whether the product has substantial commercial, industrial or non-consumer uses, unless such uses represent the only significant mode of use of the product.  ""Installation Information"" for a User Product means any methods, procedures, authorization keys, or other information required to install and execute modified versions of a covered work in that User Product from a modified version of its Corresponding Source.  The information must suffice to ensure that the continued functioning of the modified object code is in no case prevented or interfered with solely because modification has been made.  If you convey an object code work under this section in, or with, or specifically for use in, a User Product, and the conveying occurs as part of a transaction in which the right of possession and use of the User Product is transferred to the recipient in perpetuity or for a fixed term (regardless of how the transaction is characterized), the Corresponding Source conveyed under this section must be accompanied by the Installation Information.  But this requirement does not apply if neither you nor any third party retains the ability to install modified object code on the User Product (for example, the work has been installed in ROM).  The requirement to provide Installation Information does not include a requirement to continue to provide support service, warranty, or updates for a work that has been modified or installed by the recipient, or for the User Product in which it has been modified or installed.  Access to a network may be denied when the modification itself materially and adversely affects the operation of the network or violates the rules and protocols for communication across the network.  Corresponding Source conveyed, and Installation Information provided, in accord with this section must be in a format that is publicly documented (and with an implementation available to the public in source code form), and must require no special password or key for unpacking, reading or copying.  7. Additional Terms.  ""Additional permissions"" are terms that supplement the terms of this License by making exceptions from one or more of its conditions. Additional permissions that are applicable to the entire Program shall be treated as though they were included in this License, to the extent that they are valid under applicable law.  If additional permissions apply only to part of the Program, that part may be used separately under those permissions, but the entire Program remains governed by this License without regard to the additional permissions.  When you convey a copy of a covered work, you may at your option remove any additional permissions from that copy, or from any part of it.  (Additional permissions may be written to require their own removal in certain cases when you modify the work.)  You may place additional permissions on material, added by you to a covered work, for which you have or can give appropriate copyright permission.  Notwithstanding any other provision of this License, for material you add to a covered work, you may (if authorized by the copyright holders of that material) supplement the terms of this License with terms:  a) Disclaiming warranty or limiting liability differently from the terms of sections 15 and 16 of this License; or  b) Requiring preservation of specified reasonable legal notices or author attributions in that material or in the Appropriate Legal Notices displayed by works containing it; or  c) Prohibiting misrepresentation of the origin of that material, or requiring that modified versions of such material be marked in reasonable ways as different from the original version; or  d) Limiting the use for publicity purposes of names of licensors or authors of the material; or  e) Declining to grant rights under trademark law for use of some trade names, trademarks, or service marks; or  f) Requiring indemnification of licensors and authors of that material by anyone who conveys the material (or modified versions of it) with contractual assumptions of liability to the recipient, for any liability that these contractual assumptions directly impose on those licensors and authors.  All other non-permissive additional terms are considered ""further restrictions"" within the meaning of section 10.  If the Program as you received it, or any part of it, contains a notice stating that it is governed by this License along with a term that is a further restriction, you may remove that term.  If a license document contains a further restriction but permits relicensing or conveying under this License, you may add to a covered work material governed by the terms of that license document, provided that the further restriction does not survive such relicensing or conveying.  If you add terms to a covered work in accord with this section, you must place, in the relevant source files, a statement of the additional terms that apply to those files, or a notice indicating where to find the applicable terms.  Additional terms, permissive or non-permissive, may be stated in the form of a separately written license, or stated as exceptions; the above requirements apply either way.  8. Termination.  You may not propagate or modify a covered work except as expressly provided under this License.  Any attempt otherwise to propagate or modify it is void, and will automatically terminate your rights under this License (including any patent licenses granted under the third paragraph of section 11).  However, if you cease all violation of this License, then your license from a particular copyright holder is reinstated (a) provisionally, unless and until the copyright holder explicitly and finally terminates your license, and (b) permanently, if the copyright holder fails to notify you of the violation by some reasonable means prior to 60 days after the cessation.  Moreover, your license from a particular copyright holder is reinstated permanently if the copyright holder notifies you of the violation by some reasonable means, this is the first time you have received notice of violation of this License (for any work) from that copyright holder, and you cure the violation prior to 30 days after your receipt of the notice.  Termination of your rights under this section does not terminate the licenses of parties who have received copies or rights from you under this License.  If your rights have been terminated and not permanently reinstated, you do not qualify to receive new licenses for the same material under section 10.  9. Acceptance Not Required for Having Copies.  You are not required to accept this License in order to receive or run a copy of the Program.  Ancillary propagation of a covered work occurring solely as a consequence of using peer-to-peer transmission to receive a copy likewise does not require acceptance.  However, nothing other than this License grants you permission to propagate or modify any covered work.  These actions infringe copyright if you do not accept this License.  Therefore, by modifying or propagating a covered work, you indicate your acceptance of this License to do so.  10. Automatic Licensing of Downstream Recipients.  Each time you convey a covered work, the recipient automatically receives a license from the original licensors, to run, modify and propagate that work, subject to this License.  You are not responsible for enforcing compliance by third parties with this License.  An ""entity transaction"" is a transaction transferring control of an organization, or substantially all assets of one, or subdividing an organization, or merging organizations.  If propagation of a covered work results from an entity transaction, each party to that transaction who receives a copy of the work also receives whatever licenses to the work the party's predecessor in interest had or could give under the previous paragraph, plus a right to possession of the Corresponding Source of the work from the predecessor in interest, if the predecessor has it or can get it with reasonable efforts.  You may not impose any further restrictions on the exercise of the rights granted or affirmed under this License.  For example, you may not impose a license fee, royalty, or other charge for exercise of rights granted under this License, and you may not initiate litigation (including a cross-claim or counterclaim in a lawsuit) alleging that any patent claim is infringed by making, using, selling, offering for sale, or importing the Program or any portion of it.  11. Patents.  A ""contributor"" is a copyright holder who authorizes use under this License of the Program or a work on which the Program is based.  The work thus licensed is called the contributor's ""contributor version"".  A contributor's ""essential patent claims"" are all patent claims owned or controlled by the contributor, whether already acquired or hereafter acquired, that would be infringed by some manner, permitted by this License, of making, using, or selling its contributor version, but do not include claims that would be infringed only as a consequence of further modification of the contributor version.  For purposes of this definition, ""control"" includes the right to grant patent sublicenses in a manner consistent with the requirements of this License.  Each contributor grants you a non-exclusive, worldwide, royalty-free patent license under the contributor's essential patent claims, to make, use, sell, offer for sale, import and otherwise run, modify and propagate the contents of its contributor version.  In the following three paragraphs, a ""patent license"" is any express agreement or commitment, however denominated, not to enforce a patent (such as an express permission to practice a patent or covenant not to sue for patent infringement).  To ""grant"" such a patent license to a party means to make such an agreement or commitment not to enforce a patent against the party.  If you convey a covered work, knowingly relying on a patent license, and the Corresponding Source of the work is not available for anyone to copy, free of charge and under the terms of this License, through a publicly available network server or other readily accessible means, then you must either (1) cause the Corresponding Source to be so available, or (2) arrange to deprive yourself of the benefit of the patent license for this particular work, or (3) arrange, in a manner consistent with the requirements of this License, to extend the patent license to downstream recipients.  ""Knowingly relying"" means you have actual knowledge that, but for the patent license, your conveying the covered work in a country, or your recipient's use of the covered work in a country, would infringe one or more identifiable patents in that country that you have reason to believe are valid.  If, pursuant to or in connection with a single transaction or arrangement, you convey, or propagate by procuring conveyance of, a covered work, and grant a patent license to some of the parties receiving the covered work authorizing them to use, propagate, modify or convey a specific copy of the covered work, then the patent license you grant is automatically extended to all recipients of the covered work and works based on it.  A patent license is ""discriminatory"" if it does not include within the scope of its coverage, prohibits the exercise of, or is conditioned on the non-exercise of one or more of the rights that are specifically granted under this License.  You may not convey a covered work if you are a party to an arrangement with a third party that is in the business of distributing software, under which you make payment to the third party based on the extent of your activity of conveying the work, and under which the third party grants, to any of the parties who would receive the covered work from you, a discriminatory patent license (a) in connection with copies of the covered work conveyed by you (or copies made from those copies), or (b) primarily for and in connection with specific products or compilations that contain the covered work, unless you entered into that arrangement, or that patent license was granted, prior to 28 March 2007.  Nothing in this License shall be construed as excluding or limiting any implied license or other defenses to infringement that may otherwise be available to you under applicable patent law.  12. No Surrender of Others' Freedom.  If conditions are imposed on you (whether by court order, agreement or otherwise) that contradict the conditions of this License, they do not excuse you from the conditions of this License.  If you cannot convey a covered work so as to satisfy simultaneously your obligations under this License and any other pertinent obligations, then as a consequence you may not convey it at all.  For example, if you agree to terms that obligate you to collect a royalty for further conveying from those to whom you convey the Program, the only way you could satisfy both those terms and this License would be to refrain entirely from conveying the Program.  13. Use with the GNU Affero General Public License.  Notwithstanding any other provision of this License, you have permission to link or combine any covered work with a work licensed under version 3 of the GNU Affero General Public License into a single combined work, and to convey the resulting work.  The terms of this License will continue to apply to the part which is the covered work, but the special requirements of the GNU Affero General Public License, section 13, concerning interaction through a network will apply to the combination as such.  14. Revised Versions of this License.  The Free Software Foundation may publish revised and/or new versions of the GNU General Public License from time to time.  Such new versions will be similar in spirit to the present version, but may differ in detail to address new problems or concerns.  Each version is given a distinguishing version number.  If the Program specifies that a certain numbered version of the GNU General Public License ""or any later version"" applies to it, you have the option of following the terms and conditions either of that numbered version or of any later version published by the Free Software Foundation.  If the Program does not specify a version number of the GNU General Public License, you may choose any version ever published by the Free Software Foundation.  If the Program specifies that a proxy can decide which future versions of the GNU General Public License can be used, that proxy's public statement of acceptance of a version permanently authorizes you to choose that version for the Program.  Later license versions may give you additional or different permissions.  However, no additional obligations are imposed on any author or copyright holder as a result of your choosing to follow a later version.  15. Disclaimer of Warranty.  THERE IS NO WARRANTY FOR THE PROGRAM, TO THE EXTENT PERMITTED BY APPLICABLE LAW.  EXCEPT WHEN OTHERWISE STATED IN WRITING THE COPYRIGHT HOLDERS AND/OR OTHER PARTIES PROVIDE THE PROGRAM ""AS IS"" WITHOUT WARRANTY OF ANY KIND, EITHER EXPRESSED OR IMPLIED, INCLUDING, BUT NOT LIMITED TO, THE IMPLIED WARRANTIES OF MERCHANTABILITY AND FITNESS FOR A PARTICULAR PURPOSE.  THE ENTIRE RISK AS TO THE QUALITY AND PERFORMANCE OF THE PROGRAM IS WITH YOU.  SHOULD THE PROGRAM PROVE DEFECTIVE, YOU ASSUME THE COST OF ALL NECESSARY SERVICING, REPAIR OR CORRECTION.  16. Limitation of Liability.  IN NO EVENT UNLESS REQUIRED BY APPLICABLE LAW OR AGREED TO IN WRITING WILL ANY COPYRIGHT HOLDER, OR ANY OTHER PARTY WHO MODIFIES AND/OR CONVEYS THE PROGRAM AS PERMITTED ABOVE, BE LIABLE TO YOU FOR DAMAGES, INCLUDING ANY GENERAL, SPECIAL, INCIDENTAL OR CONSEQUENTIAL DAMAGES ARISING OUT OF THE USE OR INABILITY TO USE THE PROGRAM (INCLUDING BUT NOT LIMITED TO LOSS OF DATA OR DATA BEING RENDERED INACCURATE OR LOSSES SUSTAINED BY YOU OR THIRD PARTIES OR A FAILURE OF THE PROGRAM TO OPERATE WITH ANY OTHER PROGRAMS), EVEN IF SUCH HOLDER OR OTHER PARTY HAS BEEN ADVISED OF THE POSSIBILITY OF SUCH DAMAGES.  17. Interpretation of Sections 15 and 16.  If the disclaimer of warranty and limitation of liability provided above cannot be given local legal effect according to their terms, reviewing courts shall apply local law that most closely approximates an absolute waiver of all civil liability in connection with the Program, unless a warranty or assumption of liability accompanies a copy of the Program in return for a fee.  END OF TERMS AND CONDITIONS  How to Apply These Terms to Your New Programs  If you develop a new program, and you want it to be of the greatest possible use to the public, the best way to achieve this is to make it free software which everyone can redistribute and change under these terms.  To do so, attach the following notices to the program.  It is safest to attach them to the start of each source file to most effectively state the exclusion of warranty; and each file should have at least the ""copyright"" line and a pointer to where the full notice is found.  InputConstraints Copyright (C) 2021  Dominic Steinhöfel  This program is free software: you can redistribute it and/or modify it under the terms of the GNU General Public License as published by the Free Software Foundation, either version 3 of the License, or (at your option) any later version.  This program is distributed in the hope that it will be useful, but WITHOUT ANY WARRANTY; without even the implied warranty of MERCHANTABILITY or FITNESS FOR A PARTICULAR PURPOSE.  See the GNU General Public License for more details.  You should have received a copy of the GNU General Public License along with this program.  If not, see <https://www.gnu.org/licenses/>.  Also add information on how to contact you by electronic and paper mail.  If the program does terminal interaction, make it output a short notice like this when it starts in an interactive mode:  <program>  Copyright (C) 2021  Dominic Steinhöfel This program comes with ABSOLUTELY NO WARRANTY; for details type `show w'. This is free software, and you are welcome to redistribute it under certain conditions; type `show c' for details.  The hypothetical commands `show w' and `show c' should show the appropriate parts of the General Public License.  Of course, your program's commands might be different; for a GUI interface, you would use an ""about box"".  You should also get your employer (if you work as a programmer) or school, if any, to sign a ""copyright disclaimer"" for the program, if necessary. For more information on this, and how to apply and follow the GNU GPL, see <https://www.gnu.org/licenses/>.  The GNU General Public License does not permit incorporating your program into proprietary programs.  If your program is a subroutine library, you may consider it more useful to permit linking proprietary applications with the library.  If this is what you want to do, use the GNU Lesser General Public License instead of this License.  But first, please read <https://www.gnu.org/licenses/why-not-lgpl.html>. ",gnu general public 3 29 june 2007 copyright c 2007 free foundation inc https fsf org everyone permitted copy distribute verbatim copies this document but changing not allowed preamble gnu general public free copyleft for other kinds works licenses for most other practical works are designed take away your freedom share change works by contrast gnu general public intended guarantee your freedom share change all versions program make sure remains free for all its users we free foundation use gnu general public for most our applies also any other work released this way by its authors can apply your programs too when we speak free we are referring freedom not price our general public licenses are designed make sure have freedom distribute copies free charge for them if wish receive source code or can get if want can change or use pieces new free programs know can do these things protect your rights we need prevent others from denying these rights or asking surrender rights therefore have certain responsibilities if distribute copies or if modify responsibilities respect freedom others for example if distribute copies such program whether gratis or for fee must pass on recipients same freedoms received must make sure they too receive or can get source code must show them these terms so they know their rights developers use gnu gpl protect your rights with two steps 1 assert copyright on 2 offer this giving legal permission copy distribute or modify for developers authors protection gpl clearly explains there no warranty for this free for both users authors sake gpl requires modified versions be marked as changed so their problems will not be attributed erroneously authors previous versions some devices are designed deny users access install or run modified versions inside them although manufacturer can do so this fundamentally incompatible with aim protecting users freedom change systematic pattern such abuse occurs area products for individuals use which precisely where most unacceptable therefore we have designed this gpl prohibit practice for those products if such problems arise substantially other domains we stand ready extend this provision those domains future versions gpl as needed protect freedom users finally every program threatened constantly by patents states should not allow patents restrict development use on general purpose computers but those do we wish avoid special danger patents applied free program could make effectively proprietary prevent this gpl assures patents cannot be used render program non free precise terms conditions for copying distribution modification follow terms conditions 0 definitions this refers 3 gnu general public copyright also means copyright like laws apply other kinds works such as semiconductor masks program refers any copyrightable work licensed under this each licensee addressed as licensees recipients may be individuals or organizations modify work means copy from or adapt all or part work fashion requiring copyright permission other than making an exact copy resulting work called modified earlier work or work based on earlier work covered work means either unmodified program or work based on program propagate work means do anything with without permission would make directly or secondarily liable for infringement under applicable copyright law except executing on computer or modifying private copy propagation includes copying distribution with or without modification making available public some countries other activities as well convey work means any kind propagation enables other parties make or receive copies mere interaction with user through computer network with no transfer copy not conveying an interactive user interface displays appropriate legal notices extent includes convenient prominently visible feature 1 displays an appropriate copyright notice 2 tells user there no warranty for work except extent warranties are provided licensees may convey work under this how view copy this if interface presents list user commands or options such as menu prominent item list meets this criterion 1 source code source code for work means preferred form work for making modifications object code means any non source form work standard interface means an interface either an official standard defined by recognized standards body or case interfaces specified for particular programming language one widely used among developers working language system libraries an executable work include anything other than work as whole included normal form packaging major component but which not part major component b serves only enable use work with major component or implement standard interface for which an implementation available public source code form major component this context means major essential component kernel window system so on specific operating system if any on which executable work runs or compiler used produce work or an object code interpreter used run corresponding source for work object code form means all source code needed generate install for an executable work run object code modify work including scripts control those activities however does not include work s system libraries or general purpose tools or generally available free programs which are used unmodified performing those activities but which are not part work for example corresponding source includes interface definition files associated with source files for work source code for shared libraries dynamically linked subprograms work specifically designed require such as by intimate data communication or control flow between those subprograms other parts work corresponding source need not include anything users can regenerate automatically from other parts corresponding source corresponding source for work source code form same work 2 basic permissions all rights granted under this are granted for term copyright on program are irrevocable provided stated conditions are met this explicitly affirms your unlimited permission run unmodified program output from running covered work covered by this only if output given its content constitutes covered work this acknowledges your rights fair use or other equivalent as provided by copyright law may make run propagate covered works do not convey without conditions so long as your otherwise remains force may convey covered works others for sole purpose having them make modifications exclusively for or provide with facilities for running those works provided comply with terms this conveying all material for which do not control copyright those thus making or running covered works for must do so exclusively on your behalf under your direction control on terms prohibit them from making any copies your copyrighted material outside their relationship with conveying under any other circumstances permitted solely under conditions stated below sublicensing not allowed section 10 makes unnecessary 3 protecting users legal rights from anti circumvention law no covered work shall be deemed part an effective technological measure under any applicable law fulfilling obligations under article 11 wipo copyright treaty adopted on 20 december 1996 or similar laws prohibiting or restricting circumvention such measures when convey covered work waive any legal power forbid circumvention technological measures extent such circumvention effected by exercising rights under this with respect covered work disclaim any intention limit operation or modification work as means enforcing against work s users your or third parties legal rights forbid circumvention technological measures 4 conveying verbatim copies may convey verbatim copies program s source code as receive any medium provided conspicuously appropriately publish on each copy an appropriate copyright notice keep intact all notices stating this any non permissive terms added accord with section 7 apply code keep intact all notices absence any warranty give all recipients copy this along with program may charge any price or no price for each copy convey may offer support or warranty protection for fee 5 conveying modified source versions may convey work based on program or modifications produce from program form source code under terms section 4 provided also meet all these conditions work must carry prominent notices stating modified giving relevant date b work must carry prominent notices stating released under this any conditions added under section 7 this requirement modifies requirement section 4 keep intact all notices c must entire work as whole under this anyone who comes into possession copy this will therefore apply along with any applicable section 7 additional terms whole work all its parts regardless how they are packaged this gives no permission work any other way but does not invalidate such permission if have separately received d if work has interactive user interfaces each must display appropriate legal notices however if program has interactive interfaces do not display appropriate legal notices your work need not make them do so compilation covered work with other separate independent works which are not by their nature extensions covered work which are not combined with such as form larger program or on volume storage or distribution medium called an aggregate if compilation its resulting copyright are not used limit access or legal rights compilation s users beyond what individual works permit inclusion covered work an aggregate does not cause this apply other parts aggregate 6 conveying non source forms may convey covered work object code form under terms sections 4 5 provided also convey machine readable corresponding source under terms this one these ways convey object code or embodied physical product including physical distribution medium accompanied by corresponding source fixed on durable physical medium customarily used for interchange b convey object code or embodied physical product including physical distribution medium accompanied by written offer valid for at least three years valid for as long as offer spare parts or customer support for product model give anyone who possesses object code either 1 copy corresponding source for all product covered by this on durable physical medium customarily used for interchange for price no more than your reasonable cost physically performing this conveying source or 2 access copy corresponding source from network server at no charge c convey individual copies object code with copy written offer provide corresponding source this alternative allowed only occasionally noncommercially only if received object code with such an offer accord with subsection 6b d convey object code by offering access from designated place gratis or for charge offer equivalent access corresponding source same way through same place at no further charge need not require recipients copy corresponding source along with object code if place copy object code network server corresponding source may be on different server operated by or third party supports equivalent copying facilities provided maintain clear directions next object code saying where find corresponding source regardless what server hosts corresponding source remain obligated ensure available for as long as needed satisfy these requirements e convey object code using peer peer transmission provided inform other peers where object code corresponding source work are being offered general public at no charge under subsection 6d separable portion object code whose source code excluded from corresponding source as system library need not be included conveying object code work user product either 1 consumer product which means any tangible personal property which normally used for personal family or household purposes or 2 anything designed or sold for incorporation into dwelling determining whether product consumer product doubtful cases shall be resolved favor coverage for particular product received by particular user normally used refers typical or common use class product regardless status particular user or way which particular user actually uses or expects or expected use product product consumer product regardless whether product has substantial commercial industrial or non consumer uses unless such uses represent only significant mode use product installation information for user product means any methods procedures authorization keys or other information required install execute modified versions covered work user product from modified its corresponding source information must suffice ensure continued functioning modified object code no case prevented or interfered with solely because modification has been made if convey an object code work under this section or with or specifically for use user product conveying occurs as part transaction which right possession use user product transferred recipient perpetuity or for fixed term regardless how transaction characterized corresponding source conveyed under this section must be accompanied by installation information but this requirement does not apply if neither nor any third party retains ability install modified object code on user product for example work has been installed rom requirement provide installation information does not include requirement continue provide support service warranty or updates for work has been modified or installed by recipient or for user product which has been modified or installed access network may be denied when modification itself materially adversely affects operation network or violates rules protocols for communication across network corresponding source conveyed installation information provided accord with this section must be format publicly documented with an implementation available public source code form must require no special password or key for unpacking reading or copying 7 additional terms additional permissions are terms supplement terms this by making exceptions from one or more its conditions additional permissions are applicable entire program shall be treated as though they were included this extent they are valid under applicable law if additional permissions apply only part program part may be used separately under those permissions but entire program remains governed by this without regard additional permissions when convey copy covered work may at your option remove any additional permissions from copy or from any part additional permissions may be written require their own removal certain cases when modify work may place additional permissions on material added by covered work for which have or can give appropriate copyright permission notwithstanding any other provision this for material add covered work may if authorized by copyright holders material supplement terms this with terms disclaiming warranty or limiting liability differently from terms sections 15 16 this or b requiring preservation specified reasonable legal notices or author attributions material or appropriate legal notices displayed by works containing or c prohibiting misrepresentation origin material or requiring modified versions such material be marked reasonable ways as different from original or d limiting use for publicity purposes names licensors or authors material or e declining grant rights under trademark law for use some trade names trademarks or service marks or f requiring indemnification licensors authors material by anyone who conveys material or modified versions with contractual assumptions liability recipient for any liability these contractual assumptions directly impose on those licensors authors all other non permissive additional terms are considered further restrictions within meaning section 10 if program as received or any part contains notice stating governed by this along with term further restriction may remove term if document contains further restriction but permits relicensing or conveying under this may add covered work material governed by terms document provided further restriction does not survive such relicensing or conveying if add terms covered work accord with this section must place relevant source files statement additional terms apply those files or notice indicating where find applicable terms additional terms permissive or non permissive may be stated form separately written or stated as exceptions above requirements apply either way 8 termination may not propagate or modify covered work except as expressly provided under this any attempt otherwise propagate or modify void will automatically terminate your rights under this including any patent licenses granted under third paragraph section 11 however if cease all violation this then your from particular copyright holder reinstated provisionally unless until copyright holder explicitly finally terminates your b permanently if copyright holder fails notify violation by some reasonable means prior 60 days after cessation moreover your from particular copyright holder reinstated permanently if copyright holder notifies violation by some reasonable means this first time have received notice violation this for any work from copyright holder cure violation prior 30 days after your receipt notice termination your rights under this section does not terminate licenses parties who have received copies or rights from under this if your rights have been terminated not permanently reinstated do not qualify receive new licenses for same material under section 10 9 acceptance not required for having copies are not required accept this order receive or run copy program ancillary propagation covered work occurring solely as consequence using peer peer transmission receive copy likewise does not require acceptance however nothing other than this grants permission propagate or modify any covered work these actions infringe copyright if do not accept this therefore by modifying or propagating covered work indicate your acceptance this do so 10 automatic licensing downstream recipients each time convey covered work recipient automatically receives from original licensors run modify propagate work subject this are not responsible for enforcing compliance by third parties with this an entity transaction transaction transferring control an organization or substantially all assets one or subdividing an organization or merging organizations if propagation covered work results from an entity transaction each party transaction who receives copy work also receives whatever licenses work party s predecessor interest had or could give under previous paragraph plus right possession corresponding source work from predecessor interest if predecessor has or can get with reasonable efforts may not impose any further restrictions on exercise rights granted or affirmed under this for example may not impose fee royalty or other charge for exercise rights granted under this may not initiate litigation including cross claim or counterclaim lawsuit alleging any patent claim infringed by making using selling offering for sale or importing program or any portion 11 patents contributor copyright holder who authorizes use under this program or work on which program based work thus licensed called contributor s contributor contributor s essential patent claims are all patent claims owned or controlled by contributor whether already acquired or hereafter acquired would be infringed by some manner permitted by this making using or selling its contributor but do not include claims would be infringed only as consequence further modification contributor for purposes this definition control includes right grant patent sublicenses manner consistent with requirements this each contributor grants non exclusive worldwide royalty free patent under contributor s essential patent claims make use sell offer for sale import otherwise run modify propagate contents its contributor following three paragraphs patent any express agreement or commitment however denominated not enforce patent such as an express permission practice patent or covenant not sue for patent infringement grant such patent party means make such an agreement or commitment not enforce patent against party if convey covered work knowingly relying on patent corresponding source work not available for anyone copy free charge under terms this through publicly available network server or other readily accessible means then must either 1 cause corresponding source be so available or 2 arrange deprive yourself benefit patent for this particular work or 3 arrange manner consistent with requirements this extend patent downstream recipients knowingly relying means have actual knowledge but for patent your conveying covered work country or your recipient s use covered work country would infringe one or more identifiable patents country have reason believe are valid if pursuant or connection with single transaction or arrangement convey or propagate by procuring conveyance covered work grant patent some parties receiving covered work authorizing them use propagate modify or convey specific copy covered work then patent grant automatically extended all recipients covered work works based on patent discriminatory if does not include within scope its coverage prohibits exercise or conditioned on non exercise one or more rights are specifically granted under this may not convey covered work if are party an arrangement with third party business distributing under which make payment third party based on extent your activity conveying work under which third party grants any parties who would receive covered work from discriminatory patent connection with copies covered work conveyed by or copies made from those copies or b primarily for connection with specific products or compilations contain covered work unless entered into arrangement or patent was granted prior 28 march 2007 nothing this shall be construed as excluding or limiting any implied or other defenses infringement may otherwise be available under applicable patent law 12 no surrender others freedom if conditions are imposed on whether by court order agreement or otherwise contradict conditions this they do not excuse from conditions this if cannot convey covered work so as satisfy simultaneously your obligations under this any other pertinent obligations then as consequence may not convey at all for example if agree terms obligate collect royalty for further conveying from those whom convey program only way could satisfy both those terms this would be refrain entirely from conveying program 13 use with gnu affero general public notwithstanding any other provision this have permission link or combine any covered work with work licensed under 3 gnu affero general public into single combined work convey resulting work terms this will continue apply part which covered work but special requirements gnu affero general public section 13 concerning interaction through network will apply combination as such 14 revised versions this free foundation may publish revised or new versions gnu general public from time time such new versions will be similar spirit present but may differ detail address new problems or concerns each given distinguishing number if program specifies certain numbered gnu general public or any later applies have option following terms conditions either numbered or any later published by free foundation if program does not specify number gnu general public may choose any ever published by free foundation if program specifies proxy can decide which future versions gnu general public can be used proxy s public statement acceptance permanently authorizes choose for program later versions may give additional or different permissions however no additional obligations are imposed on any author or copyright holder as result your choosing follow later 15 disclaimer warranty there no warranty for program extent permitted by applicable law except when otherwise stated writing copyright holders or other parties provide program as without warranty any kind either expressed or implied including but not limited implied warranties merchantability fitness for particular purpose entire risk as quality performance program with should program prove defective assume cost all necessary servicing repair or correction 16 limitation liability no event unless required by applicable law or agreed writing will any copyright holder or any other party who modifies or conveys program as permitted above be liable for damages including any general special incidental or consequential damages arising out use or inability use program including but not limited loss data or data being rendered inaccurate or losses sustained by or third parties or failure program operate with any other programs even if such holder or other party has been advised possibility such damages 17 interpretation sections 15 16 if disclaimer warranty limitation liability provided above cannot be given local legal effect according their terms reviewing courts shall apply local law most closely approximates an absolute waiver all civil liability connection with program unless warranty or assumption liability accompanies copy program return for fee end terms conditions how apply these terms your new programs if develop new program want be greatest possible use public best way achieve this make free which everyone can redistribute change under these terms do so attach following notices program safest attach them start each source file most effectively state exclusion warranty each file should have at least copyright line pointer where full notice found inputconstraints copyright c 2021 dominic steinhöfel this program free can redistribute or modify under terms gnu general public as published by free foundation either 3 or at your option any later this program distributed hope will be useful but without any warranty without even implied warranty merchantability or fitness for particular purpose see gnu general public for more details should have received copy gnu general public along with this program if not see https www gnu org licenses also add information on how contact by electronic paper mail if program does terminal interaction make output short notice like this when starts an interactive mode program copyright c 2021 dominic steinhöfel this program comes with absolutely no warranty for details type show w this free are welcome redistribute under certain conditions type show c for details hypothetical commands show w show c should show appropriate parts general public course your program s commands might be different for gui interface would use an about box should also get your employer if work as programmer or school if any sign copyright disclaimer for program if necessary for more information on this how apply follow gnu gpl see https www gnu org licenses gnu general public does not permit incorporating your program into proprietary programs if your program subroutine library may consider more useful permit linking proprietary applications with library if this what want do use gnu lesser general public instead this but first please read https www gnu org licenses why not lgpl html,gpl 3 0,copyleft next 0 3 0,False,False
5870535,GNU AFFERO GENERAL PUBLIC LICENSE,gnu affero general public,agpl,agpl 3 0,False,False
2713990,GNU,gnu,gpl,agpl 3 0,False,False
1533010,"BSD 3-Clause License  Copyright (c) 2023, Codra, Pierre Raybaut. All rights reserved.  Redistribution and use in source and binary forms, with or without modification, are permitted provided that the following conditions are met:  1. Redistributions of source code must retain the above copyright notice, this list of conditions and the following disclaimer.  2. Redistributions in binary form must reproduce the above copyright notice, this list of conditions and the following disclaimer in the documentation and/or other materials provided with the distribution.  3. Neither the name of the copyright holder nor the names of its contributors may be used to endorse or promote products derived from this software without specific prior written permission.  THIS SOFTWARE IS PROVIDED BY THE COPYRIGHT HOLDERS AND CONTRIBUTORS ""AS IS"" AND ANY EXPRESS OR IMPLIED WARRANTIES, INCLUDING, BUT NOT LIMITED TO, THE IMPLIED WARRANTIES OF MERCHANTABILITY AND FITNESS FOR A PARTICULAR PURPOSE ARE DISCLAIMED. IN NO EVENT SHALL THE COPYRIGHT HOLDER OR CONTRIBUTORS BE LIABLE FOR ANY DIRECT, INDIRECT, INCIDENTAL, SPECIAL, EXEMPLARY, OR CONSEQUENTIAL DAMAGES (INCLUDING, BUT NOT LIMITED TO, PROCUREMENT OF SUBSTITUTE GOODS OR SERVICES; LOSS OF USE, DATA, OR PROFITS; OR BUSINESS INTERRUPTION) HOWEVER CAUSED AND ON ANY THEORY OF LIABILITY, WHETHER IN CONTRACT, STRICT LIABILITY, OR TORT (INCLUDING NEGLIGENCE OR OTHERWISE) ARISING IN ANY WAY OUT OF THE USE OF THIS SOFTWARE, EVEN IF ADVISED OF THE POSSIBILITY OF SUCH DAMAGE. ",bsd 3 clause copyright c 2023 codra pierre raybaut all rights reserved redistribution use source binary forms with or without modification are permitted provided following conditions are met 1 redistributions source code must retain above copyright notice this list conditions following disclaimer 2 redistributions binary form must reproduce above copyright notice this list conditions following disclaimer documentation or other materials provided with distribution 3 neither name copyright holder nor names its contributors may be used endorse or promote products derived from this without specific prior written permission this provided by copyright holders contributors as any express or implied warranties including but not limited implied warranties merchantability fitness for particular purpose are disclaimed no event shall copyright holder or contributors be liable for any direct indirect incidental special exemplary or consequential damages including but not limited procurement substitute goods or services loss use data or profits or business interruption however caused on any theory liability whether contract strict liability or tort including negligence or otherwise arising any way out use this even if advised possibility such damage,bsd 3 clause,bsd 1 clause,False,False
5941861," Apache License Version 2.0, January 2004 http://www.apache.org/licenses/  TERMS AND CONDITIONS FOR USE, REPRODUCTION, AND DISTRIBUTION  1. Definitions.  ""License"" shall mean the terms and conditions for use, reproduction, and distribution as defined by Sections 1 through 9 of this document.  ""Licensor"" shall mean the copyright owner or entity authorized by the copyright owner that is granting the License.  ""Legal Entity"" shall mean the union of the acting entity and all other entities that control, are controlled by, or are under common control with that entity. For the purposes of this definition, ""control"" means (i) the power, direct or indirect, to cause the direction or management of such entity, whether by contract or otherwise, or (ii) ownership of fifty percent (50%) or more of the outstanding shares, or (iii) beneficial ownership of such entity.  ""You"" (or ""Your"") shall mean an individual or Legal Entity exercising permissions granted by this License.  ""Source"" form shall mean the preferred form for making modifications, including but not limited to software source code, documentation source, and configuration files.  ""Object"" form shall mean any form resulting from mechanical transformation or translation of a Source form, including but not limited to compiled object code, generated documentation, and conversions to other media types.  ""Work"" shall mean the work of authorship, whether in Source or Object form, made available under the License, as indicated by a copyright notice that is included in or attached to the work (an example is provided in the Appendix below).  ""Derivative Works"" shall mean any work, whether in Source or Object form, that is based on (or derived from) the Work and for which the editorial revisions, annotations, elaborations, or other modifications represent, as a whole, an original work of authorship. For the purposes of this License, Derivative Works shall not include works that remain separable from, or merely link (or bind by name) to the interfaces of, the Work and Derivative Works thereof.  ""Contribution"" shall mean any work of authorship, including the original version of the Work and any modifications or additions to that Work or Derivative Works thereof, that is intentionally submitted to Licensor for inclusion in the Work by the copyright owner or by an individual or Legal Entity authorized to submit on behalf of the copyright owner. For the purposes of this definition, ""submitted"" means any form of electronic, verbal, or written communication sent to the Licensor or its representatives, including but not limited to communication on electronic mailing lists, source code control systems, and issue tracking systems that are managed by, or on behalf of, the Licensor for the purpose of discussing and improving the Work, but excluding communication that is conspicuously marked or otherwise designated in writing by the copyright owner as ""Not a Contribution.""  ""Contributor"" shall mean Licensor and any individual or Legal Entity on behalf of whom a Contribution has been received by Licensor and subsequently incorporated within the Work.  2. Grant of Copyright License. Subject to the terms and conditions of this License, each Contributor hereby grants to You a perpetual, worldwide, non-exclusive, no-charge, royalty-free, irrevocable copyright license to reproduce, prepare Derivative Works of, publicly display, publicly perform, sublicense, and distribute the Work and such Derivative Works in Source or Object form.  3. Grant of Patent License. Subject to the terms and conditions of this License, each Contributor hereby grants to You a perpetual, worldwide, non-exclusive, no-charge, royalty-free, irrevocable (except as stated in this section) patent license to make, have made, use, offer to sell, sell, import, and otherwise transfer the Work, where such license applies only to those patent claims licensable by such Contributor that are necessarily infringed by their Contribution(s) alone or by combination of their Contribution(s) with the Work to which such Contribution(s) was submitted. If You institute patent litigation against any entity (including a cross-claim or counterclaim in a lawsuit) alleging that the Work or a Contribution incorporated within the Work constitutes direct or contributory patent infringement, then any patent licenses granted to You under this License for that Work shall terminate as of the date such litigation is filed.  4. Redistribution. You may reproduce and distribute copies of the Work or Derivative Works thereof in any medium, with or without modifications, and in Source or Object form, provided that You meet the following conditions:  (a) You must give any other recipients of the Work or Derivative Works a copy of this License; and  (b) You must cause any modified files to carry prominent notices stating that You changed the files; and  (c) You must retain, in the Source form of any Derivative Works that You distribute, all copyright, patent, trademark, and attribution notices from the Source form of the Work, excluding those notices that do not pertain to any part of the Derivative Works; and  (d) If the Work includes a ""NOTICE"" text file as part of its distribution, then any Derivative Works that You distribute must include a readable copy of the attribution notices contained within such NOTICE file, excluding those notices that do not pertain to any part of the Derivative Works, in at least one of the following places: within a NOTICE text file distributed as part of the Derivative Works; within the Source form or documentation, if provided along with the Derivative Works; or, within a display generated by the Derivative Works, if and wherever such third-party notices normally appear. The contents of the NOTICE file are for informational purposes only and do not modify the License. You may add Your own attribution notices within Derivative Works that You distribute, alongside or as an addendum to the NOTICE text from the Work, provided that such additional attribution notices cannot be construed as modifying the License.  You may add Your own copyright statement to Your modifications and may provide additional or different license terms and conditions for use, reproduction, or distribution of Your modifications, or for any such Derivative Works as a whole, provided Your use, reproduction, and distribution of the Work otherwise complies with the conditions stated in this License.  5. Submission of Contributions. Unless You explicitly state otherwise, any Contribution intentionally submitted for inclusion in the Work by You to the Licensor shall be under the terms and conditions of this License, without any additional terms or conditions. Notwithstanding the above, nothing herein shall supersede or modify the terms of any separate license agreement you may have executed with Licensor regarding such Contributions.  6. Trademarks. This License does not grant permission to use the trade names, trademarks, service marks, or product names of the Licensor, except as required for reasonable and customary use in describing the origin of the Work and reproducing the content of the NOTICE file.  7. Disclaimer of Warranty. Unless required by applicable law or agreed to in writing, Licensor provides the Work (and each Contributor provides its Contributions) on an ""AS IS"" BASIS, WITHOUT WARRANTIES OR CONDITIONS OF ANY KIND, either express or implied, including, without limitation, any warranties or conditions of TITLE, NON-INFRINGEMENT, MERCHANTABILITY, or FITNESS FOR A PARTICULAR PURPOSE. You are solely responsible for determining the appropriateness of using or redistributing the Work and assume any risks associated with Your exercise of permissions under this License.  8. Limitation of Liability. In no event and under no legal theory, whether in tort (including negligence), contract, or otherwise, unless required by applicable law (such as deliberate and grossly negligent acts) or agreed to in writing, shall any Contributor be liable to You for damages, including any direct, indirect, special, incidental, or consequential damages of any character arising as a result of this License or out of the use or inability to use the Work (including but not limited to damages for loss of goodwill, work stoppage, computer failure or malfunction, or any and all other commercial damages or losses), even if such Contributor has been advised of the possibility of such damages.  9. Accepting Warranty or Additional Liability. While redistributing the Work or Derivative Works thereof, You may choose to offer, and charge a fee for, acceptance of support, warranty, indemnity, or other liability obligations and/or rights consistent with this License. However, in accepting such obligations, You may act only on Your own behalf and on Your sole responsibility, not on behalf of any other Contributor, and only if You agree to indemnify, defend, and hold each Contributor harmless for any liability incurred by, or claims asserted against, such Contributor by reason of your accepting any such warranty or additional liability.  END OF TERMS AND CONDITIONS  APPENDIX: How to apply the Apache License to your work.  To apply the Apache License to your work, attach the following boilerplate notice, with the fields enclosed by brackets ""[]"" replaced with your own identifying information. (Don't include the brackets!)  The text should be enclosed in the appropriate comment syntax for the file format. We also recommend that a file or class name and description of purpose be included on the same ""printed page"" as the copyright notice for easier identification within third-party archives.  Copyright 2023 RedVox, Inc.  Licensed under the Apache License, Version 2.0 (the ""License""); you may not use this file except in compliance with the License. You may obtain a copy of the License at  http://www.apache.org/licenses/LICENSE-2.0  Unless required by applicable law or agreed to in writing, software distributed under the License is distributed on an ""AS IS"" BASIS, WITHOUT WARRANTIES OR CONDITIONS OF ANY KIND, either express or implied. See the License for the specific language governing permissions and limitations under the License. ",apache 2 0 january 2004 http www apache org licenses terms conditions for use reproduction distribution 1 definitions shall mean terms conditions for use reproduction distribution as defined by sections 1 through 9 this document licensor shall mean copyright owner or entity authorized by copyright owner granting legal entity shall mean union acting entity all other entities control are controlled by or are under common control with entity for purposes this definition control means i power direct or indirect cause direction or management such entity whether by contract or otherwise or ii ownership fifty percent 50 or more outstanding shares or iii beneficial ownership such entity or your shall mean an individual or legal entity exercising permissions granted by this source form shall mean preferred form for making modifications including but not limited source code documentation source configuration files object form shall mean any form resulting from mechanical transformation or translation source form including but not limited compiled object code generated documentation conversions other media types work shall mean work authorship whether source or object form made available under as indicated by copyright notice included or attached work an example provided appendix below derivative works shall mean any work whether source or object form based on or derived from work for which editorial revisions annotations elaborations or other modifications represent as whole an original work authorship for purposes this derivative works shall not include works remain separable from or merely link or bind by name interfaces work derivative works thereof contribution shall mean any work authorship including original work any modifications or additions work or derivative works thereof intentionally submitted licensor for inclusion work by copyright owner or by an individual or legal entity authorized submit on behalf copyright owner for purposes this definition submitted means any form electronic verbal or written communication sent licensor or its representatives including but not limited communication on electronic mailing lists source code control systems issue tracking systems are managed by or on behalf licensor for purpose discussing improving work but excluding communication conspicuously marked or otherwise designated writing by copyright owner as not contribution contributor shall mean licensor any individual or legal entity on behalf whom contribution has been received by licensor subsequently incorporated within work 2 grant copyright subject terms conditions this each contributor hereby grants perpetual worldwide non exclusive no charge royalty free irrevocable copyright reproduce prepare derivative works publicly display publicly perform sublicense distribute work such derivative works source or object form 3 grant patent subject terms conditions this each contributor hereby grants perpetual worldwide non exclusive no charge royalty free irrevocable except as stated this section patent make have made use offer sell sell import otherwise transfer work where such applies only those patent claims licensable by such contributor are necessarily infringed by their contribution s alone or by combination their contribution s with work which such contribution s was submitted if institute patent litigation against any entity including cross claim or counterclaim lawsuit alleging work or contribution incorporated within work constitutes direct or contributory patent infringement then any patent licenses granted under this for work shall terminate as date such litigation filed 4 redistribution may reproduce distribute copies work or derivative works thereof any medium with or without modifications source or object form provided meet following conditions must give any other recipients work or derivative works copy this b must cause any modified files carry prominent notices stating changed files c must retain source form any derivative works distribute all copyright patent trademark attribution notices from source form work excluding those notices do not pertain any part derivative works d if work includes notice text file as part its distribution then any derivative works distribute must include readable copy attribution notices contained within such notice file excluding those notices do not pertain any part derivative works at least one following places within notice text file distributed as part derivative works within source form or documentation if provided along with derivative works or within display generated by derivative works if wherever such third party notices normally appear contents notice file are for informational purposes only do not modify may add your own attribution notices within derivative works distribute alongside or as an addendum notice text from work provided such additional attribution notices cannot be construed as modifying may add your own copyright statement your modifications may provide additional or different terms conditions for use reproduction or distribution your modifications or for any such derivative works as whole provided your use reproduction distribution work otherwise complies with conditions stated this 5 submission contributions unless explicitly state otherwise any contribution intentionally submitted for inclusion work by licensor shall be under terms conditions this without any additional terms or conditions notwithstanding above nothing herein shall supersede or modify terms any separate agreement may have executed with licensor regarding such contributions 6 trademarks this does not grant permission use trade names trademarks service marks or product names licensor except as required for reasonable customary use describing origin work reproducing content notice file 7 disclaimer warranty unless required by applicable law or agreed writing licensor provides work each contributor provides its contributions on an as basis without warranties or conditions any kind either express or implied including without limitation any warranties or conditions title non infringement merchantability or fitness for particular purpose are solely responsible for determining appropriateness using or redistributing work assume any risks associated with your exercise permissions under this 8 limitation liability no event under no legal theory whether tort including negligence contract or otherwise unless required by applicable law such as deliberate grossly negligent acts or agreed writing shall any contributor be liable for damages including any direct indirect special incidental or consequential damages any character arising as result this or out use or inability use work including but not limited damages for loss goodwill work stoppage computer failure or malfunction or any all other commercial damages or losses even if such contributor has been advised possibility such damages 9 accepting warranty or additional liability while redistributing work or derivative works thereof may choose offer charge fee for acceptance support warranty indemnity or other liability obligations or rights consistent with this however accepting such obligations may act only on your own behalf on your sole responsibility not on behalf any other contributor only if agree indemnify defend hold each contributor harmless for any liability incurred by or claims asserted against such contributor by reason your accepting any such warranty or additional liability end terms conditions appendix how apply apache your work apply apache your work attach following boilerplate notice with fields enclosed by brackets replaced with your own identifying information don t include brackets text should be enclosed appropriate comment syntax for file format we also recommend file or class name description purpose be included on same printed page as copyright notice for easier identification within third party archives copyright 2023 redvox inc licensed under apache 2 0 may not use this file except compliance with may obtain copy at http www apache org licenses 2 0 unless required by applicable law or agreed writing distributed under distributed on an as basis without warranties or conditions any kind either express or implied see for specific language governing permissions limitations under,apache 2 0,apache 1 0,False,False
2920556,New BSD,new bsd,bsd,bsd 3 clause,False,False
3609946,"Apache License Version 2.0, January 2004 http://www.apache.org/licenses/  TERMS AND CONDITIONS FOR USE, REPRODUCTION, AND DISTRIBUTION  1. Definitions.  ""License"" shall mean the terms and conditions for use, reproduction, and distribution as defined by Sections 1 through 9 of this document.  ""Licensor"" shall mean the copyright owner or entity authorized by the copyright owner that is granting the License.  ""Legal Entity"" shall mean the union of the acting entity and all other entities that control, are controlled by, or are under common control with that entity. For the purposes of this definition, ""control"" means (i) the power, direct or indirect, to cause the direction or management of such entity, whether by contract or otherwise, or (ii) ownership of fifty percent (50%) or more of the outstanding shares, or (iii) beneficial ownership of such entity.  ""You"" (or ""Your"") shall mean an individual or Legal Entity exercising permissions granted by this License.  ""Source"" form shall mean the preferred form for making modifications, including but not limited to software source code, documentation source, and configuration files.  ""Object"" form shall mean any form resulting from mechanical transformation or translation of a Source form, including but not limited to compiled object code, generated documentation, and conversions to other media types.  ""Work"" shall mean the work of authorship, whether in Source or Object form, made available under the License, as indicated by a copyright notice that is included in or attached to the work (an example is provided in the Appendix below).  ""Derivative Works"" shall mean any work, whether in Source or Object form, that is based on (or derived from) the Work and for which the editorial revisions, annotations, elaborations, or other modifications represent, as a whole, an original work of authorship. For the purposes of this License, Derivative Works shall not include works that remain separable from, or merely link (or bind by name) to the interfaces of, the Work and Derivative Works thereof.  ""Contribution"" shall mean any work of authorship, including the original version of the Work and any modifications or additions to that Work or Derivative Works thereof, that is intentionally submitted to Licensor for inclusion in the Work by the copyright owner or by an individual or Legal Entity authorized to submit on behalf of the copyright owner. For the purposes of this definition, ""submitted"" means any form of electronic, verbal, or written communication sent to the Licensor or its representatives, including but not limited to communication on electronic mailing lists, source code control systems, and issue tracking systems that are managed by, or on behalf of, the Licensor for the purpose of discussing and improving the Work, but excluding communication that is conspicuously marked or otherwise designated in writing by the copyright owner as ""Not a Contribution.""  ""Contributor"" shall mean Licensor and any individual or Legal Entity on behalf of whom a Contribution has been received by Licensor and subsequently incorporated within the Work.  2. Grant of Copyright License. Subject to the terms and conditions of this License, each Contributor hereby grants to You a perpetual, worldwide, non-exclusive, no-charge, royalty-free, irrevocable copyright license to reproduce, prepare Derivative Works of, publicly display, publicly perform, sublicense, and distribute the Work and such Derivative Works in Source or Object form.  3. Grant of Patent License. Subject to the terms and conditions of this License, each Contributor hereby grants to You a perpetual, worldwide, non-exclusive, no-charge, royalty-free, irrevocable (except as stated in this section) patent license to make, have made, use, offer to sell, sell, import, and otherwise transfer the Work, where such license applies only to those patent claims licensable by such Contributor that are necessarily infringed by their Contribution(s) alone or by combination of their Contribution(s) with the Work to which such Contribution(s) was submitted. If You institute patent litigation against any entity (including a cross-claim or counterclaim in a lawsuit) alleging that the Work or a Contribution incorporated within the Work constitutes direct or contributory patent infringement, then any patent licenses granted to You under this License for that Work shall terminate as of the date such litigation is filed.  4. Redistribution. You may reproduce and distribute copies of the Work or Derivative Works thereof in any medium, with or without modifications, and in Source or Object form, provided that You meet the following conditions:  (a) You must give any other recipients of the Work or Derivative Works a copy of this License; and  (b) You must cause any modified files to carry prominent notices stating that You changed the files; and  (c) You must retain, in the Source form of any Derivative Works that You distribute, all copyright, patent, trademark, and attribution notices from the Source form of the Work, excluding those notices that do not pertain to any part of the Derivative Works; and  (d) If the Work includes a ""NOTICE"" text file as part of its distribution, then any Derivative Works that You distribute must include a readable copy of the attribution notices contained within such NOTICE file, excluding those notices that do not pertain to any part of the Derivative Works, in at least one of the following places: within a NOTICE text file distributed as part of the Derivative Works; within the Source form or documentation, if provided along with the Derivative Works; or, within a display generated by the Derivative Works, if and wherever such third-party notices normally appear. The contents of the NOTICE file are for informational purposes only and do not modify the License. You may add Your own attribution notices within Derivative Works that You distribute, alongside or as an addendum to the NOTICE text from the Work, provided that such additional attribution notices cannot be construed as modifying the License.  You may add Your own copyright statement to Your modifications and may provide additional or different license terms and conditions for use, reproduction, or distribution of Your modifications, or for any such Derivative Works as a whole, provided Your use, reproduction, and distribution of the Work otherwise complies with the conditions stated in this License.  5. Submission of Contributions. Unless You explicitly state otherwise, any Contribution intentionally submitted for inclusion in the Work by You to the Licensor shall be under the terms and conditions of this License, without any additional terms or conditions. Notwithstanding the above, nothing herein shall supersede or modify the terms of any separate license agreement you may have executed with Licensor regarding such Contributions.  6. Trademarks. This License does not grant permission to use the trade names, trademarks, service marks, or product names of the Licensor, except as required for reasonable and customary use in describing the origin of the Work and reproducing the content of the NOTICE file.  7. Disclaimer of Warranty. Unless required by applicable law or agreed to in writing, Licensor provides the Work (and each Contributor provides its Contributions) on an ""AS IS"" BASIS, WITHOUT WARRANTIES OR CONDITIONS OF ANY KIND, either express or implied, including, without limitation, any warranties or conditions of TITLE, NON-INFRINGEMENT, MERCHANTABILITY, or FITNESS FOR A PARTICULAR PURPOSE. You are solely responsible for determining the appropriateness of using or redistributing the Work and assume any risks associated with Your exercise of permissions under this License.  8. Limitation of Liability. In no event and under no legal theory, whether in tort (including negligence), contract, or otherwise, unless required by applicable law (such as deliberate and grossly negligent acts) or agreed to in writing, shall any Contributor be liable to You for damages, including any direct, indirect, special, incidental, or consequential damages of any character arising as a result of this License or out of the use or inability to use the Work (including but not limited to damages for loss of goodwill, work stoppage, computer failure or malfunction, or any and all other commercial damages or losses), even if such Contributor has been advised of the possibility of such damages.  9. Accepting Warranty or Additional Liability. While redistributing the Work or Derivative Works thereof, You may choose to offer, and charge a fee for, acceptance of support, warranty, indemnity, or other liability obligations and/or rights consistent with this License. However, in accepting such obligations, You may act only on Your own behalf and on Your sole responsibility, not on behalf of any other Contributor, and only if You agree to indemnify, defend, and hold each Contributor harmless for any liability incurred by, or claims asserted against, such Contributor by reason of your accepting any such warranty or additional liability.  END OF TERMS AND CONDITIONS  APPENDIX: How to apply the Apache License to your work.  To apply the Apache License to your work, attach the following boilerplate notice, with the fields enclosed by brackets ""[]"" replaced with your own identifying information. (Don't include the brackets!)  The text should be enclosed in the appropriate comment syntax for the file format. We also recommend that a file or class name and description of purpose be included on the same ""printed page"" as the copyright notice for easier identification within third-party archives.  Copyright [yyyy] [name of copyright owner]  Licensed under the Apache License, Version 2.0 (the ""License""); you may not use this file except in compliance with the License. You may obtain a copy of the License at  http://www.apache.org/licenses/LICENSE-2.0  Unless required by applicable law or agreed to in writing, software distributed under the License is distributed on an ""AS IS"" BASIS, WITHOUT WARRANTIES OR CONDITIONS OF ANY KIND, either express or implied. See the License for the specific language governing permissions and limitations under the License.",apache 2 0 january 2004 http www apache org licenses terms conditions for use reproduction distribution 1 definitions shall mean terms conditions for use reproduction distribution as defined by sections 1 through 9 this document licensor shall mean copyright owner or entity authorized by copyright owner granting legal entity shall mean union acting entity all other entities control are controlled by or are under common control with entity for purposes this definition control means i power direct or indirect cause direction or management such entity whether by contract or otherwise or ii ownership fifty percent 50 or more outstanding shares or iii beneficial ownership such entity or your shall mean an individual or legal entity exercising permissions granted by this source form shall mean preferred form for making modifications including but not limited source code documentation source configuration files object form shall mean any form resulting from mechanical transformation or translation source form including but not limited compiled object code generated documentation conversions other media types work shall mean work authorship whether source or object form made available under as indicated by copyright notice included or attached work an example provided appendix below derivative works shall mean any work whether source or object form based on or derived from work for which editorial revisions annotations elaborations or other modifications represent as whole an original work authorship for purposes this derivative works shall not include works remain separable from or merely link or bind by name interfaces work derivative works thereof contribution shall mean any work authorship including original work any modifications or additions work or derivative works thereof intentionally submitted licensor for inclusion work by copyright owner or by an individual or legal entity authorized submit on behalf copyright owner for purposes this definition submitted means any form electronic verbal or written communication sent licensor or its representatives including but not limited communication on electronic mailing lists source code control systems issue tracking systems are managed by or on behalf licensor for purpose discussing improving work but excluding communication conspicuously marked or otherwise designated writing by copyright owner as not contribution contributor shall mean licensor any individual or legal entity on behalf whom contribution has been received by licensor subsequently incorporated within work 2 grant copyright subject terms conditions this each contributor hereby grants perpetual worldwide non exclusive no charge royalty free irrevocable copyright reproduce prepare derivative works publicly display publicly perform sublicense distribute work such derivative works source or object form 3 grant patent subject terms conditions this each contributor hereby grants perpetual worldwide non exclusive no charge royalty free irrevocable except as stated this section patent make have made use offer sell sell import otherwise transfer work where such applies only those patent claims licensable by such contributor are necessarily infringed by their contribution s alone or by combination their contribution s with work which such contribution s was submitted if institute patent litigation against any entity including cross claim or counterclaim lawsuit alleging work or contribution incorporated within work constitutes direct or contributory patent infringement then any patent licenses granted under this for work shall terminate as date such litigation filed 4 redistribution may reproduce distribute copies work or derivative works thereof any medium with or without modifications source or object form provided meet following conditions must give any other recipients work or derivative works copy this b must cause any modified files carry prominent notices stating changed files c must retain source form any derivative works distribute all copyright patent trademark attribution notices from source form work excluding those notices do not pertain any part derivative works d if work includes notice text file as part its distribution then any derivative works distribute must include readable copy attribution notices contained within such notice file excluding those notices do not pertain any part derivative works at least one following places within notice text file distributed as part derivative works within source form or documentation if provided along with derivative works or within display generated by derivative works if wherever such third party notices normally appear contents notice file are for informational purposes only do not modify may add your own attribution notices within derivative works distribute alongside or as an addendum notice text from work provided such additional attribution notices cannot be construed as modifying may add your own copyright statement your modifications may provide additional or different terms conditions for use reproduction or distribution your modifications or for any such derivative works as whole provided your use reproduction distribution work otherwise complies with conditions stated this 5 submission contributions unless explicitly state otherwise any contribution intentionally submitted for inclusion work by licensor shall be under terms conditions this without any additional terms or conditions notwithstanding above nothing herein shall supersede or modify terms any separate agreement may have executed with licensor regarding such contributions 6 trademarks this does not grant permission use trade names trademarks service marks or product names licensor except as required for reasonable customary use describing origin work reproducing content notice file 7 disclaimer warranty unless required by applicable law or agreed writing licensor provides work each contributor provides its contributions on an as basis without warranties or conditions any kind either express or implied including without limitation any warranties or conditions title non infringement merchantability or fitness for particular purpose are solely responsible for determining appropriateness using or redistributing work assume any risks associated with your exercise permissions under this 8 limitation liability no event under no legal theory whether tort including negligence contract or otherwise unless required by applicable law such as deliberate grossly negligent acts or agreed writing shall any contributor be liable for damages including any direct indirect special incidental or consequential damages any character arising as result this or out use or inability use work including but not limited damages for loss goodwill work stoppage computer failure or malfunction or any all other commercial damages or losses even if such contributor has been advised possibility such damages 9 accepting warranty or additional liability while redistributing work or derivative works thereof may choose offer charge fee for acceptance support warranty indemnity or other liability obligations or rights consistent with this however accepting such obligations may act only on your own behalf on your sole responsibility not on behalf any other contributor only if agree indemnify defend hold each contributor harmless for any liability incurred by or claims asserted against such contributor by reason your accepting any such warranty or additional liability end terms conditions appendix how apply apache your work apply apache your work attach following boilerplate notice with fields enclosed by brackets replaced with your own identifying information don t include brackets text should be enclosed appropriate comment syntax for file format we also recommend file or class name description purpose be included on same printed page as copyright notice for easier identification within third party archives copyright yyyy name copyright owner licensed under apache 2 0 may not use this file except compliance with may obtain copy at http www apache org licenses 2 0 unless required by applicable law or agreed writing distributed under distributed on an as basis without warranties or conditions any kind either express or implied see for specific language governing permissions limitations under,apache 2 0,apache 1 0,False,False
6011516,"Attribution-NonCommercial-ShareAlike 4.0 International  =======================================================================  Creative Commons Corporation (""Creative Commons"") is not a law firm and does not provide legal services or legal advice. Distribution of Creative Commons public licenses does not create a lawyer-client or other relationship. Creative Commons makes its licenses and related information available on an ""as-is"" basis. Creative Commons gives no warranties regarding its licenses, any material licensed under their terms and conditions, or any related information. Creative Commons disclaims all liability for damages resulting from their use to the fullest extent possible.  Using Creative Commons Public Licenses  Creative Commons public licenses provide a standard set of terms and conditions that creators and other rights holders may use to share original works of authorship and other material subject to copyright and certain other rights specified in the public license below. The following considerations are for informational purposes only, are not exhaustive, and do not form part of our licenses.  Considerations for licensors: Our public licenses are intended for use by those authorized to give the public permission to use material in ways otherwise restricted by copyright and certain other rights. Our licenses are irrevocable. Licensors should read and understand the terms and conditions of the license they choose before applying it. Licensors should also secure all rights necessary before applying our licenses so that the public can reuse the material as expected. Licensors should clearly mark any material not subject to the license. This includes other CC- licensed material, or material used under an exception or limitation to copyright. More considerations for licensors: wiki.creativecommons.org/Considerations_for_licensors  Considerations for the public: By using one of our public licenses, a licensor grants the public permission to use the licensed material under specified terms and conditions. If the licensor's permission is not necessary for any reason--for example, because of any applicable exception or limitation to copyright--then that use is not regulated by the license. Our licenses grant only permissions under copyright and certain other rights that a licensor has authority to grant. Use of the licensed material may still be restricted for other reasons, including because others have copyright or other rights in the material. A licensor may make special requests, such as asking that all changes be marked or described. Although not required by our licenses, you are encouraged to respect those requests where reasonable. More considerations for the public: wiki.creativecommons.org/Considerations_for_licensees  =======================================================================  Creative Commons Attribution-NonCommercial-ShareAlike 4.0 International Public License  By exercising the Licensed Rights (defined below), You accept and agree to be bound by the terms and conditions of this Creative Commons Attribution-NonCommercial-ShareAlike 4.0 International Public License (""Public License""). To the extent this Public License may be interpreted as a contract, You are granted the Licensed Rights in consideration of Your acceptance of these terms and conditions, and the Licensor grants You such rights in consideration of benefits the Licensor receives from making the Licensed Material available under these terms and conditions.   Section 1 -- Definitions.  a. Adapted Material means material subject to Copyright and Similar Rights that is derived from or based upon the Licensed Material and in which the Licensed Material is translated, altered, arranged, transformed, or otherwise modified in a manner requiring permission under the Copyright and Similar Rights held by the Licensor. For purposes of this Public License, where the Licensed Material is a musical work, performance, or sound recording, Adapted Material is always produced where the Licensed Material is synched in timed relation with a moving image.  b. Adapter's License means the license You apply to Your Copyright and Similar Rights in Your contributions to Adapted Material in accordance with the terms and conditions of this Public License.  c. BY-NC-SA Compatible License means a license listed at creativecommons.org/compatiblelicenses, approved by Creative Commons as essentially the equivalent of this Public License.  d. Copyright and Similar Rights means copyright and/or similar rights closely related to copyright including, without limitation, performance, broadcast, sound recording, and Sui Generis Database Rights, without regard to how the rights are labeled or categorized. For purposes of this Public License, the rights specified in Section 2(b)(1)-(2) are not Copyright and Similar Rights.  e. Effective Technological Measures means those measures that, in the absence of proper authority, may not be circumvented under laws fulfilling obligations under Article 11 of the WIPO Copyright Treaty adopted on December 20, 1996, and/or similar international agreements.  f. Exceptions and Limitations means fair use, fair dealing, and/or any other exception or limitation to Copyright and Similar Rights that applies to Your use of the Licensed Material.  g. License Elements means the license attributes listed in the name of a Creative Commons Public License. The License Elements of this Public License are Attribution, NonCommercial, and ShareAlike.  h. Licensed Material means the artistic or literary work, database, or other material to which the Licensor applied this Public License.  i. Licensed Rights means the rights granted to You subject to the terms and conditions of this Public License, which are limited to all Copyright and Similar Rights that apply to Your use of the Licensed Material and that the Licensor has authority to license.  j. Licensor means the individual(s) or entity(ies) granting rights under this Public License.  k. NonCommercial means not primarily intended for or directed towards commercial advantage or monetary compensation. For purposes of this Public License, the exchange of the Licensed Material for other material subject to Copyright and Similar Rights by digital file-sharing or similar means is NonCommercial provided there is no payment of monetary compensation in connection with the exchange.  l. Share means to provide material to the public by any means or process that requires permission under the Licensed Rights, such as reproduction, public display, public performance, distribution, dissemination, communication, or importation, and to make material available to the public including in ways that members of the public may access the material from a place and at a time individually chosen by them.  m. Sui Generis Database Rights means rights other than copyright resulting from Directive 96/9/EC of the European Parliament and of the Council of 11 March 1996 on the legal protection of databases, as amended and/or succeeded, as well as other essentially equivalent rights anywhere in the world.  n. You means the individual or entity exercising the Licensed Rights under this Public License. Your has a corresponding meaning.   Section 2 -- Scope.  a. License grant.  1. Subject to the terms and conditions of this Public License, the Licensor hereby grants You a worldwide, royalty-free, non-sublicensable, non-exclusive, irrevocable license to exercise the Licensed Rights in the Licensed Material to:  a. reproduce and Share the Licensed Material, in whole or in part, for NonCommercial purposes only; and  b. produce, reproduce, and Share Adapted Material for NonCommercial purposes only.  2. Exceptions and Limitations. For the avoidance of doubt, where Exceptions and Limitations apply to Your use, this Public License does not apply, and You do not need to comply with its terms and conditions.  3. Term. The term of this Public License is specified in Section 6(a).  4. Media and formats; technical modifications allowed. The Licensor authorizes You to exercise the Licensed Rights in all media and formats whether now known or hereafter created, and to make technical modifications necessary to do so. The Licensor waives and/or agrees not to assert any right or authority to forbid You from making technical modifications necessary to exercise the Licensed Rights, including technical modifications necessary to circumvent Effective Technological Measures. For purposes of this Public License, simply making modifications authorized by this Section 2(a) (4) never produces Adapted Material.  5. Downstream recipients.  a. Offer from the Licensor -- Licensed Material. Every recipient of the Licensed Material automatically receives an offer from the Licensor to exercise the Licensed Rights under the terms and conditions of this Public License.  b. Additional offer from the Licensor -- Adapted Material. Every recipient of Adapted Material from You automatically receives an offer from the Licensor to exercise the Licensed Rights in the Adapted Material under the conditions of the Adapter's License You apply.  c. No downstream restrictions. You may not offer or impose any additional or different terms or conditions on, or apply any Effective Technological Measures to, the Licensed Material if doing so restricts exercise of the Licensed Rights by any recipient of the Licensed Material.  6. No endorsement. Nothing in this Public License constitutes or may be construed as permission to assert or imply that You are, or that Your use of the Licensed Material is, connected with, or sponsored, endorsed, or granted official status by, the Licensor or others designated to receive attribution as provided in Section 3(a)(1)(A)(i).  b. Other rights.  1. Moral rights, such as the right of integrity, are not licensed under this Public License, nor are publicity, privacy, and/or other similar personality rights; however, to the extent possible, the Licensor waives and/or agrees not to assert any such rights held by the Licensor to the limited extent necessary to allow You to exercise the Licensed Rights, but not otherwise.  2. Patent and trademark rights are not licensed under this Public License.  3. To the extent possible, the Licensor waives any right to collect royalties from You for the exercise of the Licensed Rights, whether directly or through a collecting society under any voluntary or waivable statutory or compulsory licensing scheme. In all other cases the Licensor expressly reserves any right to collect such royalties, including when the Licensed Material is used other than for NonCommercial purposes.   Section 3 -- License Conditions.  Your exercise of the Licensed Rights is expressly made subject to the following conditions.  a. Attribution.  1. If You Share the Licensed Material (including in modified form), You must:  a. retain the following if it is supplied by the Licensor with the Licensed Material:  i. identification of the creator(s) of the Licensed Material and any others designated to receive attribution, in any reasonable manner requested by the Licensor (including by pseudonym if designated);  ii. a copyright notice;  iii. a notice that refers to this Public License;  iv. a notice that refers to the disclaimer of warranties;  v. a URI or hyperlink to the Licensed Material to the extent reasonably practicable;  b. indicate if You modified the Licensed Material and retain an indication of any previous modifications; and  c. indicate the Licensed Material is licensed under this Public License, and include the text of, or the URI or hyperlink to, this Public License.  2. You may satisfy the conditions in Section 3(a)(1) in any reasonable manner based on the medium, means, and context in which You Share the Licensed Material. For example, it may be reasonable to satisfy the conditions by providing a URI or hyperlink to a resource that includes the required information. 3. If requested by the Licensor, You must remove any of the information required by Section 3(a)(1)(A) to the extent reasonably practicable.  b. ShareAlike.  In addition to the conditions in Section 3(a), if You Share Adapted Material You produce, the following conditions also apply.  1. The Adapter's License You apply must be a Creative Commons license with the same License Elements, this version or later, or a BY-NC-SA Compatible License.  2. You must include the text of, or the URI or hyperlink to, the Adapter's License You apply. You may satisfy this condition in any reasonable manner based on the medium, means, and context in which You Share Adapted Material.  3. You may not offer or impose any additional or different terms or conditions on, or apply any Effective Technological Measures to, Adapted Material that restrict exercise of the rights granted under the Adapter's License You apply.   Section 4 -- Sui Generis Database Rights.  Where the Licensed Rights include Sui Generis Database Rights that apply to Your use of the Licensed Material:  a. for the avoidance of doubt, Section 2(a)(1) grants You the right to extract, reuse, reproduce, and Share all or a substantial portion of the contents of the database for NonCommercial purposes only;  b. if You include all or a substantial portion of the database contents in a database in which You have Sui Generis Database Rights, then the database in which You have Sui Generis Database Rights (but not its individual contents) is Adapted Material, including for purposes of Section 3(b); and  c. You must comply with the conditions in Section 3(a) if You Share all or a substantial portion of the contents of the database.  For the avoidance of doubt, this Section 4 supplements and does not replace Your obligations under this Public License where the Licensed Rights include other Copyright and Similar Rights.   Section 5 -- Disclaimer of Warranties and Limitation of Liability.  a. UNLESS OTHERWISE SEPARATELY UNDERTAKEN BY THE LICENSOR, TO THE EXTENT POSSIBLE, THE LICENSOR OFFERS THE LICENSED MATERIAL AS-IS AND AS-AVAILABLE, AND MAKES NO REPRESENTATIONS OR WARRANTIES OF ANY KIND CONCERNING THE LICENSED MATERIAL, WHETHER EXPRESS, IMPLIED, STATUTORY, OR OTHER. THIS INCLUDES, WITHOUT LIMITATION, WARRANTIES OF TITLE, MERCHANTABILITY, FITNESS FOR A PARTICULAR PURPOSE, NON-INFRINGEMENT, ABSENCE OF LATENT OR OTHER DEFECTS, ACCURACY, OR THE PRESENCE OR ABSENCE OF ERRORS, WHETHER OR NOT KNOWN OR DISCOVERABLE. WHERE DISCLAIMERS OF WARRANTIES ARE NOT ALLOWED IN FULL OR IN PART, THIS DISCLAIMER MAY NOT APPLY TO YOU.  b. TO THE EXTENT POSSIBLE, IN NO EVENT WILL THE LICENSOR BE LIABLE TO YOU ON ANY LEGAL THEORY (INCLUDING, WITHOUT LIMITATION, NEGLIGENCE) OR OTHERWISE FOR ANY DIRECT, SPECIAL, INDIRECT, INCIDENTAL, CONSEQUENTIAL, PUNITIVE, EXEMPLARY, OR OTHER LOSSES, COSTS, EXPENSES, OR DAMAGES ARISING OUT OF THIS PUBLIC LICENSE OR USE OF THE LICENSED MATERIAL, EVEN IF THE LICENSOR HAS BEEN ADVISED OF THE POSSIBILITY OF SUCH LOSSES, COSTS, EXPENSES, OR DAMAGES. WHERE A LIMITATION OF LIABILITY IS NOT ALLOWED IN FULL OR IN PART, THIS LIMITATION MAY NOT APPLY TO YOU.  c. The disclaimer of warranties and limitation of liability provided above shall be interpreted in a manner that, to the extent possible, most closely approximates an absolute disclaimer and waiver of all liability.   Section 6 -- Term and Termination.  a. This Public License applies for the term of the Copyright and Similar Rights licensed here. However, if You fail to comply with this Public License, then Your rights under this Public License terminate automatically.  b. Where Your right to use the Licensed Material has terminated under Section 6(a), it reinstates:  1. automatically as of the date the violation is cured, provided it is cured within 30 days of Your discovery of the violation; or  2. upon express reinstatement by the Licensor.  For the avoidance of doubt, this Section 6(b) does not affect any right the Licensor may have to seek remedies for Your violations of this Public License.  c. For the avoidance of doubt, the Licensor may also offer the Licensed Material under separate terms or conditions or stop distributing the Licensed Material at any time; however, doing so will not terminate this Public License.  d. Sections 1, 5, 6, 7, and 8 survive termination of this Public License.   Section 7 -- Other Terms and Conditions.  a. The Licensor shall not be bound by any additional or different terms or conditions communicated by You unless expressly agreed.  b. Any arrangements, understandings, or agreements regarding the Licensed Material not stated herein are separate from and independent of the terms and conditions of this Public License.   Section 8 -- Interpretation.  a. For the avoidance of doubt, this Public License does not, and shall not be interpreted to, reduce, limit, restrict, or impose conditions on any use of the Licensed Material that could lawfully be made without permission under this Public License.  b. To the extent possible, if any provision of this Public License is deemed unenforceable, it shall be automatically reformed to the minimum extent necessary to make it enforceable. If the provision cannot be reformed, it shall be severed from this Public License without affecting the enforceability of the remaining terms and conditions.  c. No term or condition of this Public License will be waived and no failure to comply consented to unless expressly agreed to by the Licensor.  d. Nothing in this Public License constitutes or may be interpreted as a limitation upon, or waiver of, any privileges and immunities that apply to the Licensor or You, including from the legal processes of any jurisdiction or authority.  =======================================================================  Creative Commons is not a party to its public licenses. Notwithstanding, Creative Commons may elect to apply one of its public licenses to material it publishes and in those instances will be considered the “Licensor.” The text of the Creative Commons public licenses is dedicated to the public domain under the CC0 Public Domain Dedication. Except for the limited purpose of indicating that material is shared under a Creative Commons public license or as otherwise permitted by the Creative Commons policies published at creativecommons.org/policies, Creative Commons does not authorize the use of the trademark ""Creative Commons"" or any other trademark or logo of Creative Commons without its prior written consent including, without limitation, in connection with any unauthorized modifications to any of its public licenses or any other arrangements, understandings, or agreements concerning use of licensed material. For the avoidance of doubt, this paragraph does not form part of the public licenses.  Creative Commons may be contacted at creativecommons.org. ",attribution noncommercial sharealike 4 0 international creative commons corporation creative commons not law firm does not provide legal services or legal advice distribution creative commons public licenses does not create lawyer client or other relationship creative commons makes its licenses related information available on an as basis creative commons gives no warranties regarding its licenses any material licensed under their terms conditions or any related information creative commons disclaims all liability for damages resulting from their use fullest extent possible using creative commons public licenses creative commons public licenses provide standard set terms conditions creators other rights holders may use share original works authorship other material subject copyright certain other rights specified public below following considerations are for informational purposes only are not exhaustive do not form part our licenses considerations for licensors our public licenses are intended for use by those authorized give public permission use material ways otherwise restricted by copyright certain other rights our licenses are irrevocable licensors should read understand terms conditions they choose before applying licensors should also secure all rights necessary before applying our licenses so public can reuse material as expected licensors should clearly mark any material not subject this includes other cc licensed material or material used under an exception or limitation copyright more considerations for licensors wiki creativecommons org considerations for licensors considerations for public by using one our public licenses licensor grants public permission use licensed material under specified terms conditions if licensor s permission not necessary for any reason for example because any applicable exception or limitation copyright then use not regulated by our licenses grant only permissions under copyright certain other rights licensor has authority grant use licensed material may still be restricted for other reasons including because others have copyright or other rights material licensor may make special requests such as asking all changes be marked or described although not required by our licenses are encouraged respect those requests where reasonable more considerations for public wiki creativecommons org considerations for licensees creative commons attribution noncommercial sharealike 4 0 international public by exercising licensed rights defined below accept agree be bound by terms conditions this creative commons attribution noncommercial sharealike 4 0 international public public extent this public may be interpreted as contract are granted licensed rights consideration your acceptance these terms conditions licensor grants such rights consideration benefits licensor receives from making licensed material available under these terms conditions section 1 definitions adapted material means material subject copyright similar rights derived from or based upon licensed material which licensed material translated altered arranged transformed or otherwise modified manner requiring permission under copyright similar rights held by licensor for purposes this public where licensed material musical work performance or sound recording adapted material always produced where licensed material synched timed relation with moving image b adapter s means apply your copyright similar rights your contributions adapted material accordance with terms conditions this public c by nc sa compatible means listed at creativecommons org compatiblelicenses approved by creative commons as essentially equivalent this public d copyright similar rights means copyright or similar rights closely related copyright including without limitation performance broadcast sound recording sui generis database rights without regard how rights are labeled or categorized for purposes this public rights specified section 2 b 1 2 are not copyright similar rights e effective technological measures means those measures absence proper authority may not be circumvented under laws fulfilling obligations under article 11 wipo copyright treaty adopted on december 20 1996 or similar international agreements f exceptions limitations means fair use fair dealing or any other exception or limitation copyright similar rights applies your use licensed material g elements means attributes listed name creative commons public elements this public are attribution noncommercial sharealike h licensed material means artistic or literary work database or other material which licensor applied this public i licensed rights means rights granted subject terms conditions this public which are limited all copyright similar rights apply your use licensed material licensor has authority j licensor means individual s or entity ies granting rights under this public k noncommercial means not primarily intended for or directed towards commercial advantage or monetary compensation for purposes this public exchange licensed material for other material subject copyright similar rights by digital file sharing or similar means noncommercial provided there no payment monetary compensation connection with exchange l share means provide material public by any means or process requires permission under licensed rights such as reproduction public display public performance distribution dissemination communication or importation make material available public including ways members public may access material from place at time individually chosen by them m sui generis database rights means rights other than copyright resulting from directive 96 9 ec european parliament council 11 march 1996 on legal protection databases as amended or succeeded as well as other essentially equivalent rights anywhere world n means individual or entity exercising licensed rights under this public your has corresponding meaning section 2 scope grant 1 subject terms conditions this public licensor hereby grants worldwide royalty free non sublicensable non exclusive irrevocable exercise licensed rights licensed material reproduce share licensed material whole or part for noncommercial purposes only b produce reproduce share adapted material for noncommercial purposes only 2 exceptions limitations for avoidance doubt where exceptions limitations apply your use this public does not apply do not need comply with its terms conditions 3 term term this public specified section 6 4 media formats technical modifications allowed licensor authorizes exercise licensed rights all media formats whether now known or hereafter created make technical modifications necessary do so licensor waives or agrees not assert any right or authority forbid from making technical modifications necessary exercise licensed rights including technical modifications necessary circumvent effective technological measures for purposes this public simply making modifications authorized by this section 2 4 never produces adapted material 5 downstream recipients offer from licensor licensed material every recipient licensed material automatically receives an offer from licensor exercise licensed rights under terms conditions this public b additional offer from licensor adapted material every recipient adapted material from automatically receives an offer from licensor exercise licensed rights adapted material under conditions adapter s apply c no downstream restrictions may not offer or impose any additional or different terms or conditions on or apply any effective technological measures licensed material if doing so restricts exercise licensed rights by any recipient licensed material 6 no endorsement nothing this public constitutes or may be construed as permission assert or imply are or your use licensed material connected with or sponsored endorsed or granted official status by licensor or others designated receive attribution as provided section 3 1 i b other rights 1 moral rights such as right integrity are not licensed under this public nor are publicity privacy or other similar personality rights however extent possible licensor waives or agrees not assert any such rights held by licensor limited extent necessary allow exercise licensed rights but not otherwise 2 patent trademark rights are not licensed under this public 3 extent possible licensor waives any right collect royalties from for exercise licensed rights whether directly or through collecting society under any voluntary or waivable statutory or compulsory licensing scheme all other cases licensor expressly reserves any right collect such royalties including when licensed material used other than for noncommercial purposes section 3 conditions your exercise licensed rights expressly made subject following conditions attribution 1 if share licensed material including modified form must retain following if supplied by licensor with licensed material i identification creator s licensed material any others designated receive attribution any reasonable manner requested by licensor including by pseudonym if designated ii copyright notice iii notice refers this public iv notice refers disclaimer warranties v uri or hyperlink licensed material extent reasonably practicable b indicate if modified licensed material retain an indication any previous modifications c indicate licensed material licensed under this public include text or uri or hyperlink this public 2 may satisfy conditions section 3 1 any reasonable manner based on medium means context which share licensed material for example may be reasonable satisfy conditions by providing uri or hyperlink resource includes required information 3 if requested by licensor must remove any information required by section 3 1 extent reasonably practicable b sharealike addition conditions section 3 if share adapted material produce following conditions also apply 1 adapter s apply must be creative commons with same elements this or later or by nc sa compatible 2 must include text or uri or hyperlink adapter s apply may satisfy this condition any reasonable manner based on medium means context which share adapted material 3 may not offer or impose any additional or different terms or conditions on or apply any effective technological measures adapted material restrict exercise rights granted under adapter s apply section 4 sui generis database rights where licensed rights include sui generis database rights apply your use licensed material for avoidance doubt section 2 1 grants right extract reuse reproduce share all or substantial portion contents database for noncommercial purposes only b if include all or substantial portion database contents database which have sui generis database rights then database which have sui generis database rights but not its individual contents adapted material including for purposes section 3 b c must comply with conditions section 3 if share all or substantial portion contents database for avoidance doubt this section 4 supplements does not replace your obligations under this public where licensed rights include other copyright similar rights section 5 disclaimer warranties limitation liability unless otherwise separately undertaken by licensor extent possible licensor offers licensed material as as available makes no representations or warranties any kind concerning licensed material whether express implied statutory or other this includes without limitation warranties title merchantability fitness for particular purpose non infringement absence latent or other defects accuracy or presence or absence errors whether or not known or discoverable where disclaimers warranties are not allowed full or part this disclaimer may not apply b extent possible no event will licensor be liable on any legal theory including without limitation negligence or otherwise for any direct special indirect incidental consequential punitive exemplary or other losses costs expenses or damages arising out this public or use licensed material even if licensor has been advised possibility such losses costs expenses or damages where limitation liability not allowed full or part this limitation may not apply c disclaimer warranties limitation liability provided above shall be interpreted manner extent possible most closely approximates an absolute disclaimer waiver all liability section 6 term termination this public applies for term copyright similar rights licensed here however if fail comply with this public then your rights under this public terminate automatically b where your right use licensed material has terminated under section 6 reinstates 1 automatically as date violation cured provided cured within 30 days your discovery violation or 2 upon express reinstatement by licensor for avoidance doubt this section 6 b does not affect any right licensor may have seek remedies for your violations this public c for avoidance doubt licensor may also offer licensed material under separate terms or conditions or stop distributing licensed material at any time however doing so will not terminate this public d sections 1 5 6 7 8 survive termination this public section 7 other terms conditions licensor shall not be bound by any additional or different terms or conditions communicated by unless expressly agreed b any arrangements understandings or agreements regarding licensed material not stated herein are separate from independent terms conditions this public section 8 interpretation for avoidance doubt this public does not shall not be interpreted reduce limit restrict or impose conditions on any use licensed material could lawfully be made without permission under this public b extent possible if any provision this public deemed unenforceable shall be automatically reformed minimum extent necessary make enforceable if provision cannot be reformed shall be severed from this public without affecting enforceability remaining terms conditions c no term or condition this public will be waived no failure comply consented unless expressly agreed by licensor d nothing this public constitutes or may be interpreted as limitation upon or waiver any privileges immunities apply licensor or including from legal processes any jurisdiction or authority creative commons not party its public licenses notwithstanding creative commons may elect apply one its public licenses material publishes those instances will be considered licensor text creative commons public licenses dedicated public domain under cc0 public domain dedication except for limited purpose indicating material shared under creative commons public or as otherwise permitted by creative commons policies published at creativecommons org policies creative commons does not authorize use trademark creative commons or any other trademark or logo creative commons without its prior written consent including without limitation connection with any unauthorized modifications any its public licenses or any other arrangements understandings or agreements concerning use licensed material for avoidance doubt this paragraph does not form part public licenses creative commons may be contacted at creativecommons org,cc by nc sa 4 0,artistic 1 0,False,False
7543702,"Apache License Version 2.0, January 2004 http://www.apache.org/licenses/  TERMS AND CONDITIONS FOR USE, REPRODUCTION, AND DISTRIBUTION  1. Definitions.  ""License"" shall mean the terms and conditions for use, reproduction, and distribution as defined by Sections 1 through 9 of this document.  ""Licensor"" shall mean the copyright owner or entity authorized by the copyright owner that is granting the License.  ""Legal Entity"" shall mean the union of the acting entity and all other entities that control, are controlled by, or are under common control with that entity. For the purposes of this definition, ""control"" means (i) the power, direct or indirect, to cause the direction or management of such entity, whether by contract or otherwise, or (ii) ownership of fifty percent (50%) or more of the outstanding shares, or (iii) beneficial ownership of such entity.  ""You"" (or ""Your"") shall mean an individual or Legal Entity exercising permissions granted by this License.  ""Source"" form shall mean the preferred form for making modifications, including but not limited to software source code, documentation source, and configuration files.  ""Object"" form shall mean any form resulting from mechanical transformation or translation of a Source form, including but not limited to compiled object code, generated documentation, and conversions to other media types.  ""Work"" shall mean the work of authorship, whether in Source or Object form, made available under the License, as indicated by a copyright notice that is included in or attached to the work (an example is provided in the Appendix below).  ""Derivative Works"" shall mean any work, whether in Source or Object form, that is based on (or derived from) the Work and for which the editorial revisions, annotations, elaborations, or other modifications represent, as a whole, an original work of authorship. For the purposes of this License, Derivative Works shall not include works that remain separable from, or merely link (or bind by name) to the interfaces of, the Work and Derivative Works thereof.  ""Contribution"" shall mean any work of authorship, including the original version of the Work and any modifications or additions to that Work or Derivative Works thereof, that is intentionally submitted to Licensor for inclusion in the Work by the copyright owner or by an individual or Legal Entity authorized to submit on behalf of the copyright owner. For the purposes of this definition, ""submitted"" means any form of electronic, verbal, or written communication sent to the Licensor or its representatives, including but not limited to communication on electronic mailing lists, source code control systems, and issue tracking systems that are managed by, or on behalf of, the Licensor for the purpose of discussing and improving the Work, but excluding communication that is conspicuously marked or otherwise designated in writing by the copyright owner as ""Not a Contribution.""  ""Contributor"" shall mean Licensor and any individual or Legal Entity on behalf of whom a Contribution has been received by Licensor and subsequently incorporated within the Work.  2. Grant of Copyright License. Subject to the terms and conditions of this License, each Contributor hereby grants to You a perpetual, worldwide, non-exclusive, no-charge, royalty-free, irrevocable copyright license to reproduce, prepare Derivative Works of, publicly display, publicly perform, sublicense, and distribute the Work and such Derivative Works in Source or Object form.  3. Grant of Patent License. Subject to the terms and conditions of this License, each Contributor hereby grants to You a perpetual, worldwide, non-exclusive, no-charge, royalty-free, irrevocable (except as stated in this section) patent license to make, have made, use, offer to sell, sell, import, and otherwise transfer the Work, where such license applies only to those patent claims licensable by such Contributor that are necessarily infringed by their Contribution(s) alone or by combination of their Contribution(s) with the Work to which such Contribution(s) was submitted. If You institute patent litigation against any entity (including a cross-claim or counterclaim in a lawsuit) alleging that the Work or a Contribution incorporated within the Work constitutes direct or contributory patent infringement, then any patent licenses granted to You under this License for that Work shall terminate as of the date such litigation is filed.  4. Redistribution. You may reproduce and distribute copies of the Work or Derivative Works thereof in any medium, with or without modifications, and in Source or Object form, provided that You meet the following conditions:  (a) You must give any other recipients of the Work or Derivative Works a copy of this License; and  (b) You must cause any modified files to carry prominent notices stating that You changed the files; and  (c) You must retain, in the Source form of any Derivative Works that You distribute, all copyright, patent, trademark, and attribution notices from the Source form of the Work, excluding those notices that do not pertain to any part of the Derivative Works; and  (d) If the Work includes a ""NOTICE"" text file as part of its distribution, then any Derivative Works that You distribute must include a readable copy of the attribution notices contained within such NOTICE file, excluding those notices that do not pertain to any part of the Derivative Works, in at least one of the following places: within a NOTICE text file distributed as part of the Derivative Works; within the Source form or documentation, if provided along with the Derivative Works; or, within a display generated by the Derivative Works, if and wherever such third-party notices normally appear. The contents of the NOTICE file are for informational purposes only and do not modify the License. You may add Your own attribution notices within Derivative Works that You distribute, alongside or as an addendum to the NOTICE text from the Work, provided that such additional attribution notices cannot be construed as modifying the License.  You may add Your own copyright statement to Your modifications and may provide additional or different license terms and conditions for use, reproduction, or distribution of Your modifications, or for any such Derivative Works as a whole, provided Your use, reproduction, and distribution of the Work otherwise complies with the conditions stated in this License.  5. Submission of Contributions. Unless You explicitly state otherwise, any Contribution intentionally submitted for inclusion in the Work by You to the Licensor shall be under the terms and conditions of this License, without any additional terms or conditions. Notwithstanding the above, nothing herein shall supersede or modify the terms of any separate license agreement you may have executed with Licensor regarding such Contributions.  6. Trademarks. This License does not grant permission to use the trade names, trademarks, service marks, or product names of the Licensor, except as required for reasonable and customary use in describing the origin of the Work and reproducing the content of the NOTICE file.  7. Disclaimer of Warranty. Unless required by applicable law or agreed to in writing, Licensor provides the Work (and each Contributor provides its Contributions) on an ""AS IS"" BASIS, WITHOUT WARRANTIES OR CONDITIONS OF ANY KIND, either express or implied, including, without limitation, any warranties or conditions of TITLE, NON-INFRINGEMENT, MERCHANTABILITY, or FITNESS FOR A PARTICULAR PURPOSE. You are solely responsible for determining the appropriateness of using or redistributing the Work and assume any risks associated with Your exercise of permissions under this License.  8. Limitation of Liability. In no event and under no legal theory, whether in tort (including negligence), contract, or otherwise, unless required by applicable law (such as deliberate and grossly negligent acts) or agreed to in writing, shall any Contributor be liable to You for damages, including any direct, indirect, special, incidental, or consequential damages of any character arising as a result of this License or out of the use or inability to use the Work (including but not limited to damages for loss of goodwill, work stoppage, computer failure or malfunction, or any and all other commercial damages or losses), even if such Contributor has been advised of the possibility of such damages.  9. Accepting Warranty or Additional Liability. While redistributing the Work or Derivative Works thereof, You may choose to offer, and charge a fee for, acceptance of support, warranty, indemnity, or other liability obligations and/or rights consistent with this License. However, in accepting such obligations, You may act only on Your own behalf and on Your sole responsibility, not on behalf of any other Contributor, and only if You agree to indemnify, defend, and hold each Contributor harmless for any liability incurred by, or claims asserted against, such Contributor by reason of your accepting any such warranty or additional liability.  END OF TERMS AND CONDITIONS  APPENDIX: How to apply the Apache License to your work.  To apply the Apache License to your work, attach the following boilerplate notice, with the fields enclosed by brackets ""[]"" replaced with your own identifying information. (Don't include the brackets!)  The text should be enclosed in the appropriate comment syntax for the file format. We also recommend that a file or class name and description of purpose be included on the same ""printed page"" as the copyright notice for easier identification within third-party archives.  Copyright [yyyy] [name of copyright owner]  Licensed under the Apache License, Version 2.0 (the ""License""); you may not use this file except in compliance with the License. You may obtain a copy of the License at  http://www.apache.org/licenses/LICENSE-2.0  Unless required by applicable law or agreed to in writing, software distributed under the License is distributed on an ""AS IS"" BASIS, WITHOUT WARRANTIES OR CONDITIONS OF ANY KIND, either express or implied. See the License for the specific language governing permissions and limitations under the License. ",apache 2 0 january 2004 http www apache org licenses terms conditions for use reproduction distribution 1 definitions shall mean terms conditions for use reproduction distribution as defined by sections 1 through 9 this document licensor shall mean copyright owner or entity authorized by copyright owner granting legal entity shall mean union acting entity all other entities control are controlled by or are under common control with entity for purposes this definition control means i power direct or indirect cause direction or management such entity whether by contract or otherwise or ii ownership fifty percent 50 or more outstanding shares or iii beneficial ownership such entity or your shall mean an individual or legal entity exercising permissions granted by this source form shall mean preferred form for making modifications including but not limited source code documentation source configuration files object form shall mean any form resulting from mechanical transformation or translation source form including but not limited compiled object code generated documentation conversions other media types work shall mean work authorship whether source or object form made available under as indicated by copyright notice included or attached work an example provided appendix below derivative works shall mean any work whether source or object form based on or derived from work for which editorial revisions annotations elaborations or other modifications represent as whole an original work authorship for purposes this derivative works shall not include works remain separable from or merely link or bind by name interfaces work derivative works thereof contribution shall mean any work authorship including original work any modifications or additions work or derivative works thereof intentionally submitted licensor for inclusion work by copyright owner or by an individual or legal entity authorized submit on behalf copyright owner for purposes this definition submitted means any form electronic verbal or written communication sent licensor or its representatives including but not limited communication on electronic mailing lists source code control systems issue tracking systems are managed by or on behalf licensor for purpose discussing improving work but excluding communication conspicuously marked or otherwise designated writing by copyright owner as not contribution contributor shall mean licensor any individual or legal entity on behalf whom contribution has been received by licensor subsequently incorporated within work 2 grant copyright subject terms conditions this each contributor hereby grants perpetual worldwide non exclusive no charge royalty free irrevocable copyright reproduce prepare derivative works publicly display publicly perform sublicense distribute work such derivative works source or object form 3 grant patent subject terms conditions this each contributor hereby grants perpetual worldwide non exclusive no charge royalty free irrevocable except as stated this section patent make have made use offer sell sell import otherwise transfer work where such applies only those patent claims licensable by such contributor are necessarily infringed by their contribution s alone or by combination their contribution s with work which such contribution s was submitted if institute patent litigation against any entity including cross claim or counterclaim lawsuit alleging work or contribution incorporated within work constitutes direct or contributory patent infringement then any patent licenses granted under this for work shall terminate as date such litigation filed 4 redistribution may reproduce distribute copies work or derivative works thereof any medium with or without modifications source or object form provided meet following conditions must give any other recipients work or derivative works copy this b must cause any modified files carry prominent notices stating changed files c must retain source form any derivative works distribute all copyright patent trademark attribution notices from source form work excluding those notices do not pertain any part derivative works d if work includes notice text file as part its distribution then any derivative works distribute must include readable copy attribution notices contained within such notice file excluding those notices do not pertain any part derivative works at least one following places within notice text file distributed as part derivative works within source form or documentation if provided along with derivative works or within display generated by derivative works if wherever such third party notices normally appear contents notice file are for informational purposes only do not modify may add your own attribution notices within derivative works distribute alongside or as an addendum notice text from work provided such additional attribution notices cannot be construed as modifying may add your own copyright statement your modifications may provide additional or different terms conditions for use reproduction or distribution your modifications or for any such derivative works as whole provided your use reproduction distribution work otherwise complies with conditions stated this 5 submission contributions unless explicitly state otherwise any contribution intentionally submitted for inclusion work by licensor shall be under terms conditions this without any additional terms or conditions notwithstanding above nothing herein shall supersede or modify terms any separate agreement may have executed with licensor regarding such contributions 6 trademarks this does not grant permission use trade names trademarks service marks or product names licensor except as required for reasonable customary use describing origin work reproducing content notice file 7 disclaimer warranty unless required by applicable law or agreed writing licensor provides work each contributor provides its contributions on an as basis without warranties or conditions any kind either express or implied including without limitation any warranties or conditions title non infringement merchantability or fitness for particular purpose are solely responsible for determining appropriateness using or redistributing work assume any risks associated with your exercise permissions under this 8 limitation liability no event under no legal theory whether tort including negligence contract or otherwise unless required by applicable law such as deliberate grossly negligent acts or agreed writing shall any contributor be liable for damages including any direct indirect special incidental or consequential damages any character arising as result this or out use or inability use work including but not limited damages for loss goodwill work stoppage computer failure or malfunction or any all other commercial damages or losses even if such contributor has been advised possibility such damages 9 accepting warranty or additional liability while redistributing work or derivative works thereof may choose offer charge fee for acceptance support warranty indemnity or other liability obligations or rights consistent with this however accepting such obligations may act only on your own behalf on your sole responsibility not on behalf any other contributor only if agree indemnify defend hold each contributor harmless for any liability incurred by or claims asserted against such contributor by reason your accepting any such warranty or additional liability end terms conditions appendix how apply apache your work apply apache your work attach following boilerplate notice with fields enclosed by brackets replaced with your own identifying information don t include brackets text should be enclosed appropriate comment syntax for file format we also recommend file or class name description purpose be included on same printed page as copyright notice for easier identification within third party archives copyright yyyy name copyright owner licensed under apache 2 0 may not use this file except compliance with may obtain copy at http www apache org licenses 2 0 unless required by applicable law or agreed writing distributed under distributed on an as basis without warranties or conditions any kind either express or implied see for specific language governing permissions limitations under,apache 2 0,apache 1 0,False,False
5528093,GNU General Public License v3.0,gnu general public v3 0,gpl 3 0,agpl 3 0,False,False
3097747,GNU General Public License v3,gnu general public v3,gpl 3 0,agpl 3 0,False,False
1925041,GNU GENERAL PUBLIC LICENSE,gnu general public,gpl,agpl 3 0,False,False
2409579,GNU V3,gnu v3,gpl 3 0,agpl 3 0,False,False
1968445,"Apache License Version 2.0, January 2004 http://www.apache.org/licenses/  TERMS AND CONDITIONS FOR USE, REPRODUCTION, AND DISTRIBUTION  1. Definitions.  ""License"" shall mean the terms and conditions for use, reproduction, and distribution as defined by Sections 1 through 9 of this document.  ""Licensor"" shall mean the copyright owner or entity authorized by the copyright owner that is granting the License.  ""Legal Entity"" shall mean the union of the acting entity and all other entities that control, are controlled by, or are under common control with that entity. For the purposes of this definition, ""control"" means (i) the power, direct or indirect, to cause the direction or management of such entity, whether by contract or otherwise, or (ii) ownership of fifty percent (50%) or more of the outstanding shares, or (iii) beneficial ownership of such entity.  ""You"" (or ""Your"") shall mean an individual or Legal Entity exercising permissions granted by this License.  ""Source"" form shall mean the preferred form for making modifications, including but not limited to software source code, documentation source, and configuration files.  ""Object"" form shall mean any form resulting from mechanical transformation or translation of a Source form, including but not limited to compiled object code, generated documentation, and conversions to other media types.  ""Work"" shall mean the work of authorship, whether in Source or Object form, made available under the License, as indicated by a copyright notice that is included in or attached to the work (an example is provided in the Appendix below).  ""Derivative Works"" shall mean any work, whether in Source or Object form, that is based on (or derived from) the Work and for which the editorial revisions, annotations, elaborations, or other modifications represent, as a whole, an original work of authorship. For the purposes of this License, Derivative Works shall not include works that remain separable from, or merely link (or bind by name) to the interfaces of, the Work and Derivative Works thereof.  ""Contribution"" shall mean any work of authorship, including the original version of the Work and any modifications or additions to that Work or Derivative Works thereof, that is intentionally submitted to Licensor for inclusion in the Work by the copyright owner or by an individual or Legal Entity authorized to submit on behalf of the copyright owner. For the purposes of this definition, ""submitted"" means any form of electronic, verbal, or written communication sent to the Licensor or its representatives, including but not limited to communication on electronic mailing lists, source code control systems, and issue tracking systems that are managed by, or on behalf of, the Licensor for the purpose of discussing and improving the Work, but excluding communication that is conspicuously marked or otherwise designated in writing by the copyright owner as ""Not a Contribution.""  ""Contributor"" shall mean Licensor and any individual or Legal Entity on behalf of whom a Contribution has been received by Licensor and subsequently incorporated within the Work.  2. Grant of Copyright License. Subject to the terms and conditions of this License, each Contributor hereby grants to You a perpetual, worldwide, non-exclusive, no-charge, royalty-free, irrevocable copyright license to reproduce, prepare Derivative Works of, publicly display, publicly perform, sublicense, and distribute the Work and such Derivative Works in Source or Object form.  3. Grant of Patent License. Subject to the terms and conditions of this License, each Contributor hereby grants to You a perpetual, worldwide, non-exclusive, no-charge, royalty-free, irrevocable (except as stated in this section) patent license to make, have made, use, offer to sell, sell, import, and otherwise transfer the Work, where such license applies only to those patent claims licensable by such Contributor that are necessarily infringed by their Contribution(s) alone or by combination of their Contribution(s) with the Work to which such Contribution(s) was submitted. If You institute patent litigation against any entity (including a cross-claim or counterclaim in a lawsuit) alleging that the Work or a Contribution incorporated within the Work constitutes direct or contributory patent infringement, then any patent licenses granted to You under this License for that Work shall terminate as of the date such litigation is filed.  4. Redistribution. You may reproduce and distribute copies of the Work or Derivative Works thereof in any medium, with or without modifications, and in Source or Object form, provided that You meet the following conditions:  (a) You must give any other recipients of the Work or Derivative Works a copy of this License; and  (b) You must cause any modified files to carry prominent notices stating that You changed the files; and  (c) You must retain, in the Source form of any Derivative Works that You distribute, all copyright, patent, trademark, and attribution notices from the Source form of the Work, excluding those notices that do not pertain to any part of the Derivative Works; and  (d) If the Work includes a ""NOTICE"" text file as part of its distribution, then any Derivative Works that You distribute must include a readable copy of the attribution notices contained within such NOTICE file, excluding those notices that do not pertain to any part of the Derivative Works, in at least one of the following places: within a NOTICE text file distributed as part of the Derivative Works; within the Source form or documentation, if provided along with the Derivative Works; or, within a display generated by the Derivative Works, if and wherever such third-party notices normally appear. The contents of the NOTICE file are for informational purposes only and do not modify the License. You may add Your own attribution notices within Derivative Works that You distribute, alongside or as an addendum to the NOTICE text from the Work, provided that such additional attribution notices cannot be construed as modifying the License.  You may add Your own copyright statement to Your modifications and may provide additional or different license terms and conditions for use, reproduction, or distribution of Your modifications, or for any such Derivative Works as a whole, provided Your use, reproduction, and distribution of the Work otherwise complies with the conditions stated in this License.  5. Submission of Contributions. Unless You explicitly state otherwise, any Contribution intentionally submitted for inclusion in the Work by You to the Licensor shall be under the terms and conditions of this License, without any additional terms or conditions. Notwithstanding the above, nothing herein shall supersede or modify the terms of any separate license agreement you may have executed with Licensor regarding such Contributions.  6. Trademarks. This License does not grant permission to use the trade names, trademarks, service marks, or product names of the Licensor, except as required for reasonable and customary use in describing the origin of the Work and reproducing the content of the NOTICE file.  7. Disclaimer of Warranty. Unless required by applicable law or agreed to in writing, Licensor provides the Work (and each Contributor provides its Contributions) on an ""AS IS"" BASIS, WITHOUT WARRANTIES OR CONDITIONS OF ANY KIND, either express or implied, including, without limitation, any warranties or conditions of TITLE, NON-INFRINGEMENT, MERCHANTABILITY, or FITNESS FOR A PARTICULAR PURPOSE. You are solely responsible for determining the appropriateness of using or redistributing the Work and assume any risks associated with Your exercise of permissions under this License.  8. Limitation of Liability. In no event and under no legal theory, whether in tort (including negligence), contract, or otherwise, unless required by applicable law (such as deliberate and grossly negligent acts) or agreed to in writing, shall any Contributor be liable to You for damages, including any direct, indirect, special, incidental, or consequential damages of any character arising as a result of this License or out of the use or inability to use the Work (including but not limited to damages for loss of goodwill, work stoppage, computer failure or malfunction, or any and all other commercial damages or losses), even if such Contributor has been advised of the possibility of such damages.  9. Accepting Warranty or Additional Liability. While redistributing the Work or Derivative Works thereof, You may choose to offer, and charge a fee for, acceptance of support, warranty, indemnity, or other liability obligations and/or rights consistent with this License. However, in accepting such obligations, You may act only on Your own behalf and on Your sole responsibility, not on behalf of any other Contributor, and only if You agree to indemnify, defend, and hold each Contributor harmless for any liability incurred by, or claims asserted against, such Contributor by reason of your accepting any such warranty or additional liability.  END OF TERMS AND CONDITIONS  APPENDIX: How to apply the Apache License to your work.  To apply the Apache License to your work, attach the following boilerplate notice, with the fields enclosed by brackets ""[]"" replaced with your own identifying information. (Don't include the brackets!)  The text should be enclosed in the appropriate comment syntax for the file format. We also recommend that a file or class name and description of purpose be included on the same ""printed page"" as the copyright notice for easier identification within third-party archives.  Copyright [yyyy] [name of copyright owner]  Licensed under the Apache License, Version 2.0 (the ""License""); you may not use this file except in compliance with the License. You may obtain a copy of the License at  http://www.apache.org/licenses/LICENSE-2.0  Unless required by applicable law or agreed to in writing, software distributed under the License is distributed on an ""AS IS"" BASIS, WITHOUT WARRANTIES OR CONDITIONS OF ANY KIND, either express or implied. See the License for the specific language governing permissions and limitations under the License. ",apache 2 0 january 2004 http www apache org licenses terms conditions for use reproduction distribution 1 definitions shall mean terms conditions for use reproduction distribution as defined by sections 1 through 9 this document licensor shall mean copyright owner or entity authorized by copyright owner granting legal entity shall mean union acting entity all other entities control are controlled by or are under common control with entity for purposes this definition control means i power direct or indirect cause direction or management such entity whether by contract or otherwise or ii ownership fifty percent 50 or more outstanding shares or iii beneficial ownership such entity or your shall mean an individual or legal entity exercising permissions granted by this source form shall mean preferred form for making modifications including but not limited source code documentation source configuration files object form shall mean any form resulting from mechanical transformation or translation source form including but not limited compiled object code generated documentation conversions other media types work shall mean work authorship whether source or object form made available under as indicated by copyright notice included or attached work an example provided appendix below derivative works shall mean any work whether source or object form based on or derived from work for which editorial revisions annotations elaborations or other modifications represent as whole an original work authorship for purposes this derivative works shall not include works remain separable from or merely link or bind by name interfaces work derivative works thereof contribution shall mean any work authorship including original work any modifications or additions work or derivative works thereof intentionally submitted licensor for inclusion work by copyright owner or by an individual or legal entity authorized submit on behalf copyright owner for purposes this definition submitted means any form electronic verbal or written communication sent licensor or its representatives including but not limited communication on electronic mailing lists source code control systems issue tracking systems are managed by or on behalf licensor for purpose discussing improving work but excluding communication conspicuously marked or otherwise designated writing by copyright owner as not contribution contributor shall mean licensor any individual or legal entity on behalf whom contribution has been received by licensor subsequently incorporated within work 2 grant copyright subject terms conditions this each contributor hereby grants perpetual worldwide non exclusive no charge royalty free irrevocable copyright reproduce prepare derivative works publicly display publicly perform sublicense distribute work such derivative works source or object form 3 grant patent subject terms conditions this each contributor hereby grants perpetual worldwide non exclusive no charge royalty free irrevocable except as stated this section patent make have made use offer sell sell import otherwise transfer work where such applies only those patent claims licensable by such contributor are necessarily infringed by their contribution s alone or by combination their contribution s with work which such contribution s was submitted if institute patent litigation against any entity including cross claim or counterclaim lawsuit alleging work or contribution incorporated within work constitutes direct or contributory patent infringement then any patent licenses granted under this for work shall terminate as date such litigation filed 4 redistribution may reproduce distribute copies work or derivative works thereof any medium with or without modifications source or object form provided meet following conditions must give any other recipients work or derivative works copy this b must cause any modified files carry prominent notices stating changed files c must retain source form any derivative works distribute all copyright patent trademark attribution notices from source form work excluding those notices do not pertain any part derivative works d if work includes notice text file as part its distribution then any derivative works distribute must include readable copy attribution notices contained within such notice file excluding those notices do not pertain any part derivative works at least one following places within notice text file distributed as part derivative works within source form or documentation if provided along with derivative works or within display generated by derivative works if wherever such third party notices normally appear contents notice file are for informational purposes only do not modify may add your own attribution notices within derivative works distribute alongside or as an addendum notice text from work provided such additional attribution notices cannot be construed as modifying may add your own copyright statement your modifications may provide additional or different terms conditions for use reproduction or distribution your modifications or for any such derivative works as whole provided your use reproduction distribution work otherwise complies with conditions stated this 5 submission contributions unless explicitly state otherwise any contribution intentionally submitted for inclusion work by licensor shall be under terms conditions this without any additional terms or conditions notwithstanding above nothing herein shall supersede or modify terms any separate agreement may have executed with licensor regarding such contributions 6 trademarks this does not grant permission use trade names trademarks service marks or product names licensor except as required for reasonable customary use describing origin work reproducing content notice file 7 disclaimer warranty unless required by applicable law or agreed writing licensor provides work each contributor provides its contributions on an as basis without warranties or conditions any kind either express or implied including without limitation any warranties or conditions title non infringement merchantability or fitness for particular purpose are solely responsible for determining appropriateness using or redistributing work assume any risks associated with your exercise permissions under this 8 limitation liability no event under no legal theory whether tort including negligence contract or otherwise unless required by applicable law such as deliberate grossly negligent acts or agreed writing shall any contributor be liable for damages including any direct indirect special incidental or consequential damages any character arising as result this or out use or inability use work including but not limited damages for loss goodwill work stoppage computer failure or malfunction or any all other commercial damages or losses even if such contributor has been advised possibility such damages 9 accepting warranty or additional liability while redistributing work or derivative works thereof may choose offer charge fee for acceptance support warranty indemnity or other liability obligations or rights consistent with this however accepting such obligations may act only on your own behalf on your sole responsibility not on behalf any other contributor only if agree indemnify defend hold each contributor harmless for any liability incurred by or claims asserted against such contributor by reason your accepting any such warranty or additional liability end terms conditions appendix how apply apache your work apply apache your work attach following boilerplate notice with fields enclosed by brackets replaced with your own identifying information don t include brackets text should be enclosed appropriate comment syntax for file format we also recommend file or class name description purpose be included on same printed page as copyright notice for easier identification within third party archives copyright yyyy name copyright owner licensed under apache 2 0 may not use this file except compliance with may obtain copy at http www apache org licenses 2 0 unless required by applicable law or agreed writing distributed under distributed on an as basis without warranties or conditions any kind either express or implied see for specific language governing permissions limitations under,apache 2 0,apache 1 0,False,False
4533776,"Mozilla Public License Version 2.0 ==================================  1. Definitions --------------  1.1. ""Contributor"" means each individual or legal entity that creates, contributes to the creation of, or owns Covered Software.  1.2. ""Contributor Version"" means the combination of the Contributions of others (if any) used by a Contributor and that particular Contributor's Contribution.  1.3. ""Contribution"" means Covered Software of a particular Contributor.  1.4. ""Covered Software"" means Source Code Form to which the initial Contributor has attached the notice in Exhibit A, the Executable Form of such Source Code Form, and Modifications of such Source Code Form, in each case including portions thereof.  1.5. ""Incompatible With Secondary Licenses"" means  (a) that the initial Contributor has attached the notice described in Exhibit B to the Covered Software; or  (b) that the Covered Software was made available under the terms of version 1.1 or earlier of the License, but not also under the terms of a Secondary License.  1.6. ""Executable Form"" means any form of the work other than Source Code Form.  1.7. ""Larger Work"" means a work that combines Covered Software with other material, in a separate file or files, that is not Covered Software.  1.8. ""License"" means this document.  1.9. ""Licensable"" means having the right to grant, to the maximum extent possible, whether at the time of the initial grant or subsequently, any and all of the rights conveyed by this License.  1.10. ""Modifications"" means any of the following:  (a) any file in Source Code Form that results from an addition to, deletion from, or modification of the contents of Covered Software; or  (b) any new file in Source Code Form that contains any Covered Software.  1.11. ""Patent Claims"" of a Contributor means any patent claim(s), including without limitation, method, process, and apparatus claims, in any patent Licensable by such Contributor that would be infringed, but for the grant of the License, by the making, using, selling, offering for sale, having made, import, or transfer of either its Contributions or its Contributor Version.  1.12. ""Secondary License"" means either the GNU General Public License, Version 2.0, the GNU Lesser General Public License, Version 2.1, the GNU Affero General Public License, Version 3.0, or any later versions of those licenses.  1.13. ""Source Code Form"" means the form of the work preferred for making modifications.  1.14. ""You"" (or ""Your"") means an individual or a legal entity exercising rights under this License. For legal entities, ""You"" includes any entity that controls, is controlled by, or is under common control with You. For purposes of this definition, ""control"" means (a) the power, direct or indirect, to cause the direction or management of such entity, whether by contract or otherwise, or (b) ownership of more than fifty percent (50%) of the outstanding shares or beneficial ownership of such entity.  2. License Grants and Conditions --------------------------------  2.1. Grants  Each Contributor hereby grants You a world-wide, royalty-free, non-exclusive license:  (a) under intellectual property rights (other than patent or trademark) Licensable by such Contributor to use, reproduce, make available, modify, display, perform, distribute, and otherwise exploit its Contributions, either on an unmodified basis, with Modifications, or as part of a Larger Work; and  (b) under Patent Claims of such Contributor to make, use, sell, offer for sale, have made, import, and otherwise transfer either its Contributions or its Contributor Version.  2.2. Effective Date  The licenses granted in Section 2.1 with respect to any Contribution become effective for each Contribution on the date the Contributor first distributes such Contribution.  2.3. Limitations on Grant Scope  The licenses granted in this Section 2 are the only rights granted under this License. No additional rights or licenses will be implied from the distribution or licensing of Covered Software under this License. Notwithstanding Section 2.1(b) above, no patent license is granted by a Contributor:  (a) for any code that a Contributor has removed from Covered Software; or  (b) for infringements caused by: (i) Your and any other third party's modifications of Covered Software, or (ii) the combination of its Contributions with other software (except as part of its Contributor Version); or  (c) under Patent Claims infringed by Covered Software in the absence of its Contributions.  This License does not grant any rights in the trademarks, service marks, or logos of any Contributor (except as may be necessary to comply with the notice requirements in Section 3.4).  2.4. Subsequent Licenses  No Contributor makes additional grants as a result of Your choice to distribute the Covered Software under a subsequent version of this License (see Section 10.2) or under the terms of a Secondary License (if permitted under the terms of Section 3.3).  2.5. Representation  Each Contributor represents that the Contributor believes its Contributions are its original creation(s) or it has sufficient rights to grant the rights to its Contributions conveyed by this License.  2.6. Fair Use  This License is not intended to limit any rights You have under applicable copyright doctrines of fair use, fair dealing, or other equivalents.  2.7. Conditions  Sections 3.1, 3.2, 3.3, and 3.4 are conditions of the licenses granted in Section 2.1.  3. Responsibilities -------------------  3.1. Distribution of Source Form  All distribution of Covered Software in Source Code Form, including any Modifications that You create or to which You contribute, must be under the terms of this License. You must inform recipients that the Source Code Form of the Covered Software is governed by the terms of this License, and how they can obtain a copy of this License. You may not attempt to alter or restrict the recipients' rights in the Source Code Form.  3.2. Distribution of Executable Form  If You distribute Covered Software in Executable Form then:  (a) such Covered Software must also be made available in Source Code Form, as described in Section 3.1, and You must inform recipients of the Executable Form how they can obtain a copy of such Source Code Form by reasonable means in a timely manner, at a charge no more than the cost of distribution to the recipient; and  (b) You may distribute such Executable Form under the terms of this License, or sublicense it under different terms, provided that the license for the Executable Form does not attempt to limit or alter the recipients' rights in the Source Code Form under this License.  3.3. Distribution of a Larger Work  You may create and distribute a Larger Work under terms of Your choice, provided that You also comply with the requirements of this License for the Covered Software. If the Larger Work is a combination of Covered Software with a work governed by one or more Secondary Licenses, and the Covered Software is not Incompatible With Secondary Licenses, this License permits You to additionally distribute such Covered Software under the terms of such Secondary License(s), so that the recipient of the Larger Work may, at their option, further distribute the Covered Software under the terms of either this License or such Secondary License(s).  3.4. Notices  You may not remove or alter the substance of any license notices (including copyright notices, patent notices, disclaimers of warranty, or limitations of liability) contained within the Source Code Form of the Covered Software, except that You may alter any license notices to the extent required to remedy known factual inaccuracies.  3.5. Application of Additional Terms  You may choose to offer, and to charge a fee for, warranty, support, indemnity or liability obligations to one or more recipients of Covered Software. However, You may do so only on Your own behalf, and not on behalf of any Contributor. You must make it absolutely clear that any such warranty, support, indemnity, or liability obligation is offered by You alone, and You hereby agree to indemnify every Contributor for any liability incurred by such Contributor as a result of warranty, support, indemnity or liability terms You offer. You may include additional disclaimers of warranty and limitations of liability specific to any jurisdiction.  4. Inability to Comply Due to Statute or Regulation ---------------------------------------------------  If it is impossible for You to comply with any of the terms of this License with respect to some or all of the Covered Software due to statute, judicial order, or regulation then You must: (a) comply with the terms of this License to the maximum extent possible; and (b) describe the limitations and the code they affect. Such description must be placed in a text file included with all distributions of the Covered Software under this License. Except to the extent prohibited by statute or regulation, such description must be sufficiently detailed for a recipient of ordinary skill to be able to understand it.  5. Termination --------------  5.1. The rights granted under this License will terminate automatically if You fail to comply with any of its terms. However, if You become compliant, then the rights granted under this License from a particular Contributor are reinstated (a) provisionally, unless and until such Contributor explicitly and finally terminates Your grants, and (b) on an ongoing basis, if such Contributor fails to notify You of the non-compliance by some reasonable means prior to 60 days after You have come back into compliance. Moreover, Your grants from a particular Contributor are reinstated on an ongoing basis if such Contributor notifies You of the non-compliance by some reasonable means, this is the first time You have received notice of non-compliance with this License from such Contributor, and You become compliant prior to 30 days after Your receipt of the notice.  5.2. If You initiate litigation against any entity by asserting a patent infringement claim (excluding declaratory judgment actions, counter-claims, and cross-claims) alleging that a Contributor Version directly or indirectly infringes any patent, then the rights granted to You by any and all Contributors for the Covered Software under Section 2.1 of this License shall terminate.  5.3. In the event of termination under Sections 5.1 or 5.2 above, all end user license agreements (excluding distributors and resellers) which have been validly granted by You or Your distributors under this License prior to termination shall survive termination.  ************************************************************************ *                                                                      * *  6. Disclaimer of Warranty                                           * *  -------------------------                                           * *                                                                      * *  Covered Software is provided under this License on an ""as is""       * *  basis, without warranty of any kind, either expressed, implied, or  * *  statutory, including, without limitation, warranties that the       * *  Covered Software is free of defects, merchantable, fit for a        * *  particular purpose or non-infringing. The entire risk as to the     * *  quality and performance of the Covered Software is with You.        * *  Should any Covered Software prove defective in any respect, You     * *  (not any Contributor) assume the cost of any necessary servicing,   * *  repair, or correction. This disclaimer of warranty constitutes an   * *  essential part of this License. No use of any Covered Software is   * *  authorized under this License except under this disclaimer.         * *                                                                      * ************************************************************************  ************************************************************************ *                                                                      * *  7. Limitation of Liability                                          * *  --------------------------                                          * *                                                                      * *  Under no circumstances and under no legal theory, whether tort      * *  (including negligence), contract, or otherwise, shall any           * *  Contributor, or anyone who distributes Covered Software as          * *  permitted above, be liable to You for any direct, indirect,         * *  special, incidental, or consequential damages of any character      * *  including, without limitation, damages for lost profits, loss of    * *  goodwill, work stoppage, computer failure or malfunction, or any    * *  and all other commercial damages or losses, even if such party      * *  shall have been informed of the possibility of such damages. This   * *  limitation of liability shall not apply to liability for death or   * *  personal injury resulting from such party's negligence to the       * *  extent applicable law prohibits such limitation. Some               * *  jurisdictions do not allow the exclusion or limitation of           * *  incidental or consequential damages, so this exclusion and          * *  limitation may not apply to You.                                    * *                                                                      * ************************************************************************  8. Litigation -------------  Any litigation relating to this License may be brought only in the courts of a jurisdiction where the defendant maintains its principal place of business and such litigation shall be governed by laws of that jurisdiction, without reference to its conflict-of-law provisions. Nothing in this Section shall prevent a party's ability to bring cross-claims or counter-claims.  9. Miscellaneous ----------------  This License represents the complete agreement concerning the subject matter hereof. If any provision of this License is held to be unenforceable, such provision shall be reformed only to the extent necessary to make it enforceable. Any law or regulation which provides that the language of a contract shall be construed against the drafter shall not be used to construe this License against a Contributor.  10. Versions of the License ---------------------------  10.1. New Versions  Mozilla Foundation is the license steward. Except as provided in Section 10.3, no one other than the license steward has the right to modify or publish new versions of this License. Each version will be given a distinguishing version number.  10.2. Effect of New Versions  You may distribute the Covered Software under the terms of the version of the License under which You originally received the Covered Software, or under the terms of any subsequent version published by the license steward.  10.3. Modified Versions  If you create software not governed by this License, and you want to create a new license for such software, you may create and use a modified version of this License if you rename the license and remove any references to the name of the license steward (except to note that such modified license differs from this License).  10.4. Distributing Source Code Form that is Incompatible With Secondary Licenses  If You choose to distribute Source Code Form that is Incompatible With Secondary Licenses under the terms of this version of the License, the notice described in Exhibit B of this License must be attached.  Exhibit A - Source Code Form License Notice -------------------------------------------  This Source Code Form is subject to the terms of the Mozilla Public License, v. 2.0. If a copy of the MPL was not distributed with this file, You can obtain one at http://mozilla.org/MPL/2.0/.  If it is not possible or desirable to put the notice in a particular file, then You may include the notice in a location (such as a LICENSE file in a relevant directory) where a recipient would be likely to look for such a notice.  You may add additional accurate notices of copyright ownership.  Exhibit B - ""Incompatible With Secondary Licenses"" Notice ---------------------------------------------------------  This Source Code Form is ""Incompatible With Secondary Licenses"", as defined by the Mozilla Public License, v. 2.0. ",mozilla public 2 0 1 definitions 1 1 contributor means each individual or legal entity creates contributes creation or owns covered 1 2 contributor means combination contributions others if any used by contributor particular contributor s contribution 1 3 contribution means covered particular contributor 1 4 covered means source code form which initial contributor has attached notice exhibit executable form such source code form modifications such source code form each case including portions thereof 1 5 incompatible with secondary licenses means initial contributor has attached notice described exhibit b covered or b covered was made available under terms 1 1 or earlier but not also under terms secondary 1 6 executable form means any form work other than source code form 1 7 larger work means work combines covered with other material separate file or files not covered 1 8 means this document 1 9 licensable means having right grant maximum extent possible whether at time initial grant or subsequently any all rights conveyed by this 1 10 modifications means any following any file source code form results from an addition deletion from or modification contents covered or b any new file source code form contains any covered 1 11 patent claims contributor means any patent claim s including without limitation method process apparatus claims any patent licensable by such contributor would be infringed but for grant by making using selling offering for sale having made import or transfer either its contributions or its contributor 1 12 secondary means either gnu general public 2 0 gnu lesser general public 2 1 gnu affero general public 3 0 or any later versions those licenses 1 13 source code form means form work preferred for making modifications 1 14 or your means an individual or legal entity exercising rights under this for legal entities includes any entity controls controlled by or under common control with for purposes this definition control means power direct or indirect cause direction or management such entity whether by contract or otherwise or b ownership more than fifty percent 50 outstanding shares or beneficial ownership such entity 2 grants conditions 2 1 grants each contributor hereby grants world wide royalty free non exclusive under intellectual property rights other than patent or trademark licensable by such contributor use reproduce make available modify display perform distribute otherwise exploit its contributions either on an unmodified basis with modifications or as part larger work b under patent claims such contributor make use sell offer for sale have made import otherwise transfer either its contributions or its contributor 2 2 effective date licenses granted section 2 1 with respect any contribution become effective for each contribution on date contributor first distributes such contribution 2 3 limitations on grant scope licenses granted this section 2 are only rights granted under this no additional rights or licenses will be implied from distribution or licensing covered under this notwithstanding section 2 1 b above no patent granted by contributor for any code contributor has removed from covered or b for infringements caused by i your any other third party s modifications covered or ii combination its contributions with other except as part its contributor or c under patent claims infringed by covered absence its contributions this does not grant any rights trademarks service marks or logos any contributor except as may be necessary comply with notice requirements section 3 4 2 4 subsequent licenses no contributor makes additional grants as result your choice distribute covered under subsequent this see section 10 2 or under terms secondary if permitted under terms section 3 3 2 5 representation each contributor represents contributor believes its contributions are its original creation s or has sufficient rights grant rights its contributions conveyed by this 2 6 fair use this not intended limit any rights have under applicable copyright doctrines fair use fair dealing or other equivalents 2 7 conditions sections 3 1 3 2 3 3 3 4 are conditions licenses granted section 2 1 3 responsibilities 3 1 distribution source form all distribution covered source code form including any modifications create or which contribute must be under terms this must inform recipients source code form covered governed by terms this how they can obtain copy this may not attempt alter or restrict recipients rights source code form 3 2 distribution executable form if distribute covered executable form then such covered must also be made available source code form as described section 3 1 must inform recipients executable form how they can obtain copy such source code form by reasonable means timely manner at charge no more than cost distribution recipient b may distribute such executable form under terms this or sublicense under different terms provided for executable form does not attempt limit or alter recipients rights source code form under this 3 3 distribution larger work may create distribute larger work under terms your choice provided also comply with requirements this for covered if larger work combination covered with work governed by one or more secondary licenses covered not incompatible with secondary licenses this permits additionally distribute such covered under terms such secondary s so recipient larger work may at their option further distribute covered under terms either this or such secondary s 3 4 notices may not remove or alter substance any notices including copyright notices patent notices disclaimers warranty or limitations liability contained within source code form covered except may alter any notices extent required remedy known factual inaccuracies 3 5 application additional terms may choose offer charge fee for warranty support indemnity or liability obligations one or more recipients covered however may do so only on your own behalf not on behalf any contributor must make absolutely clear any such warranty support indemnity or liability obligation offered by alone hereby agree indemnify every contributor for any liability incurred by such contributor as result warranty support indemnity or liability terms offer may include additional disclaimers warranty limitations liability specific any jurisdiction 4 inability comply due statute or regulation if impossible for comply with any terms this with respect some or all covered due statute judicial order or regulation then must comply with terms this maximum extent possible b describe limitations code they affect such description must be placed text file included with all distributions covered under this except extent prohibited by statute or regulation such description must be sufficiently detailed for recipient ordinary skill be able understand 5 termination 5 1 rights granted under this will terminate automatically if fail comply with any its terms however if become compliant then rights granted under this from particular contributor are reinstated provisionally unless until such contributor explicitly finally terminates your grants b on an ongoing basis if such contributor fails notify non compliance by some reasonable means prior 60 days after have come back into compliance moreover your grants from particular contributor are reinstated on an ongoing basis if such contributor notifies non compliance by some reasonable means this first time have received notice non compliance with this from such contributor become compliant prior 30 days after your receipt notice 5 2 if initiate litigation against any entity by asserting patent infringement claim excluding declaratory judgment actions counter claims cross claims alleging contributor directly or indirectly infringes any patent then rights granted by any all contributors for covered under section 2 1 this shall terminate 5 3 event termination under sections 5 1 or 5 2 above all end user agreements excluding distributors resellers which have been validly granted by or your distributors under this prior termination shall survive termination 6 disclaimer warranty covered provided under this on an as basis without warranty any kind either expressed implied or statutory including without limitation warranties covered free defects merchantable fit for particular purpose or non infringing entire risk as quality performance covered with should any covered prove defective any respect not any contributor assume cost any necessary servicing repair or correction this disclaimer warranty constitutes an essential part this no use any covered authorized under this except under this disclaimer 7 limitation liability under no circumstances under no legal theory whether tort including negligence contract or otherwise shall any contributor or anyone who distributes covered as permitted above be liable for any direct indirect special incidental or consequential damages any character including without limitation damages for lost profits loss goodwill work stoppage computer failure or malfunction or any all other commercial damages or losses even if such party shall have been informed possibility such damages this limitation liability shall not apply liability for death or personal injury resulting from such party s negligence extent applicable law prohibits such limitation some jurisdictions do not allow exclusion or limitation incidental or consequential damages so this exclusion limitation may not apply 8 litigation any litigation relating this may be brought only courts jurisdiction where defendant maintains its principal place business such litigation shall be governed by laws jurisdiction without reference its conflict law provisions nothing this section shall prevent party s ability bring cross claims or counter claims 9 miscellaneous this represents complete agreement concerning subject matter hereof if any provision this held be unenforceable such provision shall be reformed only extent necessary make enforceable any law or regulation which provides language contract shall be construed against drafter shall not be used construe this against contributor 10 versions 10 1 new versions mozilla foundation steward except as provided section 10 3 no one other than steward has right modify or publish new versions this each will be given distinguishing number 10 2 effect new versions may distribute covered under terms under which originally received covered or under terms any subsequent published by steward 10 3 modified versions if create not governed by this want create new for such may create use modified this if rename remove any references name steward except note such modified differs from this 10 4 distributing source code form incompatible with secondary licenses if choose distribute source code form incompatible with secondary licenses under terms this notice described exhibit b this must be attached exhibit source code form notice this source code form subject terms mozilla public v 2 0 if copy mpl was not distributed with this file can obtain one at http mozilla org mpl 2 0 if not possible or desirable put notice particular file then may include notice location such as file relevant directory where recipient would be likely look for such notice may add additional accurate notices copyright ownership exhibit b incompatible with secondary licenses notice this source code form incompatible with secondary licenses as defined by mozilla public v 2 0,mpl 2 0,fair,False,False
A5596585,"BSD 3-Clause License (""BSD License 2.0"", ""Revised BSD License"", ""New BSD License"", or ""Modified BSD License"")  Copyright (c) 2021, SEMU Consulting All rights reserved.  Redistribution and use in source and binary forms, with or without modification, are permitted provided that the following conditions are met: * Redistributions of source code must retain the above copyright notice, this list of conditions and the following disclaimer. * Redistributions in binary form must reproduce the above copyright notice, this list of conditions and the following disclaimer in the documentation and/or other materials provided with the distribution. * Neither the name of the <organization> nor the names of its contributors may be used to endorse or promote products derived from this software without specific prior written permission.  THIS SOFTWARE IS PROVIDED BY THE COPYRIGHT HOLDERS AND CONTRIBUTORS ""AS IS"" AND ANY EXPRESS OR IMPLIED WARRANTIES, INCLUDING, BUT NOT LIMITED TO, THE IMPLIED WARRANTIES OF MERCHANTABILITY AND FITNESS FOR A PARTICULAR PURPOSE ARE DISCLAIMED. IN NO EVENT SHALL <COPYRIGHT HOLDER> BE LIABLE FOR ANY DIRECT, INDIRECT, INCIDENTAL, SPECIAL, EXEMPLARY, OR CONSEQUENTIAL DAMAGES (INCLUDING, BUT NOT LIMITED TO, PROCUREMENT OF SUBSTITUTE GOODS OR SERVICES; LOSS OF USE, DATA, OR PROFITS; OR BUSINESS INTERRUPTION) HOWEVER CAUSED AND ON ANY THEORY OF LIABILITY, WHETHER IN CONTRACT, STRICT LIABILITY, OR TORT (INCLUDING NEGLIGENCE OR OTHERWISE) ARISING IN ANY WAY OUT OF THE USE OF THIS SOFTWARE, EVEN IF ADVISED OF THE POSSIBILITY OF SUCH DAMAGE. ",bsd 3 clause bsd 2 0 revised bsd new bsd or modified bsd copyright c 2021 semu consulting all rights reserved redistribution use source binary forms with or without modification are permitted provided following conditions are met redistributions source code must retain above copyright notice this list conditions following disclaimer redistributions binary form must reproduce above copyright notice this list conditions following disclaimer documentation or other materials provided with distribution neither name organization nor names its contributors may be used endorse or promote products derived from this without specific prior written permission this provided by copyright holders contributors as any express or implied warranties including but not limited implied warranties merchantability fitness for particular purpose are disclaimed no event shall copyright holder be liable for any direct indirect incidental special exemplary or consequential damages including but not limited procurement substitute goods or services loss use data or profits or business interruption however caused on any theory liability whether contract strict liability or tort including negligence or otherwise arising any way out use this even if advised possibility such damage,bsd 3 clause,bsd 2 clause,False,False
