idx,license,mapping_type,map_name
2929086,,undetermined,MapNA
2929086,,undetermined,MapExactID
2929086,,undetermined,MapExactMatch
2929086,,undetermined,MapLicenseFamily
1946053,,undetermined,MapNA
1946053,,undetermined,MapExactID
1946053,,undetermined,MapExactMatch
1946053,,undetermined,MapLicenseFamily
7385544,,undetermined,MapNA
7385544,,undetermined,MapExactID
7385544,,undetermined,MapExactMatch
7385544,,undetermined,MapLicenseFamily
7385544,,undetermined,MapFuzzyMatch
5616075,,undetermined,MapNA
5616075,,undetermined,MapExactID
5616075,,undetermined,MapExactMatch
5616075,,undetermined,MapLicenseFamily
6336971,,undetermined,MapNA
6336971,,undetermined,MapExactID
6336971,,undetermined,MapExactMatch
6336971,,undetermined,MapLicenseFamily
2929104,,undetermined,MapNA
2929104,,undetermined,MapExactID
2929104,,undetermined,MapExactMatch
2929104,,undetermined,MapLicenseFamily
2929104,,undetermined,MapFuzzyMatch
4698581,,undetermined,MapNA
4698581,,undetermined,MapExactID
4698581,,undetermined,MapExactMatch
4698581,,undetermined,MapLicenseFamily
4239833,,undetermined,MapNA
4239833,,undetermined,MapExactID
4239833,,undetermined,MapExactMatch
4239833,,undetermined,MapLicenseFamily
4895193,,undetermined,MapNA
4895193,,undetermined,MapExactID
4895193,,undetermined,MapExactMatch
4895193,,undetermined,MapLicenseFamily
373211,,undetermined,MapNA
373211,,undetermined,MapExactID
373211,,undetermined,MapExactMatch
373211,,undetermined,MapLicenseFamily
7057883,,undetermined,MapNA
7057883,,undetermined,MapExactID
7057883,,undetermined,MapExactMatch
7057883,,undetermined,MapLicenseFamily
2273762,,undetermined,MapNA
2273762,,undetermined,MapExactID
2273762,,undetermined,MapExactMatch
2273762,,undetermined,MapLicenseFamily
3387878,,undetermined,MapNA
3387878,,undetermined,MapExactID
3387878,,undetermined,MapExactMatch
3387878,,undetermined,MapLicenseFamily
504296,,undetermined,MapNA
504296,,undetermined,MapExactID
504296,,undetermined,MapExactMatch
504296,,undetermined,MapLicenseFamily
504296,,undetermined,MapFuzzyMatch
3977706,,undetermined,MapNA
3977706,,undetermined,MapExactID
3977706,,undetermined,MapExactMatch
3977706,,undetermined,MapLicenseFamily
2929134,,undetermined,MapNA
2929134,,undetermined,MapExactID
2929134,,undetermined,MapExactMatch
2929134,,undetermined,MapLicenseFamily
2929134,,undetermined,MapFuzzyMatch
3977710,,undetermined,MapNA
3977710,,undetermined,MapExactID
3977710,,undetermined,MapExactMatch
3977710,,undetermined,MapLicenseFamily
6664686,,undetermined,MapNA
2535921,,undetermined,MapNA
2535921,,undetermined,MapExactID
2535921,,undetermined,MapExactMatch
2535921,,undetermined,MapLicenseFamily
3518965,,undetermined,MapNA
3518965,,undetermined,MapExactID
3518965,,undetermined,MapExactMatch
3518965,,undetermined,MapLicenseFamily
569850,,undetermined,MapNA
569850,,undetermined,MapExactID
569850,,undetermined,MapExactMatch
569850,,undetermined,MapLicenseFamily
831998,,undetermined,MapNA
831998,,undetermined,MapExactID
831998,,undetermined,MapExactMatch
831998,,undetermined,MapLicenseFamily
4239872,,undetermined,MapNA
4239872,,undetermined,MapExactID
4239872,,undetermined,MapExactMatch
4239872,,undetermined,MapLicenseFamily
4895235,,undetermined,MapNA
4895235,,undetermined,MapExactID
4895235,,undetermined,MapExactMatch
4895235,,undetermined,MapLicenseFamily
1421828,,undetermined,MapNA
1421828,,undetermined,MapExactID
1421828,,undetermined,MapExactMatch
1421828,,undetermined,MapLicenseFamily
4239876,,undetermined,MapNA
4239876,,undetermined,MapExactID
4239876,,undetermined,MapExactMatch
4239876,,undetermined,MapLicenseFamily
5288452,,undetermined,MapNA
5288452,,undetermined,MapExactID
5288452,,undetermined,MapExactMatch
5288452,,undetermined,MapLicenseFamily
5288452,,undetermined,MapFuzzyMatch
438794,,undetermined,MapNA
438794,,undetermined,MapExactID
438794,,undetermined,MapExactMatch
438794,,undetermined,MapLicenseFamily
5747213,,undetermined,MapNA
5747213,,undetermined,MapExactID
5747213,,undetermined,MapExactMatch
5747213,,undetermined,MapLicenseFamily
5419546,,undetermined,MapNA
5419546,,undetermined,MapExactID
5419546,,undetermined,MapExactMatch
5419546,,undetermined,MapLicenseFamily
5550618,,undetermined,MapNA
5550618,,undetermined,MapExactID
5550618,,undetermined,MapExactMatch
5550618,,undetermined,MapLicenseFamily
5550618,,undetermined,MapFuzzyMatch
5943836,,undetermined,MapNA
5943836,,undetermined,MapExactID
5943836,,undetermined,MapExactMatch
5943836,,undetermined,MapLicenseFamily
45606,,undetermined,MapNA
45606,,undetermined,MapExactID
45606,,undetermined,MapExactMatch
45606,,undetermined,MapLicenseFamily
45606,,undetermined,MapFuzzyMatch
4895272,,undetermined,MapNA
4895272,,undetermined,MapExactID
4895272,,undetermined,MapExactMatch
4895272,,undetermined,MapLicenseFamily
5288489,,undetermined,MapNA
5288489,,undetermined,MapExactID
5288489,,undetermined,MapExactMatch
5288489,,undetermined,MapLicenseFamily
6074920,,undetermined,MapNA
6074920,,undetermined,MapExactID
6074920,,undetermined,MapExactMatch
6074920,,undetermined,MapLicenseFamily
438829,,undetermined,MapNA
438829,,undetermined,MapExactID
438829,,undetermined,MapExactMatch
438829,,undetermined,MapLicenseFamily
438829,,undetermined,MapFuzzyMatch
2929199,,undetermined,MapNA
2929199,,undetermined,MapExactID
2929199,,undetermined,MapExactMatch
2929199,,undetermined,MapLicenseFamily
2929199,,undetermined,MapFuzzyMatch
45616,,undetermined,MapNA
45616,,undetermined,MapExactID
45616,,undetermined,MapExactMatch
45616,,undetermined,MapLicenseFamily
5681728,,undetermined,MapNA
5681728,,undetermined,MapExactID
5681728,,undetermined,MapExactMatch
5681728,,undetermined,MapLicenseFamily
4436550,,undetermined,MapNA
4436550,,undetermined,MapExactID
4436550,,undetermined,MapExactMatch
4436550,,undetermined,MapLicenseFamily
3519048,,undetermined,MapNA
3519048,,undetermined,MapExactID
3519048,,undetermined,MapExactMatch
3519048,,undetermined,MapLicenseFamily
2994761,,undetermined,MapNA
2994761,,undetermined,MapExactID
2994761,,undetermined,MapExactMatch
2994761,,undetermined,MapLicenseFamily
2994761,,undetermined,MapFuzzyMatch
6009420,,undetermined,MapNA
6009420,,undetermined,MapExactID
6009420,,undetermined,MapExactMatch
6009420,,undetermined,MapLicenseFamily
176724,,undetermined,MapNA
176724,,undetermined,MapExactID
176724,,undetermined,MapExactMatch
176724,,undetermined,MapLicenseFamily
4698712,,undetermined,MapNA
4698712,,undetermined,MapExactID
4698712,,undetermined,MapExactMatch
4698712,,undetermined,MapLicenseFamily
3519074,,undetermined,MapNA
3519074,,undetermined,MapExactID
3519074,,undetermined,MapExactMatch
3519074,,undetermined,MapLicenseFamily
2994791,,undetermined,MapNA
2994791,,undetermined,MapExactID
2994791,,undetermined,MapExactMatch
2994791,,undetermined,MapLicenseFamily
5616233,,undetermined,MapNA
5616233,,undetermined,MapExactID
5616233,,undetermined,MapExactMatch
5616233,,undetermined,MapLicenseFamily
5616233,,undetermined,MapFuzzyMatch
2011754,,undetermined,MapNA
2011754,,undetermined,MapExactID
2011754,,undetermined,MapExactMatch
2011754,,undetermined,MapLicenseFamily
6402666,,undetermined,MapNA
6402666,,undetermined,MapExactID
6402666,,undetermined,MapExactMatch
6402666,,undetermined,MapLicenseFamily
6402666,,undetermined,MapFuzzyMatch
701038,,undetermined,MapNA
701038,,undetermined,MapExactID
701038,,undetermined,MapExactMatch
701038,,undetermined,MapLicenseFamily
701038,,undetermined,MapFuzzyMatch
6009458,,undetermined,MapNA
6009458,,undetermined,MapExactID
6009458,,undetermined,MapExactMatch
6009458,,undetermined,MapLicenseFamily
4633205,,undetermined,MapNA
4633205,,undetermined,MapExactID
4633205,,undetermined,MapExactMatch
4633205,,undetermined,MapLicenseFamily
4633205,,undetermined,MapFuzzyMatch
569980,,undetermined,MapNA
569980,,undetermined,MapExactID
569980,,undetermined,MapExactMatch
569980,,undetermined,MapLicenseFamily
242301,,undetermined,MapNA
242301,,undetermined,MapExactID
242301,,undetermined,MapExactMatch
242301,,undetermined,MapLicenseFamily
242301,,undetermined,MapFuzzyMatch
2863742,,undetermined,MapNA
2863742,,undetermined,MapExactID
2863742,,undetermined,MapExactMatch
2863742,,undetermined,MapLicenseFamily
2863742,,undetermined,MapFuzzyMatch
3453566,,undetermined,MapNA
3453566,,undetermined,MapExactID
3453566,,undetermined,MapExactMatch
3453566,,undetermined,MapLicenseFamily
3453566,,undetermined,MapFuzzyMatch
6402690,,undetermined,MapNA
6402690,,undetermined,MapExactID
6402690,,undetermined,MapExactMatch
6402690,,undetermined,MapLicenseFamily
701061,,undetermined,MapNA
701061,,undetermined,MapExactID
701061,,undetermined,MapExactMatch
701061,,undetermined,MapLicenseFamily
2405001,,undetermined,MapNA
2405001,,undetermined,MapExactID
2405001,,undetermined,MapExactMatch
2405001,,undetermined,MapLicenseFamily
45710,,undetermined,MapNA
45710,,undetermined,MapExactID
45710,,undetermined,MapExactMatch
45710,,undetermined,MapLicenseFamily
5157523,,undetermined,MapNA
5157523,,undetermined,MapExactID
5157523,,undetermined,MapExactMatch
5157523,,undetermined,MapLicenseFamily
1159828,,undetermined,MapNA
1159828,,undetermined,MapExactID
1159828,,undetermined,MapExactMatch
1159828,,undetermined,MapLicenseFamily
2208407,,undetermined,MapNA
2208407,,undetermined,MapExactID
2208407,,undetermined,MapExactMatch
2208407,,undetermined,MapLicenseFamily
2208407,,undetermined,MapFuzzyMatch
5223068,,undetermined,MapNA
5223068,,undetermined,MapExactID
5223068,,undetermined,MapExactMatch
5223068,,undetermined,MapLicenseFamily
5223068,,undetermined,MapFuzzyMatch
6140574,,undetermined,MapNA
6140574,,undetermined,MapExactID
6140574,,undetermined,MapExactMatch
6140574,,undetermined,MapLicenseFamily
4108972,,undetermined,MapNA
4108972,,undetermined,MapExactID
4108972,,undetermined,MapExactMatch
4108972,,undetermined,MapLicenseFamily
4108972,,undetermined,MapFuzzyMatch
6468270,,undetermined,MapNA
6468270,,undetermined,MapExactID
6468270,,undetermined,MapExactMatch
6468270,,undetermined,MapLicenseFamily
3125935,,undetermined,MapNA
3125935,,undetermined,MapExactID
3125935,,undetermined,MapExactMatch
3125935,,undetermined,MapLicenseFamily
3125935,,undetermined,MapFuzzyMatch
4108977,,undetermined,MapNA
4108977,,undetermined,MapExactID
4108977,,undetermined,MapExactMatch
4108977,,undetermined,MapLicenseFamily
4960952,,undetermined,MapNA
4960952,,undetermined,MapExactID
4960952,,undetermined,MapExactMatch
4960952,,undetermined,MapLicenseFamily
2405049,,undetermined,MapNA
2405049,,undetermined,MapExactID
2405049,,undetermined,MapExactMatch
2405049,,undetermined,MapLicenseFamily
701115,,undetermined,MapNA
701115,,undetermined,MapExactID
701115,,undetermined,MapExactMatch
701115,,undetermined,MapLicenseFamily
5616316,,undetermined,MapNA
5616316,,undetermined,MapExactID
5616316,,undetermined,MapExactMatch
5616316,,undetermined,MapLicenseFamily
2863808,,undetermined,MapNA
2863808,,undetermined,MapExactID
2863808,,undetermined,MapExactMatch
2863808,,undetermined,MapLicenseFamily
2863808,,undetermined,MapFuzzyMatch
6402753,,undetermined,MapNA
6402753,,undetermined,MapExactID
6402753,,undetermined,MapExactMatch
6402753,,undetermined,MapLicenseFamily
2863811,,undetermined,MapNA
2863811,,undetermined,MapExactID
2863811,,undetermined,MapExactMatch
2863811,,undetermined,MapLicenseFamily
2863811,,undetermined,MapFuzzyMatch
3322563,,undetermined,MapNA
3322563,,undetermined,MapExactID
3322563,,undetermined,MapExactMatch
3322563,,undetermined,MapLicenseFamily
307909,,undetermined,MapNA
2863813,,undetermined,MapNA
2863813,,undetermined,MapExactID
2863813,,undetermined,MapExactMatch
2863813,,undetermined,MapLicenseFamily
2863813,,undetermined,MapFuzzyMatch
2863814,,undetermined,MapNA
6468294,,undetermined,MapNA
6468294,,undetermined,MapExactID
6468294,,undetermined,MapExactMatch
6468294,,undetermined,MapLicenseFamily
6468294,,undetermined,MapFuzzyMatch
2863817,,undetermined,MapNA
2863817,,undetermined,MapExactID
2863817,,undetermined,MapExactMatch
2863817,,undetermined,MapLicenseFamily
2863817,,undetermined,MapFuzzyMatch
5092046,,undetermined,MapNA
5092046,,undetermined,MapExactID
5092046,,undetermined,MapExactMatch
5092046,,undetermined,MapLicenseFamily
5092046,,undetermined,MapFuzzyMatch
570063,,undetermined,MapNA
570063,,undetermined,MapExactID
570063,,undetermined,MapExactMatch
570063,,undetermined,MapLicenseFamily
5681872,,undetermined,MapNA
5681872,,undetermined,MapExactID
5681872,,undetermined,MapExactMatch
5681872,,undetermined,MapLicenseFamily
5681872,,undetermined,MapFuzzyMatch
2470612,,undetermined,MapNA
2470612,,undetermined,MapExactID
2470612,,undetermined,MapExactMatch
2470612,,undetermined,MapLicenseFamily
4240085,,undetermined,MapNA
4240085,,undetermined,MapExactID
4240085,,undetermined,MapExactMatch
4240085,,undetermined,MapLicenseFamily
701143,,undetermined,MapNA
701143,,undetermined,MapExactID
701143,,undetermined,MapExactMatch
701143,,undetermined,MapLicenseFamily
3846872,,undetermined,MapNA
3846872,,undetermined,MapExactID
3846872,,undetermined,MapExactMatch
3846872,,undetermined,MapLicenseFamily
3519203,,undetermined,MapNA
3519203,,undetermined,MapExactID
3519203,,undetermined,MapExactMatch
3519203,,undetermined,MapLicenseFamily
5878499,,undetermined,MapNA
5878499,,undetermined,MapExactID
5878499,,undetermined,MapExactMatch
5878499,,undetermined,MapLicenseFamily
3519207,,undetermined,MapNA
3519207,,undetermined,MapExactID
3519207,,undetermined,MapExactMatch
3519207,,undetermined,MapLicenseFamily
6402797,,undetermined,MapNA
6402797,,undetermined,MapExactID
6402797,,undetermined,MapExactMatch
6402797,,undetermined,MapLicenseFamily
2077423,,undetermined,MapNA
2077423,,undetermined,MapExactID
2077423,,undetermined,MapExactMatch
2077423,,undetermined,MapLicenseFamily
176881,,undetermined,MapNA
176881,,undetermined,MapExactID
176881,,undetermined,MapExactMatch
176881,,undetermined,MapLicenseFamily
373489,,undetermined,MapNA
373489,,undetermined,MapExactID
373489,,undetermined,MapExactMatch
373489,,undetermined,MapLicenseFamily
5092081,,undetermined,MapNA
5092081,,undetermined,MapExactID
5092081,,undetermined,MapExactMatch
5092081,,undetermined,MapLicenseFamily
5092081,,undetermined,MapFuzzyMatch
4895482,,undetermined,MapNA
4895482,,undetermined,MapExactID
4895482,,undetermined,MapExactMatch
4895482,,undetermined,MapLicenseFamily
5681914,,undetermined,MapNA
5681914,,undetermined,MapExactID
5681914,,undetermined,MapExactMatch
5681914,,undetermined,MapLicenseFamily
7516930,,undetermined,MapNA
7516930,,undetermined,MapExactID
7516930,,undetermined,MapExactMatch
7516930,,undetermined,MapLicenseFamily
7516930,,undetermined,MapFuzzyMatch
242437,,undetermined,MapNA
242437,,undetermined,MapExactID
242437,,undetermined,MapExactMatch
242437,,undetermined,MapLicenseFamily
4109061,,undetermined,MapNA
4109061,,undetermined,MapExactID
4109061,,undetermined,MapExactMatch
4109061,,undetermined,MapLicenseFamily
4109061,,undetermined,MapFuzzyMatch
3781383,,undetermined,MapNA
3781383,,undetermined,MapExactID
3781383,,undetermined,MapExactMatch
3781383,,undetermined,MapLicenseFamily
2732816,,undetermined,MapNA
2732816,,undetermined,MapExactID
2732816,,undetermined,MapExactMatch
2732816,,undetermined,MapLicenseFamily
4174610,,undetermined,MapNA
4174610,,undetermined,MapExactID
4174610,,undetermined,MapExactMatch
4174610,,undetermined,MapLicenseFamily
176919,,undetermined,MapNA
176919,,undetermined,MapExactID
176919,,undetermined,MapExactMatch
176919,,undetermined,MapLicenseFamily
176919,,undetermined,MapFuzzyMatch
2798363,,undetermined,MapNA
2798363,,undetermined,MapExactID
2798363,,undetermined,MapExactMatch
2798363,,undetermined,MapLicenseFamily
6140713,,undetermined,MapNA
6140713,,undetermined,MapExactID
6140713,,undetermined,MapExactMatch
6140713,,undetermined,MapLicenseFamily
4043564,,undetermined,MapNA
4043564,,undetermined,MapExactID
4043564,,undetermined,MapExactMatch
4043564,,undetermined,MapLicenseFamily
308016,,undetermined,MapNA
308016,,undetermined,MapExactID
308016,,undetermined,MapExactMatch
308016,,undetermined,MapLicenseFamily
2929463,,undetermined,MapNA
2929463,,undetermined,MapExactID
2929463,,undetermined,MapExactMatch
2929463,,undetermined,MapLicenseFamily
2929464,,undetermined,MapNA
2929464,,undetermined,MapExactID
2929464,,undetermined,MapExactMatch
2929464,,undetermined,MapLicenseFamily
2929464,,undetermined,MapFuzzyMatch
5813049,,undetermined,MapNA
5813049,,undetermined,MapExactID
5813049,,undetermined,MapExactMatch
5813049,,undetermined,MapLicenseFamily
2929471,,undetermined,MapNA
2929471,,undetermined,MapExactID
2929471,,undetermined,MapExactMatch
2929471,,undetermined,MapLicenseFamily
2929471,,undetermined,MapFuzzyMatch
6468415,,undetermined,MapNA
6468415,,undetermined,MapExactID
6468415,,undetermined,MapExactMatch
6468415,,undetermined,MapLicenseFamily
6075203,,undetermined,MapNA
6075203,,undetermined,MapExactID
6075203,,undetermined,MapExactMatch
6075203,,undetermined,MapLicenseFamily
6075203,,undetermined,MapFuzzyMatch
5485382,,undetermined,MapNA
5485382,,undetermined,MapExactID
5485382,,undetermined,MapExactMatch
5485382,,undetermined,MapLicenseFamily
5485382,,undetermined,MapFuzzyMatch
7320393,,undetermined,MapNA
7320393,,undetermined,MapExactID
7320393,,undetermined,MapExactMatch
7320393,,undetermined,MapLicenseFamily
2405197,,undetermined,MapNA
2405197,,undetermined,MapExactID
2405197,,undetermined,MapExactMatch
2405197,,undetermined,MapLicenseFamily
3191631,,undetermined,MapNA
3191631,,undetermined,MapExactID
3191631,,undetermined,MapExactMatch
3191631,,undetermined,MapLicenseFamily
2929494,,undetermined,MapNA
2929494,,undetermined,MapExactID
2929494,,undetermined,MapExactMatch
2929494,,undetermined,MapLicenseFamily
176983,,undetermined,MapNA
176983,,undetermined,MapExactID
176983,,undetermined,MapExactMatch
176983,,undetermined,MapLicenseFamily
2536280,,undetermined,MapNA
2536280,,undetermined,MapExactID
2536280,,undetermined,MapExactMatch
2536280,,undetermined,MapLicenseFamily
6337371,,undetermined,MapNA
6337371,,undetermined,MapExactID
6337371,,undetermined,MapExactMatch
6337371,,undetermined,MapLicenseFamily
2143068,,undetermined,MapNA
2143068,,undetermined,MapExactID
2143068,,undetermined,MapExactMatch
2143068,,undetermined,MapLicenseFamily
1880929,,undetermined,MapNA
1880929,,undetermined,MapExactID
1880929,,undetermined,MapExactMatch
1880929,,undetermined,MapLicenseFamily
1880929,,undetermined,MapFuzzyMatch
7648101,,undetermined,MapNA
1028966,,undetermined,MapNA
1028966,,undetermined,MapExactID
1028966,,undetermined,MapExactMatch
1028966,,undetermined,MapLicenseFamily
6468455,,undetermined,MapNA
6468455,,undetermined,MapExactID
6468455,,undetermined,MapExactMatch
6468455,,undetermined,MapLicenseFamily
4174698,,undetermined,MapNA
4174698,,undetermined,MapExactID
4174698,,undetermined,MapExactMatch
4174698,,undetermined,MapLicenseFamily
7320427,,undetermined,MapNA
7320427,,undetermined,MapExactID
7320427,,undetermined,MapExactMatch
7320427,,undetermined,MapLicenseFamily
6468461,,undetermined,MapNA
6468461,,undetermined,MapExactID
6468461,,undetermined,MapExactMatch
6468461,,undetermined,MapLicenseFamily
6468461,,undetermined,MapFuzzyMatch
2929521,,undetermined,MapNA
2929521,,undetermined,MapExactID
2929521,,undetermined,MapExactMatch
2929521,,undetermined,MapLicenseFamily
7320438,,undetermined,MapNA
7320438,,undetermined,MapExactID
7320438,,undetermined,MapExactMatch
7320438,,undetermined,MapLicenseFamily
1815417,,undetermined,MapNA
1815417,,undetermined,MapExactID
1815417,,undetermined,MapExactMatch
1815417,,undetermined,MapLicenseFamily
177020,,undetermined,MapNA
177020,,undetermined,MapExactID
177020,,undetermined,MapExactMatch
177020,,undetermined,MapLicenseFamily
242556,,undetermined,MapNA
308093,,undetermined,MapNA
308093,,undetermined,MapExactID
308093,,undetermined,MapExactMatch
308093,,undetermined,MapLicenseFamily
2929541,,undetermined,MapNA
2929541,,undetermined,MapExactID
2929541,,undetermined,MapExactMatch
2929541,,undetermined,MapLicenseFamily
2929541,,undetermined,MapFuzzyMatch
3781514,,undetermined,MapNA
3781514,,undetermined,MapExactID
3781514,,undetermined,MapExactMatch
3781514,,undetermined,MapLicenseFamily
3781514,,undetermined,MapFuzzyMatch
5419915,,undetermined,MapNA
5419915,,undetermined,MapExactID
5419915,,undetermined,MapExactMatch
5419915,,undetermined,MapLicenseFamily
3388300,,undetermined,MapNA
3388300,,undetermined,MapExactID
3388300,,undetermined,MapExactMatch
3388300,,undetermined,MapLicenseFamily
3584909,,undetermined,MapNA
3584909,,undetermined,MapExactID
3584909,,undetermined,MapExactMatch
3584909,,undetermined,MapLicenseFamily
3519378,,undetermined,MapNA
3519378,,undetermined,MapExactID
3519378,,undetermined,MapExactMatch
3519378,,undetermined,MapLicenseFamily
439189,,undetermined,MapNA
439189,,undetermined,MapExactID
439189,,undetermined,MapExactMatch
439189,,undetermined,MapLicenseFamily
3584924,,undetermined,MapNA
3584924,,undetermined,MapExactID
3584924,,undetermined,MapExactMatch
3584924,,undetermined,MapLicenseFamily
4436894,,undetermined,MapNA
4436894,,undetermined,MapExactID
4436894,,undetermined,MapExactMatch
4436894,,undetermined,MapLicenseFamily
4109215,,undetermined,MapNA
4109215,,undetermined,MapExactID
4109215,,undetermined,MapExactMatch
4109215,,undetermined,MapLicenseFamily
6468514,,undetermined,MapNA
6468514,,undetermined,MapExactID
6468514,,undetermined,MapExactMatch
6468514,,undetermined,MapLicenseFamily
4109223,,undetermined,MapNA
4109223,,undetermined,MapExactID
4109223,,undetermined,MapExactMatch
4109223,,undetermined,MapLicenseFamily
7058345,,undetermined,MapNA
7058345,,undetermined,MapExactID
7058345,,undetermined,MapExactMatch
7058345,,undetermined,MapLicenseFamily
3519403,,undetermined,MapNA
3519403,,undetermined,MapExactID
3519403,,undetermined,MapExactMatch
3519403,,undetermined,MapLicenseFamily
373676,,undetermined,MapNA
373676,,undetermined,MapExactID
373676,,undetermined,MapExactMatch
373676,,undetermined,MapLicenseFamily
373676,,undetermined,MapFuzzyMatch
242605,,undetermined,MapNA
242605,,undetermined,MapExactID
242605,,undetermined,MapExactMatch
242605,,undetermined,MapLicenseFamily
1815469,,undetermined,MapNA
1815469,,undetermined,MapExactID
1815469,,undetermined,MapExactMatch
1815469,,undetermined,MapLicenseFamily
2798509,,undetermined,MapNA
2798509,,undetermined,MapExactID
2798509,,undetermined,MapExactMatch
2798509,,undetermined,MapLicenseFamily
2798509,,undetermined,MapFuzzyMatch
4240303,,undetermined,MapNA
4240303,,undetermined,MapExactID
4240303,,undetermined,MapExactMatch
4240303,,undetermined,MapLicenseFamily
3126196,,undetermined,MapNA
3126196,,undetermined,MapExactID
3126196,,undetermined,MapExactMatch
3126196,,undetermined,MapLicenseFamily
1881022,,undetermined,MapNA
1881022,,undetermined,MapExactID
1881022,,undetermined,MapExactMatch
1881022,,undetermined,MapLicenseFamily
1881022,,undetermined,MapFuzzyMatch
4961217,,undetermined,MapNA
4961217,,undetermined,MapExactID
4961217,,undetermined,MapExactMatch
4961217,,undetermined,MapLicenseFamily
4961217,,undetermined,MapFuzzyMatch
5288902,,undetermined,MapNA
5288902,,undetermined,MapExactID
5288902,,undetermined,MapExactMatch
5288902,,undetermined,MapLicenseFamily
1029063,,undetermined,MapNA
1029063,,undetermined,MapExactID
1029063,,undetermined,MapExactMatch
1029063,,undetermined,MapLicenseFamily
1684423,,undetermined,MapNA
1684423,,undetermined,MapExactID
1684423,,undetermined,MapExactMatch
1684423,,undetermined,MapLicenseFamily
46030,,undetermined,MapNA
46030,,undetermined,MapExactID
46030,,undetermined,MapExactMatch
46030,,undetermined,MapLicenseFamily
3126225,,undetermined,MapNA
3126225,,undetermined,MapExactID
3126225,,undetermined,MapExactMatch
3126225,,undetermined,MapLicenseFamily
5682131,,undetermined,MapNA
5682131,,undetermined,MapExactID
5682131,,undetermined,MapExactMatch
5682131,,undetermined,MapLicenseFamily
3519448,,undetermined,MapNA
3519448,,undetermined,MapExactID
3519448,,undetermined,MapExactMatch
3519448,,undetermined,MapLicenseFamily
1356761,,undetermined,MapNA
1356761,,undetermined,MapExactID
1356761,,undetermined,MapExactMatch
1356761,,undetermined,MapLicenseFamily
242651,,undetermined,MapNA
242651,,undetermined,MapExactID
242651,,undetermined,MapExactMatch
242651,,undetermined,MapLicenseFamily
1881057,,undetermined,MapNA
1881057,,undetermined,MapExactID
1881057,,undetermined,MapExactMatch
1881057,,undetermined,MapLicenseFamily
5288938,,undetermined,MapNA
5288938,,undetermined,MapExactID
5288938,,undetermined,MapExactMatch
5288938,,undetermined,MapLicenseFamily
308203,,undetermined,MapNA
308203,,undetermined,MapExactID
308203,,undetermined,MapExactMatch
308203,,undetermined,MapLicenseFamily
2208750,,undetermined,MapNA
2208750,,undetermined,MapExactID
2208750,,undetermined,MapExactMatch
2208750,,undetermined,MapLicenseFamily
2470894,,undetermined,MapNA
2470894,,undetermined,MapExactID
3126254,,undetermined,MapNA
3126254,,undetermined,MapExactID
3126254,,undetermined,MapExactMatch
3126254,,undetermined,MapLicenseFamily
5026798,,undetermined,MapNA
5026798,,undetermined,MapExactID
5026798,,undetermined,MapExactMatch
5026798,,undetermined,MapLicenseFamily
2470904,,undetermined,MapNA
2470904,,undetermined,MapExactID
504825,,undetermined,MapNA
504825,,undetermined,MapExactID
504825,,undetermined,MapExactMatch
504825,,undetermined,MapLicenseFamily
504825,,undetermined,MapFuzzyMatch
3519483,,undetermined,MapNA
3519483,,undetermined,MapExactID
3519483,,undetermined,MapExactMatch
3519483,,undetermined,MapLicenseFamily
2601981,,undetermined,MapNA
2601981,,undetermined,MapExactID
2601981,,undetermined,MapExactMatch
2601981,,undetermined,MapLicenseFamily
2995199,,undetermined,MapNA
2995199,,undetermined,MapExactID
2995199,,undetermined,MapExactMatch
2995199,,undetermined,MapLicenseFamily
5878788,,undetermined,MapNA
5878788,,undetermined,MapExactID
5878788,,undetermined,MapExactMatch
5878788,,undetermined,MapLicenseFamily
177157,,undetermined,MapNA
177157,,undetermined,MapExactID
177157,,undetermined,MapExactMatch
177157,,undetermined,MapLicenseFamily
177157,,undetermined,MapFuzzyMatch
46086,,undetermined,MapNA
46086,,undetermined,MapExactID
46086,,undetermined,MapExactMatch
46086,,undetermined,MapLicenseFamily
46086,,undetermined,MapFuzzyMatch
4240392,,undetermined,MapNA
4240392,,undetermined,MapExactID
4240392,,undetermined,MapExactMatch
4240392,,undetermined,MapLicenseFamily
2864140,,undetermined,MapNA
2864140,,undetermined,MapExactID
2864140,,undetermined,MapExactMatch
2864140,,undetermined,MapLicenseFamily
2602008,,undetermined,MapNA
2602008,,undetermined,MapExactID
2602008,,undetermined,MapExactMatch
2602008,,undetermined,MapLicenseFamily
5092376,,undetermined,MapNA
5092376,,undetermined,MapExactID
5092376,,undetermined,MapExactMatch
5092376,,undetermined,MapLicenseFamily
701466,,undetermined,MapNA
701466,,undetermined,MapExactID
701466,,undetermined,MapExactMatch
701466,,undetermined,MapLicenseFamily
2667555,,undetermined,MapNA
2667555,,undetermined,MapExactID
2667555,,undetermined,MapExactMatch
2667555,,undetermined,MapLicenseFamily
2667555,,undetermined,MapFuzzyMatch
7320616,,undetermined,MapNA
7320616,,undetermined,MapExactID
7320616,,undetermined,MapExactMatch
7320616,,undetermined,MapLicenseFamily
2995241,,undetermined,MapNA
2995241,,undetermined,MapExactID
2995241,,undetermined,MapExactMatch
2995241,,undetermined,MapLicenseFamily
242730,,undetermined,MapNA
242730,,undetermined,MapExactID
242730,,undetermined,MapExactMatch
242730,,undetermined,MapLicenseFamily
2274347,,undetermined,MapNA
2274347,,undetermined,MapExactID
2274347,,undetermined,MapExactMatch
2274347,,undetermined,MapLicenseFamily
5878825,,undetermined,MapNA
5878825,,undetermined,MapExactID
5878825,,undetermined,MapExactMatch
5878825,,undetermined,MapLicenseFamily
2536499,,undetermined,MapNA
2536499,,undetermined,MapExactID
2536499,,undetermined,MapExactMatch
2536499,,undetermined,MapLicenseFamily
3126329,,undetermined,MapNA
3126329,,undetermined,MapExactID
3126329,,undetermined,MapExactMatch
3126329,,undetermined,MapLicenseFamily
5682236,,undetermined,MapNA
5682236,,undetermined,MapExactID
5682236,,undetermined,MapExactMatch
5682236,,undetermined,MapLicenseFamily
6599744,,undetermined,MapNA
6599744,,undetermined,MapExactID
6599744,,undetermined,MapExactMatch
6599744,,undetermined,MapLicenseFamily
3322952,,undetermined,MapNA
3322952,,undetermined,MapExactID
3322952,,undetermined,MapExactMatch
3322952,,undetermined,MapLicenseFamily
3912780,,undetermined,MapNA
3912780,,undetermined,MapExactID
3912780,,undetermined,MapExactMatch
3912780,,undetermined,MapLicenseFamily
7648332,,undetermined,MapNA
7648332,,undetermined,MapExactID
7648332,,undetermined,MapExactMatch
7648332,,undetermined,MapLicenseFamily
7648332,,undetermined,MapFuzzyMatch
5289040,,undetermined,MapNA
5289040,,undetermined,MapExactID
5289040,,undetermined,MapExactMatch
5289040,,undetermined,MapLicenseFamily
5289047,,undetermined,MapNA
5289047,,undetermined,MapExactID
5289047,,undetermined,MapExactMatch
5289047,,undetermined,MapLicenseFamily
3978328,,undetermined,MapNA
3978328,,undetermined,MapExactID
3978328,,undetermined,MapExactMatch
3978328,,undetermined,MapLicenseFamily
4043866,,undetermined,MapNA
4043866,,undetermined,MapExactID
4043866,,undetermined,MapExactMatch
4043866,,undetermined,MapLicenseFamily
6206560,,undetermined,MapNA
6206560,,undetermined,MapExactID
6206560,,undetermined,MapExactMatch
6206560,,undetermined,MapLicenseFamily
439393,,undetermined,MapNA
439393,,undetermined,MapExactID
439393,,undetermined,MapExactMatch
439393,,undetermined,MapLicenseFamily
439393,,undetermined,MapFuzzyMatch
242788,,undetermined,MapNA
242788,,undetermined,MapExactID
242788,,undetermined,MapExactMatch
242788,,undetermined,MapLicenseFamily
2798695,,undetermined,MapNA
2798695,,undetermined,MapExactID
2798695,,undetermined,MapExactMatch
2798695,,undetermined,MapLicenseFamily
1815658,,undetermined,MapNA
1815658,,undetermined,MapExactID
1815658,,undetermined,MapExactMatch
1815658,,undetermined,MapLicenseFamily
1160307,,undetermined,MapNA
1160307,,undetermined,MapExactID
1160307,,undetermined,MapExactMatch
1160307,,undetermined,MapLicenseFamily
3585150,,undetermined,MapNA
3585150,,undetermined,MapExactID
3585150,,undetermined,MapExactMatch
3585150,,undetermined,MapLicenseFamily
504963,,undetermined,MapNA
504963,,undetermined,MapExactID
504963,,undetermined,MapExactMatch
504963,,undetermined,MapLicenseFamily
5026950,,undetermined,MapNA
5026950,,undetermined,MapExactID
5026950,,undetermined,MapExactMatch
5026950,,undetermined,MapLicenseFamily
1160327,,undetermined,MapNA
1160327,,undetermined,MapExactID
1160327,,undetermined,MapExactMatch
2143370,,undetermined,MapNA
2143370,,undetermined,MapExactID
2143370,,undetermined,MapExactMatch
2143370,,undetermined,MapLicenseFamily
3519629,,undetermined,MapNA
3519629,,undetermined,MapExactID
3519629,,undetermined,MapExactMatch
3519629,,undetermined,MapLicenseFamily
2208910,,undetermined,MapNA
2208910,,undetermined,MapExactID
2208910,,undetermined,MapExactMatch
2208910,,undetermined,MapLicenseFamily
3454097,,undetermined,MapNA
3454097,,undetermined,MapExactID
3454097,,undetermined,MapExactMatch
3454097,,undetermined,MapLicenseFamily
46229,,undetermined,MapNA
46229,,undetermined,MapExactID
46229,,undetermined,MapExactMatch
46229,,undetermined,MapLicenseFamily
4830358,,undetermined,MapNA
4830358,,undetermined,MapExactID
4830358,,undetermined,MapExactMatch
4830358,,undetermined,MapLicenseFamily
6010008,,undetermined,MapNA
6010008,,undetermined,MapExactID
6010008,,undetermined,MapExactMatch
6010008,,undetermined,MapLicenseFamily
1160348,,undetermined,MapNA
1160348,,undetermined,MapExactID
1160348,,undetermined,MapExactMatch
1160348,,undetermined,MapLicenseFamily
177310,,undetermined,MapNA
177310,,undetermined,MapExactID
177310,,undetermined,MapExactMatch
177310,,undetermined,MapLicenseFamily
4043939,,undetermined,MapNA
504996,,undetermined,MapNA
504996,,undetermined,MapExactID
504996,,undetermined,MapExactMatch
504996,,undetermined,MapLicenseFamily
504999,,undetermined,MapNA
504999,,undetermined,MapExactID
504999,,undetermined,MapExactMatch
504999,,undetermined,MapLicenseFamily
1815722,,undetermined,MapNA
1815722,,undetermined,MapExactID
1815722,,undetermined,MapExactMatch
1815722,,undetermined,MapLicenseFamily
1815722,,undetermined,MapFuzzyMatch
3388587,,undetermined,MapNA
3388587,,undetermined,MapExactID
3388587,,undetermined,MapExactMatch
3388587,,undetermined,MapLicenseFamily
308398,,undetermined,MapNA
308398,,undetermined,MapExactID
308398,,undetermined,MapExactMatch
308398,,undetermined,MapLicenseFamily
6599855,,undetermined,MapNA
6599855,,undetermined,MapExactID
6599855,,undetermined,MapExactMatch
6599855,,undetermined,MapLicenseFamily
6599855,,undetermined,MapFuzzyMatch
5223601,,undetermined,MapNA
5223601,,undetermined,MapExactID
5223601,,undetermined,MapExactMatch
5223601,,undetermined,MapLicenseFamily
2798771,,undetermined,MapNA
2798771,,undetermined,MapExactID
2798771,,undetermined,MapExactMatch
2798771,,undetermined,MapLicenseFamily
5616829,,undetermined,MapNA
5616829,,undetermined,MapExactID
5616829,,undetermined,MapExactMatch
5616829,,undetermined,MapLicenseFamily
7648455,,undetermined,MapNA
7648455,,undetermined,MapExactID
7648455,,undetermined,MapExactMatch
7648455,,undetermined,MapLicenseFamily
2798794,,undetermined,MapNA
2798794,,undetermined,MapExactID
2798794,,undetermined,MapExactMatch
2798794,,undetermined,MapLicenseFamily
3388619,,undetermined,MapNA
3388619,,undetermined,MapExactID
3388619,,undetermined,MapExactMatch
3388619,,undetermined,MapLicenseFamily
4830416,,undetermined,MapNA
4830416,,undetermined,MapExactID
4830416,,undetermined,MapExactMatch
4830416,,undetermined,MapLicenseFamily
2667730,,undetermined,MapNA
2667730,,undetermined,MapExactID
2667730,,undetermined,MapExactMatch
2667730,,undetermined,MapLicenseFamily
6665426,,undetermined,MapNA
6665426,,undetermined,MapExactID
6665426,,undetermined,MapExactMatch
6665426,,undetermined,MapLicenseFamily
6665426,,undetermined,MapFuzzyMatch
832726,,undetermined,MapNA
832726,,undetermined,MapExactID
832726,,undetermined,MapExactMatch
832726,,undetermined,MapLicenseFamily
2995419,,undetermined,MapNA
2995419,,undetermined,MapExactID
2995419,,undetermined,MapExactMatch
2995419,,undetermined,MapLicenseFamily
832732,,undetermined,MapNA
832732,,undetermined,MapExactID
832732,,undetermined,MapExactMatch
832732,,undetermined,MapLicenseFamily
2143458,,undetermined,MapNA
2143458,,undetermined,MapExactID
2143458,,undetermined,MapExactMatch
2143458,,undetermined,MapLicenseFamily
7320804,,undetermined,MapNA
7320804,,undetermined,MapExactID
7320804,,undetermined,MapExactMatch
7320804,,undetermined,MapLicenseFamily
7320804,,undetermined,MapFuzzyMatch
3519718,,undetermined,MapNA
3519718,,undetermined,MapExactID
3519718,,undetermined,MapExactMatch
3519718,,undetermined,MapLicenseFamily
2798831,,undetermined,MapNA
2798831,,undetermined,MapExactID
2798831,,undetermined,MapExactMatch
2798831,,undetermined,MapLicenseFamily
3912945,,undetermined,MapNA
3912945,,undetermined,MapExactID
3912945,,undetermined,MapExactMatch
3912945,,undetermined,MapLicenseFamily
4699378,,undetermined,MapNA
4699378,,undetermined,MapExactID
4699378,,undetermined,MapExactMatch
4699378,,undetermined,MapLicenseFamily
6665461,,undetermined,MapNA
6665461,,undetermined,MapExactID
6665461,,undetermined,MapExactMatch
6665461,,undetermined,MapLicenseFamily
6665461,,undetermined,MapFuzzyMatch
4240630,,undetermined,MapNA
4240630,,undetermined,MapExactID
4240630,,undetermined,MapExactMatch
4240630,,undetermined,MapLicenseFamily
6141176,,undetermined,MapNA
6141176,,undetermined,MapExactID
6141176,,undetermined,MapExactMatch
6141176,,undetermined,MapLicenseFamily
1029375,,undetermined,MapNA
1029375,,undetermined,MapExactID
1029375,,undetermined,MapExactMatch
1029375,,undetermined,MapLicenseFamily
5092608,,undetermined,MapNA
5092608,,undetermined,MapExactID
5092608,,undetermined,MapExactMatch
5092608,,undetermined,MapLicenseFamily
2143497,,undetermined,MapNA
2143497,,undetermined,MapExactID
2143497,,undetermined,MapExactMatch
2143497,,undetermined,MapLicenseFamily
2602249,,undetermined,MapNA
2602249,,undetermined,MapExactID
2602249,,undetermined,MapExactMatch
2602249,,undetermined,MapLicenseFamily
2602249,,undetermined,MapFuzzyMatch
5092617,,undetermined,MapNA
5092617,,undetermined,MapExactID
5092617,,undetermined,MapExactMatch
5092617,,undetermined,MapLicenseFamily
5747991,,undetermined,MapNA
5747991,,undetermined,MapExactID
5747991,,undetermined,MapExactMatch
5747991,,undetermined,MapLicenseFamily
4633880,,undetermined,MapNA
4633880,,undetermined,MapExactID
4633880,,undetermined,MapExactMatch
4633880,,undetermined,MapLicenseFamily
5092632,,undetermined,MapNA
5092632,,undetermined,MapExactID
5092632,,undetermined,MapExactMatch
5092632,,undetermined,MapLicenseFamily
1422618,,undetermined,MapNA
1422618,,undetermined,MapExactID
1422618,,undetermined,MapExactMatch
1422618,,undetermined,MapLicenseFamily
2602271,,undetermined,MapNA
2602271,,undetermined,MapExactID
2602271,,undetermined,MapExactMatch
2602271,,undetermined,MapLicenseFamily
3519777,,undetermined,MapNA
3519777,,undetermined,MapExactID
3519777,,undetermined,MapExactMatch
3519777,,undetermined,MapLicenseFamily
2667812,,undetermined,MapNA
2667812,,undetermined,MapExactID
2667812,,undetermined,MapExactMatch
2667812,,undetermined,MapLicenseFamily
2667812,,undetermined,MapFuzzyMatch
832826,,undetermined,MapNA
832826,,undetermined,MapExactID
832826,,undetermined,MapExactMatch
832826,,undetermined,MapLicenseFamily
6665532,,undetermined,MapNA
6665532,,undetermined,MapExactID
6665532,,undetermined,MapExactMatch
6665532,,undetermined,MapLicenseFamily
3519806,,undetermined,MapNA
3519806,,undetermined,MapExactID
3519806,,undetermined,MapExactMatch
3519806,,undetermined,MapLicenseFamily
5616959,,undetermined,MapNA
5616959,,undetermined,MapExactID
5616959,,undetermined,MapExactMatch
5616959,,undetermined,MapLicenseFamily
5616959,,undetermined,MapFuzzyMatch
3388741,,undetermined,MapNA
3388741,,undetermined,MapExactID
3388741,,undetermined,MapExactMatch
3388741,,undetermined,MapLicenseFamily
505160,,undetermined,MapNA
505160,,undetermined,MapExactID
505160,,undetermined,MapExactMatch
505160,,undetermined,MapLicenseFamily
505160,,undetermined,MapFuzzyMatch
6206795,,undetermined,MapNA
6206795,,undetermined,MapExactID
6206795,,undetermined,MapExactMatch
6206795,,undetermined,MapLicenseFamily
1029454,,undetermined,MapNA
1029454,,undetermined,MapExactID
1029454,,undetermined,MapExactMatch
1029454,,undetermined,MapLicenseFamily
3847507,,undetermined,MapNA
3847507,,undetermined,MapExactID
3847507,,undetermined,MapExactMatch
3847507,,undetermined,MapLicenseFamily
3847507,,undetermined,MapFuzzyMatch
3388756,,undetermined,MapNA
3388756,,undetermined,MapExactID
3388756,,undetermined,MapExactMatch
3388756,,undetermined,MapLicenseFamily
3388756,,undetermined,MapFuzzyMatch
832863,,undetermined,MapNA
832863,,undetermined,MapExactID
832863,,undetermined,MapExactMatch
832863,,undetermined,MapLicenseFamily
2602343,,undetermined,MapNA
2602343,,undetermined,MapExactID
2602343,,undetermined,MapExactMatch
2602343,,undetermined,MapLicenseFamily
701800,,undetermined,MapNA
701800,,undetermined,MapExactID
701800,,undetermined,MapExactMatch
701800,,undetermined,MapLicenseFamily
7648621,,undetermined,MapNA
7648621,,undetermined,MapExactID
7648621,,undetermined,MapExactMatch
7648621,,undetermined,MapLicenseFamily
3061104,,undetermined,MapNA
3061104,,undetermined,MapExactID
3061104,,undetermined,MapExactMatch
3061104,,undetermined,MapLicenseFamily
4240755,,undetermined,MapNA
4240755,,undetermined,MapExactID
4240755,,undetermined,MapExactMatch
4240755,,undetermined,MapLicenseFamily
4240755,,undetermined,MapFuzzyMatch
2602361,,undetermined,MapNA
2602361,,undetermined,MapExactID
2602361,,undetermined,MapExactMatch
2602361,,undetermined,MapLicenseFamily
2602361,,undetermined,MapFuzzyMatch
2602370,,undetermined,MapNA
2602370,,undetermined,MapExactID
2602370,,undetermined,MapExactMatch
2602370,,undetermined,MapLicenseFamily
4830597,,undetermined,MapNA
4830597,,undetermined,MapExactID
4830597,,undetermined,MapExactMatch
4830597,,undetermined,MapLicenseFamily
4502918,,undetermined,MapNA
4502918,,undetermined,MapExactID
4502918,,undetermined,MapExactMatch
4502918,,undetermined,MapLicenseFamily
6600069,,undetermined,MapNA
6600069,,undetermined,MapExactID
6600069,,undetermined,MapExactMatch
6600069,,undetermined,MapLicenseFamily
7058825,,undetermined,MapNA
7058825,,undetermined,MapExactID
7058825,,undetermined,MapExactMatch
7058825,,undetermined,MapLicenseFamily
2602386,,undetermined,MapNA
2602386,,undetermined,MapExactID
2602386,,undetermined,MapExactMatch
2602386,,undetermined,MapLicenseFamily
2012582,,undetermined,MapNA
2012582,,undetermined,MapExactID
2012582,,undetermined,MapExactMatch
2012582,,undetermined,MapLicenseFamily
2012582,,undetermined,MapFuzzyMatch
7517609,,undetermined,MapNA
7517609,,undetermined,MapExactID
7517609,,undetermined,MapExactMatch
7517609,,undetermined,MapLicenseFamily
6469034,,undetermined,MapNA
6469034,,undetermined,MapExactID
6469034,,undetermined,MapExactMatch
6469034,,undetermined,MapLicenseFamily
6469034,,undetermined,MapFuzzyMatch
5420469,,undetermined,MapNA
5420469,,undetermined,MapExactID
5420469,,undetermined,MapExactMatch
5420469,,undetermined,MapLicenseFamily
5420469,,undetermined,MapFuzzyMatch
112054,,undetermined,MapNA
112054,,undetermined,MapExactID
112054,,undetermined,MapExactMatch
112054,,undetermined,MapLicenseFamily
2733495,,undetermined,MapNA
2733495,,undetermined,MapExactID
2733495,,undetermined,MapExactMatch
2733495,,undetermined,MapLicenseFamily
1029563,,undetermined,MapNA
1029563,,undetermined,MapExactID
1029563,,undetermined,MapExactMatch
1029563,,undetermined,MapLicenseFamily
6272443,,undetermined,MapNA
6272443,,undetermined,MapExactID
6272443,,undetermined,MapExactMatch
6272443,,undetermined,MapLicenseFamily
6272443,,undetermined,MapFuzzyMatch
2012614,,undetermined,MapNA
2012614,,undetermined,MapExactID
2012614,,undetermined,MapExactMatch
2012614,,undetermined,MapLicenseFamily
2012614,,undetermined,MapFuzzyMatch
1029579,,undetermined,MapNA
1029579,,undetermined,MapExactID
3519949,,undetermined,MapNA
3519949,,undetermined,MapExactID
3519949,,undetermined,MapExactMatch
3519949,,undetermined,MapLicenseFamily
6010319,,undetermined,MapNA
6010319,,undetermined,MapExactID
6010319,,undetermined,MapExactMatch
6010319,,undetermined,MapLicenseFamily
7583185,,undetermined,MapNA
7583185,,undetermined,MapExactID
7583185,,undetermined,MapExactMatch
7583185,,undetermined,MapLicenseFamily
3519960,,undetermined,MapNA
3519960,,undetermined,MapExactID
3519960,,undetermined,MapExactMatch
3519960,,undetermined,MapLicenseFamily
3519961,,undetermined,MapNA
3519961,,undetermined,MapExactID
3519961,,undetermined,MapExactMatch
3519961,,undetermined,MapLicenseFamily
4634072,,undetermined,MapNA
4634072,,undetermined,MapExactID
4634072,,undetermined,MapExactMatch
4634072,,undetermined,MapLicenseFamily
3454428,,undetermined,MapNA
3454428,,undetermined,MapExactID
3454428,,undetermined,MapExactMatch
3454428,,undetermined,MapLicenseFamily
243188,,undetermined,MapNA
243188,,undetermined,MapExactID
243188,,undetermined,MapExactMatch
243188,,undetermined,MapLicenseFamily
3454458,,undetermined,MapNA
3454458,,undetermined,MapExactID
3454458,,undetermined,MapExactMatch
3454458,,undetermined,MapLicenseFamily
5682685,,undetermined,MapNA
5682685,,undetermined,MapExactID
7058941,,undetermined,MapNA
7058941,,undetermined,MapExactID
7058941,,undetermined,MapExactMatch
7058941,,undetermined,MapLicenseFamily
6206979,,undetermined,MapNA
6206979,,undetermined,MapExactID
6206979,,undetermined,MapExactMatch
6206979,,undetermined,MapLicenseFamily
3782149,,undetermined,MapNA
3782149,,undetermined,MapExactID
3782149,,undetermined,MapExactMatch
3782149,,undetermined,MapLicenseFamily
3782149,,undetermined,MapFuzzyMatch
5486086,,undetermined,MapNA
5486086,,undetermined,MapExactID
5486086,,undetermined,MapExactMatch
5486086,,undetermined,MapLicenseFamily
6075918,,undetermined,MapNA
6075918,,undetermined,MapExactID
6075918,,undetermined,MapExactMatch
6075918,,undetermined,MapLicenseFamily
5617167,,undetermined,MapNA
5617167,,undetermined,MapExactID
5617167,,undetermined,MapExactMatch
5617167,,undetermined,MapLicenseFamily
3978768,,undetermined,MapNA
3978768,,undetermined,MapExactID
3978768,,undetermined,MapExactMatch
3978768,,undetermined,MapLicenseFamily
1619473,,undetermined,MapNA
1619473,,undetermined,MapExactID
1619473,,undetermined,MapExactMatch
1619473,,undetermined,MapLicenseFamily
6469144,,undetermined,MapNA
6469144,,undetermined,MapExactID
6469144,,undetermined,MapExactMatch
6469144,,undetermined,MapLicenseFamily
6207006,,undetermined,MapNA
6207006,,undetermined,MapExactID
6207006,,undetermined,MapExactMatch
6207006,,undetermined,MapLicenseFamily
1160738,,undetermined,MapNA
1160738,,undetermined,MapExactID
1160738,,undetermined,MapExactMatch
1160738,,undetermined,MapLicenseFamily
5551650,,undetermined,MapNA
5551650,,undetermined,MapExactID
5551650,,undetermined,MapExactMatch
5551650,,undetermined,MapLicenseFamily
5551654,,undetermined,MapNA
5551654,,undetermined,MapExactID
5551654,,undetermined,MapExactMatch
5551654,,undetermined,MapLicenseFamily
6207019,,undetermined,MapNA
6207019,,undetermined,MapExactID
6207019,,undetermined,MapExactMatch
6207019,,undetermined,MapLicenseFamily
5682733,,undetermined,MapNA
5682733,,undetermined,MapExactID
5682733,,undetermined,MapExactMatch
5682733,,undetermined,MapLicenseFamily
5224007,,undetermined,MapNA
5224007,,undetermined,MapExactID
5224007,,undetermined,MapExactMatch
5224007,,undetermined,MapLicenseFamily
2733643,,undetermined,MapNA
2733643,,undetermined,MapExactID
2733643,,undetermined,MapExactMatch
2733643,,undetermined,MapLicenseFamily
2733643,,undetermined,MapFuzzyMatch
243276,,undetermined,MapNA
243276,,undetermined,MapExactID
243276,,undetermined,MapExactMatch
243276,,undetermined,MapLicenseFamily
243276,,undetermined,MapFuzzyMatch
2471501,,undetermined,MapNA
2471501,,undetermined,MapExactID
2471501,,undetermined,MapExactMatch
2471501,,undetermined,MapLicenseFamily
2799182,,undetermined,MapNA
2799182,,undetermined,MapExactID
2799182,,undetermined,MapExactMatch
2799182,,undetermined,MapLicenseFamily
2799182,,undetermined,MapFuzzyMatch
1029715,,undetermined,MapNA
1029715,,undetermined,MapExactID
1029715,,undetermined,MapExactMatch
1029715,,undetermined,MapLicenseFamily
5158487,,undetermined,MapNA
5158487,,undetermined,MapExactID
5158487,,undetermined,MapExactMatch
5158487,,undetermined,MapLicenseFamily
5224024,,undetermined,MapNA
5224024,,undetermined,MapExactID
5224024,,undetermined,MapExactMatch
5224024,,undetermined,MapLicenseFamily
177754,,undetermined,MapNA
177754,,undetermined,MapExactID
177754,,undetermined,MapExactMatch
177754,,undetermined,MapLicenseFamily
177754,,undetermined,MapFuzzyMatch
2995814,,undetermined,MapNA
2995814,,undetermined,MapExactID
2995814,,undetermined,MapExactMatch
2995814,,undetermined,MapLicenseFamily
5551718,,undetermined,MapNA
5551718,,undetermined,MapExactID
5551718,,undetermined,MapExactMatch
5551718,,undetermined,MapLicenseFamily
3454568,,undetermined,MapNA
3454568,,undetermined,MapExactID
3454568,,undetermined,MapExactMatch
3454568,,undetermined,MapLicenseFamily
5551724,,undetermined,MapNA
5551724,,undetermined,MapExactID
5551724,,undetermined,MapExactMatch
5551724,,undetermined,MapLicenseFamily
1029742,,undetermined,MapNA
1029742,,undetermined,MapExactID
1029742,,undetermined,MapExactMatch
1029742,,undetermined,MapLicenseFamily
6076015,,undetermined,MapNA
6076015,,undetermined,MapExactID
6076015,,undetermined,MapExactMatch
6076015,,undetermined,MapLicenseFamily
177782,,undetermined,MapNA
177782,,undetermined,MapExactID
177782,,undetermined,MapExactMatch
177782,,undetermined,MapLicenseFamily
177782,,undetermined,MapFuzzyMatch
5813880,,undetermined,MapNA
5813880,,undetermined,MapExactID
5813880,,undetermined,MapExactMatch
5813880,,undetermined,MapLicenseFamily
5813880,,undetermined,MapFuzzyMatch
439929,,undetermined,MapNA
439929,,undetermined,MapExactID
439929,,undetermined,MapExactMatch
439929,,undetermined,MapLicenseFamily
4830841,,undetermined,MapNA
4830841,,undetermined,MapExactID
4830841,,undetermined,MapExactMatch
4830841,,undetermined,MapLicenseFamily
6600319,,undetermined,MapNA
6600319,,undetermined,MapExactID
6600319,,undetermined,MapExactMatch
6600319,,undetermined,MapLicenseFamily
5158528,,undetermined,MapNA
5158528,,undetermined,MapExactID
5158528,,undetermined,MapExactMatch
5158528,,undetermined,MapLicenseFamily
7583362,,undetermined,MapNA
7583362,,undetermined,MapExactID
7583362,,undetermined,MapExactMatch
7583362,,undetermined,MapLicenseFamily
5158532,,undetermined,MapNA
5158532,,undetermined,MapExactID
5158532,,undetermined,MapExactMatch
5158532,,undetermined,MapLicenseFamily
5551764,,undetermined,MapNA
5551764,,undetermined,MapExactID
5551764,,undetermined,MapExactMatch
5551764,,undetermined,MapLicenseFamily
7517846,,undetermined,MapNA
7517846,,undetermined,MapExactID
7517846,,undetermined,MapExactMatch
7517846,,undetermined,MapLicenseFamily
7517846,,undetermined,MapFuzzyMatch
505497,,undetermined,MapNA
505497,,undetermined,MapExactID
505497,,undetermined,MapExactMatch
505497,,undetermined,MapLicenseFamily
2471594,,undetermined,MapNA
2471594,,undetermined,MapExactID
2471594,,undetermined,MapExactMatch
2471594,,undetermined,MapLicenseFamily
3126955,,undetermined,MapNA
3126955,,undetermined,MapExactID
3126955,,undetermined,MapExactMatch
3126955,,undetermined,MapLicenseFamily
4568749,,undetermined,MapNA
4568749,,undetermined,MapExactID
4568749,,undetermined,MapExactMatch
4568749,,undetermined,MapLicenseFamily
1816239,,undetermined,MapNA
1816239,,undetermined,MapExactID
1816239,,undetermined,MapExactMatch
1816239,,undetermined,MapLicenseFamily
440001,,undetermined,MapNA
440001,,undetermined,MapExactID
440001,,undetermined,MapExactMatch
440001,,undetermined,MapLicenseFamily
4044481,,undetermined,MapNA
4044481,,undetermined,MapExactID
4044481,,undetermined,MapExactMatch
4044481,,undetermined,MapLicenseFamily
4044481,,undetermined,MapFuzzyMatch
4241094,,undetermined,MapNA
4241094,,undetermined,MapExactID
4241094,,undetermined,MapExactMatch
4241094,,undetermined,MapLicenseFamily
3520200,,undetermined,MapNA
3520200,,undetermined,MapExactID
3520200,,undetermined,MapExactMatch
3520200,,undetermined,MapLicenseFamily
5551819,,undetermined,MapNA
5551819,,undetermined,MapExactID
5551819,,undetermined,MapExactMatch
5551819,,undetermined,MapLicenseFamily
3389143,,undetermined,MapNA
3389143,,undetermined,MapExactID
3389143,,undetermined,MapExactMatch
3389143,,undetermined,MapLicenseFamily
5748442,,undetermined,MapNA
5748442,,undetermined,MapExactID
5748442,,undetermined,MapExactMatch
5748442,,undetermined,MapLicenseFamily
3520220,,undetermined,MapNA
3520220,,undetermined,MapExactID
3520220,,undetermined,MapExactMatch
3520220,,undetermined,MapLicenseFamily
3520221,,undetermined,MapNA
3520221,,undetermined,MapExactID
3520221,,undetermined,MapExactMatch
3520221,,undetermined,MapLicenseFamily
702176,,undetermined,MapNA
702176,,undetermined,MapExactID
702176,,undetermined,MapExactMatch
702176,,undetermined,MapLicenseFamily
5551843,,undetermined,MapNA
5551843,,undetermined,MapExactID
5551843,,undetermined,MapExactMatch
5551843,,undetermined,MapLicenseFamily
7517923,,undetermined,MapNA
7517923,,undetermined,MapExactID
7517923,,undetermined,MapExactMatch
7517923,,undetermined,MapLicenseFamily
1357544,,undetermined,MapNA
1357544,,undetermined,MapExactID
1357544,,undetermined,MapExactMatch
1357544,,undetermined,MapLicenseFamily
5027563,,undetermined,MapNA
5027563,,undetermined,MapExactID
5027563,,undetermined,MapExactMatch
5027563,,undetermined,MapLicenseFamily
1423094,,undetermined,MapNA
1423094,,undetermined,MapExactID
1423094,,undetermined,MapExactMatch
1423094,,undetermined,MapLicenseFamily
4896503,,undetermined,MapNA
4896503,,undetermined,MapExactID
4896503,,undetermined,MapExactMatch
4896503,,undetermined,MapLicenseFamily
2995961,,undetermined,MapNA
2995961,,undetermined,MapExactID
2995961,,undetermined,MapExactMatch
2995961,,undetermined,MapLicenseFamily
2995961,,undetermined,MapFuzzyMatch
1816319,,undetermined,MapNA
1816319,,undetermined,MapExactID
1816319,,undetermined,MapExactMatch
1816319,,undetermined,MapLicenseFamily
2144000,,undetermined,MapNA
2144000,,undetermined,MapExactID
2144000,,undetermined,MapExactMatch
2144000,,undetermined,MapLicenseFamily
4830976,,undetermined,MapNA
4830976,,undetermined,MapExactID
4830976,,undetermined,MapExactMatch
4830976,,undetermined,MapLicenseFamily
5093122,,undetermined,MapNA
5093122,,undetermined,MapExactID
5093122,,undetermined,MapExactMatch
5093122,,undetermined,MapLicenseFamily
2799363,,undetermined,MapNA
2799363,,undetermined,MapExactID
2799363,,undetermined,MapExactMatch
2799363,,undetermined,MapLicenseFamily
7059202,,undetermined,MapNA
7059202,,undetermined,MapExactID
7059202,,undetermined,MapExactMatch
7059202,,undetermined,MapLicenseFamily
4110086,,undetermined,MapNA
4110086,,undetermined,MapExactID
4110086,,undetermined,MapExactMatch
4110086,,undetermined,MapLicenseFamily
243464,,undetermined,MapNA
243464,,undetermined,MapExactID
243464,,undetermined,MapExactMatch
243464,,undetermined,MapLicenseFamily
4175626,,undetermined,MapNA
4175626,,undetermined,MapExactID
4175626,,undetermined,MapExactMatch
4175626,,undetermined,MapLicenseFamily
1881867,,undetermined,MapNA
1881867,,undetermined,MapExactID
1881867,,undetermined,MapExactMatch
1881867,,undetermined,MapLicenseFamily
2602766,,undetermined,MapNA
2602766,,undetermined,MapExactID
2602766,,undetermined,MapExactMatch
2602766,,undetermined,MapLicenseFamily
3782418,,undetermined,MapNA
3782418,,undetermined,MapExactID
3782418,,undetermined,MapExactMatch
3782418,,undetermined,MapLicenseFamily
4896531,,undetermined,MapNA
4896531,,undetermined,MapExactID
4896531,,undetermined,MapExactMatch
4896531,,undetermined,MapLicenseFamily
5748502,,undetermined,MapNA
5748502,,undetermined,MapExactID
5748502,,undetermined,MapExactMatch
5748502,,undetermined,MapLicenseFamily
5486362,,undetermined,MapNA
5486362,,undetermined,MapExactID
5486362,,undetermined,MapExactMatch
5486362,,undetermined,MapLicenseFamily
374560,,undetermined,MapNA
374560,,undetermined,MapExactID
374560,,undetermined,MapExactMatch
374560,,undetermined,MapLicenseFamily
571168,,undetermined,MapNA
571168,,undetermined,MapExactID
6272806,,undetermined,MapNA
6272806,,undetermined,MapExactID
6272806,,undetermined,MapExactMatch
6272806,,undetermined,MapLicenseFamily
6272806,,undetermined,MapFuzzyMatch
571175,,undetermined,MapNA
571175,,undetermined,MapExactID
571175,,undetermined,MapExactMatch
571175,,undetermined,MapLicenseFamily
5420840,,undetermined,MapNA
5420840,,undetermined,MapExactID
5420840,,undetermined,MapExactMatch
5420840,,undetermined,MapLicenseFamily
374572,,undetermined,MapNA
374572,,undetermined,MapExactID
374572,,undetermined,MapExactMatch
374572,,undetermined,MapLicenseFamily
833326,,undetermined,MapNA
833326,,undetermined,MapExactID
833326,,undetermined,MapExactMatch
833326,,undetermined,MapLicenseFamily
833326,,undetermined,MapFuzzyMatch
6207284,,undetermined,MapNA
6207284,,undetermined,MapExactID
6207284,,undetermined,MapExactMatch
6207284,,undetermined,MapLicenseFamily
5027638,,undetermined,MapNA
5027638,,undetermined,MapExactID
5027638,,undetermined,MapExactMatch
5027638,,undetermined,MapLicenseFamily
1423160,,undetermined,MapNA
1423160,,undetermined,MapExactID
1423160,,undetermined,MapExactMatch
1423160,,undetermined,MapLicenseFamily
5027642,,undetermined,MapNA
5027642,,undetermined,MapExactID
5027642,,undetermined,MapExactMatch
5027642,,undetermined,MapLicenseFamily
374594,,undetermined,MapNA
374594,,undetermined,MapExactID
374594,,undetermined,MapExactMatch
374594,,undetermined,MapLicenseFamily
374595,,undetermined,MapNA
374595,,undetermined,MapExactID
374595,,undetermined,MapExactMatch
374595,,undetermined,MapLicenseFamily
2209602,,undetermined,MapNA
2209602,,undetermined,MapExactID
2209602,,undetermined,MapExactMatch
2209602,,undetermined,MapLicenseFamily
833350,,undetermined,MapNA
833350,,undetermined,MapExactID
833350,,undetermined,MapExactMatch
833350,,undetermined,MapLicenseFamily
309065,,undetermined,MapNA
309065,,undetermined,MapExactID
309065,,undetermined,MapExactMatch
309065,,undetermined,MapLicenseFamily
571209,,undetermined,MapNA
571209,,undetermined,MapExactID
571209,,undetermined,MapExactMatch
571209,,undetermined,MapLicenseFamily
2733897,,undetermined,MapNA
2733897,,undetermined,MapExactID
2733897,,undetermined,MapExactMatch
2733897,,undetermined,MapLicenseFamily
2799436,,undetermined,MapNA
2799436,,undetermined,MapExactID
2799436,,undetermined,MapExactMatch
2799436,,undetermined,MapLicenseFamily
5158731,,undetermined,MapNA
5158731,,undetermined,MapExactID
5158731,,undetermined,MapExactMatch
5158731,,undetermined,MapLicenseFamily
2340686,,undetermined,MapNA
2340686,,undetermined,MapExactID
2340686,,undetermined,MapExactMatch
2340686,,undetermined,MapLicenseFamily
2078544,,undetermined,MapNA
2078544,,undetermined,MapExactID
2078544,,undetermined,MapExactMatch
2078544,,undetermined,MapLicenseFamily
2078544,,undetermined,MapFuzzyMatch
5486417,,undetermined,MapNA
5486417,,undetermined,MapExactID
5486417,,undetermined,MapExactMatch
5486417,,undetermined,MapLicenseFamily
1357653,,undetermined,MapNA
2799449,,undetermined,MapNA
2799449,,undetermined,MapExactID
2799449,,undetermined,MapExactMatch
2799449,,undetermined,MapLicenseFamily
3913563,,undetermined,MapNA
3913563,,undetermined,MapExactID
3913563,,undetermined,MapExactMatch
3913563,,undetermined,MapLicenseFamily
7321436,,undetermined,MapNA
7321436,,undetermined,MapExactID
7321436,,undetermined,MapExactMatch
7321436,,undetermined,MapLicenseFamily
7518046,,undetermined,MapNA
7518046,,undetermined,MapExactID
7518046,,undetermined,MapExactMatch
7518046,,undetermined,MapLicenseFamily
1881953,,undetermined,MapNA
1881953,,undetermined,MapExactID
1881953,,undetermined,MapExactMatch
1881953,,undetermined,MapLicenseFamily
1423207,,undetermined,MapNA
1423207,,undetermined,MapExactID
1423207,,undetermined,MapExactMatch
1423207,,undetermined,MapLicenseFamily
6141804,,undetermined,MapNA
6141804,,undetermined,MapExactID
6141804,,undetermined,MapExactMatch
6141804,,undetermined,MapLicenseFamily
4437870,,undetermined,MapNA
4437870,,undetermined,MapExactID
4437870,,undetermined,MapExactMatch
4437870,,undetermined,MapLicenseFamily
5814131,,undetermined,MapNA
5814131,,undetermined,MapExactID
5814131,,undetermined,MapExactMatch
5814131,,undetermined,MapLicenseFamily
2799476,,undetermined,MapNA
2799476,,undetermined,MapExactID
2799476,,undetermined,MapExactMatch
2799476,,undetermined,MapLicenseFamily
7386997,,undetermined,MapNA
7386997,,undetermined,MapExactID
7386997,,undetermined,MapExactMatch
7386997,,undetermined,MapLicenseFamily
6600567,,undetermined,MapNA
6600567,,undetermined,MapExactID
6600567,,undetermined,MapExactMatch
6600567,,undetermined,MapLicenseFamily
7386999,,undetermined,MapNA
7386999,,undetermined,MapExactID
7386999,,undetermined,MapExactMatch
7386999,,undetermined,MapLicenseFamily
2602873,,undetermined,MapNA
2602873,,undetermined,MapExactID
2602873,,undetermined,MapExactMatch
2602873,,undetermined,MapLicenseFamily
2799484,,undetermined,MapNA
2799484,,undetermined,MapExactID
2799484,,undetermined,MapExactMatch
2799484,,undetermined,MapLicenseFamily
3979148,,undetermined,MapNA
3979148,,undetermined,MapExactID
3979148,,undetermined,MapExactMatch
3979148,,undetermined,MapLicenseFamily
7059341,,undetermined,MapNA
7059341,,undetermined,MapExactID
7059341,,undetermined,MapExactMatch
7059341,,undetermined,MapLicenseFamily
1161102,,undetermined,MapNA
1161102,,undetermined,MapExactID
1161102,,undetermined,MapExactMatch
1685392,,undetermined,MapNA
1685392,,undetermined,MapExactID
1685392,,undetermined,MapExactMatch
1685392,,undetermined,MapLicenseFamily
1685392,,undetermined,MapFuzzyMatch
6010768,,undetermined,MapNA
6010768,,undetermined,MapExactID
6010768,,undetermined,MapExactMatch
6010768,,undetermined,MapLicenseFamily
6010768,,undetermined,MapFuzzyMatch
7387029,,undetermined,MapNA
7387029,,undetermined,MapExactID
7387029,,undetermined,MapExactMatch
7387029,,undetermined,MapLicenseFamily
3585947,,undetermined,MapNA
3585947,,undetermined,MapExactID
3585947,,undetermined,MapExactMatch
3585947,,undetermined,MapLicenseFamily
309152,,undetermined,MapNA
309152,,undetermined,MapExactID
309152,,undetermined,MapExactMatch
309152,,undetermined,MapLicenseFamily
2275238,,undetermined,MapNA
2275238,,undetermined,MapExactID
2275238,,undetermined,MapExactMatch
2275238,,undetermined,MapLicenseFamily
2930601,,undetermined,MapNA
2930601,,undetermined,MapExactID
2930601,,undetermined,MapExactMatch
2930601,,undetermined,MapLicenseFamily
2930601,,undetermined,MapFuzzyMatch
3454896,,undetermined,MapNA
3454896,,undetermined,MapExactID
3454896,,undetermined,MapExactMatch
3454896,,undetermined,MapLicenseFamily
1030065,,undetermined,MapNA
1030065,,undetermined,MapExactID
1030068,,undetermined,MapNA
1030068,,undetermined,MapExactID
1030068,,undetermined,MapExactMatch
1030068,,undetermined,MapLicenseFamily
2013110,,undetermined,MapNA
2013110,,undetermined,MapExactID
2013110,,undetermined,MapExactMatch
2013110,,undetermined,MapLicenseFamily
1619902,,undetermined,MapNA
1619902,,undetermined,MapExactID
1619902,,undetermined,MapExactMatch
1619902,,undetermined,MapLicenseFamily
833473,,undetermined,MapNA
833473,,undetermined,MapExactID
833473,,undetermined,MapExactMatch
833473,,undetermined,MapLicenseFamily
3520449,,undetermined,MapNA
3520449,,undetermined,MapExactID
3520449,,undetermined,MapExactMatch
3520449,,undetermined,MapLicenseFamily
3520452,,undetermined,MapNA
3520452,,undetermined,MapExactID
3520452,,undetermined,MapExactMatch
3520452,,undetermined,MapLicenseFamily
3520453,,undetermined,MapNA
3520453,,undetermined,MapExactID
3520453,,undetermined,MapExactMatch
3520453,,undetermined,MapLicenseFamily
3520457,,undetermined,MapNA
3520457,,undetermined,MapExactID
3520457,,undetermined,MapExactMatch
3520457,,undetermined,MapLicenseFamily
4962251,,undetermined,MapNA
4962251,,undetermined,MapExactID
4962251,,undetermined,MapExactMatch
4962251,,undetermined,MapLicenseFamily
5552080,,undetermined,MapNA
5552080,,undetermined,MapExactID
5552080,,undetermined,MapExactMatch
5552080,,undetermined,MapLicenseFamily
5552092,,undetermined,MapNA
5552092,,undetermined,MapExactID
5552092,,undetermined,MapExactMatch
5552092,,undetermined,MapLicenseFamily
243679,,undetermined,MapNA
243679,,undetermined,MapExactID
243679,,undetermined,MapExactMatch
243679,,undetermined,MapLicenseFamily
4962271,,undetermined,MapNA
4962271,,undetermined,MapExactID
4962271,,undetermined,MapExactMatch
4962271,,undetermined,MapLicenseFamily
2799590,,undetermined,MapNA
2799590,,undetermined,MapExactID
2799590,,undetermined,MapExactMatch
2799590,,undetermined,MapLicenseFamily
2930662,,undetermined,MapNA
2930662,,undetermined,MapExactID
2930662,,undetermined,MapExactMatch
2930662,,undetermined,MapLicenseFamily
178153,,undetermined,MapNA
178153,,undetermined,MapExactID
178153,,undetermined,MapExactMatch
178153,,undetermined,MapLicenseFamily
5617646,,undetermined,MapNA
5617646,,undetermined,MapExactID
5617646,,undetermined,MapExactMatch
5617646,,undetermined,MapLicenseFamily
7059440,,undetermined,MapNA
6469620,,undetermined,MapNA
6469620,,undetermined,MapExactID
6469620,,undetermined,MapExactMatch
6469620,,undetermined,MapLicenseFamily
5421045,,undetermined,MapNA
5421045,,undetermined,MapExactID
5421045,,undetermined,MapExactMatch
5421045,,undetermined,MapLicenseFamily
7059444,,undetermined,MapNA
7059444,,undetermined,MapExactID
7059444,,undetermined,MapExactMatch
7059444,,undetermined,MapLicenseFamily
178171,,undetermined,MapNA
178171,,undetermined,MapExactID
178171,,undetermined,MapExactMatch
178171,,undetermined,MapLicenseFamily
47102,,undetermined,MapNA
47102,,undetermined,MapExactID
47102,,undetermined,MapExactMatch
47102,,undetermined,MapLicenseFamily
7518211,,undetermined,MapNA
7518211,,undetermined,MapExactID
7518211,,undetermined,MapExactMatch
7518211,,undetermined,MapLicenseFamily
6469636,,undetermined,MapNA
6469636,,undetermined,MapExactID
6469636,,undetermined,MapExactMatch
6469636,,undetermined,MapLicenseFamily
3061766,,undetermined,MapNA
3061766,,undetermined,MapExactID
3061766,,undetermined,MapExactMatch
3061766,,undetermined,MapLicenseFamily
833546,,undetermined,MapNA
833546,,undetermined,MapExactID
833546,,undetermined,MapExactMatch
833546,,undetermined,MapLicenseFamily
4962319,,undetermined,MapNA
4962319,,undetermined,MapExactID
4962319,,undetermined,MapExactMatch
4962319,,undetermined,MapLicenseFamily
2471953,,undetermined,MapNA
2471953,,undetermined,MapExactID
2471953,,undetermined,MapExactMatch
2471953,,undetermined,MapLicenseFamily
3061780,,undetermined,MapNA
3061780,,undetermined,MapExactID
3061780,,undetermined,MapExactMatch
3061780,,undetermined,MapLicenseFamily
768021,,undetermined,MapNA
768021,,undetermined,MapExactID
768021,,undetermined,MapExactMatch
768021,,undetermined,MapLicenseFamily
768021,,undetermined,MapFuzzyMatch
6600727,,undetermined,MapNA
6600727,,undetermined,MapExactID
6600727,,undetermined,MapExactMatch
6600727,,undetermined,MapLicenseFamily
768024,,undetermined,MapNA
768024,,undetermined,MapExactID
768024,,undetermined,MapExactMatch
768024,,undetermined,MapLicenseFamily
768024,,undetermined,MapFuzzyMatch
5945371,,undetermined,MapNA
5945371,,undetermined,MapExactID
5945371,,undetermined,MapExactMatch
5945371,,undetermined,MapLicenseFamily
833573,,undetermined,MapNA
833573,,undetermined,MapExactID
833573,,undetermined,MapExactMatch
833573,,undetermined,MapLicenseFamily
309291,,undetermined,MapNA
309291,,undetermined,MapExactID
309291,,undetermined,MapExactMatch
309291,,undetermined,MapLicenseFamily
1816623,,undetermined,MapNA
1816623,,undetermined,MapExactID
1816623,,undetermined,MapExactMatch
1816623,,undetermined,MapLicenseFamily
243764,,undetermined,MapNA
243764,,undetermined,MapExactID
243764,,undetermined,MapExactMatch
243764,,undetermined,MapLicenseFamily
243764,,undetermined,MapFuzzyMatch
3520564,,undetermined,MapNA
3520564,,undetermined,MapExactID
3520564,,undetermined,MapExactMatch
3520564,,undetermined,MapLicenseFamily
5093431,,undetermined,MapNA
5093431,,undetermined,MapExactID
5093431,,undetermined,MapExactMatch
5093431,,undetermined,MapLicenseFamily
5027896,,undetermined,MapNA
5027896,,undetermined,MapExactID
5027896,,undetermined,MapExactMatch
5027896,,undetermined,MapLicenseFamily
309306,,undetermined,MapNA
309306,,undetermined,MapExactID
309306,,undetermined,MapExactMatch
309306,,undetermined,MapLicenseFamily
2340923,,undetermined,MapNA
2340923,,undetermined,MapExactID
2340923,,undetermined,MapExactMatch
2340923,,undetermined,MapLicenseFamily
112704,,undetermined,MapNA
112704,,undetermined,MapExactID
112704,,undetermined,MapExactMatch
112704,,undetermined,MapLicenseFamily
440384,,undetermined,MapNA
440384,,undetermined,MapExactID
440384,,undetermined,MapExactMatch
440384,,undetermined,MapLicenseFamily
374850,,undetermined,MapNA
374850,,undetermined,MapExactID
374850,,undetermined,MapExactMatch
374850,,undetermined,MapLicenseFamily
374850,,undetermined,MapFuzzyMatch
571467,,undetermined,MapNA
571467,,undetermined,MapExactID
571467,,undetermined,MapExactMatch
571467,,undetermined,MapLicenseFamily
5945420,,undetermined,MapNA
5945420,,undetermined,MapExactID
5945420,,undetermined,MapExactMatch
5945420,,undetermined,MapLicenseFamily
3913807,,undetermined,MapNA
3913807,,undetermined,MapExactID
3913807,,undetermined,MapExactMatch
3913807,,undetermined,MapLicenseFamily
2930769,,undetermined,MapNA
2930769,,undetermined,MapExactID
2930769,,undetermined,MapExactMatch
2930769,,undetermined,MapLicenseFamily
1620052,,undetermined,MapNA
1620052,,undetermined,MapExactID
1620052,,undetermined,MapExactMatch
1620052,,undetermined,MapLicenseFamily
1882197,,undetermined,MapNA
1882197,,undetermined,MapExactID
1882197,,undetermined,MapExactMatch
1882197,,undetermined,MapLicenseFamily
1882197,,undetermined,MapFuzzyMatch
4044887,,undetermined,MapNA
4044887,,undetermined,MapExactID
4044887,,undetermined,MapExactMatch
4044887,,undetermined,MapLicenseFamily
3127393,,undetermined,MapNA
3127393,,undetermined,MapExactID
3127393,,undetermined,MapExactMatch
3127393,,undetermined,MapLicenseFamily
3127393,,undetermined,MapFuzzyMatch
2013285,,undetermined,MapNA
2013285,,undetermined,MapExactID
2013285,,undetermined,MapExactMatch
2013285,,undetermined,MapLicenseFamily
2996325,,undetermined,MapNA
2996325,,undetermined,MapExactID
2996325,,undetermined,MapExactMatch
2996325,,undetermined,MapLicenseFamily
571495,,undetermined,MapNA
571495,,undetermined,MapExactID
571495,,undetermined,MapExactMatch
571495,,undetermined,MapLicenseFamily
3520614,,undetermined,MapNA
3520614,,undetermined,MapExactID
3520614,,undetermined,MapExactMatch
3520614,,undetermined,MapLicenseFamily
5027944,,undetermined,MapNA
5027944,,undetermined,MapExactID
5027944,,undetermined,MapExactMatch
5027944,,undetermined,MapLicenseFamily
6207595,,undetermined,MapNA
6207595,,undetermined,MapExactID
6207595,,undetermined,MapExactMatch
6207595,,undetermined,MapLicenseFamily
47213,,undetermined,MapNA
47213,,undetermined,MapExactID
47213,,undetermined,MapExactMatch
47213,,undetermined,MapLicenseFamily
1620077,,undetermined,MapNA
1620077,,undetermined,MapExactID
1620077,,undetermined,MapExactMatch
1620077,,undetermined,MapLicenseFamily
47216,,undetermined,MapNA
47216,,undetermined,MapExactID
47216,,undetermined,MapExactMatch
47216,,undetermined,MapLicenseFamily
3651705,,undetermined,MapNA
3651705,,undetermined,MapExactID
3651705,,undetermined,MapExactMatch
3651705,,undetermined,MapLicenseFamily
4569210,,undetermined,MapNA
4569210,,undetermined,MapExactID
4569210,,undetermined,MapExactMatch
4569210,,undetermined,MapLicenseFamily
4569210,,undetermined,MapFuzzyMatch
3979389,,undetermined,MapNA
3979389,,undetermined,MapExactID
3979389,,undetermined,MapExactMatch
3979389,,undetermined,MapLicenseFamily
5879944,,undetermined,MapNA
5879944,,undetermined,MapExactID
5879944,,undetermined,MapExactMatch
5879944,,undetermined,MapLicenseFamily
3520650,,undetermined,MapNA
3520650,,undetermined,MapExactID
3520650,,undetermined,MapExactMatch
3520650,,undetermined,MapLicenseFamily
2537621,,undetermined,MapNA
2537621,,undetermined,MapExactID
2537621,,undetermined,MapExactMatch
2537621,,undetermined,MapLicenseFamily
2537623,,undetermined,MapNA
2537623,,undetermined,MapExactID
2537623,,undetermined,MapExactMatch
2537623,,undetermined,MapLicenseFamily
5421209,,undetermined,MapNA
5421209,,undetermined,MapExactID
5421209,,undetermined,MapExactMatch
5421209,,undetermined,MapLicenseFamily
5421209,,undetermined,MapFuzzyMatch
5879964,,undetermined,MapNA
5879964,,undetermined,MapExactID
5879964,,undetermined,MapExactMatch
5879964,,undetermined,MapLicenseFamily
2799790,,undetermined,MapNA
2799790,,undetermined,MapExactID
2799790,,undetermined,MapExactMatch
2799790,,undetermined,MapLicenseFamily
2799790,,undetermined,MapFuzzyMatch
2930863,,undetermined,MapNA
2930863,,undetermined,MapExactID
2930863,,undetermined,MapExactMatch
2930863,,undetermined,MapLicenseFamily
2930863,,undetermined,MapFuzzyMatch
3520693,,undetermined,MapNA
3520693,,undetermined,MapExactID
3520693,,undetermined,MapExactMatch
3520693,,undetermined,MapLicenseFamily
3586229,,undetermined,MapNA
3586229,,undetermined,MapExactID
3586229,,undetermined,MapExactMatch
3586229,,undetermined,MapLicenseFamily
7059639,,undetermined,MapNA
7059639,,undetermined,MapExactID
7059639,,undetermined,MapExactMatch
7059639,,undetermined,MapLicenseFamily
7059639,,undetermined,MapFuzzyMatch
5617853,,undetermined,MapNA
5617853,,undetermined,MapExactID
5617853,,undetermined,MapExactMatch
5617853,,undetermined,MapLicenseFamily
2930880,,undetermined,MapNA
2930880,,undetermined,MapExactID
2930880,,undetermined,MapExactMatch
2930880,,undetermined,MapLicenseFamily
2013377,,undetermined,MapNA
2013377,,undetermined,MapExactID
2013377,,undetermined,MapExactMatch
2013377,,undetermined,MapLicenseFamily
178370,,undetermined,MapNA
178370,,undetermined,MapExactID
178370,,undetermined,MapExactMatch
178370,,undetermined,MapLicenseFamily
4569281,,undetermined,MapNA
4569281,,undetermined,MapExactID
4569281,,undetermined,MapExactMatch
4569281,,undetermined,MapLicenseFamily
6207682,,undetermined,MapNA
6207682,,undetermined,MapExactID
6207682,,undetermined,MapExactMatch
6207682,,undetermined,MapLicenseFamily
3061961,,undetermined,MapNA
3061961,,undetermined,MapExactID
3061961,,undetermined,MapExactMatch
3061961,,undetermined,MapLicenseFamily
3782859,,undetermined,MapNA
506067,,undetermined,MapNA
506067,,undetermined,MapExactID
506067,,undetermined,MapExactMatch
506067,,undetermined,MapLicenseFamily
7583958,,undetermined,MapNA
7583958,,undetermined,MapExactID
7583958,,undetermined,MapExactMatch
7583958,,undetermined,MapLicenseFamily
3520730,,undetermined,MapNA
3520730,,undetermined,MapExactID
3520730,,undetermined,MapExactMatch
3520730,,undetermined,MapLicenseFamily
3520734,,undetermined,MapNA
3520734,,undetermined,MapExactID
3520734,,undetermined,MapExactMatch
3520734,,undetermined,MapLicenseFamily
7583969,,undetermined,MapNA
7583969,,undetermined,MapExactID
7583969,,undetermined,MapExactMatch
7583969,,undetermined,MapLicenseFamily
1620206,,undetermined,MapNA
1620206,,undetermined,MapExactID
1620206,,undetermined,MapExactMatch
1620206,,undetermined,MapLicenseFamily
5093617,,undetermined,MapNA
5093617,,undetermined,MapExactID
5093617,,undetermined,MapExactMatch
5093617,,undetermined,MapLicenseFamily
2603250,,undetermined,MapNA
2603250,,undetermined,MapExactID
2603250,,undetermined,MapExactMatch
2603250,,undetermined,MapLicenseFamily
2603256,,undetermined,MapNA
2603256,,undetermined,MapExactID
2603256,,undetermined,MapExactMatch
2603256,,undetermined,MapLicenseFamily
2603256,,undetermined,MapFuzzyMatch
506105,,undetermined,MapNA
506105,,undetermined,MapExactID
506105,,undetermined,MapExactMatch
506105,,undetermined,MapLicenseFamily
5617916,,undetermined,MapNA
5617916,,undetermined,MapExactID
5617916,,undetermined,MapExactMatch
5617916,,undetermined,MapLicenseFamily
2799872,,undetermined,MapNA
2799872,,undetermined,MapExactID
2799872,,undetermined,MapExactMatch
2799872,,undetermined,MapLicenseFamily
5617920,,undetermined,MapNA
5617920,,undetermined,MapExactID
5617920,,undetermined,MapExactMatch
5617920,,undetermined,MapLicenseFamily
178434,,undetermined,MapNA
178434,,undetermined,MapExactID
178434,,undetermined,MapExactMatch
178434,,undetermined,MapLicenseFamily
5617922,,undetermined,MapNA
5617922,,undetermined,MapExactID
5617922,,undetermined,MapExactMatch
5617922,,undetermined,MapLicenseFamily
1358085,,undetermined,MapNA
1358085,,undetermined,MapExactID
1358085,,undetermined,MapExactMatch
1358085,,undetermined,MapLicenseFamily
1358085,,undetermined,MapFuzzyMatch
2603289,,undetermined,MapNA
2603289,,undetermined,MapExactID
2603289,,undetermined,MapExactMatch
2603289,,undetermined,MapLicenseFamily
2603289,,undetermined,MapFuzzyMatch
4438301,,undetermined,MapNA
4438301,,undetermined,MapExactID
3455263,,undetermined,MapNA
3455263,,undetermined,MapExactID
3455263,,undetermined,MapExactMatch
3455263,,undetermined,MapLicenseFamily
4897056,,undetermined,MapNA
4897056,,undetermined,MapExactID
4897056,,undetermined,MapExactMatch
4897056,,undetermined,MapLicenseFamily
3389744,,undetermined,MapNA
3389744,,undetermined,MapExactID
5945652,,undetermined,MapNA
5945652,,undetermined,MapExactID
5945652,,undetermined,MapExactMatch
5945652,,undetermined,MapLicenseFamily
5617993,,undetermined,MapNA
5617993,,undetermined,MapExactID
5617993,,undetermined,MapExactMatch
5617993,,undetermined,MapLicenseFamily
1030483,,undetermined,MapNA
1030483,,undetermined,MapExactID
1030483,,undetermined,MapExactMatch
1030483,,undetermined,MapLicenseFamily
375128,,undetermined,MapNA
375128,,undetermined,MapExactID
375128,,undetermined,MapExactMatch
375128,,undetermined,MapLicenseFamily
5159257,,undetermined,MapNA
5159257,,undetermined,MapExactID
5159257,,undetermined,MapExactMatch
5159257,,undetermined,MapLicenseFamily
5159257,,undetermined,MapFuzzyMatch
1423707,,undetermined,MapNA
1423707,,undetermined,MapExactID
1423707,,undetermined,MapExactMatch
1423707,,undetermined,MapLicenseFamily
1423707,,undetermined,MapFuzzyMatch
3455331,,undetermined,MapNA
3455331,,undetermined,MapExactID
3455331,,undetermined,MapExactMatch
3455331,,undetermined,MapLicenseFamily
5224804,,undetermined,MapNA
5224804,,undetermined,MapExactID
5224804,,undetermined,MapExactMatch
5224804,,undetermined,MapLicenseFamily
5290355,,undetermined,MapNA
5290355,,undetermined,MapExactID
5290355,,undetermined,MapExactMatch
5290355,,undetermined,MapLicenseFamily
6207860,,undetermined,MapNA
6207860,,undetermined,MapExactID
6207860,,undetermined,MapExactMatch
6207860,,undetermined,MapLicenseFamily
3062133,,undetermined,MapNA
3062133,,undetermined,MapExactID
3062133,,undetermined,MapExactMatch
3062133,,undetermined,MapLicenseFamily
4438390,,undetermined,MapNA
4438390,,undetermined,MapExactID
4438390,,undetermined,MapExactMatch
4438390,,undetermined,MapLicenseFamily
6470007,,undetermined,MapNA
6470007,,undetermined,MapExactID
6470007,,undetermined,MapExactMatch
6470007,,undetermined,MapLicenseFamily
2210174,,undetermined,MapNA
2210174,,undetermined,MapExactID
2210174,,undetermined,MapExactMatch
2210174,,undetermined,MapLicenseFamily
3455359,,undetermined,MapNA
3455359,,undetermined,MapExactID
3455359,,undetermined,MapExactMatch
3455359,,undetermined,MapLicenseFamily
47493,,undetermined,MapNA
47493,,undetermined,MapExactID
47493,,undetermined,MapExactMatch
47493,,undetermined,MapLicenseFamily
3193221,,undetermined,MapNA
3193221,,undetermined,MapExactID
571784,,undetermined,MapNA
571784,,undetermined,MapExactID
571784,,undetermined,MapExactMatch
571784,,undetermined,MapLicenseFamily
571784,,undetermined,MapFuzzyMatch
2931082,,undetermined,MapNA
2931082,,undetermined,MapExactID
2931082,,undetermined,MapExactMatch
2931082,,undetermined,MapLicenseFamily
7649676,,undetermined,MapNA
7649676,,undetermined,MapExactID
7649676,,undetermined,MapExactMatch
7649676,,undetermined,MapLicenseFamily
7649676,,undetermined,MapFuzzyMatch
1882510,,undetermined,MapNA
1882510,,undetermined,MapExactID
1882510,,undetermined,MapExactMatch
1882510,,undetermined,MapLicenseFamily
1882510,,undetermined,MapFuzzyMatch
6076814,,undetermined,MapNA
6076814,,undetermined,MapExactID
6076814,,undetermined,MapExactMatch
6076814,,undetermined,MapLicenseFamily
440725,,undetermined,MapNA
440725,,undetermined,MapExactID
440725,,undetermined,MapExactMatch
440725,,undetermined,MapLicenseFamily
3520928,,undetermined,MapNA
3520928,,undetermined,MapExactID
3520928,,undetermined,MapExactMatch
3520928,,undetermined,MapLicenseFamily
6273441,,undetermined,MapNA
6273441,,undetermined,MapExactID
6273441,,undetermined,MapExactMatch
6273441,,undetermined,MapLicenseFamily
6273441,,undetermined,MapFuzzyMatch
6142371,,undetermined,MapNA
6142371,,undetermined,MapExactID
6142371,,undetermined,MapExactMatch
6142371,,undetermined,MapLicenseFamily
5159332,,undetermined,MapNA
5159332,,undetermined,MapExactID
5159332,,undetermined,MapExactMatch
5159332,,undetermined,MapLicenseFamily
6470054,,undetermined,MapNA
6470054,,undetermined,MapExactID
6470054,,undetermined,MapExactMatch
6470054,,undetermined,MapLicenseFamily
7322023,,undetermined,MapNA
7322023,,undetermined,MapExactID
7322023,,undetermined,MapExactMatch
7322023,,undetermined,MapLicenseFamily
5487021,,undetermined,MapNA
5487021,,undetermined,MapExactID
5487021,,undetermined,MapExactMatch
5487021,,undetermined,MapLicenseFamily
2996655,,undetermined,MapNA
2996655,,undetermined,MapExactID
2996655,,undetermined,MapExactMatch
2996655,,undetermined,MapLicenseFamily
3520954,,undetermined,MapNA
3520954,,undetermined,MapExactID
3520954,,undetermined,MapExactMatch
3520954,,undetermined,MapLicenseFamily
2079164,,undetermined,MapNA
2079164,,undetermined,MapExactID
2079164,,undetermined,MapExactMatch
2079164,,undetermined,MapLicenseFamily
6076862,,undetermined,MapNA
6076862,,undetermined,MapExactID
6076862,,undetermined,MapExactMatch
6076862,,undetermined,MapLicenseFamily
1685951,,undetermined,MapNA
1685951,,undetermined,MapExactID
1685951,,undetermined,MapExactMatch
1685951,,undetermined,MapLicenseFamily
2931137,,undetermined,MapNA
2931137,,undetermined,MapExactID
2931137,,undetermined,MapExactMatch
2931137,,undetermined,MapLicenseFamily
2931137,,undetermined,MapFuzzyMatch
4504002,,undetermined,MapNA
3455427,,undetermined,MapNA
3455427,,undetermined,MapExactID
3455427,,undetermined,MapExactMatch
3455427,,undetermined,MapLicenseFamily
113104,,undetermined,MapNA
113104,,undetermined,MapExactID
113104,,undetermined,MapExactMatch
113104,,undetermined,MapLicenseFamily
113104,,undetermined,MapFuzzyMatch
1030609,,undetermined,MapNA
1030609,,undetermined,MapExactID
1030609,,undetermined,MapExactMatch
1030609,,undetermined,MapLicenseFamily
3062225,,undetermined,MapNA
3062225,,undetermined,MapExactID
3062225,,undetermined,MapExactMatch
3062225,,undetermined,MapLicenseFamily
1030611,,undetermined,MapNA
1030611,,undetermined,MapExactID
1030611,,undetermined,MapExactMatch
1030611,,undetermined,MapLicenseFamily
3520987,,undetermined,MapNA
3520987,,undetermined,MapExactID
3520987,,undetermined,MapExactMatch
3520987,,undetermined,MapLicenseFamily
3127776,,undetermined,MapNA
3127776,,undetermined,MapExactID
3127776,,undetermined,MapExactMatch
3127776,,undetermined,MapLicenseFamily
3127776,,undetermined,MapFuzzyMatch
3455470,,undetermined,MapNA
3455470,,undetermined,MapExactID
3455470,,undetermined,MapExactMatch
3455470,,undetermined,MapLicenseFamily
2341360,,undetermined,MapNA
3062259,,undetermined,MapNA
3062259,,undetermined,MapExactID
3062259,,undetermined,MapExactMatch
3062259,,undetermined,MapLicenseFamily
2537979,,undetermined,MapNA
2537979,,undetermined,MapExactID
2537979,,undetermined,MapExactMatch
2537979,,undetermined,MapLicenseFamily
7059964,,undetermined,MapNA
7059964,,undetermined,MapExactID
7059964,,undetermined,MapExactMatch
7059964,,undetermined,MapLicenseFamily
2800126,,undetermined,MapNA
2800126,,undetermined,MapExactID
2800126,,undetermined,MapExactMatch
2800126,,undetermined,MapLicenseFamily
4241927,,undetermined,MapNA
4241927,,undetermined,MapExactID
1161736,,undetermined,MapNA
1161736,,undetermined,MapExactID
1161736,,undetermined,MapExactMatch
1161736,,undetermined,MapLicenseFamily
3455496,,undetermined,MapNA
3455496,,undetermined,MapExactID
3455496,,undetermined,MapExactMatch
3455496,,undetermined,MapLicenseFamily
2734602,,undetermined,MapNA
2734602,,undetermined,MapExactID
2734602,,undetermined,MapExactMatch
2734602,,undetermined,MapLicenseFamily
5028365,,undetermined,MapNA
5028365,,undetermined,MapExactID
5028365,,undetermined,MapExactMatch
5028365,,undetermined,MapLicenseFamily
1620498,,undetermined,MapNA
1620498,,undetermined,MapExactID
1620498,,undetermined,MapExactMatch
1620498,,undetermined,MapLicenseFamily
440851,,undetermined,MapNA
440851,,undetermined,MapExactID
440851,,undetermined,MapExactMatch
440851,,undetermined,MapLicenseFamily
5093910,,undetermined,MapNA
5093910,,undetermined,MapExactID
5093910,,undetermined,MapExactMatch
5093910,,undetermined,MapLicenseFamily
7059991,,undetermined,MapNA
7059991,,undetermined,MapExactID
7059991,,undetermined,MapExactMatch
7059991,,undetermined,MapLicenseFamily
6208027,,undetermined,MapNA
6208027,,undetermined,MapExactID
6208027,,undetermined,MapExactMatch
6208027,,undetermined,MapLicenseFamily
6208027,,undetermined,MapFuzzyMatch
3979813,,undetermined,MapNA
3979813,,undetermined,MapExactID
3979813,,undetermined,MapExactMatch
3979813,,undetermined,MapLicenseFamily
6076966,,undetermined,MapNA
6076966,,undetermined,MapExactID
6076966,,undetermined,MapExactMatch
6076966,,undetermined,MapLicenseFamily
6076966,,undetermined,MapFuzzyMatch
4110887,,undetermined,MapNA
4110887,,undetermined,MapExactID
4110887,,undetermined,MapExactMatch
4110887,,undetermined,MapLicenseFamily
309804,,undetermined,MapNA
309804,,undetermined,MapExactID
1751596,,undetermined,MapNA
1751596,,undetermined,MapExactID
1751596,,undetermined,MapExactMatch
1751596,,undetermined,MapLicenseFamily
5814828,,undetermined,MapNA
5814828,,undetermined,MapExactID
5814828,,undetermined,MapExactMatch
5814828,,undetermined,MapLicenseFamily
834103,,undetermined,MapNA
834103,,undetermined,MapExactID
834103,,undetermined,MapExactMatch
834103,,undetermined,MapLicenseFamily
4110903,,undetermined,MapNA
4110903,,undetermined,MapExactID
4110903,,undetermined,MapExactMatch
4110903,,undetermined,MapLicenseFamily
4110903,,undetermined,MapFuzzyMatch
3521083,,undetermined,MapNA
3521083,,undetermined,MapExactID
3521083,,undetermined,MapExactMatch
3521083,,undetermined,MapLicenseFamily
5421630,,undetermined,MapNA
5421630,,undetermined,MapExactID
5421630,,undetermined,MapExactMatch
5421630,,undetermined,MapLicenseFamily
571981,,undetermined,MapNA
571981,,undetermined,MapExactID
571981,,undetermined,MapExactMatch
571981,,undetermined,MapLicenseFamily
4110926,,undetermined,MapNA
4110926,,undetermined,MapExactID
4110926,,undetermined,MapExactMatch
4110926,,undetermined,MapLicenseFamily
5159511,,undetermined,MapNA
5159511,,undetermined,MapExactID
5159511,,undetermined,MapExactMatch
5159511,,undetermined,MapLicenseFamily
1030745,,undetermined,MapNA
244318,,undetermined,MapNA
244318,,undetermined,MapExactID
244318,,undetermined,MapExactMatch
244318,,undetermined,MapLicenseFamily
2800228,,undetermined,MapNA
2800228,,undetermined,MapExactID
2800228,,undetermined,MapExactMatch
2800228,,undetermined,MapLicenseFamily
2996837,,undetermined,MapNA
2996837,,undetermined,MapExactID
2996837,,undetermined,MapExactMatch
2996837,,undetermined,MapLicenseFamily
375399,,undetermined,MapNA
375399,,undetermined,MapExactID
375399,,undetermined,MapExactMatch
375399,,undetermined,MapLicenseFamily
5225063,,undetermined,MapNA
5225063,,undetermined,MapExactID
5225063,,undetermined,MapExactMatch
5225063,,undetermined,MapLicenseFamily
5225063,,undetermined,MapFuzzyMatch
2013810,,undetermined,MapNA
2013810,,undetermined,MapExactID
2013810,,undetermined,MapExactMatch
2013810,,undetermined,MapLicenseFamily
2013810,,undetermined,MapFuzzyMatch
7322227,,undetermined,MapNA
7322227,,undetermined,MapExactID
7322227,,undetermined,MapExactMatch
7322227,,undetermined,MapLicenseFamily
7322227,,undetermined,MapFuzzyMatch
6142582,,undetermined,MapNA
6142582,,undetermined,MapExactID
6142582,,undetermined,MapExactMatch
6142582,,undetermined,MapLicenseFamily
6142582,,undetermined,MapFuzzyMatch
2996856,,undetermined,MapNA
2996856,,undetermined,MapExactID
2996856,,undetermined,MapExactMatch
2996856,,undetermined,MapLicenseFamily
7518851,,undetermined,MapNA
7518851,,undetermined,MapExactID
7518851,,undetermined,MapExactMatch
7518851,,undetermined,MapLicenseFamily
375428,,undetermined,MapNA
375428,,undetermined,MapExactID
375428,,undetermined,MapExactMatch
375428,,undetermined,MapLicenseFamily
6470276,,undetermined,MapNA
6470276,,undetermined,MapExactID
6470276,,undetermined,MapExactMatch
6470276,,undetermined,MapLicenseFamily
6470276,,undetermined,MapFuzzyMatch
1161862,,undetermined,MapNA
1161862,,undetermined,MapExactID
1161862,,undetermined,MapExactMatch
1161862,,undetermined,MapLicenseFamily
3062409,,undetermined,MapNA
3062409,,undetermined,MapExactID
3062409,,undetermined,MapExactMatch
3062409,,undetermined,MapLicenseFamily
3062409,,undetermined,MapFuzzyMatch
3062411,,undetermined,MapNA
3062411,,undetermined,MapExactID
3062411,,undetermined,MapExactMatch
3062411,,undetermined,MapLicenseFamily
3062411,,undetermined,MapFuzzyMatch
5683851,,undetermined,MapNA
5683851,,undetermined,MapExactID
5683851,,undetermined,MapExactMatch
5683851,,undetermined,MapLicenseFamily
1030797,,undetermined,MapNA
1030797,,undetermined,MapExactID
1030797,,undetermined,MapExactMatch
1030797,,undetermined,MapLicenseFamily
4045459,,undetermined,MapNA
4045459,,undetermined,MapExactID
4045459,,undetermined,MapExactMatch
4045459,,undetermined,MapLicenseFamily
637588,,undetermined,MapNA
637588,,undetermined,MapExactID
637588,,undetermined,MapExactMatch
637588,,undetermined,MapLicenseFamily
178843,,undetermined,MapNA
178843,,undetermined,MapExactID
6208162,,undetermined,MapNA
6208162,,undetermined,MapExactID
6208162,,undetermined,MapExactMatch
6208162,,undetermined,MapLicenseFamily
3979942,,undetermined,MapNA
3979942,,undetermined,MapExactID
3979942,,undetermined,MapExactMatch
3979942,,undetermined,MapLicenseFamily
2931371,,undetermined,MapNA
2931371,,undetermined,MapExactID
2931371,,undetermined,MapExactMatch
2931371,,undetermined,MapLicenseFamily
1030828,,undetermined,MapNA
1030828,,undetermined,MapExactID
1030828,,undetermined,MapExactMatch
1030828,,undetermined,MapLicenseFamily
3521206,,undetermined,MapNA
3521206,,undetermined,MapExactID
3521206,,undetermined,MapExactMatch
3521206,,undetermined,MapLicenseFamily
2800311,,undetermined,MapNA
2800311,,undetermined,MapExactID
2800311,,undetermined,MapExactMatch
2800311,,undetermined,MapLicenseFamily
4045496,,undetermined,MapNA
4045496,,undetermined,MapExactID
4045496,,undetermined,MapExactMatch
4045496,,undetermined,MapLicenseFamily
3586747,,undetermined,MapNA
3586747,,undetermined,MapExactID
3586747,,undetermined,MapExactMatch
3586747,,undetermined,MapLicenseFamily
178876,,undetermined,MapNA
178876,,undetermined,MapExactID
178876,,undetermined,MapExactMatch
178876,,undetermined,MapLicenseFamily
178876,,undetermined,MapFuzzyMatch
5683901,,undetermined,MapNA
5683901,,undetermined,MapExactID
5683901,,undetermined,MapExactMatch
5683901,,undetermined,MapLicenseFamily
5683901,,undetermined,MapFuzzyMatch
3521216,,undetermined,MapNA
3521216,,undetermined,MapExactID
3521216,,undetermined,MapExactMatch
3521216,,undetermined,MapLicenseFamily
1751745,,undetermined,MapNA
1751745,,undetermined,MapExactID
1751745,,undetermined,MapExactMatch
1751745,,undetermined,MapLicenseFamily
4242114,,undetermined,MapNA
4242114,,undetermined,MapExactID
4242114,,undetermined,MapExactMatch
4242114,,undetermined,MapLicenseFamily
4242114,,undetermined,MapFuzzyMatch
2996936,,undetermined,MapNA
2996936,,undetermined,MapExactID
2996936,,undetermined,MapExactMatch
2996936,,undetermined,MapLicenseFamily
1161929,,undetermined,MapNA
1161929,,undetermined,MapExactID
1161929,,undetermined,MapExactMatch
1161929,,undetermined,MapLicenseFamily
5028555,,undetermined,MapNA
5028555,,undetermined,MapExactID
5028555,,undetermined,MapExactMatch
5028555,,undetermined,MapLicenseFamily
5028555,,undetermined,MapFuzzyMatch
2013900,,undetermined,MapNA
2013900,,undetermined,MapExactID
2013900,,undetermined,MapExactMatch
2013900,,undetermined,MapLicenseFamily
2013900,,undetermined,MapFuzzyMatch
6208208,,undetermined,MapNA
6208208,,undetermined,MapExactID
6208208,,undetermined,MapExactMatch
6208208,,undetermined,MapLicenseFamily
1424085,,undetermined,MapNA
1424085,,undetermined,MapExactID
1424085,,undetermined,MapExactMatch
1424085,,undetermined,MapLicenseFamily
3979992,,undetermined,MapNA
3979992,,undetermined,MapExactID
3979992,,undetermined,MapExactMatch
3979992,,undetermined,MapLicenseFamily
5880542,,undetermined,MapNA
5880542,,undetermined,MapExactID
5880542,,undetermined,MapExactMatch
5880542,,undetermined,MapLicenseFamily
7322340,,undetermined,MapNA
7322340,,undetermined,MapExactID
7322340,,undetermined,MapExactMatch
7322340,,undetermined,MapLicenseFamily
2538219,,undetermined,MapNA
2538219,,undetermined,MapExactID
2538219,,undetermined,MapExactMatch
2538219,,undetermined,MapLicenseFamily
7650027,,undetermined,MapNA
7650027,,undetermined,MapExactID
7650027,,undetermined,MapExactMatch
7650027,,undetermined,MapLicenseFamily
5749487,,undetermined,MapNA
5749487,,undetermined,MapExactID
5749487,,undetermined,MapExactMatch
5749487,,undetermined,MapLicenseFamily
834289,,undetermined,MapNA
7322355,,undetermined,MapNA
7322355,,undetermined,MapExactID
7322355,,undetermined,MapExactMatch
7322355,,undetermined,MapLicenseFamily
768757,,undetermined,MapNA
768757,,undetermined,MapExactID
768757,,undetermined,MapExactMatch
768757,,undetermined,MapLicenseFamily
5421814,,undetermined,MapNA
5421814,,undetermined,MapExactID
5421814,,undetermined,MapExactMatch
5421814,,undetermined,MapLicenseFamily
5421814,,undetermined,MapFuzzyMatch
1424121,,undetermined,MapNA
1424121,,undetermined,MapExactID
1424121,,undetermined,MapExactMatch
1424121,,undetermined,MapLicenseFamily
4111104,,undetermined,MapNA
4111104,,undetermined,MapExactID
4111104,,undetermined,MapExactMatch
4111104,,undetermined,MapLicenseFamily
1424131,,undetermined,MapNA
1424131,,undetermined,MapExactID
1424131,,undetermined,MapExactMatch
1424131,,undetermined,MapLicenseFamily
1424131,,undetermined,MapFuzzyMatch
375558,,undetermined,MapNA
375558,,undetermined,MapExactID
375558,,undetermined,MapExactMatch
375558,,undetermined,MapLicenseFamily
3455756,,undetermined,MapNA
3455756,,undetermined,MapExactID
3455756,,undetermined,MapExactMatch
3455756,,undetermined,MapLicenseFamily
47890,,undetermined,MapNA
47890,,undetermined,MapExactID
47890,,undetermined,MapExactMatch
47890,,undetermined,MapLicenseFamily
3586846,,undetermined,MapNA
3586846,,undetermined,MapExactID
3586846,,undetermined,MapExactMatch
3586846,,undetermined,MapLicenseFamily
2734879,,undetermined,MapNA
2734879,,undetermined,MapExactID
2734879,,undetermined,MapExactMatch
2734879,,undetermined,MapLicenseFamily
637735,,undetermined,MapNA
637735,,undetermined,MapExactID
637735,,undetermined,MapExactMatch
637735,,undetermined,MapLicenseFamily
637735,,undetermined,MapFuzzyMatch
3128103,,undetermined,MapNA
3128103,,undetermined,MapExactID
3128103,,undetermined,MapExactMatch
3128103,,undetermined,MapLicenseFamily
7650091,,undetermined,MapNA
7650091,,undetermined,MapExactID
7650091,,undetermined,MapExactMatch
7650091,,undetermined,MapLicenseFamily
5880627,,undetermined,MapNA
5880627,,undetermined,MapExactID
5880627,,undetermined,MapExactMatch
5880627,,undetermined,MapLicenseFamily
1030967,,undetermined,MapNA
1030967,,undetermined,MapExactID
1030967,,undetermined,MapExactMatch
1030967,,undetermined,MapLicenseFamily
7387963,,undetermined,MapNA
7387963,,undetermined,MapExactID
7387963,,undetermined,MapExactMatch
7387963,,undetermined,MapLicenseFamily
5094205,,undetermined,MapNA
5094205,,undetermined,MapExactID
5094205,,undetermined,MapExactMatch
5094205,,undetermined,MapLicenseFamily
6470465,,undetermined,MapNA
6470465,,undetermined,MapExactID
6470465,,undetermined,MapExactMatch
6470465,,undetermined,MapLicenseFamily
47944,,undetermined,MapNA
768840,,undetermined,MapNA
768840,,undetermined,MapExactID
768840,,undetermined,MapExactMatch
768840,,undetermined,MapLicenseFamily
5749576,,undetermined,MapNA
5749576,,undetermined,MapExactID
5749576,,undetermined,MapExactMatch
5749576,,undetermined,MapLicenseFamily
3652440,,undetermined,MapNA
3652440,,undetermined,MapExactID
3652440,,undetermined,MapExactMatch
3652440,,undetermined,MapLicenseFamily
1162080,,undetermined,MapNA
1162080,,undetermined,MapExactID
1162080,,undetermined,MapExactMatch
1162080,,undetermined,MapLicenseFamily
3455840,,undetermined,MapNA
3455840,,undetermined,MapExactID
3455840,,undetermined,MapExactMatch
3455840,,undetermined,MapLicenseFamily
1751906,,undetermined,MapNA
1751906,,undetermined,MapExactID
1751906,,undetermined,MapExactMatch
1751906,,undetermined,MapLicenseFamily
1751906,,undetermined,MapFuzzyMatch
6339430,,undetermined,MapNA
6339430,,undetermined,MapExactID
6339430,,undetermined,MapExactMatch
6339430,,undetermined,MapLicenseFamily
5421929,,undetermined,MapNA
5421929,,undetermined,MapExactID
5421929,,undetermined,MapExactMatch
5421929,,undetermined,MapLicenseFamily
506732,,undetermined,MapNA
506732,,undetermined,MapExactID
506732,,undetermined,MapExactMatch
506732,,undetermined,MapLicenseFamily
506732,,undetermined,MapFuzzyMatch
310136,,undetermined,MapNA
310136,,undetermined,MapExactID
310136,,undetermined,MapExactMatch
310136,,undetermined,MapLicenseFamily
5159824,,undetermined,MapNA
5159824,,undetermined,MapExactID
5159824,,undetermined,MapExactMatch
5159824,,undetermined,MapLicenseFamily
5159824,,undetermined,MapFuzzyMatch
2997140,,undetermined,MapNA
2997140,,undetermined,MapExactID
2997140,,undetermined,MapExactMatch
2997140,,undetermined,MapLicenseFamily
1751957,,undetermined,MapNA
1751957,,undetermined,MapExactID
1751957,,undetermined,MapExactMatch
1751957,,undetermined,MapLicenseFamily
2800539,,undetermined,MapNA
2800539,,undetermined,MapExactID
2800539,,undetermined,MapExactMatch
2800539,,undetermined,MapLicenseFamily
2800539,,undetermined,MapFuzzyMatch
2866076,,undetermined,MapNA
2866076,,undetermined,MapExactID
2866076,,undetermined,MapExactMatch
2866076,,undetermined,MapLicenseFamily
2931613,,undetermined,MapNA
2931613,,undetermined,MapExactID
2931613,,undetermined,MapExactMatch
2931613,,undetermined,MapLicenseFamily
6601628,,undetermined,MapNA
6601628,,undetermined,MapExactID
6601628,,undetermined,MapExactMatch
6601628,,undetermined,MapLicenseFamily
572324,,undetermined,MapNA
2931622,,undetermined,MapNA
2931622,,undetermined,MapExactID
2931622,,undetermined,MapExactMatch
2931622,,undetermined,MapLicenseFamily
2800552,,undetermined,MapNA
2800552,,undetermined,MapExactID
2800552,,undetermined,MapExactMatch
2800552,,undetermined,MapLicenseFamily
4504496,,undetermined,MapNA
4504496,,undetermined,MapExactID
4504496,,undetermined,MapExactMatch
4504496,,undetermined,MapLicenseFamily
4504496,,undetermined,MapFuzzyMatch
7388080,,undetermined,MapNA
7388080,,undetermined,MapExactID
7388080,,undetermined,MapExactMatch
7388080,,undetermined,MapLicenseFamily
3652536,,undetermined,MapNA
3652536,,undetermined,MapExactID
3652536,,undetermined,MapExactMatch
3652536,,undetermined,MapLicenseFamily
1751998,,undetermined,MapNA
1751998,,undetermined,MapExactID
1358785,,undetermined,MapNA
1358785,,undetermined,MapExactID
1358785,,undetermined,MapExactMatch
1358785,,undetermined,MapLicenseFamily
3849154,,undetermined,MapNA
3849154,,undetermined,MapExactID
3849154,,undetermined,MapExactMatch
3849154,,undetermined,MapLicenseFamily
3849154,,undetermined,MapFuzzyMatch
310221,,undetermined,MapNA
310221,,undetermined,MapExactID
310221,,undetermined,MapExactMatch
310221,,undetermined,MapLicenseFamily
5422035,,undetermined,MapNA
5422035,,undetermined,MapExactID
5422035,,undetermined,MapExactMatch
5422035,,undetermined,MapLicenseFamily
5422035,,undetermined,MapFuzzyMatch
4045794,,undetermined,MapNA
4045794,,undetermined,MapExactID
4045794,,undetermined,MapExactMatch
4045794,,undetermined,MapLicenseFamily
506858,,undetermined,MapNA
506858,,undetermined,MapExactID
506858,,undetermined,MapExactMatch
506858,,undetermined,MapLicenseFamily
3587052,,undetermined,MapNA
3587052,,undetermined,MapExactID
3587052,,undetermined,MapExactMatch
3587052,,undetermined,MapLicenseFamily
6077421,,undetermined,MapNA
6077421,,undetermined,MapExactID
6077421,,undetermined,MapExactMatch
6077421,,undetermined,MapLicenseFamily
2866159,,undetermined,MapNA
2866159,,undetermined,MapExactID
2866159,,undetermined,MapExactMatch
2866159,,undetermined,MapLicenseFamily
3390453,,undetermined,MapNA
3390453,,undetermined,MapExactID
3390453,,undetermined,MapExactMatch
3390453,,undetermined,MapLicenseFamily
5225461,,undetermined,MapNA
5225461,,undetermined,MapExactID
5225461,,undetermined,MapExactMatch
5225461,,undetermined,MapLicenseFamily
6011894,,undetermined,MapNA
6011894,,undetermined,MapExactID
6011894,,undetermined,MapExactMatch
6011894,,undetermined,MapLicenseFamily
6077436,,undetermined,MapNA
6077436,,undetermined,MapExactID
6077436,,undetermined,MapExactMatch
6077436,,undetermined,MapLicenseFamily
6077436,,undetermined,MapFuzzyMatch
3455998,,undetermined,MapNA
3455998,,undetermined,MapExactID
3455998,,undetermined,MapExactMatch
3455998,,undetermined,MapLicenseFamily
4045822,,undetermined,MapNA
4045822,,undetermined,MapExactID
4045822,,undetermined,MapExactMatch
4045822,,undetermined,MapLicenseFamily
5422089,,undetermined,MapNA
5422089,,undetermined,MapExactID
5422089,,undetermined,MapExactMatch
5422089,,undetermined,MapLicenseFamily
5422089,,undetermined,MapFuzzyMatch
7126027,,undetermined,MapNA
7126027,,undetermined,MapExactID
7126027,,undetermined,MapExactMatch
7126027,,undetermined,MapLicenseFamily
310290,,undetermined,MapNA
310290,,undetermined,MapExactID
310290,,undetermined,MapExactMatch
310290,,undetermined,MapLicenseFamily
6470674,,undetermined,MapNA
6470674,,undetermined,MapExactID
6470674,,undetermined,MapExactMatch
6470674,,undetermined,MapLicenseFamily
703510,,undetermined,MapNA
703510,,undetermined,MapExactID
703510,,undetermined,MapExactMatch
703510,,undetermined,MapLicenseFamily
703510,,undetermined,MapFuzzyMatch
2866205,,undetermined,MapNA
2866205,,undetermined,MapExactID
2866205,,undetermined,MapExactMatch
2866205,,undetermined,MapLicenseFamily
2866205,,undetermined,MapFuzzyMatch
310304,,undetermined,MapNA
310304,,undetermined,MapExactID
310304,,undetermined,MapExactMatch
310304,,undetermined,MapLicenseFamily
5684257,,undetermined,MapNA
5684257,,undetermined,MapExactID
5684257,,undetermined,MapExactMatch
5684257,,undetermined,MapLicenseFamily
6077474,,undetermined,MapNA
6077474,,undetermined,MapExactID
6077474,,undetermined,MapExactMatch
6077474,,undetermined,MapLicenseFamily
6077474,,undetermined,MapFuzzyMatch
310308,,undetermined,MapNA
310308,,undetermined,MapExactID
310308,,undetermined,MapExactMatch
310308,,undetermined,MapLicenseFamily
375844,,undetermined,MapNA
375844,,undetermined,MapExactID
375844,,undetermined,MapExactMatch
375844,,undetermined,MapLicenseFamily
506918,,undetermined,MapNA
506918,,undetermined,MapExactID
506918,,undetermined,MapExactMatch
506918,,undetermined,MapLicenseFamily
6077482,,undetermined,MapNA
7060522,,undetermined,MapNA
7060522,,undetermined,MapExactID
7060522,,undetermined,MapExactMatch
7060522,,undetermined,MapLicenseFamily
48172,,undetermined,MapNA
48172,,undetermined,MapExactID
48172,,undetermined,MapExactMatch
48172,,undetermined,MapLicenseFamily
6143021,,undetermined,MapNA
6143021,,undetermined,MapExactID
6143021,,undetermined,MapExactMatch
6143021,,undetermined,MapLicenseFamily
6143021,,undetermined,MapFuzzyMatch
7126065,,undetermined,MapNA
7126065,,undetermined,MapExactID
7126065,,undetermined,MapExactMatch
7126065,,undetermined,MapLicenseFamily
5225522,,undetermined,MapNA
5225522,,undetermined,MapExactID
5225522,,undetermined,MapExactMatch
5225522,,undetermined,MapLicenseFamily
2538566,,undetermined,MapNA
2538566,,undetermined,MapExactID
2538566,,undetermined,MapExactMatch
2538566,,undetermined,MapLicenseFamily
6143054,,undetermined,MapNA
6143054,,undetermined,MapExactID
6143054,,undetermined,MapExactMatch
6143054,,undetermined,MapLicenseFamily
4963407,,undetermined,MapNA
4963407,,undetermined,MapExactID
4963407,,undetermined,MapExactMatch
4963407,,undetermined,MapLicenseFamily
6274129,,undetermined,MapNA
6274129,,undetermined,MapExactID
6274129,,undetermined,MapExactMatch
6274129,,undetermined,MapLicenseFamily
3390547,,undetermined,MapNA
3390547,,undetermined,MapExactID
3390547,,undetermined,MapExactMatch
3390547,,undetermined,MapLicenseFamily
4963415,,undetermined,MapNA
4963415,,undetermined,MapExactID
3652698,,undetermined,MapNA
3652698,,undetermined,MapExactID
3652698,,undetermined,MapExactMatch
3652698,,undetermined,MapLicenseFamily
7322725,,undetermined,MapNA
7322725,,undetermined,MapExactID
7322725,,undetermined,MapExactMatch
7322725,,undetermined,MapLicenseFamily
7322725,,undetermined,MapFuzzyMatch
310376,,undetermined,MapNA
310376,,undetermined,MapExactID
310376,,undetermined,MapExactMatch
310376,,undetermined,MapLicenseFamily
4635760,,undetermined,MapNA
4635760,,undetermined,MapExactID
4635760,,undetermined,MapExactMatch
4635760,,undetermined,MapLicenseFamily
638068,,undetermined,MapNA
638068,,undetermined,MapExactID
638068,,undetermined,MapExactMatch
638068,,undetermined,MapLicenseFamily
5028982,,undetermined,MapNA
5028982,,undetermined,MapExactID
5028982,,undetermined,MapExactMatch
5028982,,undetermined,MapLicenseFamily
5225591,,undetermined,MapNA
5225591,,undetermined,MapExactID
5225591,,undetermined,MapExactMatch
5225591,,undetermined,MapLicenseFamily
48248,,undetermined,MapNA
48248,,undetermined,MapExactID
48248,,undetermined,MapExactMatch
48248,,undetermined,MapLicenseFamily
5618807,,undetermined,MapNA
5618807,,undetermined,MapExactID
5618807,,undetermined,MapExactMatch
5618807,,undetermined,MapLicenseFamily
2145402,,undetermined,MapNA
2145402,,undetermined,MapExactID
2145402,,undetermined,MapExactMatch
2145402,,undetermined,MapLicenseFamily
7388280,,undetermined,MapNA
7388280,,undetermined,MapExactID
7388280,,undetermined,MapExactMatch
7388280,,undetermined,MapLicenseFamily
7388280,,undetermined,MapFuzzyMatch
6208640,,undetermined,MapNA
6208640,,undetermined,MapExactID
6208640,,undetermined,MapExactMatch
6208640,,undetermined,MapLicenseFamily
4570244,,undetermined,MapNA
4570244,,undetermined,MapExactID
4570244,,undetermined,MapExactMatch
4570244,,undetermined,MapLicenseFamily
7650437,,undetermined,MapNA
7650437,,undetermined,MapExactID
7650437,,undetermined,MapExactMatch
7650437,,undetermined,MapLicenseFamily
1031302,,undetermined,MapNA
1031302,,undetermined,MapExactID
1031302,,undetermined,MapExactMatch
1031302,,undetermined,MapLicenseFamily
6077577,,undetermined,MapNA
6077577,,undetermined,MapExactID
6077577,,undetermined,MapExactMatch
6077577,,undetermined,MapLicenseFamily
1752206,,undetermined,MapNA
1752206,,undetermined,MapExactID
1752206,,undetermined,MapExactMatch
1752206,,undetermined,MapLicenseFamily
7584911,,undetermined,MapNA
7584911,,undetermined,MapExactID
7584911,,undetermined,MapExactMatch
7584911,,undetermined,MapLicenseFamily
2604177,,undetermined,MapNA
2604177,,undetermined,MapExactID
2604177,,undetermined,MapExactMatch
2604177,,undetermined,MapLicenseFamily
2669713,,undetermined,MapNA
2669713,,undetermined,MapExactID
2669713,,undetermined,MapExactMatch
2669713,,undetermined,MapLicenseFamily
310422,,undetermined,MapNA
6143128,,undetermined,MapNA
6143128,,undetermined,MapExactID
6143128,,undetermined,MapExactMatch
6143128,,undetermined,MapLicenseFamily
441497,,undetermined,MapNA
441497,,undetermined,MapExactID
441497,,undetermined,MapExactMatch
441497,,undetermined,MapLicenseFamily
441497,,undetermined,MapFuzzyMatch
638108,,undetermined,MapNA
638108,,undetermined,MapExactID
638108,,undetermined,MapExactMatch
638108,,undetermined,MapLicenseFamily
7584925,,undetermined,MapNA
7584925,,undetermined,MapExactID
7584925,,undetermined,MapExactMatch
7584925,,undetermined,MapLicenseFamily
7584925,,undetermined,MapFuzzyMatch
48287,,undetermined,MapNA
48287,,undetermined,MapExactID
48287,,undetermined,MapExactMatch
48287,,undetermined,MapLicenseFamily
2669729,,undetermined,MapNA
2669729,,undetermined,MapExactID
2669729,,undetermined,MapExactMatch
2669729,,undetermined,MapLicenseFamily
48290,,undetermined,MapNA
48290,,undetermined,MapExactID
48290,,undetermined,MapExactMatch
48290,,undetermined,MapLicenseFamily
4045985,,undetermined,MapNA
4045985,,undetermined,MapExactID
4045985,,undetermined,MapExactMatch
4045985,,undetermined,MapLicenseFamily
5815457,,undetermined,MapNA
5815457,,undetermined,MapExactID
5815457,,undetermined,MapExactMatch
5815457,,undetermined,MapLicenseFamily
834747,,undetermined,MapNA
834747,,undetermined,MapExactID
834747,,undetermined,MapExactMatch
834747,,undetermined,MapLicenseFamily
6208709,,undetermined,MapNA
6208709,,undetermined,MapExactID
6208709,,undetermined,MapExactMatch
6208709,,undetermined,MapLicenseFamily
310476,,undetermined,MapNA
310476,,undetermined,MapExactID
310476,,undetermined,MapExactMatch
310476,,undetermined,MapLicenseFamily
310476,,undetermined,MapFuzzyMatch
5029071,,undetermined,MapNA
310488,,undetermined,MapNA
310488,,undetermined,MapExactID
310488,,undetermined,MapExactMatch
310488,,undetermined,MapLicenseFamily
310488,,undetermined,MapFuzzyMatch
4242653,,undetermined,MapNA
4242653,,undetermined,MapExactID
4242653,,undetermined,MapExactMatch
4242653,,undetermined,MapLicenseFamily
4242653,,undetermined,MapFuzzyMatch
1817836,,undetermined,MapNA
1817836,,undetermined,MapExactID
1817836,,undetermined,MapExactMatch
1817836,,undetermined,MapLicenseFamily
5553390,,undetermined,MapNA
5553390,,undetermined,MapExactID
5553390,,undetermined,MapExactMatch
5553390,,undetermined,MapLicenseFamily
5553390,,undetermined,MapFuzzyMatch
4046074,,undetermined,MapNA
4046074,,undetermined,MapExactID
4046074,,undetermined,MapExactMatch
4046074,,undetermined,MapLicenseFamily
5750010,,undetermined,MapNA
5750010,,undetermined,MapExactID
5750010,,undetermined,MapExactMatch
5750010,,undetermined,MapLicenseFamily
834812,,undetermined,MapNA
834812,,undetermined,MapExactID
834812,,undetermined,MapExactMatch
834812,,undetermined,MapLicenseFamily
6077692,,undetermined,MapNA
6077692,,undetermined,MapExactID
6077692,,undetermined,MapExactMatch
6077692,,undetermined,MapLicenseFamily
3849470,,undetermined,MapNA
3849470,,undetermined,MapExactID
3849470,,undetermined,MapExactMatch
3849470,,undetermined,MapLicenseFamily
6470906,,undetermined,MapNA
6470906,,undetermined,MapExactID
6470906,,undetermined,MapExactMatch
6470906,,undetermined,MapLicenseFamily
48384,,undetermined,MapNA
48384,,undetermined,MapExactID
48384,,undetermined,MapExactMatch
48384,,undetermined,MapLicenseFamily
2800903,,undetermined,MapNA
2800903,,undetermined,MapExactID
2800903,,undetermined,MapExactMatch
2800903,,undetermined,MapLicenseFamily
2800903,,undetermined,MapFuzzyMatch
6143242,,undetermined,MapNA
6143242,,undetermined,MapExactID
6143242,,undetermined,MapExactMatch
6143242,,undetermined,MapLicenseFamily
5029131,,undetermined,MapNA
5029131,,undetermined,MapExactID
5029131,,undetermined,MapExactMatch
5029131,,undetermined,MapLicenseFamily
3521804,,undetermined,MapNA
3521804,,undetermined,MapExactID
3521804,,undetermined,MapExactMatch
3521804,,undetermined,MapLicenseFamily
1424660,,undetermined,MapNA
1424660,,undetermined,MapExactID
1424660,,undetermined,MapExactMatch
1424660,,undetermined,MapLicenseFamily
1424660,,undetermined,MapFuzzyMatch
1031459,,undetermined,MapNA
1031459,,undetermined,MapExactID
1031459,,undetermined,MapExactMatch
1031459,,undetermined,MapLicenseFamily
2866480,,undetermined,MapNA
2866480,,undetermined,MapExactID
2866480,,undetermined,MapExactMatch
2866480,,undetermined,MapLicenseFamily
4111666,,undetermined,MapNA
4111666,,undetermined,MapExactID
4111666,,undetermined,MapExactMatch
4111666,,undetermined,MapLicenseFamily
4111668,,undetermined,MapNA
4111668,,undetermined,MapExactID
4111668,,undetermined,MapExactMatch
4111668,,undetermined,MapLicenseFamily
2800951,,undetermined,MapNA
2800951,,undetermined,MapExactID
2800951,,undetermined,MapExactMatch
2800951,,undetermined,MapLicenseFamily
2997559,,undetermined,MapNA
2997559,,undetermined,MapExactID
2997559,,undetermined,MapExactMatch
2997559,,undetermined,MapLicenseFamily
638271,,undetermined,MapNA
638271,,undetermined,MapExactID
638271,,undetermined,MapExactMatch
2800961,,undetermined,MapNA
2800961,,undetermined,MapExactID
2800961,,undetermined,MapExactMatch
2800961,,undetermined,MapLicenseFamily
1031491,,undetermined,MapNA
1031491,,undetermined,MapExactID
1031491,,undetermined,MapExactMatch
1031491,,undetermined,MapLicenseFamily
1031491,,undetermined,MapFuzzyMatch
7126342,,undetermined,MapNA
7126342,,undetermined,MapExactID
7126342,,undetermined,MapExactMatch
7126342,,undetermined,MapLicenseFamily
245064,,undetermined,MapNA
245064,,undetermined,MapExactID
245064,,undetermined,MapExactMatch
245064,,undetermined,MapLicenseFamily
1031502,,undetermined,MapNA
1031502,,undetermined,MapExactID
1031502,,undetermined,MapExactMatch
1031502,,undetermined,MapLicenseFamily
638311,,undetermined,MapNA
638311,,undetermined,MapExactID
638311,,undetermined,MapExactMatch
638311,,undetermined,MapLicenseFamily
3849579,,undetermined,MapNA
3849579,,undetermined,MapExactID
3849579,,undetermined,MapExactMatch
3849579,,undetermined,MapLicenseFamily
3521904,,undetermined,MapNA
3521904,,undetermined,MapExactID
3521904,,undetermined,MapExactMatch
3521904,,undetermined,MapLicenseFamily
3128694,,undetermined,MapNA
3128694,,undetermined,MapExactID
3128694,,undetermined,MapExactMatch
3128694,,undetermined,MapLicenseFamily
3915128,,undetermined,MapNA
3915128,,undetermined,MapExactID
3915128,,undetermined,MapExactMatch
3915128,,undetermined,MapLicenseFamily
5815676,,undetermined,MapNA
5815676,,undetermined,MapExactID
5815676,,undetermined,MapExactMatch
5815676,,undetermined,MapLicenseFamily
5815676,,undetermined,MapFuzzyMatch
5881212,,undetermined,MapNA
5881212,,undetermined,MapExactID
5881212,,undetermined,MapExactMatch
5881212,,undetermined,MapLicenseFamily
6667646,,undetermined,MapNA
6667646,,undetermined,MapExactID
6667646,,undetermined,MapExactMatch
6667646,,undetermined,MapLicenseFamily
6667646,,undetermined,MapFuzzyMatch
5881218,,undetermined,MapNA
5881218,,undetermined,MapExactID
5881218,,undetermined,MapExactMatch
5881218,,undetermined,MapLicenseFamily
2473349,,undetermined,MapNA
2473349,,undetermined,MapExactID
2473349,,undetermined,MapExactMatch
2473349,,undetermined,MapLicenseFamily
3325321,,undetermined,MapNA
3325321,,undetermined,MapExactID
3325321,,undetermined,MapExactMatch
3325321,,undetermined,MapLicenseFamily
48529,,undetermined,MapNA
48529,,undetermined,MapExactID
48529,,undetermined,MapExactMatch
48529,,undetermined,MapLicenseFamily
48529,,undetermined,MapFuzzyMatch
3980704,,undetermined,MapNA
3980704,,undetermined,MapExactID
3980704,,undetermined,MapExactMatch
3980704,,undetermined,MapLicenseFamily
5160356,,undetermined,MapNA
5160356,,undetermined,MapExactID
5160356,,undetermined,MapExactMatch
5160356,,undetermined,MapLicenseFamily
4111782,,undetermined,MapNA
4111782,,undetermined,MapExactID
4111782,,undetermined,MapExactMatch
4111782,,undetermined,MapLicenseFamily
4111782,,undetermined,MapFuzzyMatch
7126439,,undetermined,MapNA
7126439,,undetermined,MapExactID
7126439,,undetermined,MapExactMatch
7126439,,undetermined,MapLicenseFamily
179625,,undetermined,MapNA
179625,,undetermined,MapExactID
179625,,undetermined,MapExactMatch
179625,,undetermined,MapLicenseFamily
179625,,undetermined,MapFuzzyMatch
5815726,,undetermined,MapNA
5815726,,undetermined,MapExactID
5815726,,undetermined,MapExactMatch
5815726,,undetermined,MapLicenseFamily
7519667,,undetermined,MapNA
7519667,,undetermined,MapExactID
7519667,,undetermined,MapExactMatch
7519667,,undetermined,MapLicenseFamily
7519667,,undetermined,MapFuzzyMatch
1883574,,undetermined,MapNA
1883574,,undetermined,MapExactID
1883574,,undetermined,MapExactMatch
1883574,,undetermined,MapLicenseFamily
1359287,,undetermined,MapNA
1818041,,undetermined,MapNA
1818041,,undetermined,MapExactID
1818041,,undetermined,MapExactMatch
1818041,,undetermined,MapLicenseFamily
2211258,,undetermined,MapNA
2211258,,undetermined,MapExactID
2211258,,undetermined,MapExactMatch
2211258,,undetermined,MapLicenseFamily
1031612,,undetermined,MapNA
1031612,,undetermined,MapExactID
1031612,,undetermined,MapExactMatch
1031612,,undetermined,MapLicenseFamily
7519678,,undetermined,MapNA
7519678,,undetermined,MapExactID
7519678,,undetermined,MapExactMatch
7519678,,undetermined,MapLicenseFamily
48579,,undetermined,MapNA
48579,,undetermined,MapExactID
48579,,undetermined,MapExactMatch
48579,,undetermined,MapLicenseFamily
5815753,,undetermined,MapNA
5815753,,undetermined,MapExactID
5815753,,undetermined,MapExactMatch
5815753,,undetermined,MapLicenseFamily
6143439,,undetermined,MapNA
6143439,,undetermined,MapExactID
6143439,,undetermined,MapExactMatch
6143439,,undetermined,MapLicenseFamily
7585238,,undetermined,MapNA
7585238,,undetermined,MapExactID
7585238,,undetermined,MapExactMatch
7585238,,undetermined,MapLicenseFamily
1818078,,undetermined,MapNA
1818078,,undetermined,MapExactID
1818078,,undetermined,MapExactMatch
1818078,,undetermined,MapLicenseFamily
3522026,,undetermined,MapNA
3522026,,undetermined,MapExactID
3522026,,undetermined,MapExactMatch
3522026,,undetermined,MapLicenseFamily
310774,,undetermined,MapNA
310774,,undetermined,MapExactID
310774,,undetermined,MapExactMatch
310774,,undetermined,MapLicenseFamily
5553663,,undetermined,MapNA
5553663,,undetermined,MapExactID
5553663,,undetermined,MapExactMatch
5553663,,undetermined,MapLicenseFamily
7585288,,undetermined,MapNA
7585288,,undetermined,MapExactID
7585288,,undetermined,MapExactMatch
7585288,,undetermined,MapLicenseFamily
5160457,,undetermined,MapNA
5160457,,undetermined,MapExactID
5160457,,undetermined,MapExactMatch
5160457,,undetermined,MapLicenseFamily
5160457,,undetermined,MapFuzzyMatch
5619219,,undetermined,MapNA
5619219,,undetermined,MapExactID
5619219,,undetermined,MapExactMatch
5619219,,undetermined,MapLicenseFamily
5619219,,undetermined,MapFuzzyMatch
2604564,,undetermined,MapNA
2604564,,undetermined,MapExactID
2604564,,undetermined,MapExactMatch
2604564,,undetermined,MapLicenseFamily
7585299,,undetermined,MapNA
7585299,,undetermined,MapExactID
7585299,,undetermined,MapExactMatch
7585299,,undetermined,MapLicenseFamily
114200,,undetermined,MapNA
114200,,undetermined,MapExactID
114200,,undetermined,MapExactMatch
114200,,undetermined,MapLicenseFamily
5946913,,undetermined,MapNA
5946913,,undetermined,MapExactID
5946913,,undetermined,MapExactMatch
5946913,,undetermined,MapLicenseFamily
1883682,,undetermined,MapNA
1883682,,undetermined,MapExactID
1883682,,undetermined,MapExactMatch
1883682,,undetermined,MapLicenseFamily
2604578,,undetermined,MapNA
2604578,,undetermined,MapExactID
2604578,,undetermined,MapExactMatch
2604578,,undetermined,MapLicenseFamily
4570658,,undetermined,MapNA
4570658,,undetermined,MapExactID
4570658,,undetermined,MapExactMatch
4570658,,undetermined,MapLicenseFamily
1031719,,undetermined,MapNA
1031719,,undetermined,MapExactID
1031719,,undetermined,MapExactMatch
1031719,,undetermined,MapLicenseFamily
5946920,,undetermined,MapNA
5946920,,undetermined,MapExactID
5946920,,undetermined,MapExactMatch
5946920,,undetermined,MapLicenseFamily
4832815,,undetermined,MapNA
4832815,,undetermined,MapExactID
4832815,,undetermined,MapExactMatch
4832815,,undetermined,MapLicenseFamily
114225,,undetermined,MapNA
114225,,undetermined,MapExactID
114225,,undetermined,MapExactMatch
114225,,undetermined,MapLicenseFamily
2014777,,undetermined,MapNA
2014777,,undetermined,MapExactID
2014777,,undetermined,MapExactMatch
2014777,,undetermined,MapLicenseFamily
1752651,,undetermined,MapNA
1752651,,undetermined,MapExactID
1752651,,undetermined,MapExactMatch
1752651,,undetermined,MapLicenseFamily
1752651,,undetermined,MapFuzzyMatch
2211407,,undetermined,MapNA
2211407,,undetermined,MapExactID
2211407,,undetermined,MapExactMatch
2211407,,undetermined,MapLicenseFamily
5815888,,undetermined,MapNA
5815888,,undetermined,MapExactID
5815888,,undetermined,MapExactMatch
5815888,,undetermined,MapLicenseFamily
5815891,,undetermined,MapNA
5815891,,undetermined,MapExactID
5815891,,undetermined,MapExactMatch
5815891,,undetermined,MapLicenseFamily
310869,,undetermined,MapNA
310869,,undetermined,MapExactID
310869,,undetermined,MapExactMatch
310869,,undetermined,MapLicenseFamily
3784286,,undetermined,MapNA
3784286,,undetermined,MapExactID
3784286,,undetermined,MapExactMatch
3784286,,undetermined,MapLicenseFamily
48736,,undetermined,MapNA
48736,,undetermined,MapExactID
48736,,undetermined,MapExactMatch
48736,,undetermined,MapLicenseFamily
48736,,undetermined,MapFuzzyMatch
3980898,,undetermined,MapNA
3980898,,undetermined,MapExactID
3980898,,undetermined,MapExactMatch
3980898,,undetermined,MapLicenseFamily
1818216,,undetermined,MapNA
1818216,,undetermined,MapExactID
1818216,,undetermined,MapExactMatch
1818216,,undetermined,MapLicenseFamily
1818216,,undetermined,MapFuzzyMatch
2604648,,undetermined,MapNA
2604648,,undetermined,MapExactID
2604648,,undetermined,MapExactMatch
2604648,,undetermined,MapLicenseFamily
2604648,,undetermined,MapFuzzyMatch
1883754,,undetermined,MapNA
1883754,,undetermined,MapExactID
1883754,,undetermined,MapExactMatch
1883754,,undetermined,MapLicenseFamily
1883754,,undetermined,MapFuzzyMatch
2408042,,undetermined,MapNA
2408042,,undetermined,MapExactID
2408042,,undetermined,MapExactMatch
2408042,,undetermined,MapLicenseFamily
2145903,,undetermined,MapNA
2145903,,undetermined,MapExactID
2145903,,undetermined,MapExactMatch
2145903,,undetermined,MapLicenseFamily
2408047,,undetermined,MapNA
2408047,,undetermined,MapExactID
2408047,,undetermined,MapExactMatch
2408047,,undetermined,MapLicenseFamily
5815920,,undetermined,MapNA
5815920,,undetermined,MapExactID
5815920,,undetermined,MapExactMatch
5815920,,undetermined,MapLicenseFamily
2932344,,undetermined,MapNA
2932344,,undetermined,MapExactID
2932344,,undetermined,MapExactMatch
2932344,,undetermined,MapLicenseFamily
2932344,,undetermined,MapFuzzyMatch
507518,,undetermined,MapNA
507518,,undetermined,MapExactID
507518,,undetermined,MapExactMatch
507518,,undetermined,MapLicenseFamily
245377,,undetermined,MapNA
245377,,undetermined,MapExactID
245377,,undetermined,MapExactMatch
245377,,undetermined,MapLicenseFamily
245378,,undetermined,MapNA
245378,,undetermined,MapExactID
245378,,undetermined,MapExactMatch
245378,,undetermined,MapLicenseFamily
4963973,,undetermined,MapNA
4963973,,undetermined,MapExactID
4963973,,undetermined,MapExactMatch
4963973,,undetermined,MapLicenseFamily
4505227,,undetermined,MapNA
4505227,,undetermined,MapExactID
4505227,,undetermined,MapExactMatch
4505227,,undetermined,MapLicenseFamily
4505227,,undetermined,MapFuzzyMatch
6536843,,undetermined,MapNA
6536843,,undetermined,MapExactID
6536843,,undetermined,MapExactMatch
6536843,,undetermined,MapLicenseFamily
3194509,,undetermined,MapNA
3194509,,undetermined,MapExactID
3194509,,undetermined,MapExactMatch
3194509,,undetermined,MapLicenseFamily
4963982,,undetermined,MapNA
4963982,,undetermined,MapExactID
4963982,,undetermined,MapExactMatch
4963982,,undetermined,MapLicenseFamily
4963982,,undetermined,MapFuzzyMatch
1031834,,undetermined,MapNA
1031834,,undetermined,MapExactID
1031834,,undetermined,MapExactMatch
1031834,,undetermined,MapLicenseFamily
7585434,,undetermined,MapNA
7585434,,undetermined,MapExactID
7585434,,undetermined,MapExactMatch
7585434,,undetermined,MapLicenseFamily
7585434,,undetermined,MapFuzzyMatch
1425062,,undetermined,MapNA
1425062,,undetermined,MapExactID
1425062,,undetermined,MapExactMatch
1425062,,undetermined,MapLicenseFamily
6340266,,undetermined,MapNA
6340266,,undetermined,MapExactID
6340266,,undetermined,MapExactMatch
6340266,,undetermined,MapLicenseFamily
2735789,,undetermined,MapNA
2735789,,undetermined,MapExactID
2735789,,undetermined,MapExactMatch
2735789,,undetermined,MapLicenseFamily
2735789,,undetermined,MapFuzzyMatch
2997933,,undetermined,MapNA
2997933,,undetermined,MapExactID
2997933,,undetermined,MapExactMatch
2997933,,undetermined,MapLicenseFamily
2997933,,undetermined,MapFuzzyMatch
2408111,,undetermined,MapNA
2408111,,undetermined,MapExactID
2408111,,undetermined,MapExactMatch
2408111,,undetermined,MapLicenseFamily
3063475,,undetermined,MapNA
3063475,,undetermined,MapExactID
3063475,,undetermined,MapExactMatch
3063475,,undetermined,MapLicenseFamily
2670261,,undetermined,MapNA
2670261,,undetermined,MapExactID
2670261,,undetermined,MapExactMatch
2670261,,undetermined,MapLicenseFamily
2145974,,undetermined,MapNA
6471349,,undetermined,MapNA
6471349,,undetermined,MapExactID
6471349,,undetermined,MapExactMatch
6471349,,undetermined,MapLicenseFamily
6471349,,undetermined,MapFuzzyMatch
769721,,undetermined,MapNA
769721,,undetermined,MapExactID
769721,,undetermined,MapExactMatch
769721,,undetermined,MapLicenseFamily
769721,,undetermined,MapFuzzyMatch
507579,,undetermined,MapNA
507579,,undetermined,MapExactID
3784381,,undetermined,MapNA
3784381,,undetermined,MapExactID
3784381,,undetermined,MapExactMatch
3784381,,undetermined,MapLicenseFamily
4243133,,undetermined,MapNA
4243133,,undetermined,MapExactID
4243133,,undetermined,MapExactMatch
4243133,,undetermined,MapLicenseFamily
4243133,,undetermined,MapFuzzyMatch
6471361,,undetermined,MapNA
6471361,,undetermined,MapExactID
6471361,,undetermined,MapExactMatch
6471361,,undetermined,MapLicenseFamily
835280,,undetermined,MapNA
835280,,undetermined,MapExactID
835280,,undetermined,MapExactMatch
835280,,undetermined,MapLicenseFamily
1425116,,undetermined,MapNA
1425116,,undetermined,MapExactID
1425116,,undetermined,MapExactMatch
1425116,,undetermined,MapLicenseFamily
2997988,,undetermined,MapNA
2997988,,undetermined,MapExactID
2997988,,undetermined,MapExactMatch
2997988,,undetermined,MapLicenseFamily
5553898,,undetermined,MapNA
5553898,,undetermined,MapExactID
5553898,,undetermined,MapExactMatch
5553898,,undetermined,MapLicenseFamily
3784427,,undetermined,MapNA
3784427,,undetermined,MapExactID
3784427,,undetermined,MapExactMatch
3784427,,undetermined,MapLicenseFamily
2604798,,undetermined,MapNA
2604798,,undetermined,MapExactID
2604798,,undetermined,MapExactMatch
2604798,,undetermined,MapLicenseFamily
5816064,,undetermined,MapNA
5816064,,undetermined,MapExactID
5816064,,undetermined,MapExactMatch
5816064,,undetermined,MapLicenseFamily
2146054,,undetermined,MapNA
2146054,,undetermined,MapExactID
2146054,,undetermined,MapExactMatch
2146054,,undetermined,MapLicenseFamily
4636422,,undetermined,MapNA
4833038,,undetermined,MapNA
4833038,,undetermined,MapExactID
4833038,,undetermined,MapExactMatch
4833038,,undetermined,MapLicenseFamily
5750542,,undetermined,MapNA
5750542,,undetermined,MapExactID
5750542,,undetermined,MapExactMatch
5750542,,undetermined,MapLicenseFamily
5750542,,undetermined,MapFuzzyMatch
573208,,undetermined,MapNA
573208,,undetermined,MapExactID
573208,,undetermined,MapExactMatch
573208,,undetermined,MapLicenseFamily
3784473,,undetermined,MapNA
3784473,,undetermined,MapExactID
3784473,,undetermined,MapExactMatch
3784473,,undetermined,MapLicenseFamily
2146075,,undetermined,MapNA
2146075,,undetermined,MapExactID
2146075,,undetermined,MapExactMatch
2146075,,undetermined,MapLicenseFamily
6340383,,undetermined,MapNA
6340383,,undetermined,MapExactID
6340383,,undetermined,MapExactMatch
6340383,,undetermined,MapLicenseFamily
507683,,undetermined,MapNA
507683,,undetermined,MapExactID
507683,,undetermined,MapExactMatch
507683,,undetermined,MapLicenseFamily
5685029,,undetermined,MapNA
5685029,,undetermined,MapExactID
5685029,,undetermined,MapExactMatch
5685029,,undetermined,MapLicenseFamily
6537002,,undetermined,MapNA
6537002,,undetermined,MapExactID
6537002,,undetermined,MapExactMatch
6537002,,undetermined,MapLicenseFamily
835377,,undetermined,MapNA
835377,,undetermined,MapExactID
835377,,undetermined,MapExactMatch
835377,,undetermined,MapLicenseFamily
769845,,undetermined,MapNA
769845,,undetermined,MapExactID
769845,,undetermined,MapExactMatch
769845,,undetermined,MapLicenseFamily
442166,,undetermined,MapNA
442166,,undetermined,MapExactID
442166,,undetermined,MapExactMatch
442166,,undetermined,MapLicenseFamily
769846,,undetermined,MapNA
769846,,undetermined,MapExactID
769846,,undetermined,MapExactMatch
769846,,undetermined,MapLicenseFamily
769847,,undetermined,MapNA
769847,,undetermined,MapExactID
769847,,undetermined,MapExactMatch
769847,,undetermined,MapLicenseFamily
5685049,,undetermined,MapNA
5685049,,undetermined,MapExactID
5685049,,undetermined,MapExactMatch
5685049,,undetermined,MapLicenseFamily
5685049,,undetermined,MapFuzzyMatch
1031996,,undetermined,MapNA
1031996,,undetermined,MapExactID
1031996,,undetermined,MapExactMatch
1031996,,undetermined,MapLicenseFamily
2211644,,undetermined,MapNA
2211644,,undetermined,MapExactID
2211644,,undetermined,MapExactMatch
2211644,,undetermined,MapLicenseFamily
507714,,undetermined,MapNA
507714,,undetermined,MapExactID
507714,,undetermined,MapExactMatch
507714,,undetermined,MapLicenseFamily
1163079,,undetermined,MapNA
1163079,,undetermined,MapExactID
1163079,,undetermined,MapExactMatch
1163079,,undetermined,MapLicenseFamily
6012744,,undetermined,MapNA
6012744,,undetermined,MapExactID
6012744,,undetermined,MapExactMatch
6012744,,undetermined,MapLicenseFamily
5881673,,undetermined,MapNA
5881673,,undetermined,MapExactID
5881673,,undetermined,MapExactMatch
5881673,,undetermined,MapLicenseFamily
4046676,,undetermined,MapNA
4046676,,undetermined,MapExactID
4046676,,undetermined,MapExactMatch
4046676,,undetermined,MapLicenseFamily
7585622,,undetermined,MapNA
7585622,,undetermined,MapExactID
7585622,,undetermined,MapExactMatch
7585622,,undetermined,MapLicenseFamily
7323481,,undetermined,MapNA
7323481,,undetermined,MapExactID
7323481,,undetermined,MapExactMatch
7323481,,undetermined,MapLicenseFamily
3784540,,undetermined,MapNA
3784540,,undetermined,MapExactID
3784540,,undetermined,MapExactMatch
3784540,,undetermined,MapLicenseFamily
2604893,,undetermined,MapNA
2604893,,undetermined,MapExactID
2604893,,undetermined,MapExactMatch
2604893,,undetermined,MapLicenseFamily
2604893,,undetermined,MapFuzzyMatch
5291868,,undetermined,MapNA
5291868,,undetermined,MapExactID
5291868,,undetermined,MapExactMatch
5291868,,undetermined,MapLicenseFamily
2735973,,undetermined,MapNA
2735973,,undetermined,MapExactID
2735973,,undetermined,MapExactMatch
2735973,,undetermined,MapLicenseFamily
5750635,,undetermined,MapNA
5750635,,undetermined,MapExactID
5750635,,undetermined,MapExactMatch
5750635,,undetermined,MapLicenseFamily
1949549,,undetermined,MapNA
1949549,,undetermined,MapExactID
1949549,,undetermined,MapExactMatch
1949549,,undetermined,MapLicenseFamily
1949549,,undetermined,MapFuzzyMatch
1163118,,undetermined,MapNA
1163118,,undetermined,MapExactID
1163118,,undetermined,MapExactMatch
1163118,,undetermined,MapLicenseFamily
1163122,,undetermined,MapNA
1163122,,undetermined,MapExactID
1163122,,undetermined,MapExactMatch
1163122,,undetermined,MapLicenseFamily
1949554,,undetermined,MapNA
1949554,,undetermined,MapExactID
1949554,,undetermined,MapExactMatch
1949554,,undetermined,MapLicenseFamily
1949554,,undetermined,MapFuzzyMatch
5488502,,undetermined,MapNA
5488502,,undetermined,MapExactID
5488502,,undetermined,MapExactMatch
5488502,,undetermined,MapLicenseFamily
835447,,undetermined,MapNA
835447,,undetermined,MapExactID
835447,,undetermined,MapExactMatch
835447,,undetermined,MapLicenseFamily
573307,,undetermined,MapNA
573307,,undetermined,MapExactID
573307,,undetermined,MapExactMatch
573307,,undetermined,MapLicenseFamily
1032063,,undetermined,MapNA
1032063,,undetermined,MapExactID
1032063,,undetermined,MapExactMatch
1032063,,undetermined,MapLicenseFamily
6143871,,undetermined,MapNA
6143871,,undetermined,MapExactID
6143871,,undetermined,MapExactMatch
6143871,,undetermined,MapLicenseFamily
1425284,,undetermined,MapNA
1425284,,undetermined,MapExactID
1425284,,undetermined,MapExactMatch
1425284,,undetermined,MapLicenseFamily
1425284,,undetermined,MapFuzzyMatch
4571013,,undetermined,MapNA
4571013,,undetermined,MapExactID
4571013,,undetermined,MapExactMatch
4571013,,undetermined,MapLicenseFamily
2736006,,undetermined,MapNA
2736006,,undetermined,MapExactID
2736006,,undetermined,MapExactMatch
2736006,,undetermined,MapLicenseFamily
5881745,,undetermined,MapNA
5881745,,undetermined,MapExactID
5881745,,undetermined,MapExactMatch
5881745,,undetermined,MapLicenseFamily
1163154,,undetermined,MapNA
1163154,,undetermined,MapExactID
1163154,,undetermined,MapExactMatch
1163154,,undetermined,MapLicenseFamily
6209433,,undetermined,MapNA
6209433,,undetermined,MapExactID
6209433,,undetermined,MapExactMatch
6209433,,undetermined,MapLicenseFamily
1032092,,undetermined,MapNA
1032092,,undetermined,MapExactID
1359779,,undetermined,MapNA
1359779,,undetermined,MapExactID
1359779,,undetermined,MapExactMatch
1359779,,undetermined,MapLicenseFamily
5881768,,undetermined,MapNA
5881768,,undetermined,MapExactID
5881768,,undetermined,MapExactMatch
5881768,,undetermined,MapLicenseFamily
5881768,,undetermined,MapFuzzyMatch
3391403,,undetermined,MapNA
3391403,,undetermined,MapExactID
3391403,,undetermined,MapExactMatch
3391403,,undetermined,MapLicenseFamily
3391403,,undetermined,MapFuzzyMatch
5816238,,undetermined,MapNA
5816238,,undetermined,MapExactID
5816238,,undetermined,MapExactMatch
5816238,,undetermined,MapLicenseFamily
5881774,,undetermined,MapNA
5881774,,undetermined,MapExactID
5881774,,undetermined,MapExactMatch
5881774,,undetermined,MapLicenseFamily
5881776,,undetermined,MapNA
5881776,,undetermined,MapExactID
5881776,,undetermined,MapExactMatch
5881776,,undetermined,MapLicenseFamily
2736054,,undetermined,MapNA
2736054,,undetermined,MapExactID
2736054,,undetermined,MapExactMatch
2736054,,undetermined,MapLicenseFamily
6537147,,undetermined,MapNA
6537147,,undetermined,MapExactID
6537147,,undetermined,MapExactMatch
6537147,,undetermined,MapLicenseFamily
3850173,,undetermined,MapNA
3850173,,undetermined,MapExactID
3850173,,undetermined,MapExactMatch
3850173,,undetermined,MapLicenseFamily
2211774,,undetermined,MapNA
2211774,,undetermined,MapExactID
2211774,,undetermined,MapExactMatch
2211774,,undetermined,MapLicenseFamily
2080712,,undetermined,MapNA
2080712,,undetermined,MapExactID
2080712,,undetermined,MapExactMatch
2080712,,undetermined,MapLicenseFamily
49100,,undetermined,MapNA
2015188,,undetermined,MapNA
2015188,,undetermined,MapExactID
2015188,,undetermined,MapExactMatch
2015188,,undetermined,MapLicenseFamily
5881825,,undetermined,MapNA
5881825,,undetermined,MapExactID
5881825,,undetermined,MapExactMatch
5881825,,undetermined,MapLicenseFamily
114659,,undetermined,MapNA
114659,,undetermined,MapExactID
114659,,undetermined,MapExactMatch
114659,,undetermined,MapLicenseFamily
1359845,,undetermined,MapNA
1359845,,undetermined,MapExactID
1359845,,undetermined,MapExactMatch
1359845,,undetermined,MapLicenseFamily
1359845,,undetermined,MapFuzzyMatch
1032165,,undetermined,MapNA
1032165,,undetermined,MapExactID
1032165,,undetermined,MapExactMatch
1032165,,undetermined,MapLicenseFamily
6537192,,undetermined,MapNA
6537192,,undetermined,MapExactID
6537192,,undetermined,MapExactMatch
6537192,,undetermined,MapLicenseFamily
1359849,,undetermined,MapNA
1359849,,undetermined,MapExactID
1359849,,undetermined,MapExactMatch
1359849,,undetermined,MapLicenseFamily
1359849,,undetermined,MapFuzzyMatch
1359858,,undetermined,MapNA
1359858,,undetermined,MapExactID
1359858,,undetermined,MapExactMatch
1359858,,undetermined,MapLicenseFamily
5488639,,undetermined,MapNA
5488639,,undetermined,MapExactID
5488639,,undetermined,MapExactMatch
5488639,,undetermined,MapLicenseFamily
5619713,,undetermined,MapNA
5619713,,undetermined,MapExactID
5619713,,undetermined,MapExactMatch
5619713,,undetermined,MapLicenseFamily
7651338,,undetermined,MapNA
7651338,,undetermined,MapExactID
7651338,,undetermined,MapExactMatch
7651338,,undetermined,MapLicenseFamily
7651338,,undetermined,MapFuzzyMatch
1884173,,undetermined,MapNA
1884173,,undetermined,MapExactID
1884173,,undetermined,MapExactMatch
1884173,,undetermined,MapLicenseFamily
3457041,,undetermined,MapNA
3457041,,undetermined,MapExactID
3457041,,undetermined,MapExactMatch
3457041,,undetermined,MapLicenseFamily
1425430,,undetermined,MapNA
1425430,,undetermined,MapExactID
1425430,,undetermined,MapExactMatch
1425430,,undetermined,MapLicenseFamily
2998296,,undetermined,MapNA
2998296,,undetermined,MapExactID
2998296,,undetermined,MapExactMatch
2998296,,undetermined,MapLicenseFamily
2015261,,undetermined,MapNA
2015261,,undetermined,MapExactID
2015261,,undetermined,MapExactMatch
2015261,,undetermined,MapLicenseFamily
7061534,,undetermined,MapNA
7061534,,undetermined,MapExactID
7061534,,undetermined,MapExactMatch
7061534,,undetermined,MapLicenseFamily
311328,,undetermined,MapNA
311328,,undetermined,MapExactID
311328,,undetermined,MapExactMatch
311328,,undetermined,MapLicenseFamily
311328,,undetermined,MapFuzzyMatch
3522593,,undetermined,MapNA
3522593,,undetermined,MapExactID
3522593,,undetermined,MapExactMatch
3522593,,undetermined,MapLicenseFamily
3391526,,undetermined,MapNA
3391526,,undetermined,MapExactID
3391526,,undetermined,MapExactMatch
3391526,,undetermined,MapLicenseFamily
3391526,,undetermined,MapFuzzyMatch
3522610,,undetermined,MapNA
3522610,,undetermined,MapExactID
3522610,,undetermined,MapExactMatch
3522610,,undetermined,MapLicenseFamily
3522612,,undetermined,MapNA
3522612,,undetermined,MapExactID
3522612,,undetermined,MapExactMatch
3522612,,undetermined,MapLicenseFamily
1163320,,undetermined,MapNA
1163320,,undetermined,MapExactID
1163320,,undetermined,MapExactMatch
1163320,,undetermined,MapLicenseFamily
4898872,,undetermined,MapNA
4898872,,undetermined,MapExactID
4898872,,undetermined,MapExactMatch
4898872,,undetermined,MapLicenseFamily
4898872,,undetermined,MapFuzzyMatch
7061566,,undetermined,MapNA
7061566,,undetermined,MapExactID
7061566,,undetermined,MapExactMatch
7061566,,undetermined,MapLicenseFamily
5619788,,undetermined,MapNA
5619788,,undetermined,MapExactID
5619788,,undetermined,MapExactMatch
5619788,,undetermined,MapLicenseFamily
6996048,,undetermined,MapNA
6996048,,undetermined,MapExactID
6996048,,undetermined,MapExactMatch
6996048,,undetermined,MapLicenseFamily
6340693,,undetermined,MapNA
6340693,,undetermined,MapExactID
6340693,,undetermined,MapExactMatch
6340693,,undetermined,MapLicenseFamily
6340693,,undetermined,MapFuzzyMatch
4636766,,undetermined,MapNA
4636766,,undetermined,MapExactID
4636766,,undetermined,MapExactMatch
4636766,,undetermined,MapLicenseFamily
4636766,,undetermined,MapFuzzyMatch
7389285,,undetermined,MapNA
7389285,,undetermined,MapExactID
7389285,,undetermined,MapExactMatch
7389285,,undetermined,MapLicenseFamily
3457126,,undetermined,MapNA
3457126,,undetermined,MapExactID
3457126,,undetermined,MapExactMatch
3457126,,undetermined,MapLicenseFamily
3981415,,undetermined,MapNA
3981415,,undetermined,MapExactID
3981415,,undetermined,MapExactMatch
3981415,,undetermined,MapLicenseFamily
3981415,,undetermined,MapFuzzyMatch
49261,,undetermined,MapNA
49261,,undetermined,MapExactID
49261,,undetermined,MapExactMatch
49261,,undetermined,MapLicenseFamily
49261,,undetermined,MapFuzzyMatch
4636782,,undetermined,MapNA
4636782,,undetermined,MapExactID
4636782,,undetermined,MapExactMatch
4636782,,undetermined,MapLicenseFamily
5161076,,undetermined,MapNA
5161076,,undetermined,MapExactID
5161076,,undetermined,MapExactMatch
5161076,,undetermined,MapLicenseFamily
114805,,undetermined,MapNA
114805,,undetermined,MapExactID
114805,,undetermined,MapExactMatch
1687680,,undetermined,MapNA
1687680,,undetermined,MapExactID
1687680,,undetermined,MapExactMatch
1687680,,undetermined,MapLicenseFamily
1360001,,undetermined,MapNA
1360001,,undetermined,MapExactID
1360001,,undetermined,MapExactMatch
1360001,,undetermined,MapLicenseFamily
3653764,,undetermined,MapNA
3653764,,undetermined,MapExactID
3653764,,undetermined,MapExactMatch
3653764,,undetermined,MapLicenseFamily
2343046,,undetermined,MapNA
2343046,,undetermined,MapExactID
2343046,,undetermined,MapExactMatch
2343046,,undetermined,MapLicenseFamily
2736264,,undetermined,MapNA
2736264,,undetermined,MapExactID
2736264,,undetermined,MapExactMatch
2736264,,undetermined,MapLicenseFamily
114826,,undetermined,MapNA
114826,,undetermined,MapExactID
114826,,undetermined,MapExactMatch
114826,,undetermined,MapLicenseFamily
3522702,,undetermined,MapNA
3522702,,undetermined,MapExactID
3522702,,undetermined,MapExactMatch
3522702,,undetermined,MapLicenseFamily
7389326,,undetermined,MapNA
7389326,,undetermined,MapExactID
7389326,,undetermined,MapExactMatch
7389326,,undetermined,MapLicenseFamily
2736276,,undetermined,MapNA
2736276,,undetermined,MapExactID
2736276,,undetermined,MapExactMatch
2736276,,undetermined,MapLicenseFamily
49301,,undetermined,MapNA
49301,,undetermined,MapExactID
49301,,undetermined,MapExactMatch
49301,,undetermined,MapLicenseFamily
3457175,,undetermined,MapNA
3457175,,undetermined,MapExactID
3457175,,undetermined,MapExactMatch
3457175,,undetermined,MapLicenseFamily
1425563,,undetermined,MapNA
1425563,,undetermined,MapExactID
1425563,,undetermined,MapExactMatch
1425563,,undetermined,MapLicenseFamily
4833437,,undetermined,MapNA
4833437,,undetermined,MapExactID
4833437,,undetermined,MapExactMatch
4833437,,undetermined,MapLicenseFamily
4833437,,undetermined,MapFuzzyMatch
5030049,,undetermined,MapNA
5030049,,undetermined,MapExactID
5030049,,undetermined,MapExactMatch
5030049,,undetermined,MapLicenseFamily
3522724,,undetermined,MapNA
3522724,,undetermined,MapExactID
3522724,,undetermined,MapExactMatch
3522724,,undetermined,MapLicenseFamily
4505766,,undetermined,MapNA
4505766,,undetermined,MapExactID
4505766,,undetermined,MapExactMatch
4505766,,undetermined,MapLicenseFamily
835751,,undetermined,MapNA
835751,,undetermined,MapExactID
835751,,undetermined,MapExactMatch
835751,,undetermined,MapLicenseFamily
3522732,,undetermined,MapNA
3522732,,undetermined,MapExactID
3522732,,undetermined,MapExactMatch
3522732,,undetermined,MapLicenseFamily
5882028,,undetermined,MapNA
5882028,,undetermined,MapExactID
5882028,,undetermined,MapExactMatch
5882028,,undetermined,MapLicenseFamily
442545,,undetermined,MapNA
442545,,undetermined,MapExactID
442545,,undetermined,MapExactMatch
442545,,undetermined,MapLicenseFamily
1818802,,undetermined,MapNA
1818802,,undetermined,MapExactID
1818802,,undetermined,MapExactMatch
1818802,,undetermined,MapLicenseFamily
1818802,,undetermined,MapFuzzyMatch
3522741,,undetermined,MapNA
3522741,,undetermined,MapExactID
3522741,,undetermined,MapExactMatch
3522741,,undetermined,MapLicenseFamily
5685430,,undetermined,MapNA
5685430,,undetermined,MapExactID
5685430,,undetermined,MapExactMatch
5685430,,undetermined,MapLicenseFamily
5685430,,undetermined,MapFuzzyMatch
1425596,,undetermined,MapNA
1425596,,undetermined,MapExactID
1425596,,undetermined,MapExactMatch
1425596,,undetermined,MapLicenseFamily
2212029,,undetermined,MapNA
2212029,,undetermined,MapExactID
2212029,,undetermined,MapExactMatch
2212029,,undetermined,MapLicenseFamily
2212029,,undetermined,MapFuzzyMatch
4636862,,undetermined,MapNA
4636862,,undetermined,MapExactID
4636862,,undetermined,MapExactMatch
4636862,,undetermined,MapLicenseFamily
5685436,,undetermined,MapNA
5685436,,undetermined,MapExactID
5685436,,undetermined,MapExactMatch
5685436,,undetermined,MapLicenseFamily
5685436,,undetermined,MapFuzzyMatch
2736321,,undetermined,MapNA
2736321,,undetermined,MapExactID
2736321,,undetermined,MapExactMatch
2736321,,undetermined,MapLicenseFamily
2736321,,undetermined,MapFuzzyMatch
7061699,,undetermined,MapNA
7061699,,undetermined,MapExactID
7061699,,undetermined,MapExactMatch
7061699,,undetermined,MapLicenseFamily
7061699,,undetermined,MapFuzzyMatch
3522758,,undetermined,MapNA
3522758,,undetermined,MapExactID
3522758,,undetermined,MapExactMatch
3522758,,undetermined,MapLicenseFamily
4178118,,undetermined,MapNA
4178118,,undetermined,MapExactID
4178118,,undetermined,MapExactMatch
4178118,,undetermined,MapLicenseFamily
311500,,undetermined,MapNA
311500,,undetermined,MapExactID
311500,,undetermined,MapExactMatch
311500,,undetermined,MapLicenseFamily
6209744,,undetermined,MapNA
6209744,,undetermined,MapExactID
6209744,,undetermined,MapExactMatch
6209744,,undetermined,MapLicenseFamily
5751000,,undetermined,MapNA
5751000,,undetermined,MapExactID
4505821,,undetermined,MapNA
4505821,,undetermined,MapExactID
4505821,,undetermined,MapExactMatch
4505821,,undetermined,MapLicenseFamily
3784926,,undetermined,MapNA
3784926,,undetermined,MapExactID
3784926,,undetermined,MapExactMatch
3784926,,undetermined,MapLicenseFamily
3784926,,undetermined,MapFuzzyMatch
2212064,,undetermined,MapNA
2212064,,undetermined,MapExactID
2212064,,undetermined,MapExactMatch
2212064,,undetermined,MapLicenseFamily
2212064,,undetermined,MapFuzzyMatch
311523,,undetermined,MapNA
311523,,undetermined,MapExactID
1425644,,undetermined,MapNA
1425644,,undetermined,MapExactID
1425644,,undetermined,MapExactMatch
1425644,,undetermined,MapLicenseFamily
835821,,undetermined,MapNA
835821,,undetermined,MapExactID
835821,,undetermined,MapExactMatch
835821,,undetermined,MapLicenseFamily
2212078,,undetermined,MapNA
2212078,,undetermined,MapExactID
2212078,,undetermined,MapExactMatch
2212078,,undetermined,MapLicenseFamily
2212078,,undetermined,MapFuzzyMatch
2212079,,undetermined,MapNA
2212079,,undetermined,MapExactID
2212079,,undetermined,MapExactMatch
2212079,,undetermined,MapLicenseFamily
4243699,,undetermined,MapNA
4243699,,undetermined,MapExactID
4243699,,undetermined,MapExactMatch
4243699,,undetermined,MapLicenseFamily
1425654,,undetermined,MapNA
1425654,,undetermined,MapExactID
1425654,,undetermined,MapExactMatch
1425654,,undetermined,MapLicenseFamily
7389430,,undetermined,MapNA
7389430,,undetermined,MapExactID
7389430,,undetermined,MapExactMatch
7389430,,undetermined,MapLicenseFamily
2932984,,undetermined,MapNA
2932984,,undetermined,MapExactID
2932984,,undetermined,MapExactMatch
2932984,,undetermined,MapLicenseFamily
5947655,,undetermined,MapNA
5947655,,undetermined,MapExactID
5947655,,undetermined,MapExactMatch
5947655,,undetermined,MapLicenseFamily
3522824,,undetermined,MapNA
3522824,,undetermined,MapExactID
3522824,,undetermined,MapExactMatch
3522824,,undetermined,MapLicenseFamily
1425675,,undetermined,MapNA
1425675,,undetermined,MapExactID
1425675,,undetermined,MapExactMatch
1425675,,undetermined,MapLicenseFamily
5488919,,undetermined,MapNA
5488919,,undetermined,MapExactID
5488919,,undetermined,MapExactMatch
5488919,,undetermined,MapLicenseFamily
3064089,,undetermined,MapNA
3064089,,undetermined,MapExactID
3064089,,undetermined,MapExactMatch
3064089,,undetermined,MapLicenseFamily
3064089,,undetermined,MapFuzzyMatch
3522847,,undetermined,MapNA
3522847,,undetermined,MapExactID
3522847,,undetermined,MapExactMatch
3522847,,undetermined,MapLicenseFamily
2736416,,undetermined,MapNA
2736416,,undetermined,MapExactID
2736416,,undetermined,MapExactMatch
2736416,,undetermined,MapLicenseFamily
3522848,,undetermined,MapNA
3522848,,undetermined,MapExactID
3522848,,undetermined,MapExactMatch
3522848,,undetermined,MapLicenseFamily
3326247,,undetermined,MapNA
3326247,,undetermined,MapExactID
3326247,,undetermined,MapExactMatch
3326247,,undetermined,MapLicenseFamily
3522861,,undetermined,MapNA
3522861,,undetermined,MapExactID
3522861,,undetermined,MapExactMatch
3522861,,undetermined,MapLicenseFamily
1360178,,undetermined,MapNA
1360178,,undetermined,MapExactID
1360178,,undetermined,MapExactMatch
1360178,,undetermined,MapLicenseFamily
5423411,,undetermined,MapNA
5423411,,undetermined,MapExactID
5423411,,undetermined,MapExactMatch
5423411,,undetermined,MapLicenseFamily
5161270,,undetermined,MapNA
5161270,,undetermined,MapExactID
5161270,,undetermined,MapExactMatch
5161270,,undetermined,MapLicenseFamily
6537527,,undetermined,MapNA
6537527,,undetermined,MapExactID
6537527,,undetermined,MapExactMatch
6537527,,undetermined,MapLicenseFamily
7455036,,undetermined,MapNA
7455036,,undetermined,MapExactID
7455036,,undetermined,MapExactMatch
7455036,,undetermined,MapLicenseFamily
7455036,,undetermined,MapFuzzyMatch
2081092,,undetermined,MapNA
2081092,,undetermined,MapExactID
2081092,,undetermined,MapExactMatch
2081092,,undetermined,MapLicenseFamily
2081092,,undetermined,MapFuzzyMatch
3326277,,undetermined,MapNA
3326277,,undetermined,MapExactID
3326277,,undetermined,MapExactMatch
3326277,,undetermined,MapLicenseFamily
5947716,,undetermined,MapNA
5947716,,undetermined,MapExactID
5947716,,undetermined,MapExactMatch
5947716,,undetermined,MapLicenseFamily
5947716,,undetermined,MapFuzzyMatch
2081098,,undetermined,MapNA
2081098,,undetermined,MapExactID
2081098,,undetermined,MapExactMatch
2081098,,undetermined,MapLicenseFamily
3522894,,undetermined,MapNA
3522894,,undetermined,MapExactID
3522894,,undetermined,MapExactMatch
3522894,,undetermined,MapLicenseFamily
3326293,,undetermined,MapNA
3326293,,undetermined,MapExactID
3326293,,undetermined,MapExactMatch
3326293,,undetermined,MapLicenseFamily
3326293,,undetermined,MapFuzzyMatch
115030,,undetermined,MapNA
115030,,undetermined,MapExactID
1622358,,undetermined,MapNA
1622358,,undetermined,MapExactID
1622358,,undetermined,MapExactMatch
1622358,,undetermined,MapLicenseFamily
5488985,,undetermined,MapNA
5488985,,undetermined,MapExactID
5488985,,undetermined,MapExactMatch
5488985,,undetermined,MapLicenseFamily
1818981,,undetermined,MapNA
1818981,,undetermined,MapExactID
1818981,,undetermined,MapExactMatch
1818981,,undetermined,MapLicenseFamily
1163624,,undetermined,MapNA
1163624,,undetermined,MapExactID
1163624,,undetermined,MapExactMatch
1163624,,undetermined,MapLicenseFamily
3522928,,undetermined,MapNA
3522928,,undetermined,MapExactID
3522928,,undetermined,MapExactMatch
3522928,,undetermined,MapLicenseFamily
5554546,,undetermined,MapNA
5554546,,undetermined,MapExactID
5554546,,undetermined,MapExactMatch
5554546,,undetermined,MapLicenseFamily
5554546,,undetermined,MapFuzzyMatch
3522936,,undetermined,MapNA
3522936,,undetermined,MapExactID
3522936,,undetermined,MapExactMatch
3522936,,undetermined,MapLicenseFamily
49529,,undetermined,MapNA
49529,,undetermined,MapExactID
49529,,undetermined,MapExactMatch
49529,,undetermined,MapLicenseFamily
3916158,,undetermined,MapNA
3916158,,undetermined,MapExactID
3916158,,undetermined,MapExactMatch
3916158,,undetermined,MapLicenseFamily
3916158,,undetermined,MapFuzzyMatch
1753486,,undetermined,MapNA
1753486,,undetermined,MapExactID
1753486,,undetermined,MapExactMatch
1753486,,undetermined,MapLicenseFamily
2539919,,undetermined,MapNA
2539919,,undetermined,MapExactID
6275470,,undetermined,MapNA
6275470,,undetermined,MapExactID
6275470,,undetermined,MapExactMatch
6275470,,undetermined,MapLicenseFamily
4047251,,undetermined,MapNA
4047251,,undetermined,MapExactID
4047251,,undetermined,MapExactMatch
4047251,,undetermined,MapLicenseFamily
3522964,,undetermined,MapNA
3522964,,undetermined,MapExactID
3522964,,undetermined,MapExactMatch
3522964,,undetermined,MapLicenseFamily
2867610,,undetermined,MapNA
2867610,,undetermined,MapExactID
2867610,,undetermined,MapExactMatch
2867610,,undetermined,MapLicenseFamily
1360285,,undetermined,MapNA
1360285,,undetermined,MapExactID
1360285,,undetermined,MapExactMatch
1360285,,undetermined,MapLicenseFamily
2671014,,undetermined,MapNA
2671014,,undetermined,MapExactID
2671014,,undetermined,MapExactMatch
2671014,,undetermined,MapLicenseFamily
311720,,undetermined,MapNA
311720,,undetermined,MapExactID
311720,,undetermined,MapExactMatch
311720,,undetermined,MapLicenseFamily
311720,,undetermined,MapFuzzyMatch
5947817,,undetermined,MapNA
5947817,,undetermined,MapExactID
5947817,,undetermined,MapExactMatch
5947817,,undetermined,MapLicenseFamily
4637100,,undetermined,MapNA
4637100,,undetermined,MapExactID
4637100,,undetermined,MapExactMatch
4637100,,undetermined,MapLicenseFamily
1360304,,undetermined,MapNA
1360304,,undetermined,MapExactID
1360304,,undetermined,MapExactMatch
1360304,,undetermined,MapLicenseFamily
3916217,,undetermined,MapNA
3916217,,undetermined,MapExactID
3916217,,undetermined,MapExactMatch
3916217,,undetermined,MapLicenseFamily
5947835,,undetermined,MapNA
5947835,,undetermined,MapExactID
5947835,,undetermined,MapExactMatch
5947835,,undetermined,MapLicenseFamily
2671039,,undetermined,MapNA
2671039,,undetermined,MapExactID
2671039,,undetermined,MapExactMatch
2671039,,undetermined,MapLicenseFamily
5947841,,undetermined,MapNA
5947841,,undetermined,MapExactID
5947841,,undetermined,MapExactMatch
5947841,,undetermined,MapLicenseFamily
1163714,,undetermined,MapNA
1163714,,undetermined,MapExactID
1163714,,undetermined,MapExactMatch
1163714,,undetermined,MapLicenseFamily
1360328,,undetermined,MapNA
1360328,,undetermined,MapExactID
1360328,,undetermined,MapExactMatch
1360328,,undetermined,MapLicenseFamily
2539977,,undetermined,MapNA
2539977,,undetermined,MapExactID
2539977,,undetermined,MapExactMatch
2539977,,undetermined,MapLicenseFamily
3326409,,undetermined,MapNA
3326409,,undetermined,MapExactID
3326409,,undetermined,MapExactMatch
3326409,,undetermined,MapLicenseFamily
4964808,,undetermined,MapNA
4964808,,undetermined,MapExactID
4964808,,undetermined,MapExactMatch
4964808,,undetermined,MapLicenseFamily
3916239,,undetermined,MapNA
3916239,,undetermined,MapExactID
3916239,,undetermined,MapExactMatch
3916239,,undetermined,MapLicenseFamily
5095891,,undetermined,MapNA
5095891,,undetermined,MapExactID
5095891,,undetermined,MapExactMatch
5095891,,undetermined,MapLicenseFamily
2343381,,undetermined,MapNA
2343381,,undetermined,MapExactID
2343381,,undetermined,MapExactMatch
2343381,,undetermined,MapLicenseFamily
2343381,,undetermined,MapFuzzyMatch
4833751,,undetermined,MapNA
4833751,,undetermined,MapExactID
4833751,,undetermined,MapExactMatch
4833751,,undetermined,MapLicenseFamily
4833751,,undetermined,MapFuzzyMatch
1360345,,undetermined,MapNA
1360345,,undetermined,MapExactID
1360345,,undetermined,MapExactMatch
1360345,,undetermined,MapLicenseFamily
6210009,,undetermined,MapNA
6210009,,undetermined,MapExactID
6210009,,undetermined,MapExactMatch
6210009,,undetermined,MapLicenseFamily
3523037,,undetermined,MapNA
3523037,,undetermined,MapExactID
3523037,,undetermined,MapExactMatch
3523037,,undetermined,MapLicenseFamily
3064286,,undetermined,MapNA
3064286,,undetermined,MapExactID
3064286,,undetermined,MapExactMatch
3064286,,undetermined,MapLicenseFamily
115167,,undetermined,MapNA
115167,,undetermined,MapExactID
115167,,undetermined,MapExactMatch
115167,,undetermined,MapLicenseFamily
3064288,,undetermined,MapNA
3064288,,undetermined,MapExactID
3064288,,undetermined,MapExactMatch
3064288,,undetermined,MapLicenseFamily
5095903,,undetermined,MapNA
5095903,,undetermined,MapExactID
5095903,,undetermined,MapExactMatch
5095903,,undetermined,MapLicenseFamily
7455203,,undetermined,MapNA
7455203,,undetermined,MapExactID
7455203,,undetermined,MapExactMatch
7455203,,undetermined,MapLicenseFamily
3064294,,undetermined,MapNA
3064294,,undetermined,MapExactID
3064294,,undetermined,MapExactMatch
3064294,,undetermined,MapLicenseFamily
3064294,,undetermined,MapFuzzyMatch
6013416,,undetermined,MapNA
6013416,,undetermined,MapExactID
6013416,,undetermined,MapExactMatch
6013416,,undetermined,MapLicenseFamily
6013416,,undetermined,MapFuzzyMatch
2343402,,undetermined,MapNA
2343402,,undetermined,MapExactID
2343402,,undetermined,MapExactMatch
2343402,,undetermined,MapLicenseFamily
5226990,,undetermined,MapNA
5226990,,undetermined,MapExactID
5226990,,undetermined,MapExactMatch
5226990,,undetermined,MapLicenseFamily
2277874,,undetermined,MapNA
2277874,,undetermined,MapExactID
2277874,,undetermined,MapExactMatch
2277874,,undetermined,MapLicenseFamily
2277874,,undetermined,MapFuzzyMatch
3391991,,undetermined,MapNA
3391991,,undetermined,MapExactID
3391991,,undetermined,MapExactMatch
3391991,,undetermined,MapLicenseFamily
5685755,,undetermined,MapNA
5685755,,undetermined,MapExactID
5685755,,undetermined,MapExactMatch
5685755,,undetermined,MapLicenseFamily
4571652,,undetermined,MapNA
4571652,,undetermined,MapExactID
4571652,,undetermined,MapExactMatch
4571652,,undetermined,MapLicenseFamily
3064325,,undetermined,MapNA
3064325,,undetermined,MapExactID
3064325,,undetermined,MapExactMatch
3064325,,undetermined,MapLicenseFamily
3064325,,undetermined,MapFuzzyMatch
246282,,undetermined,MapNA
246282,,undetermined,MapExactID
246282,,undetermined,MapExactMatch
246282,,undetermined,MapLicenseFamily
3392016,,undetermined,MapNA
3392016,,undetermined,MapExactID
3392016,,undetermined,MapExactMatch
3392016,,undetermined,MapLicenseFamily
5554705,,undetermined,MapNA
5554705,,undetermined,MapExactID
5554705,,undetermined,MapExactMatch
5554705,,undetermined,MapLicenseFamily
770586,,undetermined,MapNA
770586,,undetermined,MapExactID
770586,,undetermined,MapExactMatch
770586,,undetermined,MapLicenseFamily
5554716,,undetermined,MapNA
5554716,,undetermined,MapExactID
5554716,,undetermined,MapExactMatch
5554716,,undetermined,MapLicenseFamily
770606,,undetermined,MapNA
770606,,undetermined,MapExactID
770606,,undetermined,MapExactMatch
770606,,undetermined,MapLicenseFamily
5816884,,undetermined,MapNA
5816884,,undetermined,MapExactID
5816884,,undetermined,MapExactMatch
5816884,,undetermined,MapLicenseFamily
6013493,,undetermined,MapNA
6013493,,undetermined,MapExactID
6013493,,undetermined,MapExactMatch
6013493,,undetermined,MapLicenseFamily
6013493,,undetermined,MapFuzzyMatch
6013496,,undetermined,MapNA
6013496,,undetermined,MapExactID
6013496,,undetermined,MapExactMatch
6013496,,undetermined,MapLicenseFamily
2605626,,undetermined,MapNA
2605626,,undetermined,MapExactID
2605626,,undetermined,MapExactMatch
2605626,,undetermined,MapLicenseFamily
2671163,,undetermined,MapNA
2671163,,undetermined,MapExactID
2671163,,undetermined,MapExactMatch
2671163,,undetermined,MapLicenseFamily
6013499,,undetermined,MapNA
6013499,,undetermined,MapExactID
6013499,,undetermined,MapExactMatch
6013499,,undetermined,MapLicenseFamily
574014,,undetermined,MapNA
574014,,undetermined,MapExactID
574014,,undetermined,MapExactMatch
574014,,undetermined,MapLicenseFamily
6079038,,undetermined,MapNA
6079038,,undetermined,MapExactID
6079038,,undetermined,MapExactMatch
6079038,,undetermined,MapLicenseFamily
6079038,,undetermined,MapFuzzyMatch
7455296,,undetermined,MapNA
7455296,,undetermined,MapExactID
7455296,,undetermined,MapExactMatch
7455296,,undetermined,MapLicenseFamily
6013506,,undetermined,MapNA
6013506,,undetermined,MapExactID
6013506,,undetermined,MapExactMatch
6013506,,undetermined,MapLicenseFamily
1622596,,undetermined,MapNA
1622596,,undetermined,MapExactID
1622596,,undetermined,MapExactMatch
1622596,,undetermined,MapLicenseFamily
2343492,,undetermined,MapNA
2343492,,undetermined,MapExactID
2343492,,undetermined,MapExactMatch
2343492,,undetermined,MapLicenseFamily
6013509,,undetermined,MapNA
6013509,,undetermined,MapExactID
6013509,,undetermined,MapExactMatch
6013509,,undetermined,MapLicenseFamily
6013509,,undetermined,MapFuzzyMatch
311880,,undetermined,MapNA
311880,,undetermined,MapExactID
311880,,undetermined,MapExactMatch
311880,,undetermined,MapLicenseFamily
2802250,,undetermined,MapNA
2802250,,undetermined,MapExactID
2802250,,undetermined,MapExactMatch
2802250,,undetermined,MapLicenseFamily
3064400,,undetermined,MapNA
3064400,,undetermined,MapExactID
3064400,,undetermined,MapExactMatch
3064400,,undetermined,MapLicenseFamily
311892,,undetermined,MapNA
311892,,undetermined,MapExactID
311892,,undetermined,MapExactMatch
311892,,undetermined,MapLicenseFamily
377429,,undetermined,MapNA
377429,,undetermined,MapExactID
377429,,undetermined,MapExactMatch
377429,,undetermined,MapLicenseFamily
6079063,,undetermined,MapNA
6079063,,undetermined,MapExactID
6079063,,undetermined,MapExactMatch
6079063,,undetermined,MapLicenseFamily
6079063,,undetermined,MapFuzzyMatch
3523163,,undetermined,MapNA
3523163,,undetermined,MapExactID
3523163,,undetermined,MapExactMatch
3523163,,undetermined,MapLicenseFamily
6079067,,undetermined,MapNA
6079067,,undetermined,MapExactID
6079067,,undetermined,MapExactMatch
6079067,,undetermined,MapLicenseFamily
6079067,,undetermined,MapFuzzyMatch
5161573,,undetermined,MapNA
5161573,,undetermined,MapExactID
5161573,,undetermined,MapExactMatch
5161573,,undetermined,MapLicenseFamily
3523178,,undetermined,MapNA
3523178,,undetermined,MapExactID
3523178,,undetermined,MapExactMatch
3523178,,undetermined,MapLicenseFamily
6079082,,undetermined,MapNA
6079082,,undetermined,MapExactID
6079082,,undetermined,MapExactMatch
6079082,,undetermined,MapLicenseFamily
6079082,,undetermined,MapFuzzyMatch
4899439,,undetermined,MapNA
4899439,,undetermined,MapExactID
4899439,,undetermined,MapExactMatch
4899439,,undetermined,MapLicenseFamily
5227121,,undetermined,MapNA
5227121,,undetermined,MapExactID
5227121,,undetermined,MapExactMatch
5227121,,undetermined,MapLicenseFamily
5882484,,undetermined,MapNA
5882484,,undetermined,MapExactID
5882484,,undetermined,MapExactMatch
5882484,,undetermined,MapLicenseFamily
5882484,,undetermined,MapFuzzyMatch
5948021,,undetermined,MapNA
5948021,,undetermined,MapExactID
5948021,,undetermined,MapExactMatch
5948021,,undetermined,MapLicenseFamily
5751414,,undetermined,MapNA
5751414,,undetermined,MapExactID
5751414,,undetermined,MapExactMatch
5751414,,undetermined,MapLicenseFamily
5882487,,undetermined,MapNA
5882487,,undetermined,MapExactID
5882487,,undetermined,MapExactMatch
5882487,,undetermined,MapLicenseFamily
6341240,,undetermined,MapNA
6341240,,undetermined,MapExactID
6341240,,undetermined,MapExactMatch
6341240,,undetermined,MapLicenseFamily
3523198,,undetermined,MapNA
3523198,,undetermined,MapExactID
3523198,,undetermined,MapExactMatch
3523198,,undetermined,MapLicenseFamily
5685894,,undetermined,MapNA
5685894,,undetermined,MapExactID
5685894,,undetermined,MapExactMatch
5685894,,undetermined,MapLicenseFamily
3523214,,undetermined,MapNA
3523214,,undetermined,MapExactID
3523214,,undetermined,MapExactMatch
3523214,,undetermined,MapLicenseFamily
2343568,,undetermined,MapNA
2343568,,undetermined,MapExactID
2343568,,undetermined,MapExactMatch
2343568,,undetermined,MapLicenseFamily
3523217,,undetermined,MapNA
3523217,,undetermined,MapExactID
3523217,,undetermined,MapExactMatch
3523217,,undetermined,MapLicenseFamily
6079120,,undetermined,MapNA
6079120,,undetermined,MapExactID
6079120,,undetermined,MapExactMatch
6079120,,undetermined,MapLicenseFamily
6079120,,undetermined,MapFuzzyMatch
3850902,,undetermined,MapNA
3850902,,undetermined,MapExactID
3850902,,undetermined,MapExactMatch
3850902,,undetermined,MapLicenseFamily
5882520,,undetermined,MapNA
5882520,,undetermined,MapExactID
5882520,,undetermined,MapExactMatch
5882520,,undetermined,MapLicenseFamily
1360546,,undetermined,MapNA
1360546,,undetermined,MapExactID
1360546,,undetermined,MapExactMatch
1360546,,undetermined,MapLicenseFamily
1360546,,undetermined,MapFuzzyMatch
2867876,,undetermined,MapNA
2867876,,undetermined,MapExactID
2867876,,undetermined,MapExactMatch
2867876,,undetermined,MapLicenseFamily
3523236,,undetermined,MapNA
3523236,,undetermined,MapExactID
3523236,,undetermined,MapExactMatch
3523236,,undetermined,MapLicenseFamily
180902,,undetermined,MapNA
180902,,undetermined,MapExactID
180902,,undetermined,MapExactMatch
180902,,undetermined,MapLicenseFamily
180902,,undetermined,MapFuzzyMatch
4571816,,undetermined,MapNA
4571816,,undetermined,MapExactID
4571816,,undetermined,MapExactMatch
4571816,,undetermined,MapLicenseFamily
2343594,,undetermined,MapNA
2343594,,undetermined,MapExactID
2343594,,undetermined,MapExactMatch
2343594,,undetermined,MapLicenseFamily
3523242,,undetermined,MapNA
3523242,,undetermined,MapExactID
3523242,,undetermined,MapExactMatch
3523242,,undetermined,MapLicenseFamily
5620398,,undetermined,MapNA
5620398,,undetermined,MapExactID
5620398,,undetermined,MapExactMatch
5620398,,undetermined,MapLicenseFamily
6144688,,undetermined,MapNA
6144688,,undetermined,MapExactID
6144688,,undetermined,MapExactMatch
6144688,,undetermined,MapLicenseFamily
6144688,,undetermined,MapFuzzyMatch
1163953,,undetermined,MapNA
1163953,,undetermined,MapExactID
1163953,,undetermined,MapExactMatch
1163953,,undetermined,MapLicenseFamily
2933429,,undetermined,MapNA
2933429,,undetermined,MapExactID
2933429,,undetermined,MapExactMatch
2933429,,undetermined,MapLicenseFamily
1557186,,undetermined,MapNA
1557186,,undetermined,MapExactID
1557186,,undetermined,MapExactMatch
1557186,,undetermined,MapLicenseFamily
1557186,,undetermined,MapFuzzyMatch
5227202,,undetermined,MapNA
5227202,,undetermined,MapExactID
5227202,,undetermined,MapExactMatch
5227202,,undetermined,MapLicenseFamily
1753796,,undetermined,MapNA
1753796,,undetermined,MapExactID
1753796,,undetermined,MapExactMatch
1753796,,undetermined,MapLicenseFamily
7389891,,undetermined,MapNA
7389891,,undetermined,MapExactID
7389891,,undetermined,MapExactMatch
7389891,,undetermined,MapLicenseFamily
836296,,undetermined,MapNA
836296,,undetermined,MapExactID
836296,,undetermined,MapExactMatch
836296,,undetermined,MapLicenseFamily
3523273,,undetermined,MapNA
3523273,,undetermined,MapExactID
3523273,,undetermined,MapExactMatch
3523273,,undetermined,MapLicenseFamily
3523279,,undetermined,MapNA
3523279,,undetermined,MapExactID
3523279,,undetermined,MapExactMatch
3523279,,undetermined,MapLicenseFamily
1360593,,undetermined,MapNA
1360593,,undetermined,MapExactID
1360593,,undetermined,MapExactMatch
1360593,,undetermined,MapLicenseFamily
1360594,,undetermined,MapNA
1360594,,undetermined,MapExactID
1360594,,undetermined,MapExactMatch
1360594,,undetermined,MapLicenseFamily
6472404,,undetermined,MapNA
6472404,,undetermined,MapExactID
6472404,,undetermined,MapExactMatch
6472404,,undetermined,MapLicenseFamily
836311,,undetermined,MapNA
836311,,undetermined,MapExactID
836311,,undetermined,MapExactMatch
836311,,undetermined,MapLicenseFamily
246489,,undetermined,MapNA
246489,,undetermined,MapExactID
246489,,undetermined,MapExactMatch
246489,,undetermined,MapLicenseFamily
4834008,,undetermined,MapNA
4834008,,undetermined,MapExactID
4834008,,undetermined,MapExactMatch
4834008,,undetermined,MapLicenseFamily
2605788,,undetermined,MapNA
2605788,,undetermined,MapExactID
2605788,,undetermined,MapExactMatch
2605788,,undetermined,MapLicenseFamily
2605788,,undetermined,MapFuzzyMatch
3916508,,undetermined,MapNA
3916508,,undetermined,MapExactID
3916508,,undetermined,MapExactMatch
3916508,,undetermined,MapLicenseFamily
3523295,,undetermined,MapNA
3523295,,undetermined,MapExactID
3523295,,undetermined,MapExactMatch
3523295,,undetermined,MapLicenseFamily
3523297,,undetermined,MapNA
3523297,,undetermined,MapExactID
3523297,,undetermined,MapExactMatch
3523297,,undetermined,MapLicenseFamily
5489379,,undetermined,MapNA
5489379,,undetermined,MapExactID
5489379,,undetermined,MapExactMatch
5489379,,undetermined,MapLicenseFamily
6472420,,undetermined,MapNA
6472420,,undetermined,MapExactID
6472420,,undetermined,MapExactMatch
6472420,,undetermined,MapLicenseFamily
5161701,,undetermined,MapNA
5161701,,undetermined,MapExactID
5161701,,undetermined,MapExactMatch
5161701,,undetermined,MapLicenseFamily
3130086,,undetermined,MapNA
3130086,,undetermined,MapExactID
3130086,,undetermined,MapExactMatch
3130086,,undetermined,MapLicenseFamily
5685992,,undetermined,MapNA
5685992,,undetermined,MapExactID
5685992,,undetermined,MapExactMatch
5685992,,undetermined,MapLicenseFamily
3064553,,undetermined,MapNA
3064553,,undetermined,MapExactID
3064553,,undetermined,MapExactMatch
3064553,,undetermined,MapLicenseFamily
3523310,,undetermined,MapNA
3523310,,undetermined,MapExactID
3523310,,undetermined,MapExactMatch
3523310,,undetermined,MapLicenseFamily
3523313,,undetermined,MapNA
3523313,,undetermined,MapExactID
3523313,,undetermined,MapExactMatch
3523313,,undetermined,MapLicenseFamily
1753845,,undetermined,MapNA
1753845,,undetermined,MapExactID
1164023,,undetermined,MapNA
1164023,,undetermined,MapExactID
1164023,,undetermined,MapExactMatch
1164023,,undetermined,MapLicenseFamily
5751550,,undetermined,MapNA
5751550,,undetermined,MapExactID
5751550,,undetermined,MapExactMatch
5751550,,undetermined,MapLicenseFamily
6537985,,undetermined,MapNA
6537985,,undetermined,MapExactID
6537985,,undetermined,MapExactMatch
6537985,,undetermined,MapLicenseFamily
3982084,,undetermined,MapNA
3982084,,undetermined,MapExactID
3982084,,undetermined,MapExactMatch
3982084,,undetermined,MapLicenseFamily
5882629,,undetermined,MapNA
5882629,,undetermined,MapExactID
5882629,,undetermined,MapExactMatch
5882629,,undetermined,MapLicenseFamily
6013701,,undetermined,MapNA
6013701,,undetermined,MapExactID
6013701,,undetermined,MapExactMatch
6013701,,undetermined,MapLicenseFamily
2147079,,undetermined,MapNA
2147079,,undetermined,MapExactID
2147079,,undetermined,MapExactMatch
2147079,,undetermined,MapLicenseFamily
7652111,,undetermined,MapNA
7652111,,undetermined,MapExactID
7652111,,undetermined,MapExactMatch
7652111,,undetermined,MapLicenseFamily
5423890,,undetermined,MapNA
5423890,,undetermined,MapExactID
5423890,,undetermined,MapExactMatch
5423890,,undetermined,MapLicenseFamily
5554972,,undetermined,MapNA
5554972,,undetermined,MapExactID
5554972,,undetermined,MapExactMatch
5554972,,undetermined,MapLicenseFamily
1164066,,undetermined,MapNA
1164066,,undetermined,MapExactID
1164066,,undetermined,MapExactMatch
1164066,,undetermined,MapLicenseFamily
4178723,,undetermined,MapNA
4178723,,undetermined,MapExactID
4178723,,undetermined,MapExactMatch
4178723,,undetermined,MapLicenseFamily
5227301,,undetermined,MapNA
5227301,,undetermined,MapExactID
5227301,,undetermined,MapExactMatch
5227301,,undetermined,MapLicenseFamily
5227301,,undetermined,MapFuzzyMatch
443176,,undetermined,MapNA
443176,,undetermined,MapExactID
5817128,,undetermined,MapNA
5817128,,undetermined,MapExactID
5817128,,undetermined,MapExactMatch
5817128,,undetermined,MapLicenseFamily
7062316,,undetermined,MapNA
7062316,,undetermined,MapExactID
7062316,,undetermined,MapExactMatch
7062316,,undetermined,MapLicenseFamily
312109,,undetermined,MapNA
312109,,undetermined,MapExactID
312109,,undetermined,MapExactMatch
312109,,undetermined,MapLicenseFamily
5817144,,undetermined,MapNA
5817144,,undetermined,MapExactID
5817144,,undetermined,MapExactMatch
5817144,,undetermined,MapLicenseFamily
3064634,,undetermined,MapNA
3064634,,undetermined,MapExactID
3064634,,undetermined,MapExactMatch
3064634,,undetermined,MapLicenseFamily
3064634,,undetermined,MapFuzzyMatch
3523388,,undetermined,MapNA
3523388,,undetermined,MapExactID
3523388,,undetermined,MapExactMatch
3523388,,undetermined,MapLicenseFamily
3064642,,undetermined,MapNA
3064642,,undetermined,MapExactID
3064642,,undetermined,MapExactMatch
3064642,,undetermined,MapLicenseFamily
3064642,,undetermined,MapFuzzyMatch
3523394,,undetermined,MapNA
3523394,,undetermined,MapExactID
3523394,,undetermined,MapExactMatch
3523394,,undetermined,MapLicenseFamily
7586627,,undetermined,MapNA
7586627,,undetermined,MapExactID
7586627,,undetermined,MapExactMatch
7586627,,undetermined,MapLicenseFamily
1885002,,undetermined,MapNA
1885002,,undetermined,MapExactID
1885002,,undetermined,MapExactMatch
1885002,,undetermined,MapLicenseFamily
7652171,,undetermined,MapNA
7652171,,undetermined,MapExactID
7652171,,undetermined,MapExactMatch
7652171,,undetermined,MapLicenseFamily
1033039,,undetermined,MapNA
1033039,,undetermined,MapExactID
1033039,,undetermined,MapExactMatch
1033039,,undetermined,MapLicenseFamily
1033045,,undetermined,MapNA
1033045,,undetermined,MapExactID
1033045,,undetermined,MapExactMatch
1033045,,undetermined,MapLicenseFamily
2474839,,undetermined,MapNA
2474839,,undetermined,MapExactID
2474839,,undetermined,MapExactMatch
2474839,,undetermined,MapLicenseFamily
3523416,,undetermined,MapNA
3523416,,undetermined,MapExactID
3523416,,undetermined,MapExactMatch
3523416,,undetermined,MapLicenseFamily
3523435,,undetermined,MapNA
3523435,,undetermined,MapExactID
3523435,,undetermined,MapExactMatch
3523435,,undetermined,MapLicenseFamily
2540397,,undetermined,MapNA
2540397,,undetermined,MapExactID
2540397,,undetermined,MapExactMatch
2540397,,undetermined,MapLicenseFamily
5489518,,undetermined,MapNA
5489518,,undetermined,MapExactID
5489518,,undetermined,MapExactMatch
5489518,,undetermined,MapLicenseFamily
3523444,,undetermined,MapNA
3523444,,undetermined,MapExactID
3523444,,undetermined,MapExactMatch
3523444,,undetermined,MapLicenseFamily
312182,,undetermined,MapNA
312182,,undetermined,MapExactID
312182,,undetermined,MapExactMatch
312182,,undetermined,MapLicenseFamily
4506487,,undetermined,MapNA
4506487,,undetermined,MapExactID
4506487,,undetermined,MapExactMatch
4506487,,undetermined,MapLicenseFamily
7586680,,undetermined,MapNA
7586680,,undetermined,MapExactID
7586680,,undetermined,MapExactMatch
7586680,,undetermined,MapLicenseFamily
3523449,,undetermined,MapNA
3523449,,undetermined,MapExactID
3523449,,undetermined,MapExactMatch
3523449,,undetermined,MapLicenseFamily
6538110,,undetermined,MapNA
6538110,,undetermined,MapExactID
6538110,,undetermined,MapExactMatch
6538110,,undetermined,MapLicenseFamily
5424000,,undetermined,MapNA
5424000,,undetermined,MapExactID
5424000,,undetermined,MapExactMatch
5424000,,undetermined,MapLicenseFamily
5424000,,undetermined,MapFuzzyMatch
3916673,,undetermined,MapNA
3916673,,undetermined,MapExactID
3916673,,undetermined,MapExactMatch
3916673,,undetermined,MapLicenseFamily
6472579,,undetermined,MapNA
6472579,,undetermined,MapExactID
6472579,,undetermined,MapExactMatch
6472579,,undetermined,MapLicenseFamily
6472579,,undetermined,MapFuzzyMatch
443280,,undetermined,MapNA
443280,,undetermined,MapExactID
443280,,undetermined,MapExactMatch
443280,,undetermined,MapLicenseFamily
6013843,,undetermined,MapNA
6013843,,undetermined,MapExactID
6013843,,undetermined,MapExactMatch
6013843,,undetermined,MapLicenseFamily
3523487,,undetermined,MapNA
3523487,,undetermined,MapExactID
3523487,,undetermined,MapExactMatch
3523487,,undetermined,MapLicenseFamily
639904,,undetermined,MapNA
639904,,undetermined,MapExactID
639904,,undetermined,MapExactMatch
639904,,undetermined,MapLicenseFamily
1557409,,undetermined,MapNA
1557409,,undetermined,MapExactID
1557409,,undetermined,MapExactMatch
1557409,,undetermined,MapLicenseFamily
4178849,,undetermined,MapNA
4178849,,undetermined,MapExactID
4178849,,undetermined,MapExactMatch
4178849,,undetermined,MapLicenseFamily
5948321,,undetermined,MapNA
5948321,,undetermined,MapExactID
5948321,,undetermined,MapExactMatch
5948321,,undetermined,MapLicenseFamily
2278309,,undetermined,MapNA
2278309,,undetermined,MapExactID
2278309,,undetermined,MapExactMatch
2278309,,undetermined,MapLicenseFamily
4637606,,undetermined,MapNA
4637606,,undetermined,MapExactID
4637606,,undetermined,MapExactMatch
4637606,,undetermined,MapLicenseFamily
3523505,,undetermined,MapNA
3523505,,undetermined,MapExactID
3523505,,undetermined,MapExactMatch
3523505,,undetermined,MapLicenseFamily
7127989,,undetermined,MapNA
7127989,,undetermined,MapExactID
7127989,,undetermined,MapExactMatch
7127989,,undetermined,MapLicenseFamily
377782,,undetermined,MapNA
377782,,undetermined,MapExactID
377782,,undetermined,MapExactMatch
377782,,undetermined,MapLicenseFamily
7127993,,undetermined,MapNA
7127993,,undetermined,MapExactID
7127993,,undetermined,MapExactMatch
7127993,,undetermined,MapLicenseFamily
2343866,,undetermined,MapNA
2343866,,undetermined,MapExactID
2343866,,undetermined,MapExactMatch
2343866,,undetermined,MapLicenseFamily
2343866,,undetermined,MapFuzzyMatch
1164220,,undetermined,MapNA
1164220,,undetermined,MapExactID
1164220,,undetermined,MapExactMatch
1164220,,undetermined,MapLicenseFamily
7586753,,undetermined,MapNA
7586753,,undetermined,MapExactID
7586753,,undetermined,MapExactMatch
7586753,,undetermined,MapLicenseFamily
1426373,,undetermined,MapNA
1426373,,undetermined,MapExactID
1426373,,undetermined,MapExactMatch
1426373,,undetermined,MapLicenseFamily
3523529,,undetermined,MapNA
3523529,,undetermined,MapExactID
3523529,,undetermined,MapExactMatch
3523529,,undetermined,MapLicenseFamily
7455690,,undetermined,MapNA
7455690,,undetermined,MapExactID
7455690,,undetermined,MapExactMatch
7455690,,undetermined,MapLicenseFamily
7455690,,undetermined,MapFuzzyMatch
4178898,,undetermined,MapNA
4178898,,undetermined,MapExactID
4178898,,undetermined,MapExactMatch
4178898,,undetermined,MapLicenseFamily
3916755,,undetermined,MapNA
3916755,,undetermined,MapExactID
3916755,,undetermined,MapExactMatch
3916755,,undetermined,MapLicenseFamily
4899796,,undetermined,MapNA
4899796,,undetermined,MapExactID
4899796,,undetermined,MapExactMatch
4899796,,undetermined,MapLicenseFamily
4899796,,undetermined,MapFuzzyMatch
4572117,,undetermined,MapNA
4572117,,undetermined,MapExactID
4572117,,undetermined,MapExactMatch
4572117,,undetermined,MapLicenseFamily
7455698,,undetermined,MapNA
7455698,,undetermined,MapExactID
7455698,,undetermined,MapExactMatch
7455698,,undetermined,MapLicenseFamily
3392472,,undetermined,MapNA
3392472,,undetermined,MapExactID
3392472,,undetermined,MapExactMatch
3392472,,undetermined,MapLicenseFamily
5882847,,undetermined,MapNA
5882847,,undetermined,MapExactID
5882847,,undetermined,MapExactMatch
5882847,,undetermined,MapLicenseFamily
3523557,,undetermined,MapNA
3523557,,undetermined,MapExactID
3523557,,undetermined,MapExactMatch
3523557,,undetermined,MapLicenseFamily
6079463,,undetermined,MapNA
6079463,,undetermined,MapExactID
6079463,,undetermined,MapExactMatch
6079463,,undetermined,MapLicenseFamily
6079463,,undetermined,MapFuzzyMatch
115688,,undetermined,MapNA
115688,,undetermined,MapExactID
115688,,undetermined,MapExactMatch
115688,,undetermined,MapLicenseFamily
3523561,,undetermined,MapNA
3523561,,undetermined,MapExactID
3523561,,undetermined,MapExactMatch
3523561,,undetermined,MapLicenseFamily
3523564,,undetermined,MapNA
3523564,,undetermined,MapExactID
3523564,,undetermined,MapExactMatch
3523564,,undetermined,MapLicenseFamily
1885166,,undetermined,MapNA
1885166,,undetermined,MapExactID
1885166,,undetermined,MapExactMatch
1885166,,undetermined,MapLicenseFamily
1164276,,undetermined,MapNA
1164276,,undetermined,MapExactID
1164276,,undetermined,MapExactMatch
1164276,,undetermined,MapLicenseFamily
1164276,,undetermined,MapFuzzyMatch
443381,,undetermined,MapNA
443381,,undetermined,MapExactID
443381,,undetermined,MapExactMatch
443381,,undetermined,MapLicenseFamily
3523573,,undetermined,MapNA
3523573,,undetermined,MapExactID
3523573,,undetermined,MapExactMatch
3523573,,undetermined,MapLicenseFamily
3523574,,undetermined,MapNA
3523574,,undetermined,MapExactID
3523574,,undetermined,MapExactMatch
3523574,,undetermined,MapLicenseFamily
377851,,undetermined,MapNA
377851,,undetermined,MapExactID
377851,,undetermined,MapExactMatch
377851,,undetermined,MapLicenseFamily
4178953,,undetermined,MapNA
4178953,,undetermined,MapExactID
4178953,,undetermined,MapExactMatch
4178953,,undetermined,MapLicenseFamily
7455753,,undetermined,MapNA
7455753,,undetermined,MapExactID
7455753,,undetermined,MapExactMatch
7455753,,undetermined,MapLicenseFamily
3523597,,undetermined,MapNA
3523597,,undetermined,MapExactID
3523597,,undetermined,MapExactMatch
3523597,,undetermined,MapLicenseFamily
2343952,,undetermined,MapNA
2343952,,undetermined,MapExactID
2343952,,undetermined,MapExactMatch
2343952,,undetermined,MapLicenseFamily
7652368,,undetermined,MapNA
7652368,,undetermined,MapExactID
7652368,,undetermined,MapExactMatch
7652368,,undetermined,MapLicenseFamily
2343959,,undetermined,MapNA
2343959,,undetermined,MapExactID
2343959,,undetermined,MapExactMatch
2343959,,undetermined,MapLicenseFamily
2343959,,undetermined,MapFuzzyMatch
6472730,,undetermined,MapNA
6472730,,undetermined,MapExactID
6472730,,undetermined,MapExactMatch
6472730,,undetermined,MapLicenseFamily
1164315,,undetermined,MapNA
1164315,,undetermined,MapExactID
1164315,,undetermined,MapExactMatch
1164315,,undetermined,MapLicenseFamily
1164315,,undetermined,MapFuzzyMatch
3523611,,undetermined,MapNA
3523611,,undetermined,MapExactID
3523611,,undetermined,MapExactMatch
3523611,,undetermined,MapLicenseFamily
5751837,,undetermined,MapNA
5751837,,undetermined,MapExactID
5751837,,undetermined,MapExactMatch
5751837,,undetermined,MapLicenseFamily
377888,,undetermined,MapNA
377888,,undetermined,MapExactID
377888,,undetermined,MapExactMatch
377888,,undetermined,MapLicenseFamily
377888,,undetermined,MapFuzzyMatch
1557537,,undetermined,MapNA
1557537,,undetermined,MapExactID
1557537,,undetermined,MapExactMatch
1557537,,undetermined,MapLicenseFamily
7652390,,undetermined,MapNA
7652390,,undetermined,MapExactID
7652390,,undetermined,MapExactMatch
7652390,,undetermined,MapLicenseFamily
640044,,undetermined,MapNA
640044,,undetermined,MapExactID
640044,,undetermined,MapExactMatch
640044,,undetermined,MapLicenseFamily
640044,,undetermined,MapFuzzyMatch
2212908,,undetermined,MapNA
2212908,,undetermined,MapExactID
2212908,,undetermined,MapExactMatch
2212908,,undetermined,MapLicenseFamily
5751860,,undetermined,MapNA
5751860,,undetermined,MapExactID
5751860,,undetermined,MapExactMatch
5751860,,undetermined,MapLicenseFamily
115768,,undetermined,MapNA
115768,,undetermined,MapExactID
115768,,undetermined,MapExactMatch
115768,,undetermined,MapLicenseFamily
181306,,undetermined,MapNA
181306,,undetermined,MapExactID
181306,,undetermined,MapExactMatch
181306,,undetermined,MapLicenseFamily
2147393,,undetermined,MapNA
2147393,,undetermined,MapExactID
2147393,,undetermined,MapExactMatch
2147393,,undetermined,MapLicenseFamily
5489731,,undetermined,MapNA
5489731,,undetermined,MapExactID
5489731,,undetermined,MapExactMatch
5489731,,undetermined,MapLicenseFamily
2475076,,undetermined,MapNA
2475076,,undetermined,MapExactID
2475076,,undetermined,MapExactMatch
2475076,,undetermined,MapLicenseFamily
7324742,,undetermined,MapNA
7324742,,undetermined,MapExactID
7324742,,undetermined,MapExactMatch
7324742,,undetermined,MapLicenseFamily
3851336,,undetermined,MapNA
3851336,,undetermined,MapExactID
3851336,,undetermined,MapExactMatch
3851336,,undetermined,MapLicenseFamily
246857,,undetermined,MapNA
246857,,undetermined,MapExactID
246857,,undetermined,MapExactMatch
246857,,undetermined,MapLicenseFamily
246857,,undetermined,MapFuzzyMatch
5686350,,undetermined,MapNA
5686350,,undetermined,MapExactID
5686350,,undetermined,MapExactMatch
5686350,,undetermined,MapLicenseFamily
3392610,,undetermined,MapNA
3392610,,undetermined,MapExactID
3392610,,undetermined,MapExactMatch
3392610,,undetermined,MapLicenseFamily
246883,,undetermined,MapNA
246883,,undetermined,MapExactID
246883,,undetermined,MapExactMatch
246883,,undetermined,MapLicenseFamily
246883,,undetermined,MapFuzzyMatch
1426533,,undetermined,MapNA
1426533,,undetermined,MapExactID
1426533,,undetermined,MapExactMatch
1426533,,undetermined,MapLicenseFamily
1426534,,undetermined,MapNA
1426534,,undetermined,MapExactID
1426534,,undetermined,MapExactMatch
1426534,,undetermined,MapLicenseFamily
1426534,,undetermined,MapFuzzyMatch
2737263,,undetermined,MapNA
2737263,,undetermined,MapExactID
2737263,,undetermined,MapExactMatch
2737263,,undetermined,MapLicenseFamily
5424241,,undetermined,MapNA
5424241,,undetermined,MapExactID
5424241,,undetermined,MapExactMatch
5424241,,undetermined,MapLicenseFamily
1426549,,undetermined,MapNA
1426549,,undetermined,MapExactID
1426549,,undetermined,MapExactMatch
1426549,,undetermined,MapLicenseFamily
1885304,,undetermined,MapNA
1885304,,undetermined,MapExactID
1885304,,undetermined,MapExactMatch
1885304,,undetermined,MapLicenseFamily
2475128,,undetermined,MapNA
2475128,,undetermined,MapExactID
2475128,,undetermined,MapExactMatch
2475128,,undetermined,MapLicenseFamily
50298,,undetermined,MapNA
50298,,undetermined,MapExactID
50298,,undetermined,MapExactMatch
50298,,undetermined,MapLicenseFamily
50298,,undetermined,MapFuzzyMatch
312442,,undetermined,MapNA
312442,,undetermined,MapExactID
312442,,undetermined,MapExactMatch
312442,,undetermined,MapLicenseFamily
2409597,,undetermined,MapNA
2409597,,undetermined,MapExactID
2409597,,undetermined,MapExactMatch
2409597,,undetermined,MapLicenseFamily
7062668,,undetermined,MapNA
7062668,,undetermined,MapExactID
7062668,,undetermined,MapExactMatch
7062668,,undetermined,MapLicenseFamily
4834445,,undetermined,MapNA
4834445,,undetermined,MapExactID
4834445,,undetermined,MapExactMatch
4834445,,undetermined,MapLicenseFamily
4834445,,undetermined,MapFuzzyMatch
443536,,undetermined,MapNA
443536,,undetermined,MapExactID
443536,,undetermined,MapExactMatch
443536,,undetermined,MapLicenseFamily
2999440,,undetermined,MapNA
2999440,,undetermined,MapExactID
2999440,,undetermined,MapExactMatch
2999440,,undetermined,MapLicenseFamily
3064976,,undetermined,MapNA
3064976,,undetermined,MapExactID
6079640,,undetermined,MapNA
6079640,,undetermined,MapExactID
6079640,,undetermined,MapExactMatch
6079640,,undetermined,MapLicenseFamily
1164447,,undetermined,MapNA
1164447,,undetermined,MapExactID
1164447,,undetermined,MapExactMatch
1164447,,undetermined,MapLicenseFamily
4048035,,undetermined,MapNA
4048035,,undetermined,MapExactID
4048035,,undetermined,MapExactMatch
4048035,,undetermined,MapLicenseFamily
4048035,,undetermined,MapFuzzyMatch
5817507,,undetermined,MapNA
5817507,,undetermined,MapExactID
5817507,,undetermined,MapExactMatch
5817507,,undetermined,MapLicenseFamily
246949,,undetermined,MapNA
246949,,undetermined,MapExactID
246949,,undetermined,MapExactMatch
246949,,undetermined,MapLicenseFamily
7455911,,undetermined,MapNA
7455911,,undetermined,MapExactID
7455911,,undetermined,MapExactMatch
7455911,,undetermined,MapLicenseFamily
181421,,undetermined,MapNA
181421,,undetermined,MapExactID
181421,,undetermined,MapExactMatch
181421,,undetermined,MapLicenseFamily
181421,,undetermined,MapFuzzyMatch
443566,,undetermined,MapNA
443566,,undetermined,MapExactID
443566,,undetermined,MapExactMatch
443566,,undetermined,MapLicenseFamily
1164468,,undetermined,MapNA
1164468,,undetermined,MapExactID
1164468,,undetermined,MapExactMatch
1164468,,undetermined,MapLicenseFamily
509109,,undetermined,MapNA
509109,,undetermined,MapExactID
509109,,undetermined,MapExactMatch
509109,,undetermined,MapLicenseFamily
6145208,,undetermined,MapNA
6145208,,undetermined,MapExactID
6145208,,undetermined,MapExactMatch
6145208,,undetermined,MapLicenseFamily
2344124,,undetermined,MapNA
2344124,,undetermined,MapExactID
2344124,,undetermined,MapExactMatch
2344124,,undetermined,MapLicenseFamily
5620925,,undetermined,MapNA
5620925,,undetermined,MapExactID
5620925,,undetermined,MapExactMatch
5620925,,undetermined,MapLicenseFamily
115907,,undetermined,MapNA
115907,,undetermined,MapExactID
1754307,,undetermined,MapNA
1754307,,undetermined,MapExactID
1754307,,undetermined,MapExactMatch
1754307,,undetermined,MapLicenseFamily
4048075,,undetermined,MapNA
4048075,,undetermined,MapExactID
4048075,,undetermined,MapExactMatch
4048075,,undetermined,MapLicenseFamily
50380,,undetermined,MapNA
50380,,undetermined,MapExactID
50380,,undetermined,MapExactMatch
50380,,undetermined,MapLicenseFamily
509134,,undetermined,MapNA
509134,,undetermined,MapExactID
509134,,undetermined,MapExactMatch
509134,,undetermined,MapLicenseFamily
509134,,undetermined,MapFuzzyMatch
1557711,,undetermined,MapNA
1557711,,undetermined,MapExactID
1557711,,undetermined,MapExactMatch
1557711,,undetermined,MapLicenseFamily
2016463,,undetermined,MapNA
2016463,,undetermined,MapExactID
2016463,,undetermined,MapExactMatch
2016463,,undetermined,MapLicenseFamily
1361105,,undetermined,MapNA
2868444,,undetermined,MapNA
2868444,,undetermined,MapExactID
2868444,,undetermined,MapExactMatch
2868444,,undetermined,MapLicenseFamily
443623,,undetermined,MapNA
443623,,undetermined,MapExactID
443623,,undetermined,MapExactMatch
443623,,undetermined,MapLicenseFamily
443623,,undetermined,MapFuzzyMatch
7062760,,undetermined,MapNA
7062760,,undetermined,MapExactID
7062760,,undetermined,MapExactMatch
7062760,,undetermined,MapLicenseFamily
2933993,,undetermined,MapNA
2933993,,undetermined,MapExactID
2933993,,undetermined,MapExactMatch
2933993,,undetermined,MapLicenseFamily
1557746,,undetermined,MapNA
1557746,,undetermined,MapExactID
1557746,,undetermined,MapExactMatch
1557746,,undetermined,MapLicenseFamily
5620979,,undetermined,MapNA
5620979,,undetermined,MapExactID
5620979,,undetermined,MapExactMatch
5620979,,undetermined,MapLicenseFamily
5620979,,undetermined,MapFuzzyMatch
7324918,,undetermined,MapNA
7324918,,undetermined,MapExactID
7324918,,undetermined,MapExactMatch
7324918,,undetermined,MapLicenseFamily
1754374,,undetermined,MapNA
1754374,,undetermined,MapExactID
1754374,,undetermined,MapExactMatch
1754374,,undetermined,MapLicenseFamily
115975,,undetermined,MapNA
115975,,undetermined,MapExactID
115975,,undetermined,MapExactMatch
115975,,undetermined,MapLicenseFamily
115975,,undetermined,MapFuzzyMatch
4048137,,undetermined,MapNA
4048137,,undetermined,MapExactID
4048137,,undetermined,MapExactMatch
4048137,,undetermined,MapLicenseFamily
2409739,,undetermined,MapNA
2409739,,undetermined,MapExactID
2409739,,undetermined,MapExactMatch
2409739,,undetermined,MapLicenseFamily
3851532,,undetermined,MapNA
3851532,,undetermined,MapExactID
3851532,,undetermined,MapExactMatch
3851532,,undetermined,MapLicenseFamily
4048140,,undetermined,MapNA
4048140,,undetermined,MapExactID
4048140,,undetermined,MapExactMatch
4048140,,undetermined,MapLicenseFamily
6079759,,undetermined,MapNA
6079759,,undetermined,MapExactID
6079759,,undetermined,MapExactMatch
6079759,,undetermined,MapLicenseFamily
443665,,undetermined,MapNA
443665,,undetermined,MapExactID
3523857,,undetermined,MapNA
3523857,,undetermined,MapExactID
3523857,,undetermined,MapExactMatch
3523857,,undetermined,MapLicenseFamily
181526,,undetermined,MapNA
181526,,undetermined,MapExactID
181526,,undetermined,MapExactMatch
181526,,undetermined,MapLicenseFamily
3851543,,undetermined,MapNA
3851543,,undetermined,MapExactID
3851543,,undetermined,MapExactMatch
3851543,,undetermined,MapLicenseFamily
3851546,,undetermined,MapNA
3851546,,undetermined,MapExactID
3851546,,undetermined,MapExactMatch
3851546,,undetermined,MapLicenseFamily
3851552,,undetermined,MapNA
3851552,,undetermined,MapExactID
3851552,,undetermined,MapExactMatch
3851552,,undetermined,MapLicenseFamily
2868516,,undetermined,MapNA
2868516,,undetermined,MapExactID
2868516,,undetermined,MapExactMatch
2868516,,undetermined,MapLicenseFamily
2868516,,undetermined,MapFuzzyMatch
2606377,,undetermined,MapNA
2606377,,undetermined,MapExactID
2606377,,undetermined,MapExactMatch
2606377,,undetermined,MapLicenseFamily
3130683,,undetermined,MapNA
3130683,,undetermined,MapExactID
3130683,,undetermined,MapExactMatch
3130683,,undetermined,MapLicenseFamily
2737471,,undetermined,MapNA
2737471,,undetermined,MapExactID
2737471,,undetermined,MapExactMatch
2737471,,undetermined,MapLicenseFamily
4244803,,undetermined,MapNA
4244803,,undetermined,MapExactID
4244803,,undetermined,MapExactMatch
4244803,,undetermined,MapLicenseFamily
1164615,,undetermined,MapNA
1164615,,undetermined,MapExactID
1164615,,undetermined,MapExactMatch
1164615,,undetermined,MapLicenseFamily
2344264,,undetermined,MapNA
2344264,,undetermined,MapExactID
2344264,,undetermined,MapExactMatch
2344264,,undetermined,MapLicenseFamily
2803015,,undetermined,MapNA
2803015,,undetermined,MapExactID
2803015,,undetermined,MapExactMatch
2803015,,undetermined,MapLicenseFamily
574795,,undetermined,MapNA
3523917,,undetermined,MapNA
3523917,,undetermined,MapExactID
3523917,,undetermined,MapExactMatch
3523917,,undetermined,MapLicenseFamily
5424463,,undetermined,MapNA
5424463,,undetermined,MapExactID
5424463,,undetermined,MapExactMatch
5424463,,undetermined,MapLicenseFamily
7325013,,undetermined,MapNA
7325013,,undetermined,MapExactID
7325013,,undetermined,MapExactMatch
7325013,,undetermined,MapLicenseFamily
2016600,,undetermined,MapNA
2016600,,undetermined,MapExactID
2016600,,undetermined,MapExactMatch
2016600,,undetermined,MapLicenseFamily
2344281,,undetermined,MapNA
2344281,,undetermined,MapExactID
2344281,,undetermined,MapExactMatch
2344281,,undetermined,MapLicenseFamily
1885530,,undetermined,MapNA
1885530,,undetermined,MapExactID
1885530,,undetermined,MapExactMatch
1885530,,undetermined,MapLicenseFamily
3327323,,undetermined,MapNA
3327323,,undetermined,MapExactID
3327323,,undetermined,MapExactMatch
3327323,,undetermined,MapLicenseFamily
3327323,,undetermined,MapFuzzyMatch
3589472,,undetermined,MapNA
3589472,,undetermined,MapExactID
3589472,,undetermined,MapExactMatch
3589472,,undetermined,MapLicenseFamily
1885549,,undetermined,MapNA
1885549,,undetermined,MapExactID
1885549,,undetermined,MapExactMatch
1885549,,undetermined,MapLicenseFamily
1885549,,undetermined,MapFuzzyMatch
509294,,undetermined,MapNA
509294,,undetermined,MapExactID
509294,,undetermined,MapExactMatch
509294,,undetermined,MapLicenseFamily
509294,,undetermined,MapFuzzyMatch
3327342,,undetermined,MapNA
3327342,,undetermined,MapExactID
3327342,,undetermined,MapExactMatch
3327342,,undetermined,MapLicenseFamily
3523949,,undetermined,MapNA
3523949,,undetermined,MapExactID
3523949,,undetermined,MapExactMatch
3523949,,undetermined,MapLicenseFamily
3523952,,undetermined,MapNA
3523952,,undetermined,MapExactID
3523952,,undetermined,MapExactMatch
3523952,,undetermined,MapLicenseFamily
116084,,undetermined,MapNA
116084,,undetermined,MapExactID
116084,,undetermined,MapExactMatch
116084,,undetermined,MapLicenseFamily
1557876,,undetermined,MapNA
1557876,,undetermined,MapExactID
7325049,,undetermined,MapNA
7325049,,undetermined,MapExactID
7325049,,undetermined,MapExactMatch
7325049,,undetermined,MapLicenseFamily
7325049,,undetermined,MapFuzzyMatch
4048253,,undetermined,MapNA
5031295,,undetermined,MapNA
5031295,,undetermined,MapExactID
5031295,,undetermined,MapExactMatch
5031295,,undetermined,MapLicenseFamily
5424511,,undetermined,MapNA
5424511,,undetermined,MapExactID
5424511,,undetermined,MapExactMatch
5424511,,undetermined,MapLicenseFamily
5424511,,undetermined,MapFuzzyMatch
1426824,,undetermined,MapNA
1426824,,undetermined,MapExactID
1426824,,undetermined,MapExactMatch
1426824,,undetermined,MapLicenseFamily
7456145,,undetermined,MapNA
7456145,,undetermined,MapExactID
7456145,,undetermined,MapExactMatch
7456145,,undetermined,MapLicenseFamily
5424549,,undetermined,MapNA
5424549,,undetermined,MapExactID
5424549,,undetermined,MapExactMatch
5424549,,undetermined,MapLicenseFamily
312744,,undetermined,MapNA
312744,,undetermined,MapExactID
312744,,undetermined,MapExactMatch
312744,,undetermined,MapLicenseFamily
312744,,undetermined,MapFuzzyMatch
1361325,,undetermined,MapNA
1361325,,undetermined,MapExactID
1361325,,undetermined,MapExactMatch
1361325,,undetermined,MapLicenseFamily
1361325,,undetermined,MapFuzzyMatch
7456174,,undetermined,MapNA
7456174,,undetermined,MapExactID
7456174,,undetermined,MapExactMatch
7456174,,undetermined,MapLicenseFamily
4638128,,undetermined,MapNA
4638128,,undetermined,MapExactID
4638128,,undetermined,MapExactMatch
4638128,,undetermined,MapLicenseFamily
4638128,,undetermined,MapFuzzyMatch
5490105,,undetermined,MapNA
5490105,,undetermined,MapExactID
5490105,,undetermined,MapExactMatch
5490105,,undetermined,MapLicenseFamily
2082235,,undetermined,MapNA
2082235,,undetermined,MapExactID
2082235,,undetermined,MapExactMatch
2082235,,undetermined,MapLicenseFamily
3065276,,undetermined,MapNA
3065276,,undetermined,MapExactID
3065276,,undetermined,MapExactMatch
3065276,,undetermined,MapLicenseFamily
3524030,,undetermined,MapNA
3524030,,undetermined,MapExactID
3524030,,undetermined,MapExactMatch
3524030,,undetermined,MapLicenseFamily
3524033,,undetermined,MapNA
3524033,,undetermined,MapExactID
3524033,,undetermined,MapExactMatch
3524033,,undetermined,MapLicenseFamily
3458502,,undetermined,MapNA
3458502,,undetermined,MapExactID
3458502,,undetermined,MapExactMatch
3458502,,undetermined,MapLicenseFamily
3458502,,undetermined,MapFuzzyMatch
443847,,undetermined,MapNA
443847,,undetermined,MapExactID
443847,,undetermined,MapExactMatch
443847,,undetermined,MapLicenseFamily
2016712,,undetermined,MapNA
2016712,,undetermined,MapExactID
2016712,,undetermined,MapExactMatch
2016712,,undetermined,MapLicenseFamily
1164747,,undetermined,MapNA
1164747,,undetermined,MapExactID
1164747,,undetermined,MapExactMatch
1164747,,undetermined,MapLicenseFamily
3327442,,undetermined,MapNA
3327442,,undetermined,MapExactID
3327442,,undetermined,MapExactMatch
3327442,,undetermined,MapLicenseFamily
3589597,,undetermined,MapNA
3589597,,undetermined,MapExactID
3589597,,undetermined,MapExactMatch
3589597,,undetermined,MapLicenseFamily
116191,,undetermined,MapNA
116191,,undetermined,MapExactID
116191,,undetermined,MapExactMatch
116191,,undetermined,MapLicenseFamily
2213344,,undetermined,MapNA
2213344,,undetermined,MapExactID
2213344,,undetermined,MapExactMatch
2213344,,undetermined,MapLicenseFamily
5096937,,undetermined,MapNA
5096937,,undetermined,MapExactID
5096937,,undetermined,MapExactMatch
5096937,,undetermined,MapLicenseFamily
5293558,,undetermined,MapNA
5293558,,undetermined,MapExactID
116220,,undetermined,MapNA
116220,,undetermined,MapExactID
116220,,undetermined,MapExactMatch
116220,,undetermined,MapLicenseFamily
1820157,,undetermined,MapNA
1820157,,undetermined,MapExactID
1820157,,undetermined,MapExactMatch
1820157,,undetermined,MapLicenseFamily
7456256,,undetermined,MapNA
7456256,,undetermined,MapExactID
7456256,,undetermined,MapExactMatch
7456256,,undetermined,MapLicenseFamily
1754629,,undetermined,MapNA
1754629,,undetermined,MapExactID
1754629,,undetermined,MapExactMatch
1754629,,undetermined,MapLicenseFamily
7390729,,undetermined,MapNA
7390729,,undetermined,MapExactID
7390729,,undetermined,MapExactMatch
7390729,,undetermined,MapLicenseFamily
312842,,undetermined,MapNA
312842,,undetermined,MapExactID
312842,,undetermined,MapExactMatch
312842,,undetermined,MapLicenseFamily
2213387,,undetermined,MapNA
2213387,,undetermined,MapExactID
2213387,,undetermined,MapExactMatch
2213387,,undetermined,MapLicenseFamily
6014479,,undetermined,MapNA
6014479,,undetermined,MapExactID
6014479,,undetermined,MapExactMatch
6014479,,undetermined,MapLicenseFamily
3524112,,undetermined,MapNA
3524112,,undetermined,MapExactID
3524112,,undetermined,MapExactMatch
3524112,,undetermined,MapLicenseFamily
4638227,,undetermined,MapNA
4638227,,undetermined,MapExactID
4638227,,undetermined,MapExactMatch
4638227,,undetermined,MapLicenseFamily
3786265,,undetermined,MapNA
3786265,,undetermined,MapExactID
3786265,,undetermined,MapExactMatch
3786265,,undetermined,MapLicenseFamily
1885722,,undetermined,MapNA
1885722,,undetermined,MapExactID
1885722,,undetermined,MapExactMatch
1885722,,undetermined,MapLicenseFamily
7521818,,undetermined,MapNA
7521818,,undetermined,MapExactID
7521818,,undetermined,MapExactMatch
7521818,,undetermined,MapLicenseFamily
7521818,,undetermined,MapFuzzyMatch
6145564,,undetermined,MapNA
6145564,,undetermined,MapExactID
6145564,,undetermined,MapExactMatch
6145564,,undetermined,MapLicenseFamily
7390750,,undetermined,MapNA
7390750,,undetermined,MapExactID
7390750,,undetermined,MapExactMatch
7390750,,undetermined,MapLicenseFamily
7325218,,undetermined,MapNA
7325218,,undetermined,MapExactID
7325218,,undetermined,MapExactMatch
7325218,,undetermined,MapLicenseFamily
3786275,,undetermined,MapNA
3786275,,undetermined,MapExactID
3786275,,undetermined,MapExactMatch
3786275,,undetermined,MapLicenseFamily
5555747,,undetermined,MapNA
5555747,,undetermined,MapExactID
5555747,,undetermined,MapExactMatch
5555747,,undetermined,MapLicenseFamily
6473253,,undetermined,MapNA
3917352,,undetermined,MapNA
3917352,,undetermined,MapExactID
3917352,,undetermined,MapExactMatch
3917352,,undetermined,MapLicenseFamily
3917352,,undetermined,MapFuzzyMatch
5555756,,undetermined,MapNA
5555756,,undetermined,MapExactID
5555756,,undetermined,MapExactMatch
5555756,,undetermined,MapLicenseFamily
7063085,,undetermined,MapNA
7063085,,undetermined,MapExactID
7063085,,undetermined,MapExactMatch
7063085,,undetermined,MapLicenseFamily
3524146,,undetermined,MapNA
3524146,,undetermined,MapExactID
3524146,,undetermined,MapExactMatch
3524146,,undetermined,MapLicenseFamily
3851829,,undetermined,MapNA
3851829,,undetermined,MapExactID
3851829,,undetermined,MapExactMatch
3851829,,undetermined,MapLicenseFamily
378422,,undetermined,MapNA
378422,,undetermined,MapExactID
378422,,undetermined,MapExactMatch
378422,,undetermined,MapLicenseFamily
3524150,,undetermined,MapNA
3524150,,undetermined,MapExactID
3524150,,undetermined,MapExactMatch
3524150,,undetermined,MapLicenseFamily
7521846,,undetermined,MapNA
7521846,,undetermined,MapExactID
7521846,,undetermined,MapExactMatch
7521846,,undetermined,MapLicenseFamily
1164869,,undetermined,MapNA
1164869,,undetermined,MapExactID
1164869,,undetermined,MapExactMatch
1164869,,undetermined,MapLicenseFamily
7652939,,undetermined,MapNA
7652939,,undetermined,MapExactID
7652939,,undetermined,MapExactMatch
7652939,,undetermined,MapLicenseFamily
443991,,undetermined,MapNA
443991,,undetermined,MapExactID
443991,,undetermined,MapExactMatch
443991,,undetermined,MapLicenseFamily
5490265,,undetermined,MapNA
5490265,,undetermined,MapExactID
5490265,,undetermined,MapExactMatch
5490265,,undetermined,MapLicenseFamily
6604389,,undetermined,MapNA
509544,,undetermined,MapNA
509544,,undetermined,MapExactID
509544,,undetermined,MapExactMatch
509544,,undetermined,MapLicenseFamily
509544,,undetermined,MapFuzzyMatch
6604399,,undetermined,MapNA
6604399,,undetermined,MapExactID
6604399,,undetermined,MapExactMatch
6604399,,undetermined,MapLicenseFamily
6604399,,undetermined,MapFuzzyMatch
2279035,,undetermined,MapNA
2279035,,undetermined,MapExactID
2279035,,undetermined,MapExactMatch
2279035,,undetermined,MapLicenseFamily
7587452,,undetermined,MapNA
7587452,,undetermined,MapExactID
7587452,,undetermined,MapExactMatch
7587452,,undetermined,MapLicenseFamily
2475650,,undetermined,MapNA
2475650,,undetermined,MapExactID
2475650,,undetermined,MapExactMatch
2475650,,undetermined,MapLicenseFamily
2934404,,undetermined,MapNA
2934404,,undetermined,MapExactID
2934404,,undetermined,MapExactMatch
2934404,,undetermined,MapLicenseFamily
6473350,,undetermined,MapNA
6473350,,undetermined,MapExactID
6473350,,undetermined,MapExactMatch
6473350,,undetermined,MapLicenseFamily
378504,,undetermined,MapNA
378504,,undetermined,MapExactID
378504,,undetermined,MapExactMatch
378504,,undetermined,MapLicenseFamily
2082450,,undetermined,MapNA
2082450,,undetermined,MapExactID
2082450,,undetermined,MapExactMatch
2082450,,undetermined,MapLicenseFamily
378515,,undetermined,MapNA
378515,,undetermined,MapExactID
378515,,undetermined,MapExactMatch
378515,,undetermined,MapLicenseFamily
3917462,,undetermined,MapNA
3917462,,undetermined,MapExactID
3917462,,undetermined,MapExactMatch
3917462,,undetermined,MapLicenseFamily
6604444,,undetermined,MapNA
6604444,,undetermined,MapExactID
6604444,,undetermined,MapExactMatch
6604444,,undetermined,MapLicenseFamily
1558175,,undetermined,MapNA
1558175,,undetermined,MapExactID
1558175,,undetermined,MapExactMatch
1558175,,undetermined,MapLicenseFamily
4572839,,undetermined,MapNA
4572839,,undetermined,MapExactID
4572839,,undetermined,MapExactMatch
4572839,,undetermined,MapLicenseFamily
4572839,,undetermined,MapFuzzyMatch
1754794,,undetermined,MapNA
1754794,,undetermined,MapExactID
1754794,,undetermined,MapExactMatch
1754794,,undetermined,MapLicenseFamily
1754794,,undetermined,MapFuzzyMatch
7456436,,undetermined,MapNA
7456436,,undetermined,MapExactID
7456436,,undetermined,MapExactMatch
7456436,,undetermined,MapLicenseFamily
7456436,,undetermined,MapFuzzyMatch
2999989,,undetermined,MapNA
2999989,,undetermined,MapExactID
2999989,,undetermined,MapExactMatch
2999989,,undetermined,MapLicenseFamily
2344633,,undetermined,MapNA
2344633,,undetermined,MapExactID
2344633,,undetermined,MapExactMatch
2344633,,undetermined,MapLicenseFamily
50874,,undetermined,MapNA
50874,,undetermined,MapExactID
50874,,undetermined,MapExactMatch
50874,,undetermined,MapLicenseFamily
50874,,undetermined,MapFuzzyMatch
181951,,undetermined,MapNA
181951,,undetermined,MapExactID
181951,,undetermined,MapExactMatch
181951,,undetermined,MapLicenseFamily
1099458,,undetermined,MapNA
1099458,,undetermined,MapExactID
1099458,,undetermined,MapExactMatch
1099458,,undetermined,MapLicenseFamily
509644,,undetermined,MapNA
509644,,undetermined,MapExactID
509644,,undetermined,MapExactMatch
509644,,undetermined,MapLicenseFamily
837327,,undetermined,MapNA
837327,,undetermined,MapExactID
837327,,undetermined,MapExactMatch
837327,,undetermined,MapLicenseFamily
837327,,undetermined,MapFuzzyMatch
1099472,,undetermined,MapNA
1099472,,undetermined,MapExactID
1099472,,undetermined,MapExactMatch
1099472,,undetermined,MapLicenseFamily
313048,,undetermined,MapNA
313048,,undetermined,MapExactID
7587544,,undetermined,MapNA
7587544,,undetermined,MapExactID
7587544,,undetermined,MapExactMatch
7587544,,undetermined,MapLicenseFamily
313050,,undetermined,MapNA
313050,,undetermined,MapExactID
313050,,undetermined,MapExactMatch
313050,,undetermined,MapLicenseFamily
444128,,undetermined,MapNA
444128,,undetermined,MapExactID
444128,,undetermined,MapExactMatch
444128,,undetermined,MapLicenseFamily
444128,,undetermined,MapFuzzyMatch
4048616,,undetermined,MapNA
4048616,,undetermined,MapExactID
4048616,,undetermined,MapExactMatch
4048616,,undetermined,MapLicenseFamily
5621488,,undetermined,MapNA
5621488,,undetermined,MapExactID
5621488,,undetermined,MapExactMatch
5621488,,undetermined,MapLicenseFamily
3327730,,undetermined,MapNA
3327730,,undetermined,MapExactID
3327730,,undetermined,MapExactMatch
3327730,,undetermined,MapLicenseFamily
1165053,,undetermined,MapNA
1165053,,undetermined,MapExactID
1165053,,undetermined,MapExactMatch
1165053,,undetermined,MapLicenseFamily
50946,,undetermined,MapNA
50946,,undetermined,MapExactID
50946,,undetermined,MapExactMatch
50946,,undetermined,MapLicenseFamily
1754883,,undetermined,MapNA
1754883,,undetermined,MapExactID
1754883,,undetermined,MapExactMatch
1754883,,undetermined,MapLicenseFamily
1754883,,undetermined,MapFuzzyMatch
6080262,,undetermined,MapNA
6080262,,undetermined,MapExactID
6080262,,undetermined,MapExactMatch
6080262,,undetermined,MapLicenseFamily
444169,,undetermined,MapNA
444169,,undetermined,MapExactID
444169,,undetermined,MapExactMatch
444169,,undetermined,MapLicenseFamily
509709,,undetermined,MapNA
509709,,undetermined,MapExactID
509709,,undetermined,MapExactMatch
509709,,undetermined,MapLicenseFamily
509709,,undetermined,MapFuzzyMatch
7325453,,undetermined,MapNA
7325453,,undetermined,MapExactID
7325453,,undetermined,MapExactMatch
7325453,,undetermined,MapLicenseFamily
7325453,,undetermined,MapFuzzyMatch
1885967,,undetermined,MapNA
1885967,,undetermined,MapExactID
1885967,,undetermined,MapExactMatch
1885967,,undetermined,MapLicenseFamily
378641,,undetermined,MapNA
378641,,undetermined,MapExactID
378641,,undetermined,MapExactMatch
378641,,undetermined,MapLicenseFamily
2279187,,undetermined,MapNA
2279187,,undetermined,MapExactID
2279187,,undetermined,MapExactMatch
2279187,,undetermined,MapLicenseFamily
2279187,,undetermined,MapFuzzyMatch
6473491,,undetermined,MapNA
6473491,,undetermined,MapExactID
6473491,,undetermined,MapExactMatch
6473491,,undetermined,MapLicenseFamily
6473491,,undetermined,MapFuzzyMatch
1165081,,undetermined,MapNA
1165081,,undetermined,MapExactID
1165081,,undetermined,MapExactMatch
1165081,,undetermined,MapLicenseFamily
1165081,,undetermined,MapFuzzyMatch
5293849,,undetermined,MapNA
5293849,,undetermined,MapExactID
5293849,,undetermined,MapExactMatch
5293849,,undetermined,MapLicenseFamily
6473506,,undetermined,MapNA
6473506,,undetermined,MapExactID
6473506,,undetermined,MapExactMatch
6473506,,undetermined,MapLicenseFamily
6473506,,undetermined,MapFuzzyMatch
444201,,undetermined,MapNA
444201,,undetermined,MapExactID
444201,,undetermined,MapExactMatch
444201,,undetermined,MapLicenseFamily
444201,,undetermined,MapFuzzyMatch
3786539,,undetermined,MapNA
3786539,,undetermined,MapExactID
3786539,,undetermined,MapExactMatch
3786539,,undetermined,MapLicenseFamily
509741,,undetermined,MapNA
509741,,undetermined,MapExactID
509741,,undetermined,MapExactMatch
509741,,undetermined,MapLicenseFamily
837423,,undetermined,MapNA
837423,,undetermined,MapExactID
837423,,undetermined,MapExactMatch
837423,,undetermined,MapLicenseFamily
1361724,,undetermined,MapNA
1361724,,undetermined,MapExactID
1361724,,undetermined,MapExactMatch
1361724,,undetermined,MapLicenseFamily
4572989,,undetermined,MapNA
4572989,,undetermined,MapExactID
4572989,,undetermined,MapExactMatch
4572989,,undetermined,MapLicenseFamily
3786558,,undetermined,MapNA
3786558,,undetermined,MapExactID
3786558,,undetermined,MapExactMatch
3786558,,undetermined,MapLicenseFamily
509760,,undetermined,MapNA
509760,,undetermined,MapExactID
509760,,undetermined,MapExactMatch
509760,,undetermined,MapLicenseFamily
4507456,,undetermined,MapNA
4507456,,undetermined,MapExactID
4507456,,undetermined,MapExactMatch
4507456,,undetermined,MapLicenseFamily
2279234,,undetermined,MapNA
2279234,,undetermined,MapExactID
2279234,,undetermined,MapExactMatch
2279234,,undetermined,MapLicenseFamily
2017093,,undetermined,MapNA
2017093,,undetermined,MapExactID
2017093,,undetermined,MapExactMatch
2017093,,undetermined,MapLicenseFamily
2017093,,undetermined,MapFuzzyMatch
1099592,,undetermined,MapNA
1099592,,undetermined,MapExactID
1099592,,undetermined,MapExactMatch
1099592,,undetermined,MapLicenseFamily
1099592,,undetermined,MapFuzzyMatch
2148171,,undetermined,MapNA
2148171,,undetermined,MapExactID
2148171,,undetermined,MapExactMatch
2148171,,undetermined,MapLicenseFamily
509772,,undetermined,MapNA
509772,,undetermined,MapExactID
509772,,undetermined,MapExactMatch
509772,,undetermined,MapLicenseFamily
3852115,,undetermined,MapNA
3852115,,undetermined,MapExactID
3852115,,undetermined,MapExactMatch
3852115,,undetermined,MapLicenseFamily
444244,,undetermined,MapNA
444244,,undetermined,MapExactID
444244,,undetermined,MapExactMatch
444244,,undetermined,MapLicenseFamily
5490521,,undetermined,MapNA
5490521,,undetermined,MapExactID
5490521,,undetermined,MapExactMatch
5490521,,undetermined,MapLicenseFamily
1034075,,undetermined,MapNA
1034075,,undetermined,MapExactID
1034075,,undetermined,MapExactMatch
1034075,,undetermined,MapLicenseFamily
2934623,,undetermined,MapNA
2934623,,undetermined,MapExactID
2934623,,undetermined,MapExactMatch
2934623,,undetermined,MapLicenseFamily
2934623,,undetermined,MapFuzzyMatch
378724,,undetermined,MapNA
378724,,undetermined,MapExactID
378724,,undetermined,MapExactMatch
378724,,undetermined,MapLicenseFamily
2082664,,undetermined,MapNA
2082664,,undetermined,MapExactID
2082664,,undetermined,MapExactMatch
2082664,,undetermined,MapLicenseFamily
2934647,,undetermined,MapNA
2934647,,undetermined,MapExactID
2934647,,undetermined,MapExactMatch
2934647,,undetermined,MapLicenseFamily
116604,,undetermined,MapNA
116604,,undetermined,MapExactID
116604,,undetermined,MapExactMatch
116604,,undetermined,MapLicenseFamily
2082687,,undetermined,MapNA
2082687,,undetermined,MapExactID
2082687,,undetermined,MapExactMatch
2082687,,undetermined,MapLicenseFamily
51075,,undetermined,MapNA
51075,,undetermined,MapExactID
6604676,,undetermined,MapNA
6604676,,undetermined,MapExactID
6604676,,undetermined,MapExactMatch
6604676,,undetermined,MapLicenseFamily
5031816,,undetermined,MapNA
5031816,,undetermined,MapExactID
5031816,,undetermined,MapExactMatch
5031816,,undetermined,MapLicenseFamily
2017163,,undetermined,MapNA
2017163,,undetermined,MapExactID
2017163,,undetermined,MapExactMatch
2017163,,undetermined,MapLicenseFamily
182156,,undetermined,MapNA
182156,,undetermined,MapExactID
182156,,undetermined,MapExactMatch
182156,,undetermined,MapLicenseFamily
116621,,undetermined,MapNA
116621,,undetermined,MapExactID
116621,,undetermined,MapExactMatch
116621,,undetermined,MapLicenseFamily
3590029,,undetermined,MapNA
3590029,,undetermined,MapExactID
3590029,,undetermined,MapExactMatch
3590029,,undetermined,MapLicenseFamily
3590029,,undetermined,MapFuzzyMatch
247701,,undetermined,MapNA
247701,,undetermined,MapExactID
247701,,undetermined,MapExactMatch
247701,,undetermined,MapLicenseFamily
247701,,undetermined,MapFuzzyMatch
2410393,,undetermined,MapNA
2410393,,undetermined,MapExactID
2410393,,undetermined,MapExactMatch
2410393,,undetermined,MapLicenseFamily
2410393,,undetermined,MapFuzzyMatch
1361819,,undetermined,MapNA
1361819,,undetermined,MapExactID
1361819,,undetermined,MapExactMatch
1361819,,undetermined,MapLicenseFamily
1361819,,undetermined,MapFuzzyMatch
2148253,,undetermined,MapNA
2148253,,undetermined,MapExactID
2148253,,undetermined,MapExactMatch
2148253,,undetermined,MapLicenseFamily
640927,,undetermined,MapNA
640927,,undetermined,MapExactID
640927,,undetermined,MapExactMatch
640927,,undetermined,MapLicenseFamily
2017184,,undetermined,MapNA
2017184,,undetermined,MapExactID
2017184,,undetermined,MapExactMatch
2017184,,undetermined,MapLicenseFamily
3852193,,undetermined,MapNA
3852193,,undetermined,MapExactID
3852193,,undetermined,MapExactMatch
3852193,,undetermined,MapLicenseFamily
2803622,,undetermined,MapNA
2803622,,undetermined,MapExactID
2803622,,undetermined,MapExactMatch
2803622,,undetermined,MapLicenseFamily
3786662,,undetermined,MapNA
3786662,,undetermined,MapExactID
3786662,,undetermined,MapExactMatch
3786662,,undetermined,MapLicenseFamily
1755051,,undetermined,MapNA
1755051,,undetermined,MapExactID
1755051,,undetermined,MapExactMatch
1755051,,undetermined,MapLicenseFamily
1755051,,undetermined,MapFuzzyMatch
6539180,,undetermined,MapNA
6539180,,undetermined,MapExactID
6539180,,undetermined,MapExactMatch
6539180,,undetermined,MapLicenseFamily
3065776,,undetermined,MapNA
3065776,,undetermined,MapExactID
3065776,,undetermined,MapExactMatch
3065776,,undetermined,MapLicenseFamily
2803633,,undetermined,MapNA
2803633,,undetermined,MapExactID
2803633,,undetermined,MapExactMatch
2803633,,undetermined,MapLicenseFamily
5425081,,undetermined,MapNA
5425081,,undetermined,MapExactID
5425081,,undetermined,MapExactMatch
5425081,,undetermined,MapLicenseFamily
5949369,,undetermined,MapNA
5949369,,undetermined,MapExactID
5949369,,undetermined,MapExactMatch
5949369,,undetermined,MapLicenseFamily
1034177,,undetermined,MapNA
1034177,,undetermined,MapExactID
1034177,,undetermined,MapExactMatch
1034177,,undetermined,MapLicenseFamily
3000260,,undetermined,MapNA
3000260,,undetermined,MapExactID
3000260,,undetermined,MapExactMatch
3000260,,undetermined,MapLicenseFamily
4900804,,undetermined,MapNA
4900804,,undetermined,MapExactID
313290,,undetermined,MapNA
313290,,undetermined,MapExactID
313290,,undetermined,MapExactMatch
313290,,undetermined,MapLicenseFamily
5949391,,undetermined,MapNA
5949391,,undetermined,MapExactID
5949391,,undetermined,MapExactMatch
5949391,,undetermined,MapLicenseFamily
116697,,undetermined,MapNA
116697,,undetermined,MapExactID
116697,,undetermined,MapExactMatch
116697,,undetermined,MapLicenseFamily
116697,,undetermined,MapFuzzyMatch
5425114,,undetermined,MapNA
5425114,,undetermined,MapExactID
5425114,,undetermined,MapExactMatch
5425114,,undetermined,MapLicenseFamily
1034203,,undetermined,MapNA
1034203,,undetermined,MapExactID
1034203,,undetermined,MapExactMatch
1034203,,undetermined,MapLicenseFamily
1165278,,undetermined,MapNA
1165278,,undetermined,MapExactID
1165278,,undetermined,MapExactMatch
1165278,,undetermined,MapLicenseFamily
1165278,,undetermined,MapFuzzyMatch
2082784,,undetermined,MapNA
2082784,,undetermined,MapExactID
2082784,,undetermined,MapExactMatch
2082784,,undetermined,MapLicenseFamily
2017252,,undetermined,MapNA
2017252,,undetermined,MapExactID
2017252,,undetermined,MapExactMatch
2017252,,undetermined,MapLicenseFamily
3327973,,undetermined,MapNA
3327973,,undetermined,MapExactID
3327973,,undetermined,MapExactMatch
3327973,,undetermined,MapLicenseFamily
2541544,,undetermined,MapNA
2541544,,undetermined,MapExactID
2541544,,undetermined,MapExactMatch
2541544,,undetermined,MapLicenseFamily
2541544,,undetermined,MapFuzzyMatch
2017257,,undetermined,MapNA
2017257,,undetermined,MapExactID
2017257,,undetermined,MapExactMatch
2017257,,undetermined,MapLicenseFamily
5556201,,undetermined,MapNA
5556201,,undetermined,MapExactID
5556201,,undetermined,MapExactMatch
5556201,,undetermined,MapLicenseFamily
1820665,,undetermined,MapNA
1820665,,undetermined,MapExactID
1820665,,undetermined,MapExactMatch
1820665,,undetermined,MapLicenseFamily
313341,,undetermined,MapNA
313341,,undetermined,MapExactID
313341,,undetermined,MapExactMatch
313341,,undetermined,MapLicenseFamily
5228544,,undetermined,MapNA
5228544,,undetermined,MapExactID
5228544,,undetermined,MapExactMatch
5228544,,undetermined,MapLicenseFamily
7587841,,undetermined,MapNA
7587841,,undetermined,MapExactID
6277123,,undetermined,MapNA
6277123,,undetermined,MapExactID
6277123,,undetermined,MapExactMatch
6277123,,undetermined,MapLicenseFamily
5556228,,undetermined,MapNA
5556228,,undetermined,MapExactID
5556228,,undetermined,MapExactMatch
5556228,,undetermined,MapLicenseFamily
4966405,,undetermined,MapNA
4966405,,undetermined,MapExactID
4966405,,undetermined,MapExactMatch
4966405,,undetermined,MapLicenseFamily
1034247,,undetermined,MapNA
1034247,,undetermined,MapExactID
1034247,,undetermined,MapExactMatch
1034247,,undetermined,MapLicenseFamily
3000327,,undetermined,MapNA
3000327,,undetermined,MapExactID
3000327,,undetermined,MapExactMatch
3000327,,undetermined,MapLicenseFamily
3196939,,undetermined,MapNA
3196939,,undetermined,MapExactID
3196939,,undetermined,MapExactMatch
3196939,,undetermined,MapLicenseFamily
5294091,,undetermined,MapNA
5294091,,undetermined,MapExactID
5294091,,undetermined,MapExactMatch
5294091,,undetermined,MapLicenseFamily
5949457,,undetermined,MapNA
5949457,,undetermined,MapExactID
5949457,,undetermined,MapExactMatch
5949457,,undetermined,MapLicenseFamily
3917856,,undetermined,MapNA
3917856,,undetermined,MapExactID
3917856,,undetermined,MapExactMatch
3917856,,undetermined,MapLicenseFamily
2934819,,undetermined,MapNA
2934819,,undetermined,MapExactID
2934819,,undetermined,MapExactMatch
2934819,,undetermined,MapLicenseFamily
4966437,,undetermined,MapNA
4966437,,undetermined,MapExactID
4966437,,undetermined,MapExactMatch
4966437,,undetermined,MapLicenseFamily
6604837,,undetermined,MapNA
6604837,,undetermined,MapExactID
6604837,,undetermined,MapExactMatch
6604837,,undetermined,MapLicenseFamily
6604837,,undetermined,MapFuzzyMatch
5490728,,undetermined,MapNA
5490728,,undetermined,MapExactID
5490728,,undetermined,MapExactMatch
5490728,,undetermined,MapLicenseFamily
1165353,,undetermined,MapNA
1165353,,undetermined,MapExactID
1165353,,undetermined,MapExactMatch
1165353,,undetermined,MapLicenseFamily
1165353,,undetermined,MapFuzzyMatch
2934827,,undetermined,MapNA
2934827,,undetermined,MapExactID
2934827,,undetermined,MapExactMatch
2934827,,undetermined,MapLicenseFamily
2345009,,undetermined,MapNA
2345009,,undetermined,MapExactID
2345009,,undetermined,MapExactMatch
2345009,,undetermined,MapLicenseFamily
2345009,,undetermined,MapFuzzyMatch
2803762,,undetermined,MapNA
2803762,,undetermined,MapExactID
2803762,,undetermined,MapExactMatch
2803762,,undetermined,MapLicenseFamily
116787,,undetermined,MapNA
116787,,undetermined,MapExactID
116787,,undetermined,MapExactMatch
116787,,undetermined,MapLicenseFamily
2213939,,undetermined,MapNA
2213939,,undetermined,MapExactID
2213939,,undetermined,MapExactMatch
2213939,,undetermined,MapLicenseFamily
7653429,,undetermined,MapNA
7653429,,undetermined,MapExactID
7653429,,undetermined,MapExactMatch
7653429,,undetermined,MapLicenseFamily
3196985,,undetermined,MapNA
3196985,,undetermined,MapExactID
3196985,,undetermined,MapExactMatch
3196985,,undetermined,MapLicenseFamily
3196985,,undetermined,MapFuzzyMatch
51258,,undetermined,MapNA
51258,,undetermined,MapExactID
51258,,undetermined,MapExactMatch
51258,,undetermined,MapLicenseFamily
51258,,undetermined,MapFuzzyMatch
2738258,,undetermined,MapNA
2738258,,undetermined,MapExactID
2738258,,undetermined,MapExactMatch
2738258,,undetermined,MapLicenseFamily
5425234,,undetermined,MapNA
5425234,,undetermined,MapExactID
5425234,,undetermined,MapExactMatch
5425234,,undetermined,MapLicenseFamily
4507732,,undetermined,MapNA
4507732,,undetermined,MapExactID
4507732,,undetermined,MapExactMatch
4507732,,undetermined,MapLicenseFamily
7653460,,undetermined,MapNA
7653460,,undetermined,MapExactID
7653460,,undetermined,MapExactMatch
7653460,,undetermined,MapLicenseFamily
182358,,undetermined,MapNA
182358,,undetermined,MapExactID
182358,,undetermined,MapExactMatch
182358,,undetermined,MapLicenseFamily
3065943,,undetermined,MapNA
3065943,,undetermined,MapExactID
3065943,,undetermined,MapExactMatch
3065943,,undetermined,MapLicenseFamily
4507736,,undetermined,MapNA
4507736,,undetermined,MapExactID
4507736,,undetermined,MapExactMatch
4507736,,undetermined,MapLicenseFamily
6604891,,undetermined,MapNA
6604891,,undetermined,MapExactID
6604891,,undetermined,MapExactMatch
6604891,,undetermined,MapLicenseFamily
51297,,undetermined,MapNA
51297,,undetermined,MapExactID
51297,,undetermined,MapExactMatch
51297,,undetermined,MapLicenseFamily
3917928,,undetermined,MapNA
3917928,,undetermined,MapExactID
3917928,,undetermined,MapExactMatch
3917928,,undetermined,MapLicenseFamily
2803818,,undetermined,MapNA
2803818,,undetermined,MapExactID
2803818,,undetermined,MapExactMatch
2803818,,undetermined,MapLicenseFamily
2803818,,undetermined,MapFuzzyMatch
6146155,,undetermined,MapNA
6146155,,undetermined,MapExactID
6146155,,undetermined,MapExactMatch
6146155,,undetermined,MapLicenseFamily
444524,,undetermined,MapNA
444524,,undetermined,MapExactID
444524,,undetermined,MapExactMatch
444524,,undetermined,MapLicenseFamily
182383,,undetermined,MapNA
182383,,undetermined,MapExactID
182383,,undetermined,MapExactMatch
182383,,undetermined,MapLicenseFamily
1558640,,undetermined,MapNA
1558640,,undetermined,MapExactID
1558640,,undetermined,MapExactMatch
1558640,,undetermined,MapLicenseFamily
182388,,undetermined,MapNA
182388,,undetermined,MapExactID
182388,,undetermined,MapExactMatch
182388,,undetermined,MapLicenseFamily
1099892,,undetermined,MapNA
1099892,,undetermined,MapExactID
1099892,,undetermined,MapExactMatch
1099892,,undetermined,MapLicenseFamily
1099892,,undetermined,MapFuzzyMatch
182395,,undetermined,MapNA
182395,,undetermined,MapExactID
182395,,undetermined,MapExactMatch
182395,,undetermined,MapLicenseFamily
1099908,,undetermined,MapNA
1099908,,undetermined,MapExactID
1099908,,undetermined,MapExactMatch
1099908,,undetermined,MapLicenseFamily
5884037,,undetermined,MapNA
5884037,,undetermined,MapExactID
5884037,,undetermined,MapExactMatch
5884037,,undetermined,MapLicenseFamily
6080644,,undetermined,MapNA
2934921,,undetermined,MapNA
2934921,,undetermined,MapExactID
2934921,,undetermined,MapExactMatch
2934921,,undetermined,MapLicenseFamily
2803850,,undetermined,MapNA
2803850,,undetermined,MapExactID
2803850,,undetermined,MapExactMatch
2803850,,undetermined,MapLicenseFamily
5425289,,undetermined,MapNA
5425289,,undetermined,MapExactID
5425289,,undetermined,MapExactMatch
5425289,,undetermined,MapLicenseFamily
2869391,,undetermined,MapNA
2869391,,undetermined,MapExactID
2869391,,undetermined,MapExactMatch
2869391,,undetermined,MapLicenseFamily
2869391,,undetermined,MapFuzzyMatch
2476182,,undetermined,MapNA
2476182,,undetermined,MapExactID
2476182,,undetermined,MapExactMatch
2476182,,undetermined,MapLicenseFamily
2476190,,undetermined,MapNA
2476190,,undetermined,MapExactID
2476190,,undetermined,MapExactMatch
2476190,,undetermined,MapLicenseFamily
116895,,undetermined,MapNA
116895,,undetermined,MapExactID
116895,,undetermined,MapExactMatch
116895,,undetermined,MapLicenseFamily
5687458,,undetermined,MapNA
5687458,,undetermined,MapExactID
5687458,,undetermined,MapExactMatch
5687458,,undetermined,MapLicenseFamily
3066021,,undetermined,MapNA
3066021,,undetermined,MapExactID
3066021,,undetermined,MapExactMatch
3066021,,undetermined,MapLicenseFamily
6211751,,undetermined,MapNA
6211751,,undetermined,MapExactID
6211751,,undetermined,MapExactMatch
6211751,,undetermined,MapLicenseFamily
3131560,,undetermined,MapNA
3131560,,undetermined,MapExactID
3131560,,undetermined,MapExactMatch
3131560,,undetermined,MapLicenseFamily
3131560,,undetermined,MapFuzzyMatch
6146220,,undetermined,MapNA
6146220,,undetermined,MapExactID
6146220,,undetermined,MapExactMatch
6146220,,undetermined,MapLicenseFamily
5621933,,undetermined,MapNA
5621933,,undetermined,MapExactID
5621933,,undetermined,MapExactMatch
5621933,,undetermined,MapLicenseFamily
6211765,,undetermined,MapNA
6211765,,undetermined,MapExactID
6211765,,undetermined,MapExactMatch
6211765,,undetermined,MapLicenseFamily
2541750,,undetermined,MapNA
2541750,,undetermined,MapExactID
2541750,,undetermined,MapExactMatch
2541750,,undetermined,MapLicenseFamily
575671,,undetermined,MapNA
575671,,undetermined,MapExactID
575671,,undetermined,MapExactMatch
575671,,undetermined,MapLicenseFamily
6473920,,undetermined,MapNA
6473920,,undetermined,MapExactID
6473920,,undetermined,MapExactMatch
6473920,,undetermined,MapLicenseFamily
2541775,,undetermined,MapNA
2541775,,undetermined,MapExactID
2541775,,undetermined,MapExactMatch
2541775,,undetermined,MapLicenseFamily
5490898,,undetermined,MapNA
5490898,,undetermined,MapExactID
5490898,,undetermined,MapExactMatch
5490898,,undetermined,MapLicenseFamily
2869460,,undetermined,MapNA
2869460,,undetermined,MapExactID
2869460,,undetermined,MapExactMatch
2869460,,undetermined,MapLicenseFamily
1886421,,undetermined,MapNA
1886421,,undetermined,MapExactID
1886421,,undetermined,MapExactMatch
1886421,,undetermined,MapLicenseFamily
313558,,undetermined,MapNA
313558,,undetermined,MapExactID
313558,,undetermined,MapExactMatch
313558,,undetermined,MapLicenseFamily
2214107,,undetermined,MapNA
2214107,,undetermined,MapExactID
2214107,,undetermined,MapExactMatch
2214107,,undetermined,MapLicenseFamily
4835548,,undetermined,MapNA
4835548,,undetermined,MapExactID
4835548,,undetermined,MapExactMatch
4835548,,undetermined,MapLicenseFamily
1034465,,undetermined,MapNA
1034465,,undetermined,MapExactID
1034465,,undetermined,MapExactMatch
1034465,,undetermined,MapLicenseFamily
2410731,,undetermined,MapNA
2410731,,undetermined,MapExactID
2410731,,undetermined,MapExactMatch
2410731,,undetermined,MapLicenseFamily
51447,,undetermined,MapNA
51447,,undetermined,MapExactID
1886455,,undetermined,MapNA
1886455,,undetermined,MapExactID
1886455,,undetermined,MapExactMatch
1886455,,undetermined,MapLicenseFamily
6080767,,undetermined,MapNA
6080767,,undetermined,MapExactID
6080767,,undetermined,MapExactMatch
6080767,,undetermined,MapLicenseFamily
444678,,undetermined,MapNA
444678,,undetermined,MapExactID
444678,,undetermined,MapExactMatch
444678,,undetermined,MapLicenseFamily
379144,,undetermined,MapNA
379144,,undetermined,MapExactID
379144,,undetermined,MapExactMatch
379144,,undetermined,MapLicenseFamily
313623,,undetermined,MapNA
313623,,undetermined,MapExactID
313623,,undetermined,MapExactMatch
313623,,undetermined,MapLicenseFamily
313623,,undetermined,MapFuzzyMatch
6342936,,undetermined,MapNA
6342936,,undetermined,MapExactID
6342936,,undetermined,MapExactMatch
6342936,,undetermined,MapLicenseFamily
7325982,,undetermined,MapNA
7325982,,undetermined,MapExactID
7325982,,undetermined,MapExactMatch
7325982,,undetermined,MapLicenseFamily
2607392,,undetermined,MapNA
2607392,,undetermined,MapExactID
2607392,,undetermined,MapExactMatch
2607392,,undetermined,MapLicenseFamily
5228834,,undetermined,MapNA
5228834,,undetermined,MapExactID
5228834,,undetermined,MapExactMatch
5228834,,undetermined,MapLicenseFamily
2607396,,undetermined,MapNA
2607396,,undetermined,MapExactID
2607396,,undetermined,MapExactMatch
2607396,,undetermined,MapLicenseFamily
6146347,,undetermined,MapNA
6146347,,undetermined,MapExactID
6146347,,undetermined,MapExactMatch
6146347,,undetermined,MapLicenseFamily
51508,,undetermined,MapNA
51508,,undetermined,MapExactID
51508,,undetermined,MapExactMatch
51508,,undetermined,MapLicenseFamily
4245818,,undetermined,MapNA
4245818,,undetermined,MapExactID
4245818,,undetermined,MapExactMatch
4245818,,undetermined,MapLicenseFamily
4245818,,undetermined,MapFuzzyMatch
5032253,,undetermined,MapNA
5032253,,undetermined,MapExactID
5032253,,undetermined,MapExactMatch
5032253,,undetermined,MapLicenseFamily
575813,,undetermined,MapNA
575813,,undetermined,MapExactID
248134,,undetermined,MapNA
248134,,undetermined,MapExactID
248134,,undetermined,MapExactMatch
248134,,undetermined,MapLicenseFamily
182599,,undetermined,MapNA
182599,,undetermined,MapExactID
182599,,undetermined,MapExactMatch
182599,,undetermined,MapLicenseFamily
2738505,,undetermined,MapNA
2738505,,undetermined,MapExactID
2738505,,undetermined,MapExactMatch
2738505,,undetermined,MapLicenseFamily
1034570,,undetermined,MapNA
1034570,,undetermined,MapExactID
1034570,,undetermined,MapExactMatch
1034570,,undetermined,MapLicenseFamily
5949772,,undetermined,MapNA
5949772,,undetermined,MapExactID
5949772,,undetermined,MapExactMatch
5949772,,undetermined,MapLicenseFamily
117074,,undetermined,MapNA
117074,,undetermined,MapExactID
117074,,undetermined,MapExactMatch
117074,,undetermined,MapLicenseFamily
7588184,,undetermined,MapNA
7588184,,undetermined,MapExactID
7588184,,undetermined,MapExactMatch
7588184,,undetermined,MapLicenseFamily
444765,,undetermined,MapNA
444765,,undetermined,MapExactID
444765,,undetermined,MapExactMatch
444765,,undetermined,MapLicenseFamily
3066206,,undetermined,MapNA
3066206,,undetermined,MapExactID
3066206,,undetermined,MapExactMatch
3066206,,undetermined,MapLicenseFamily
1886560,,undetermined,MapNA
1886560,,undetermined,MapExactID
1886560,,undetermined,MapExactMatch
1886560,,undetermined,MapLicenseFamily
5097825,,undetermined,MapNA
5097825,,undetermined,MapExactID
5097825,,undetermined,MapExactMatch
5097825,,undetermined,MapLicenseFamily
117090,,undetermined,MapNA
117090,,undetermined,MapExactID
117090,,undetermined,MapExactMatch
117090,,undetermined,MapLicenseFamily
117090,,undetermined,MapFuzzyMatch
3459432,,undetermined,MapNA
3459432,,undetermined,MapExactID
3459432,,undetermined,MapExactMatch
3459432,,undetermined,MapLicenseFamily
3459432,,undetermined,MapFuzzyMatch
1558893,,undetermined,MapNA
1558893,,undetermined,MapExactID
1558893,,undetermined,MapExactMatch
1558893,,undetermined,MapLicenseFamily
1558893,,undetermined,MapFuzzyMatch
1689969,,undetermined,MapNA
1689969,,undetermined,MapExactID
1689969,,undetermined,MapExactMatch
1689969,,undetermined,MapLicenseFamily
2476402,,undetermined,MapNA
2476402,,undetermined,MapExactID
2476402,,undetermined,MapExactMatch
2476402,,undetermined,MapLicenseFamily
3328369,,undetermined,MapNA
3328369,,undetermined,MapExactID
3328369,,undetermined,MapExactMatch
3328369,,undetermined,MapLicenseFamily
1886581,,undetermined,MapNA
1886581,,undetermined,MapExactID
1886581,,undetermined,MapExactMatch
1886581,,undetermined,MapLicenseFamily
6670709,,undetermined,MapNA
6670709,,undetermined,MapExactID
6670709,,undetermined,MapExactMatch
6670709,,undetermined,MapLicenseFamily
5556599,,undetermined,MapNA
5556599,,undetermined,MapExactID
5556599,,undetermined,MapExactMatch
5556599,,undetermined,MapLicenseFamily
5556599,,undetermined,MapFuzzyMatch
4966785,,undetermined,MapNA
4966785,,undetermined,MapExactID
4966785,,undetermined,MapExactMatch
4966785,,undetermined,MapLicenseFamily
772492,,undetermined,MapNA
772492,,undetermined,MapExactID
772492,,undetermined,MapExactMatch
772492,,undetermined,MapLicenseFamily
772492,,undetermined,MapFuzzyMatch
1558924,,undetermined,MapNA
1558924,,undetermined,MapExactID
1558924,,undetermined,MapExactMatch
1558924,,undetermined,MapLicenseFamily
1558924,,undetermined,MapFuzzyMatch
1558935,,undetermined,MapNA
1558935,,undetermined,MapExactID
1558935,,undetermined,MapExactMatch
1558935,,undetermined,MapLicenseFamily
2476443,,undetermined,MapNA
2476443,,undetermined,MapExactID
2476443,,undetermined,MapExactMatch
2476443,,undetermined,MapLicenseFamily
2476443,,undetermined,MapFuzzyMatch
248224,,undetermined,MapNA
248224,,undetermined,MapExactID
248224,,undetermined,MapExactMatch
248224,,undetermined,MapLicenseFamily
575907,,undetermined,MapNA
575907,,undetermined,MapExactID
575907,,undetermined,MapExactMatch
575907,,undetermined,MapLicenseFamily
575907,,undetermined,MapFuzzyMatch
5228969,,undetermined,MapNA
5228969,,undetermined,MapExactID
5228969,,undetermined,MapExactMatch
5228969,,undetermined,MapLicenseFamily
3131820,,undetermined,MapNA
3131820,,undetermined,MapExactID
3131820,,undetermined,MapExactMatch
3131820,,undetermined,MapLicenseFamily
3131820,,undetermined,MapFuzzyMatch
3066287,,undetermined,MapNA
3066287,,undetermined,MapExactID
3066287,,undetermined,MapExactMatch
3066287,,undetermined,MapLicenseFamily
2542004,,undetermined,MapNA
2542004,,undetermined,MapExactID
3197366,,undetermined,MapNA
3197366,,undetermined,MapExactID
7391675,,undetermined,MapNA
7391675,,undetermined,MapExactID
7391675,,undetermined,MapExactMatch
7391675,,undetermined,MapLicenseFamily
2542013,,undetermined,MapNA
5884352,,undetermined,MapNA
5884352,,undetermined,MapExactID
5884352,,undetermined,MapExactMatch
5884352,,undetermined,MapLicenseFamily
1034690,,undetermined,MapNA
1034690,,undetermined,MapExactID
1034690,,undetermined,MapExactMatch
1034690,,undetermined,MapLicenseFamily
1165782,,undetermined,MapNA
1165782,,undetermined,MapExactID
1165782,,undetermined,MapExactMatch
1165782,,undetermined,MapLicenseFamily
1165782,,undetermined,MapFuzzyMatch
2607574,,undetermined,MapNA
2607574,,undetermined,MapExactID
2607574,,undetermined,MapExactMatch
2607574,,undetermined,MapLicenseFamily
3590618,,undetermined,MapNA
3590618,,undetermined,MapExactID
3590618,,undetermined,MapExactMatch
3590618,,undetermined,MapLicenseFamily
3590618,,undetermined,MapFuzzyMatch
6015452,,undetermined,MapNA
6015452,,undetermined,MapExactID
6015452,,undetermined,MapExactMatch
6015452,,undetermined,MapLicenseFamily
3852767,,undetermined,MapNA
3852767,,undetermined,MapExactID
3852767,,undetermined,MapExactMatch
3852767,,undetermined,MapLicenseFamily
1362400,,undetermined,MapNA
1362400,,undetermined,MapExactID
1362400,,undetermined,MapExactMatch
1362400,,undetermined,MapLicenseFamily
4573664,,undetermined,MapNA
4573664,,undetermined,MapExactID
4573664,,undetermined,MapExactMatch
4573664,,undetermined,MapLicenseFamily
2935272,,undetermined,MapNA
2935272,,undetermined,MapExactID
2935272,,undetermined,MapExactMatch
2935272,,undetermined,MapLicenseFamily
2935272,,undetermined,MapFuzzyMatch
3328494,,undetermined,MapNA
3328494,,undetermined,MapExactID
3328494,,undetermined,MapExactMatch
3328494,,undetermined,MapLicenseFamily
2148850,,undetermined,MapNA
2148850,,undetermined,MapExactID
2148850,,undetermined,MapExactMatch
2148850,,undetermined,MapLicenseFamily
2148850,,undetermined,MapFuzzyMatch
2345477,,undetermined,MapNA
2345477,,undetermined,MapExactID
2345477,,undetermined,MapExactMatch
2345477,,undetermined,MapLicenseFamily
2738694,,undetermined,MapNA
2738694,,undetermined,MapExactID
2738694,,undetermined,MapExactMatch
2738694,,undetermined,MapLicenseFamily
2738694,,undetermined,MapFuzzyMatch
3131911,,undetermined,MapNA
3131911,,undetermined,MapExactID
3131911,,undetermined,MapExactMatch
3131911,,undetermined,MapLicenseFamily
1821196,,undetermined,MapNA
1821196,,undetermined,MapExactID
1821196,,undetermined,MapExactMatch
1821196,,undetermined,MapLicenseFamily
2476559,,undetermined,MapNA
2476559,,undetermined,MapExactID
2476559,,undetermined,MapExactMatch
2476559,,undetermined,MapLicenseFamily
248336,,undetermined,MapNA
248336,,undetermined,MapExactID
248336,,undetermined,MapExactMatch
248336,,undetermined,MapLicenseFamily
7326225,,undetermined,MapNA
7326225,,undetermined,MapExactID
7326225,,undetermined,MapExactMatch
7326225,,undetermined,MapLicenseFamily
2214419,,undetermined,MapNA
2214419,,undetermined,MapExactID
2214419,,undetermined,MapExactMatch
2214419,,undetermined,MapLicenseFamily
2214419,,undetermined,MapFuzzyMatch
1362453,,undetermined,MapNA
1362453,,undetermined,MapExactID
1362453,,undetermined,MapExactMatch
1362453,,undetermined,MapLicenseFamily
6015516,,undetermined,MapNA
6015516,,undetermined,MapExactID
6015516,,undetermined,MapExactMatch
6015516,,undetermined,MapLicenseFamily
5163550,,undetermined,MapNA
5163550,,undetermined,MapExactID
5163550,,undetermined,MapExactMatch
5163550,,undetermined,MapLicenseFamily
6015519,,undetermined,MapNA
6015519,,undetermined,MapExactID
6015519,,undetermined,MapExactMatch
6015519,,undetermined,MapLicenseFamily
6015519,,undetermined,MapFuzzyMatch
6015520,,undetermined,MapNA
6015520,,undetermined,MapExactID
6015520,,undetermined,MapExactMatch
6015520,,undetermined,MapLicenseFamily
51748,,undetermined,MapNA
51748,,undetermined,MapExactID
51748,,undetermined,MapExactMatch
51748,,undetermined,MapLicenseFamily
5229098,,undetermined,MapNA
5229098,,undetermined,MapExactID
5229098,,undetermined,MapExactMatch
5229098,,undetermined,MapLicenseFamily
838192,,undetermined,MapNA
838192,,undetermined,MapExactID
838192,,undetermined,MapExactMatch
838192,,undetermined,MapLicenseFamily
7129649,,undetermined,MapNA
7129649,,undetermined,MapExactID
7129649,,undetermined,MapExactMatch
7129649,,undetermined,MapLicenseFamily
1755712,,undetermined,MapNA
1755712,,undetermined,MapExactID
1755712,,undetermined,MapExactMatch
1755712,,undetermined,MapLicenseFamily
6343241,,undetermined,MapNA
6343241,,undetermined,MapExactID
6343241,,undetermined,MapExactMatch
6343241,,undetermined,MapLicenseFamily
5753418,,undetermined,MapNA
5753418,,undetermined,MapExactID
5753418,,undetermined,MapExactMatch
5753418,,undetermined,MapLicenseFamily
5229132,,undetermined,MapNA
5229132,,undetermined,MapExactID
5229132,,undetermined,MapExactMatch
5229132,,undetermined,MapLicenseFamily
1821263,,undetermined,MapNA
1821263,,undetermined,MapExactID
1821263,,undetermined,MapExactMatch
1821263,,undetermined,MapLicenseFamily
5425745,,undetermined,MapNA
5425745,,undetermined,MapExactID
5425745,,undetermined,MapExactMatch
5425745,,undetermined,MapLicenseFamily
3983968,,undetermined,MapNA
3983968,,undetermined,MapExactID
3983968,,undetermined,MapExactMatch
3983968,,undetermined,MapLicenseFamily
117349,,undetermined,MapNA
117349,,undetermined,MapExactID
117349,,undetermined,MapExactMatch
117349,,undetermined,MapLicenseFamily
1559141,,undetermined,MapNA
1559141,,undetermined,MapExactID
1559141,,undetermined,MapExactMatch
1559141,,undetermined,MapLicenseFamily
3328613,,undetermined,MapNA
3328613,,undetermined,MapExactID
3328613,,undetermined,MapExactMatch
3328613,,undetermined,MapLicenseFamily
3459686,,undetermined,MapNA
3459686,,undetermined,MapExactID
3459686,,undetermined,MapExactMatch
3459686,,undetermined,MapLicenseFamily
5622373,,undetermined,MapNA
5622373,,undetermined,MapExactID
5622373,,undetermined,MapExactMatch
5622373,,undetermined,MapLicenseFamily
5622373,,undetermined,MapFuzzyMatch
7653994,,undetermined,MapNA
7653994,,undetermined,MapExactID
7653994,,undetermined,MapExactMatch
7653994,,undetermined,MapLicenseFamily
379499,,undetermined,MapNA
379499,,undetermined,MapExactID
379499,,undetermined,MapExactMatch
379499,,undetermined,MapLicenseFamily
379499,,undetermined,MapFuzzyMatch
2214507,,undetermined,MapNA
2214507,,undetermined,MapExactID
2214507,,undetermined,MapExactMatch
3328626,,undetermined,MapNA
3328626,,undetermined,MapExactID
3328626,,undetermined,MapExactMatch
3328626,,undetermined,MapLicenseFamily
313973,,undetermined,MapNA
313973,,undetermined,MapExactID
313973,,undetermined,MapExactMatch
313973,,undetermined,MapLicenseFamily
313973,,undetermined,MapFuzzyMatch
4246134,,undetermined,MapNA
4246134,,undetermined,MapExactID
4246134,,undetermined,MapExactMatch
4246134,,undetermined,MapLicenseFamily
4246134,,undetermined,MapFuzzyMatch
7654010,,undetermined,MapNA
7654010,,undetermined,MapExactID
7654010,,undetermined,MapExactMatch
7654010,,undetermined,MapLicenseFamily
1886846,,undetermined,MapNA
1886846,,undetermined,MapExactID
1886846,,undetermined,MapExactMatch
1886846,,undetermined,MapLicenseFamily
1886846,,undetermined,MapFuzzyMatch
6474377,,undetermined,MapNA
6474377,,undetermined,MapExactID
6474377,,undetermined,MapExactMatch
6474377,,undetermined,MapLicenseFamily
182923,,undetermined,MapNA
182923,,undetermined,MapExactID
182923,,undetermined,MapExactMatch
182923,,undetermined,MapLicenseFamily
248459,,undetermined,MapNA
7326348,,undetermined,MapNA
7326348,,undetermined,MapExactID
7326348,,undetermined,MapExactMatch
7326348,,undetermined,MapLicenseFamily
576142,,undetermined,MapNA
1362574,,undetermined,MapNA
1362574,,undetermined,MapExactID
1362574,,undetermined,MapExactMatch
1362574,,undetermined,MapLicenseFamily
1362574,,undetermined,MapFuzzyMatch
6539920,,undetermined,MapNA
6539920,,undetermined,MapExactID
6539920,,undetermined,MapExactMatch
6539920,,undetermined,MapLicenseFamily
6343313,,undetermined,MapNA
6343313,,undetermined,MapExactID
6343313,,undetermined,MapExactMatch
6343313,,undetermined,MapLicenseFamily
6343313,,undetermined,MapFuzzyMatch
4180628,,undetermined,MapNA
4180628,,undetermined,MapExactID
4180628,,undetermined,MapExactMatch
4180628,,undetermined,MapLicenseFamily
248469,,undetermined,MapNA
248469,,undetermined,MapExactID
248469,,undetermined,MapExactMatch
248469,,undetermined,MapLicenseFamily
2673304,,undetermined,MapNA
2673304,,undetermined,MapExactID
2673304,,undetermined,MapExactMatch
2673304,,undetermined,MapLicenseFamily
2935452,,undetermined,MapNA
2935452,,undetermined,MapExactID
2935452,,undetermined,MapExactMatch
2935452,,undetermined,MapLicenseFamily
3132061,,undetermined,MapNA
3132061,,undetermined,MapExactID
3132061,,undetermined,MapExactMatch
3132061,,undetermined,MapLicenseFamily
6539937,,undetermined,MapNA
6539937,,undetermined,MapExactID
6539937,,undetermined,MapExactMatch
6539937,,undetermined,MapLicenseFamily
5491362,,undetermined,MapNA
5491362,,undetermined,MapExactID
5491362,,undetermined,MapExactMatch
5491362,,undetermined,MapLicenseFamily
4967086,,undetermined,MapNA
4967086,,undetermined,MapExactID
4967086,,undetermined,MapExactMatch
4967086,,undetermined,MapLicenseFamily
2542258,,undetermined,MapNA
2542258,,undetermined,MapExactID
2542258,,undetermined,MapExactMatch
2542258,,undetermined,MapLicenseFamily
2149044,,undetermined,MapNA
2149044,,undetermined,MapExactID
2149044,,undetermined,MapExactMatch
2149044,,undetermined,MapLicenseFamily
7654069,,undetermined,MapNA
7654069,,undetermined,MapExactID
7654069,,undetermined,MapExactMatch
7654069,,undetermined,MapLicenseFamily
3459767,,undetermined,MapNA
3459767,,undetermined,MapExactID
3459767,,undetermined,MapExactMatch
3459767,,undetermined,MapLicenseFamily
6605498,,undetermined,MapNA
6605498,,undetermined,MapExactID
6605498,,undetermined,MapExactMatch
6605498,,undetermined,MapLicenseFamily
2476734,,undetermined,MapNA
2476734,,undetermined,MapExactID
2476734,,undetermined,MapExactMatch
2476734,,undetermined,MapLicenseFamily
6015684,,undetermined,MapNA
6015684,,undetermined,MapExactID
6015684,,undetermined,MapExactMatch
6015684,,undetermined,MapLicenseFamily
6015684,,undetermined,MapFuzzyMatch
248524,,undetermined,MapNA
248524,,undetermined,MapExactID
248524,,undetermined,MapExactMatch
248524,,undetermined,MapLicenseFamily
5425871,,undetermined,MapNA
5425871,,undetermined,MapExactID
5425871,,undetermined,MapExactMatch
5425871,,undetermined,MapLicenseFamily
2935512,,undetermined,MapNA
2935512,,undetermined,MapExactID
2935512,,undetermined,MapExactMatch
2935512,,undetermined,MapLicenseFamily
3132126,,undetermined,MapNA
3132126,,undetermined,MapExactID
3132126,,undetermined,MapExactMatch
3132126,,undetermined,MapLicenseFamily
2280166,,undetermined,MapNA
2280166,,undetermined,MapExactID
2280166,,undetermined,MapExactMatch
2280166,,undetermined,MapLicenseFamily
5753574,,undetermined,MapNA
5753574,,undetermined,MapExactID
5753574,,undetermined,MapExactMatch
5753574,,undetermined,MapLicenseFamily
6277864,,undetermined,MapNA
6277864,,undetermined,MapExactID
6277864,,undetermined,MapExactMatch
6277864,,undetermined,MapLicenseFamily
1034985,,undetermined,MapNA
2476778,,undetermined,MapNA
2476778,,undetermined,MapExactID
2476778,,undetermined,MapExactMatch
2476778,,undetermined,MapLicenseFamily
3001065,,undetermined,MapNA
3001065,,undetermined,MapExactID
3001065,,undetermined,MapExactMatch
3001065,,undetermined,MapLicenseFamily
6343406,,undetermined,MapNA
6343406,,undetermined,MapExactID
6343406,,undetermined,MapExactMatch
6343406,,undetermined,MapLicenseFamily
4508402,,undetermined,MapNA
4508402,,undetermined,MapExactID
4508402,,undetermined,MapExactMatch
4508402,,undetermined,MapLicenseFamily
1166075,,undetermined,MapNA
1166075,,undetermined,MapExactID
1166075,,undetermined,MapExactMatch
1166075,,undetermined,MapLicenseFamily
248575,,undetermined,MapNA
248575,,undetermined,MapExactID
248575,,undetermined,MapExactMatch
248575,,undetermined,MapLicenseFamily
248575,,undetermined,MapFuzzyMatch
1362689,,undetermined,MapNA
1362689,,undetermined,MapExactID
1362689,,undetermined,MapExactMatch
1362689,,undetermined,MapLicenseFamily
4639491,,undetermined,MapNA
4639491,,undetermined,MapExactID
4639491,,undetermined,MapExactMatch
4639491,,undetermined,MapLicenseFamily
6146823,,undetermined,MapNA
4639505,,undetermined,MapNA
4639505,,undetermined,MapExactID
4639505,,undetermined,MapExactMatch
4639505,,undetermined,MapLicenseFamily
3459858,,undetermined,MapNA
3459858,,undetermined,MapExactID
3459858,,undetermined,MapExactMatch
3459858,,undetermined,MapLicenseFamily
2018072,,undetermined,MapNA
2018072,,undetermined,MapExactID
2018072,,undetermined,MapExactMatch
2018072,,undetermined,MapLicenseFamily
2018072,,undetermined,MapFuzzyMatch
5622553,,undetermined,MapNA
5622553,,undetermined,MapExactID
5622553,,undetermined,MapExactMatch
5622553,,undetermined,MapLicenseFamily
314138,,undetermined,MapNA
314138,,undetermined,MapExactID
314138,,undetermined,MapExactMatch
314138,,undetermined,MapLicenseFamily
641819,,undetermined,MapNA
641819,,undetermined,MapExactID
641819,,undetermined,MapExactMatch
641819,,undetermined,MapLicenseFamily
641819,,undetermined,MapFuzzyMatch
3328796,,undetermined,MapNA
3328796,,undetermined,MapExactID
3328796,,undetermined,MapExactMatch
3328796,,undetermined,MapLicenseFamily
3328796,,undetermined,MapFuzzyMatch
5884701,,undetermined,MapNA
5884701,,undetermined,MapExactID
5884701,,undetermined,MapExactMatch
5884701,,undetermined,MapLicenseFamily
5032734,,undetermined,MapNA
5032734,,undetermined,MapExactID
5032734,,undetermined,MapExactMatch
5032734,,undetermined,MapLicenseFamily
4967199,,undetermined,MapNA
4967199,,undetermined,MapExactID
4967199,,undetermined,MapExactMatch
4967199,,undetermined,MapLicenseFamily
6277919,,undetermined,MapNA
6277919,,undetermined,MapExactID
6277919,,undetermined,MapExactMatch
6277919,,undetermined,MapLicenseFamily
2083620,,undetermined,MapNA
2083620,,undetermined,MapExactID
2083620,,undetermined,MapExactMatch
2083620,,undetermined,MapLicenseFamily
2083620,,undetermined,MapFuzzyMatch
314154,,undetermined,MapNA
314154,,undetermined,MapExactID
314154,,undetermined,MapExactMatch
314154,,undetermined,MapLicenseFamily
1166126,,undetermined,MapNA
4049718,,undetermined,MapNA
4049718,,undetermined,MapExactID
4049718,,undetermined,MapExactMatch
4049718,,undetermined,MapLicenseFamily
117559,,undetermined,MapNA
117559,,undetermined,MapExactID
117559,,undetermined,MapExactMatch
117559,,undetermined,MapLicenseFamily
5425976,,undetermined,MapNA
5425976,,undetermined,MapExactID
5425976,,undetermined,MapExactMatch
5425976,,undetermined,MapLicenseFamily
379710,,undetermined,MapNA
379710,,undetermined,MapExactID
379710,,undetermined,MapExactMatch
379710,,undetermined,MapLicenseFamily
183103,,undetermined,MapNA
183103,,undetermined,MapExactID
183103,,undetermined,MapExactMatch
183103,,undetermined,MapLicenseFamily
2083647,,undetermined,MapNA
2083647,,undetermined,MapExactID
2083647,,undetermined,MapExactMatch
2083647,,undetermined,MapLicenseFamily
1755970,,undetermined,MapNA
1755970,,undetermined,MapExactID
1755970,,undetermined,MapExactMatch
1755970,,undetermined,MapLicenseFamily
2083654,,undetermined,MapNA
2083654,,undetermined,MapExactID
2083654,,undetermined,MapExactMatch
2083654,,undetermined,MapLicenseFamily
2083654,,undetermined,MapFuzzyMatch
314200,,undetermined,MapNA
314200,,undetermined,MapExactID
314200,,undetermined,MapExactMatch
314200,,undetermined,MapLicenseFamily
3328856,,undetermined,MapNA
3328856,,undetermined,MapExactID
3328856,,undetermined,MapExactMatch
3328856,,undetermined,MapLicenseFamily
3328861,,undetermined,MapNA
3328861,,undetermined,MapExactID
3328861,,undetermined,MapExactMatch
3328861,,undetermined,MapLicenseFamily
5229406,,undetermined,MapNA
5229406,,undetermined,MapExactID
5229406,,undetermined,MapExactMatch
5229406,,undetermined,MapLicenseFamily
6474589,,undetermined,MapNA
6474589,,undetermined,MapExactID
6474589,,undetermined,MapExactMatch
6474589,,undetermined,MapLicenseFamily
4967267,,undetermined,MapNA
4967267,,undetermined,MapExactID
4967267,,undetermined,MapExactMatch
4967267,,undetermined,MapLicenseFamily
5819238,,undetermined,MapNA
5819238,,undetermined,MapExactID
5819238,,undetermined,MapExactMatch
5819238,,undetermined,MapLicenseFamily
5819238,,undetermined,MapFuzzyMatch
5753706,,undetermined,MapNA
5753706,,undetermined,MapExactID
5753706,,undetermined,MapExactMatch
5753706,,undetermined,MapLicenseFamily
5753706,,undetermined,MapFuzzyMatch
3853163,,undetermined,MapNA
3853163,,undetermined,MapExactID
3853163,,undetermined,MapExactMatch
3853163,,undetermined,MapLicenseFamily
379756,,undetermined,MapNA
379756,,undetermined,MapExactID
379756,,undetermined,MapExactMatch
379756,,undetermined,MapLicenseFamily
6343531,,undetermined,MapNA
6343531,,undetermined,MapExactID
6343531,,undetermined,MapExactMatch
6343531,,undetermined,MapLicenseFamily
1100655,,undetermined,MapNA
1100655,,undetermined,MapExactID
1100655,,undetermined,MapExactMatch
1100655,,undetermined,MapLicenseFamily
1100655,,undetermined,MapFuzzyMatch
1756015,,undetermined,MapNA
1756015,,undetermined,MapExactID
1756015,,undetermined,MapExactMatch
1756015,,undetermined,MapLicenseFamily
379761,,undetermined,MapNA
379761,,undetermined,MapExactID
379761,,undetermined,MapExactMatch
379761,,undetermined,MapLicenseFamily
4967284,,undetermined,MapNA
4967284,,undetermined,MapExactID
4967284,,undetermined,MapExactMatch
4967284,,undetermined,MapLicenseFamily
1821557,,undetermined,MapNA
1821557,,undetermined,MapExactID
1821557,,undetermined,MapExactMatch
1821557,,undetermined,MapLicenseFamily
6343542,,undetermined,MapNA
6343542,,undetermined,MapExactID
6343542,,undetermined,MapExactMatch
6343542,,undetermined,MapLicenseFamily
6343542,,undetermined,MapFuzzyMatch
4639608,,undetermined,MapNA
4639608,,undetermined,MapExactID
4639608,,undetermined,MapExactMatch
4639608,,undetermined,MapLicenseFamily
2214778,,undetermined,MapNA
2214778,,undetermined,MapExactID
2214778,,undetermined,MapExactMatch
2214778,,undetermined,MapLicenseFamily
5557114,,undetermined,MapNA
5557114,,undetermined,MapExactID
5557114,,undetermined,MapExactMatch
5557114,,undetermined,MapLicenseFamily
5557114,,undetermined,MapFuzzyMatch
6146940,,undetermined,MapNA
6146940,,undetermined,MapExactID
6146940,,undetermined,MapExactMatch
6146940,,undetermined,MapLicenseFamily
4836221,,undetermined,MapNA
4836221,,undetermined,MapExactID
4836221,,undetermined,MapExactMatch
4836221,,undetermined,MapLicenseFamily
5557122,,undetermined,MapNA
5557122,,undetermined,MapExactID
5557122,,undetermined,MapExactMatch
5557122,,undetermined,MapLicenseFamily
6146946,,undetermined,MapNA
6146946,,undetermined,MapExactID
6146946,,undetermined,MapExactMatch
6146946,,undetermined,MapLicenseFamily
6146946,,undetermined,MapFuzzyMatch
3132300,,undetermined,MapNA
3132300,,undetermined,MapExactID
3132300,,undetermined,MapExactMatch
3132300,,undetermined,MapLicenseFamily
1035152,,undetermined,MapNA
1035152,,undetermined,MapExactID
1035152,,undetermined,MapExactMatch
1035152,,undetermined,MapLicenseFamily
3459991,,undetermined,MapNA
3459991,,undetermined,MapExactID
3459991,,undetermined,MapExactMatch
3459991,,undetermined,MapLicenseFamily
5557147,,undetermined,MapNA
5557147,,undetermined,MapExactID
5557147,,undetermined,MapExactMatch
5557147,,undetermined,MapLicenseFamily
52125,,undetermined,MapNA
52125,,undetermined,MapExactID
52125,,undetermined,MapExactMatch
52125,,undetermined,MapLicenseFamily
1035167,,undetermined,MapNA
1035167,,undetermined,MapExactID
1035167,,undetermined,MapExactMatch
1035167,,undetermined,MapLicenseFamily
1166240,,undetermined,MapNA
1166240,,undetermined,MapExactID
1166240,,undetermined,MapExactMatch
1166240,,undetermined,MapLicenseFamily
183204,,undetermined,MapNA
183204,,undetermined,MapExactID
183204,,undetermined,MapExactMatch
183204,,undetermined,MapLicenseFamily
183204,,undetermined,MapFuzzyMatch
5098404,,undetermined,MapNA
5098404,,undetermined,MapExactID
2083752,,undetermined,MapNA
52139,,undetermined,MapNA
52139,,undetermined,MapExactID
52139,,undetermined,MapExactMatch
52139,,undetermined,MapLicenseFamily
52139,,undetermined,MapFuzzyMatch
1035192,,undetermined,MapNA
1035192,,undetermined,MapExactID
1035192,,undetermined,MapExactMatch
1035192,,undetermined,MapLicenseFamily
5295034,,undetermined,MapNA
5295034,,undetermined,MapExactID
5295034,,undetermined,MapExactMatch
5295034,,undetermined,MapLicenseFamily
6343611,,undetermined,MapNA
6343611,,undetermined,MapExactID
6343611,,undetermined,MapExactMatch
6343611,,undetermined,MapLicenseFamily
1756092,,undetermined,MapNA
1756092,,undetermined,MapExactID
1756092,,undetermined,MapExactMatch
1756092,,undetermined,MapLicenseFamily
1756092,,undetermined,MapFuzzyMatch
1756100,,undetermined,MapNA
1756100,,undetermined,MapExactID
1756100,,undetermined,MapExactMatch
1756100,,undetermined,MapLicenseFamily
1756100,,undetermined,MapFuzzyMatch
2280392,,undetermined,MapNA
2280392,,undetermined,MapExactID
2280392,,undetermined,MapExactMatch
2280392,,undetermined,MapLicenseFamily
445385,,undetermined,MapNA
445385,,undetermined,MapExactID
445385,,undetermined,MapExactMatch
445385,,undetermined,MapLicenseFamily
445385,,undetermined,MapFuzzyMatch
3918803,,undetermined,MapNA
3918803,,undetermined,MapExactID
3918803,,undetermined,MapExactMatch
3918803,,undetermined,MapLicenseFamily
3918803,,undetermined,MapFuzzyMatch
1756118,,undetermined,MapNA
1756118,,undetermined,MapExactID
1756118,,undetermined,MapExactMatch
1756118,,undetermined,MapLicenseFamily
5229526,,undetermined,MapNA
5229526,,undetermined,MapExactID
5229526,,undetermined,MapExactMatch
5229526,,undetermined,MapLicenseFamily
5229526,,undetermined,MapFuzzyMatch
5753817,,undetermined,MapNA
5753817,,undetermined,MapExactID
5753817,,undetermined,MapExactMatch
5753817,,undetermined,MapLicenseFamily
3918812,,undetermined,MapNA
3918812,,undetermined,MapExactID
3918812,,undetermined,MapExactMatch
3918812,,undetermined,MapLicenseFamily
969694,,undetermined,MapNA
969694,,undetermined,MapExactID
969694,,undetermined,MapExactMatch
969694,,undetermined,MapLicenseFamily
969694,,undetermined,MapFuzzyMatch
1690595,,undetermined,MapNA
1690595,,undetermined,MapExactID
1690595,,undetermined,MapExactMatch
1690595,,undetermined,MapLicenseFamily
1690595,,undetermined,MapFuzzyMatch
2411494,,undetermined,MapNA
2411494,,undetermined,MapExactID
2411494,,undetermined,MapExactMatch
2411494,,undetermined,MapLicenseFamily
2411494,,undetermined,MapFuzzyMatch
7523302,,undetermined,MapNA
7523302,,undetermined,MapExactID
7523302,,undetermined,MapExactMatch
7523302,,undetermined,MapLicenseFamily
7523302,,undetermined,MapFuzzyMatch
3656680,,undetermined,MapNA
3656680,,undetermined,MapExactID
3656680,,undetermined,MapExactMatch
3656680,,undetermined,MapLicenseFamily
2083823,,undetermined,MapNA
2083823,,undetermined,MapExactID
2083823,,undetermined,MapExactMatch
2083823,,undetermined,MapLicenseFamily
4639727,,undetermined,MapNA
4639727,,undetermined,MapExactID
4639727,,undetermined,MapExactMatch
4639727,,undetermined,MapLicenseFamily
5884915,,undetermined,MapNA
5884915,,undetermined,MapExactID
5884915,,undetermined,MapExactMatch
5884915,,undetermined,MapLicenseFamily
4049909,,undetermined,MapNA
4049909,,undetermined,MapExactID
4049909,,undetermined,MapExactMatch
4049909,,undetermined,MapLicenseFamily
4049912,,undetermined,MapNA
4049912,,undetermined,MapExactID
4049912,,undetermined,MapExactMatch
4049912,,undetermined,MapLicenseFamily
4639736,,undetermined,MapNA
4639736,,undetermined,MapExactID
4639736,,undetermined,MapExactMatch
4639736,,undetermined,MapLicenseFamily
4049914,,undetermined,MapNA
4049914,,undetermined,MapExactID
4049914,,undetermined,MapExactMatch
4049914,,undetermined,MapLicenseFamily
2411516,,undetermined,MapNA
2411516,,undetermined,MapExactID
2411516,,undetermined,MapExactMatch
2411516,,undetermined,MapLicenseFamily
7392261,,undetermined,MapNA
7392261,,undetermined,MapExactID
7392261,,undetermined,MapExactMatch
7392261,,undetermined,MapLicenseFamily
3197960,,undetermined,MapNA
3197960,,undetermined,MapExactID
3197960,,undetermined,MapExactMatch
3197960,,undetermined,MapLicenseFamily
7457801,,undetermined,MapNA
7457801,,undetermined,MapExactID
7457801,,undetermined,MapExactMatch
7457801,,undetermined,MapLicenseFamily
117775,,undetermined,MapNA
117775,,undetermined,MapExactID
117775,,undetermined,MapExactMatch
117775,,undetermined,MapLicenseFamily
117775,,undetermined,MapFuzzyMatch
5884948,,undetermined,MapNA
5884948,,undetermined,MapExactID
5884948,,undetermined,MapExactMatch
5884948,,undetermined,MapLicenseFamily
1821719,,undetermined,MapNA
1821719,,undetermined,MapExactID
1821719,,undetermined,MapExactMatch
1821719,,undetermined,MapLicenseFamily
7392281,,undetermined,MapNA
7392281,,undetermined,MapExactID
7392281,,undetermined,MapExactMatch
7392281,,undetermined,MapLicenseFamily
7392281,,undetermined,MapFuzzyMatch
445465,,undetermined,MapNA
2083865,,undetermined,MapNA
2083865,,undetermined,MapExactID
2083865,,undetermined,MapExactMatch
2083865,,undetermined,MapLicenseFamily
5753882,,undetermined,MapNA
5753882,,undetermined,MapExactID
5753882,,undetermined,MapExactMatch
5753882,,undetermined,MapLicenseFamily
5753882,,undetermined,MapFuzzyMatch
6343709,,undetermined,MapNA
6343709,,undetermined,MapExactID
6343709,,undetermined,MapExactMatch
6343709,,undetermined,MapLicenseFamily
6343709,,undetermined,MapFuzzyMatch
3329058,,undetermined,MapNA
3329058,,undetermined,MapExactID
3329058,,undetermined,MapExactMatch
3329058,,undetermined,MapLicenseFamily
5426210,,undetermined,MapNA
5426210,,undetermined,MapExactID
5426210,,undetermined,MapExactMatch
5426210,,undetermined,MapLicenseFamily
2411558,,undetermined,MapNA
2411558,,undetermined,MapExactID
2411558,,undetermined,MapExactMatch
2411558,,undetermined,MapLicenseFamily
3722289,,undetermined,MapNA
3722289,,undetermined,MapExactID
3722289,,undetermined,MapExactMatch
3722289,,undetermined,MapLicenseFamily
3722289,,undetermined,MapFuzzyMatch
117810,,undetermined,MapNA
117810,,undetermined,MapExactID
117810,,undetermined,MapExactMatch
117810,,undetermined,MapLicenseFamily
117810,,undetermined,MapFuzzyMatch
4049969,,undetermined,MapNA
4049969,,undetermined,MapExactID
4049969,,undetermined,MapExactMatch
4049969,,undetermined,MapLicenseFamily
5753911,,undetermined,MapNA
5753911,,undetermined,MapExactID
5753911,,undetermined,MapExactMatch
5753911,,undetermined,MapLicenseFamily
3329081,,undetermined,MapNA
3329081,,undetermined,MapExactID
3329081,,undetermined,MapExactMatch
3329081,,undetermined,MapLicenseFamily
3329081,,undetermined,MapFuzzyMatch
2411578,,undetermined,MapNA
2411578,,undetermined,MapExactID
2411578,,undetermined,MapExactMatch
2411578,,undetermined,MapLicenseFamily
6343737,,undetermined,MapNA
6343737,,undetermined,MapExactID
6343737,,undetermined,MapExactMatch
6343737,,undetermined,MapLicenseFamily
314437,,undetermined,MapNA
314437,,undetermined,MapExactID
314437,,undetermined,MapExactMatch
314437,,undetermined,MapLicenseFamily
314437,,undetermined,MapFuzzyMatch
3591240,,undetermined,MapNA
3591240,,undetermined,MapExactID
3591240,,undetermined,MapExactMatch
3591240,,undetermined,MapLicenseFamily
52299,,undetermined,MapNA
52299,,undetermined,MapExactID
52299,,undetermined,MapExactMatch
52299,,undetermined,MapLicenseFamily
6278230,,undetermined,MapNA
6278230,,undetermined,MapExactID
6278230,,undetermined,MapExactMatch
6278230,,undetermined,MapLicenseFamily
6278230,,undetermined,MapFuzzyMatch
2739294,,undetermined,MapNA
2739294,,undetermined,MapExactID
2739294,,undetermined,MapExactMatch
2739294,,undetermined,MapLicenseFamily
2739294,,undetermined,MapFuzzyMatch
4050014,,undetermined,MapNA
4050014,,undetermined,MapExactID
4050014,,undetermined,MapExactMatch
4050014,,undetermined,MapLicenseFamily
5229664,,undetermined,MapNA
5229664,,undetermined,MapExactID
5229664,,undetermined,MapExactMatch
5229664,,undetermined,MapLicenseFamily
3132513,,undetermined,MapNA
3132513,,undetermined,MapExactID
3132513,,undetermined,MapExactMatch
3132513,,undetermined,MapLicenseFamily
7523425,,undetermined,MapNA
7523425,,undetermined,MapExactID
7523425,,undetermined,MapExactMatch
7523425,,undetermined,MapLicenseFamily
3198051,,undetermined,MapNA
3198051,,undetermined,MapExactID
3198051,,undetermined,MapExactMatch
3198051,,undetermined,MapLicenseFamily
3918949,,undetermined,MapNA
3918949,,undetermined,MapExactID
3918949,,undetermined,MapExactMatch
3918949,,undetermined,MapLicenseFamily
2804845,,undetermined,MapNA
2804845,,undetermined,MapExactID
2804845,,undetermined,MapExactMatch
2804845,,undetermined,MapLicenseFamily
838773,,undetermined,MapNA
838773,,undetermined,MapExactID
838773,,undetermined,MapExactMatch
838773,,undetermined,MapLicenseFamily
1559671,,undetermined,MapNA
1559671,,undetermined,MapExactID
1559671,,undetermined,MapExactMatch
1559671,,undetermined,MapLicenseFamily
1559671,,undetermined,MapFuzzyMatch
7457920,,undetermined,MapNA
7457920,,undetermined,MapExactID
7457920,,undetermined,MapExactMatch
7457920,,undetermined,MapLicenseFamily
7457920,,undetermined,MapFuzzyMatch
773249,,undetermined,MapNA
773249,,undetermined,MapExactID
773249,,undetermined,MapExactMatch
773249,,undetermined,MapLicenseFamily
576642,,undetermined,MapNA
576642,,undetermined,MapExactID
576642,,undetermined,MapExactMatch
576642,,undetermined,MapLicenseFamily
773251,,undetermined,MapNA
773251,,undetermined,MapExactID
773251,,undetermined,MapExactMatch
773251,,undetermined,MapLicenseFamily
6474881,,undetermined,MapNA
6474881,,undetermined,MapExactID
6474881,,undetermined,MapExactMatch
6474881,,undetermined,MapLicenseFamily
7457924,,undetermined,MapNA
7457924,,undetermined,MapExactID
7457924,,undetermined,MapExactMatch
7457924,,undetermined,MapLicenseFamily
4639878,,undetermined,MapNA
4639878,,undetermined,MapExactID
4639878,,undetermined,MapExactMatch
4639878,,undetermined,MapLicenseFamily
4508808,,undetermined,MapNA
4508808,,undetermined,MapExactID
4508808,,undetermined,MapExactMatch
4508808,,undetermined,MapLicenseFamily
5819528,,undetermined,MapNA
5819528,,undetermined,MapExactID
5819528,,undetermined,MapExactMatch
5819528,,undetermined,MapLicenseFamily
5819528,,undetermined,MapFuzzyMatch
3918987,,undetermined,MapNA
3918987,,undetermined,MapExactID
3918987,,undetermined,MapExactMatch
3918987,,undetermined,MapLicenseFamily
4639888,,undetermined,MapNA
4639888,,undetermined,MapExactID
4639888,,undetermined,MapExactMatch
4639888,,undetermined,MapLicenseFamily
3067026,,undetermined,MapNA
3067026,,undetermined,MapExactID
3067026,,undetermined,MapExactMatch
3067026,,undetermined,MapLicenseFamily
314518,,undetermined,MapNA
314518,,undetermined,MapExactID
314518,,undetermined,MapExactMatch
314518,,undetermined,MapLicenseFamily
314518,,undetermined,MapFuzzyMatch
2411672,,undetermined,MapNA
2411672,,undetermined,MapExactID
2411672,,undetermined,MapExactMatch
2411672,,undetermined,MapLicenseFamily
2411672,,undetermined,MapFuzzyMatch
7326878,,undetermined,MapNA
7326878,,undetermined,MapExactID
7326878,,undetermined,MapExactMatch
7326878,,undetermined,MapLicenseFamily
1100962,,undetermined,MapNA
1100962,,undetermined,MapExactID
1100962,,undetermined,MapExactMatch
1100962,,undetermined,MapLicenseFamily
5885091,,undetermined,MapNA
5885091,,undetermined,MapExactID
5885091,,undetermined,MapExactMatch
5885091,,undetermined,MapLicenseFamily
2542761,,undetermined,MapNA
2542761,,undetermined,MapExactID
2542761,,undetermined,MapExactMatch
2542761,,undetermined,MapLicenseFamily
3001513,,undetermined,MapNA
3001513,,undetermined,MapExactID
3001513,,undetermined,MapExactMatch
3001513,,undetermined,MapLicenseFamily
3001513,,undetermined,MapFuzzyMatch
2739373,,undetermined,MapNA
2739373,,undetermined,MapExactID
2739373,,undetermined,MapExactMatch
2739373,,undetermined,MapLicenseFamily
117935,,undetermined,MapNA
117935,,undetermined,MapExactID
117935,,undetermined,MapExactMatch
117935,,undetermined,MapLicenseFamily
6147248,,undetermined,MapNA
6147248,,undetermined,MapExactID
6147248,,undetermined,MapExactMatch
6147248,,undetermined,MapLicenseFamily
6147248,,undetermined,MapFuzzyMatch
314550,,undetermined,MapNA
314550,,undetermined,MapExactID
314550,,undetermined,MapExactMatch
314550,,undetermined,MapLicenseFamily
3984569,,undetermined,MapNA
3984569,,undetermined,MapExactID
3984569,,undetermined,MapExactMatch
3984569,,undetermined,MapLicenseFamily
4050111,,undetermined,MapNA
4050111,,undetermined,MapExactID
4050111,,undetermined,MapExactMatch
4050111,,undetermined,MapLicenseFamily
5688516,,undetermined,MapNA
5688516,,undetermined,MapExactID
5688516,,undetermined,MapExactMatch
5688516,,undetermined,MapLicenseFamily
380115,,undetermined,MapNA
380115,,undetermined,MapExactID
380115,,undetermined,MapExactMatch
380115,,undetermined,MapLicenseFamily
380115,,undetermined,MapFuzzyMatch
6474967,,undetermined,MapNA
6474967,,undetermined,MapExactID
6474967,,undetermined,MapExactMatch
6474967,,undetermined,MapLicenseFamily
576733,,undetermined,MapNA
576733,,undetermined,MapExactID
576733,,undetermined,MapExactMatch
576733,,undetermined,MapLicenseFamily
4508893,,undetermined,MapNA
4508893,,undetermined,MapExactID
4508893,,undetermined,MapExactMatch
4508893,,undetermined,MapLicenseFamily
7392480,,undetermined,MapNA
7392480,,undetermined,MapExactID
7392480,,undetermined,MapExactMatch
7392480,,undetermined,MapLicenseFamily
2477282,,undetermined,MapNA
2477282,,undetermined,MapExactID
2477282,,undetermined,MapExactMatch
2477282,,undetermined,MapLicenseFamily
5229796,,undetermined,MapNA
5229796,,undetermined,MapExactID
5229796,,undetermined,MapExactMatch
5229796,,undetermined,MapLicenseFamily
5754084,,undetermined,MapNA
5754084,,undetermined,MapExactID
5754084,,undetermined,MapExactMatch
5754084,,undetermined,MapLicenseFamily
3329254,,undetermined,MapNA
3329254,,undetermined,MapExactID
3329254,,undetermined,MapExactMatch
3329254,,undetermined,MapLicenseFamily
3329254,,undetermined,MapFuzzyMatch
3329256,,undetermined,MapNA
3329256,,undetermined,MapExactID
3329256,,undetermined,MapExactMatch
3329256,,undetermined,MapLicenseFamily
3329256,,undetermined,MapFuzzyMatch
5688561,,undetermined,MapNA
5688561,,undetermined,MapExactID
5688561,,undetermined,MapExactMatch
5688561,,undetermined,MapLicenseFamily
5623026,,undetermined,MapNA
5623026,,undetermined,MapExactID
5623026,,undetermined,MapExactMatch
5623026,,undetermined,MapLicenseFamily
7064822,,undetermined,MapNA
7064822,,undetermined,MapExactID
7064822,,undetermined,MapExactMatch
7064822,,undetermined,MapLicenseFamily
7064822,,undetermined,MapFuzzyMatch
118007,,undetermined,MapNA
118007,,undetermined,MapExactID
118007,,undetermined,MapExactMatch
118007,,undetermined,MapLicenseFamily
2542841,,undetermined,MapNA
2542841,,undetermined,MapExactID
2542841,,undetermined,MapExactMatch
2542841,,undetermined,MapLicenseFamily
4181245,,undetermined,MapNA
4181245,,undetermined,MapExactID
4181245,,undetermined,MapExactMatch
4181245,,undetermined,MapLicenseFamily
3329280,,undetermined,MapNA
3329280,,undetermined,MapExactID
3329280,,undetermined,MapExactMatch
3329280,,undetermined,MapLicenseFamily
3329280,,undetermined,MapFuzzyMatch
3591424,,undetermined,MapNA
3591424,,undetermined,MapExactID
3591424,,undetermined,MapExactMatch
3591424,,undetermined,MapLicenseFamily
1821955,,undetermined,MapNA
1821955,,undetermined,MapExactID
1821955,,undetermined,MapExactMatch
1821955,,undetermined,MapLicenseFamily
6147335,,undetermined,MapNA
6147335,,undetermined,MapExactID
6147335,,undetermined,MapExactMatch
6147335,,undetermined,MapLicenseFamily
6147335,,undetermined,MapFuzzyMatch
5754122,,undetermined,MapNA
5754122,,undetermined,MapExactID
5754122,,undetermined,MapExactMatch
5754122,,undetermined,MapLicenseFamily
4508941,,undetermined,MapNA
4508941,,undetermined,MapExactID
4508941,,undetermined,MapExactMatch
4508941,,undetermined,MapLicenseFamily
3394834,,undetermined,MapNA
3394834,,undetermined,MapExactID
3394834,,undetermined,MapExactMatch
3394834,,undetermined,MapLicenseFamily
1821971,,undetermined,MapNA
1821971,,undetermined,MapExactID
1821971,,undetermined,MapExactMatch
1821971,,undetermined,MapLicenseFamily
2280724,,undetermined,MapNA
2280724,,undetermined,MapExactID
2280724,,undetermined,MapExactMatch
2280724,,undetermined,MapLicenseFamily
4836628,,undetermined,MapNA
4836628,,undetermined,MapExactID
4836628,,undetermined,MapExactMatch
4836628,,undetermined,MapLicenseFamily
4836628,,undetermined,MapFuzzyMatch
6147350,,undetermined,MapNA
6147350,,undetermined,MapExactID
6147350,,undetermined,MapExactMatch
6147350,,undetermined,MapLicenseFamily
52508,,undetermined,MapNA
52508,,undetermined,MapExactID
52508,,undetermined,MapExactMatch
52508,,undetermined,MapLicenseFamily
2739486,,undetermined,MapNA
2739486,,undetermined,MapExactID
2739486,,undetermined,MapExactMatch
2739486,,undetermined,MapLicenseFamily
7392551,,undetermined,MapNA
7392551,,undetermined,MapExactID
7392551,,undetermined,MapExactMatch
7392551,,undetermined,MapLicenseFamily
5557543,,undetermined,MapNA
5557543,,undetermined,MapExactID
5557543,,undetermined,MapExactMatch
5557543,,undetermined,MapLicenseFamily
4508969,,undetermined,MapNA
4508969,,undetermined,MapExactID
4508969,,undetermined,MapExactMatch
4508969,,undetermined,MapLicenseFamily
7458090,,undetermined,MapNA
7458090,,undetermined,MapExactID
7458090,,undetermined,MapExactMatch
7458090,,undetermined,MapLicenseFamily
7458090,,undetermined,MapFuzzyMatch
3198250,,undetermined,MapNA
3198250,,undetermined,MapExactID
3198250,,undetermined,MapExactMatch
3198250,,undetermined,MapLicenseFamily
3198250,,undetermined,MapFuzzyMatch
3853610,,undetermined,MapNA
3853610,,undetermined,MapExactID
3853610,,undetermined,MapExactMatch
3853610,,undetermined,MapLicenseFamily
4181296,,undetermined,MapNA
4181296,,undetermined,MapExactID
4181296,,undetermined,MapExactMatch
4181296,,undetermined,MapLicenseFamily
2870578,,undetermined,MapNA
2870578,,undetermined,MapExactID
2870578,,undetermined,MapExactMatch
2870578,,undetermined,MapLicenseFamily
3591480,,undetermined,MapNA
3591480,,undetermined,MapExactID
3591480,,undetermined,MapExactMatch
3591480,,undetermined,MapLicenseFamily
3591480,,undetermined,MapFuzzyMatch
6475071,,undetermined,MapNA
6475071,,undetermined,MapExactID
6475071,,undetermined,MapExactMatch
6475071,,undetermined,MapLicenseFamily
6475071,,undetermined,MapFuzzyMatch
5950794,,undetermined,MapNA
5950794,,undetermined,MapExactID
5950794,,undetermined,MapExactMatch
5950794,,undetermined,MapLicenseFamily
1822032,,undetermined,MapNA
1822032,,undetermined,MapExactID
1822032,,undetermined,MapExactMatch
1822032,,undetermined,MapLicenseFamily
1822032,,undetermined,MapFuzzyMatch
773458,,undetermined,MapNA
773458,,undetermined,MapExactID
773458,,undetermined,MapExactMatch
773458,,undetermined,MapLicenseFamily
380245,,undetermined,MapNA
380245,,undetermined,MapExactID
380245,,undetermined,MapExactMatch
380245,,undetermined,MapLicenseFamily
380245,,undetermined,MapFuzzyMatch
3984726,,undetermined,MapNA
3984726,,undetermined,MapExactID
3984726,,undetermined,MapExactMatch
3984726,,undetermined,MapLicenseFamily
5557589,,undetermined,MapNA
5557589,,undetermined,MapExactID
5557589,,undetermined,MapExactMatch
5557589,,undetermined,MapLicenseFamily
7523671,,undetermined,MapNA
7523671,,undetermined,MapExactID
7523671,,undetermined,MapExactMatch
7523671,,undetermined,MapLicenseFamily
7523671,,undetermined,MapFuzzyMatch
4050265,,undetermined,MapNA
4050265,,undetermined,MapExactID
4050265,,undetermined,MapExactMatch
4050265,,undetermined,MapLicenseFamily
7654742,,undetermined,MapNA
7654742,,undetermined,MapExactID
7654742,,undetermined,MapExactMatch
7654742,,undetermined,MapLicenseFamily
5164379,,undetermined,MapNA
5164379,,undetermined,MapExactID
5164379,,undetermined,MapExactMatch
5164379,,undetermined,MapLicenseFamily
2542940,,undetermined,MapNA
2542940,,undetermined,MapExactID
2542940,,undetermined,MapExactMatch
2542940,,undetermined,MapLicenseFamily
5557597,,undetermined,MapNA
5557597,,undetermined,MapExactID
5557597,,undetermined,MapExactMatch
5557597,,undetermined,MapLicenseFamily
5557600,,undetermined,MapNA
5557600,,undetermined,MapExactID
5557600,,undetermined,MapExactMatch
5557600,,undetermined,MapLicenseFamily
773479,,undetermined,MapNA
773479,,undetermined,MapExactID
773479,,undetermined,MapExactMatch
773479,,undetermined,MapLicenseFamily
839015,,undetermined,MapNA
839015,,undetermined,MapExactID
839015,,undetermined,MapExactMatch
839015,,undetermined,MapLicenseFamily
1822055,,undetermined,MapNA
1822055,,undetermined,MapExactID
1822055,,undetermined,MapExactMatch
1822055,,undetermined,MapLicenseFamily
52595,,undetermined,MapNA
52595,,undetermined,MapExactID
52595,,undetermined,MapExactMatch
52595,,undetermined,MapLicenseFamily
52595,,undetermined,MapFuzzyMatch
1559926,,undetermined,MapNA
1559926,,undetermined,MapExactID
1559926,,undetermined,MapExactMatch
1559926,,undetermined,MapLicenseFamily
3657079,,undetermined,MapNA
3657079,,undetermined,MapExactID
3657079,,undetermined,MapExactMatch
3657079,,undetermined,MapLicenseFamily
1691000,,undetermined,MapNA
1691000,,undetermined,MapExactID
1691000,,undetermined,MapExactMatch
1691000,,undetermined,MapLicenseFamily
3526008,,undetermined,MapNA
3526008,,undetermined,MapExactID
3526008,,undetermined,MapExactMatch
3526008,,undetermined,MapLicenseFamily
4509049,,undetermined,MapNA
4509049,,undetermined,MapExactID
4509049,,undetermined,MapExactMatch
4509049,,undetermined,MapLicenseFamily
380294,,undetermined,MapNA
380294,,undetermined,MapExactID
380294,,undetermined,MapExactMatch
380294,,undetermined,MapLicenseFamily
380294,,undetermined,MapFuzzyMatch
3591558,,undetermined,MapNA
3591558,,undetermined,MapExactID
3591558,,undetermined,MapExactMatch
3591558,,undetermined,MapLicenseFamily
7327125,,undetermined,MapNA
7327125,,undetermined,MapExactID
7327125,,undetermined,MapExactMatch
7327125,,undetermined,MapLicenseFamily
3526040,,undetermined,MapNA
3526040,,undetermined,MapExactID
3526040,,undetermined,MapExactMatch
3526040,,undetermined,MapLicenseFamily
3526041,,undetermined,MapNA
3526041,,undetermined,MapExactID
3526041,,undetermined,MapExactMatch
3526041,,undetermined,MapLicenseFamily
4115864,,undetermined,MapNA
4115864,,undetermined,MapExactID
4115864,,undetermined,MapExactMatch
4115864,,undetermined,MapLicenseFamily
4115864,,undetermined,MapFuzzyMatch
5492125,,undetermined,MapNA
5492125,,undetermined,MapExactID
5492125,,undetermined,MapExactMatch
5492125,,undetermined,MapLicenseFamily
5623198,,undetermined,MapNA
5623198,,undetermined,MapExactID
5623198,,undetermined,MapExactMatch
5623198,,undetermined,MapLicenseFamily
5623201,,undetermined,MapNA
5623201,,undetermined,MapExactID
5623201,,undetermined,MapExactMatch
5623201,,undetermined,MapLicenseFamily
5623201,,undetermined,MapFuzzyMatch
3067313,,undetermined,MapNA
3067313,,undetermined,MapExactID
3067313,,undetermined,MapExactMatch
3067313,,undetermined,MapLicenseFamily
6475186,,undetermined,MapNA
6475186,,undetermined,MapExactID
6475186,,undetermined,MapExactMatch
6475186,,undetermined,MapLicenseFamily
2346419,,undetermined,MapNA
2346419,,undetermined,MapExactID
2346419,,undetermined,MapExactMatch
2346419,,undetermined,MapLicenseFamily
773564,,undetermined,MapNA
773564,,undetermined,MapExactID
773564,,undetermined,MapExactMatch
773564,,undetermined,MapLicenseFamily
3460546,,undetermined,MapNA
3460546,,undetermined,MapExactID
3460546,,undetermined,MapExactMatch
3460546,,undetermined,MapLicenseFamily
7392709,,undetermined,MapNA
7392709,,undetermined,MapExactID
7392709,,undetermined,MapExactMatch
7392709,,undetermined,MapLicenseFamily
7458246,,undetermined,MapNA
7458246,,undetermined,MapExactID
7458246,,undetermined,MapExactMatch
7458246,,undetermined,MapLicenseFamily
380365,,undetermined,MapNA
380365,,undetermined,MapExactID
380365,,undetermined,MapExactMatch
380365,,undetermined,MapLicenseFamily
380365,,undetermined,MapFuzzyMatch
3526094,,undetermined,MapNA
3526094,,undetermined,MapExactID
3526094,,undetermined,MapExactMatch
3526094,,undetermined,MapLicenseFamily
5098965,,undetermined,MapNA
5098965,,undetermined,MapExactID
5098965,,undetermined,MapExactMatch
5098965,,undetermined,MapLicenseFamily
5557718,,undetermined,MapNA
5557718,,undetermined,MapExactID
5557718,,undetermined,MapExactMatch
5557718,,undetermined,MapLicenseFamily
2084318,,undetermined,MapNA
2084318,,undetermined,MapExactID
2084318,,undetermined,MapExactMatch
2084318,,undetermined,MapLicenseFamily
2346467,,undetermined,MapNA
2346467,,undetermined,MapExactID
2346467,,undetermined,MapExactMatch
2346467,,undetermined,MapLicenseFamily
6540789,,undetermined,MapNA
6540789,,undetermined,MapExactID
6540789,,undetermined,MapExactMatch
6540789,,undetermined,MapLicenseFamily
52727,,undetermined,MapNA
52727,,undetermined,MapExactID
52727,,undetermined,MapExactMatch
52727,,undetermined,MapLicenseFamily
52727,,undetermined,MapFuzzyMatch
52728,,undetermined,MapNA
52728,,undetermined,MapExactID
52728,,undetermined,MapExactMatch
52728,,undetermined,MapLicenseFamily
3198461,,undetermined,MapNA
3198461,,undetermined,MapExactID
3198461,,undetermined,MapExactMatch
3198461,,undetermined,MapLicenseFamily
5885441,,undetermined,MapNA
5885441,,undetermined,MapExactID
5885441,,undetermined,MapExactMatch
5885441,,undetermined,MapLicenseFamily
3132930,,undetermined,MapNA
3132930,,undetermined,MapExactID
3132930,,undetermined,MapExactMatch
3132930,,undetermined,MapLicenseFamily
1035784,,undetermined,MapNA
1035784,,undetermined,MapExactID
1035784,,undetermined,MapExactMatch
1035784,,undetermined,MapLicenseFamily
3198476,,undetermined,MapNA
3198476,,undetermined,MapExactID
3198476,,undetermined,MapExactMatch
3198476,,undetermined,MapLicenseFamily
4050448,,undetermined,MapNA
4050448,,undetermined,MapExactID
4050448,,undetermined,MapExactMatch
4050448,,undetermined,MapLicenseFamily
3198481,,undetermined,MapNA
3198481,,undetermined,MapExactID
3198481,,undetermined,MapExactMatch
3198481,,undetermined,MapLicenseFamily
183826,,undetermined,MapNA
183826,,undetermined,MapExactID
183826,,undetermined,MapExactMatch
183826,,undetermined,MapLicenseFamily
183826,,undetermined,MapFuzzyMatch
7130641,,undetermined,MapNA
7130641,,undetermined,MapExactID
7130641,,undetermined,MapExactMatch
7130641,,undetermined,MapLicenseFamily
7130641,,undetermined,MapFuzzyMatch
7130643,,undetermined,MapNA
7130643,,undetermined,MapExactID
7130643,,undetermined,MapExactMatch
7130643,,undetermined,MapLicenseFamily
2412055,,undetermined,MapNA
2412055,,undetermined,MapExactID
2412055,,undetermined,MapExactMatch
2412055,,undetermined,MapLicenseFamily
445978,,undetermined,MapNA
445978,,undetermined,MapExactID
445978,,undetermined,MapExactMatch
445978,,undetermined,MapLicenseFamily
3001887,,undetermined,MapNA
3001887,,undetermined,MapExactID
3001887,,undetermined,MapExactMatch
3001887,,undetermined,MapLicenseFamily
4050463,,undetermined,MapNA
4050463,,undetermined,MapExactID
4050463,,undetermined,MapExactMatch
4050463,,undetermined,MapLicenseFamily
7654944,,undetermined,MapNA
7654944,,undetermined,MapExactID
7654944,,undetermined,MapExactMatch
7654944,,undetermined,MapLicenseFamily
5557794,,undetermined,MapNA
5557794,,undetermined,MapExactID
5557794,,undetermined,MapExactMatch
5557794,,undetermined,MapLicenseFamily
2149929,,undetermined,MapNA
2149929,,undetermined,MapExactID
2149929,,undetermined,MapExactMatch
2149929,,undetermined,MapLicenseFamily
5623339,,undetermined,MapNA
5623339,,undetermined,MapExactID
5623339,,undetermined,MapExactMatch
5623339,,undetermined,MapLicenseFamily
3526193,,undetermined,MapNA
3526193,,undetermined,MapExactID
3526193,,undetermined,MapExactMatch
3526193,,undetermined,MapLicenseFamily
6475318,,undetermined,MapNA
6475318,,undetermined,MapExactID
6475318,,undetermined,MapExactMatch
6475318,,undetermined,MapLicenseFamily
839224,,undetermined,MapNA
839224,,undetermined,MapExactID
839224,,undetermined,MapExactMatch
839224,,undetermined,MapLicenseFamily
839224,,undetermined,MapFuzzyMatch
4836921,,undetermined,MapNA
4836921,,undetermined,MapExactID
4836921,,undetermined,MapExactMatch
4836921,,undetermined,MapLicenseFamily
2215483,,undetermined,MapNA
2215483,,undetermined,MapExactID
2215483,,undetermined,MapExactMatch
2215483,,undetermined,MapLicenseFamily
7523911,,undetermined,MapNA
7523911,,undetermined,MapExactID
7523911,,undetermined,MapExactMatch
7523911,,undetermined,MapLicenseFamily
4181584,,undetermined,MapNA
4181584,,undetermined,MapExactID
4181584,,undetermined,MapExactMatch
4181584,,undetermined,MapLicenseFamily
1756753,,undetermined,MapNA
1756753,,undetermined,MapExactID
1756753,,undetermined,MapExactMatch
1756753,,undetermined,MapLicenseFamily
1756753,,undetermined,MapFuzzyMatch
52823,,undetermined,MapNA
52823,,undetermined,MapExactID
52823,,undetermined,MapExactMatch
52823,,undetermined,MapLicenseFamily
4181594,,undetermined,MapNA
4181594,,undetermined,MapExactID
4181594,,undetermined,MapExactMatch
4181594,,undetermined,MapLicenseFamily
6278748,,undetermined,MapNA
6278748,,undetermined,MapExactID
6278748,,undetermined,MapExactMatch
6278748,,undetermined,MapLicenseFamily
6278748,,undetermined,MapFuzzyMatch
5230174,,undetermined,MapNA
5230174,,undetermined,MapExactID
5230174,,undetermined,MapExactMatch
5230174,,undetermined,MapLicenseFamily
4181599,,undetermined,MapNA
4181599,,undetermined,MapExactID
4181599,,undetermined,MapExactMatch
4181599,,undetermined,MapLicenseFamily
2281061,,undetermined,MapNA
2281061,,undetermined,MapExactID
2281061,,undetermined,MapExactMatch
2281061,,undetermined,MapLicenseFamily
5754475,,undetermined,MapNA
5754475,,undetermined,MapExactID
5754475,,undetermined,MapExactMatch
5754475,,undetermined,MapLicenseFamily
314991,,undetermined,MapNA
314991,,undetermined,MapExactID
314991,,undetermined,MapExactMatch
314991,,undetermined,MapLicenseFamily
3657328,,undetermined,MapNA
3657328,,undetermined,MapExactID
3657328,,undetermined,MapExactMatch
3657328,,undetermined,MapLicenseFamily
5754485,,undetermined,MapNA
5754485,,undetermined,MapExactID
5754485,,undetermined,MapExactMatch
5754485,,undetermined,MapLicenseFamily
1560183,,undetermined,MapNA
1560183,,undetermined,MapExactID
1560183,,undetermined,MapExactMatch
1560183,,undetermined,MapLicenseFamily
3526263,,undetermined,MapNA
3526263,,undetermined,MapExactID
3526263,,undetermined,MapExactMatch
3526263,,undetermined,MapLicenseFamily
3526268,,undetermined,MapNA
3526268,,undetermined,MapExactID
3526268,,undetermined,MapExactMatch
3526268,,undetermined,MapLicenseFamily
446084,,undetermined,MapNA
446084,,undetermined,MapExactID
446084,,undetermined,MapExactMatch
446084,,undetermined,MapLicenseFamily
446084,,undetermined,MapFuzzyMatch
5492358,,undetermined,MapNA
5492358,,undetermined,MapExactID
5492358,,undetermined,MapExactMatch
5492358,,undetermined,MapLicenseFamily
3788423,,undetermined,MapNA
3788423,,undetermined,MapExactID
3788423,,undetermined,MapExactMatch
3788423,,undetermined,MapLicenseFamily
3788423,,undetermined,MapFuzzyMatch
4050575,,undetermined,MapNA
4050575,,undetermined,MapExactID
4050575,,undetermined,MapExactMatch
4050575,,undetermined,MapLicenseFamily
4050575,,undetermined,MapFuzzyMatch
642706,,undetermined,MapNA
642706,,undetermined,MapExactID
642706,,undetermined,MapExactMatch
642706,,undetermined,MapLicenseFamily
2739861,,undetermined,MapNA
2739861,,undetermined,MapExactID
2739861,,undetermined,MapExactMatch
2739861,,undetermined,MapLicenseFamily
52888,,undetermined,MapNA
52888,,undetermined,MapExactID
52888,,undetermined,MapExactMatch
52888,,undetermined,MapLicenseFamily
52888,,undetermined,MapFuzzyMatch
315032,,undetermined,MapNA
315032,,undetermined,MapExactID
315032,,undetermined,MapExactMatch
315032,,undetermined,MapLicenseFamily
3002010,,undetermined,MapNA
3002010,,undetermined,MapExactID
3002010,,undetermined,MapExactMatch
3002010,,undetermined,MapLicenseFamily
7392920,,undetermined,MapNA
7392920,,undetermined,MapExactID
7392920,,undetermined,MapExactMatch
7392920,,undetermined,MapLicenseFamily
7392920,,undetermined,MapFuzzyMatch
5623457,,undetermined,MapNA
5623457,,undetermined,MapExactID
5623457,,undetermined,MapExactMatch
5623457,,undetermined,MapLicenseFamily
3591845,,undetermined,MapNA
3133094,,undetermined,MapNA
3133094,,undetermined,MapExactID
3133094,,undetermined,MapExactMatch
3133094,,undetermined,MapLicenseFamily
5689003,,undetermined,MapNA
5689003,,undetermined,MapExactID
5689003,,undetermined,MapExactMatch
5689003,,undetermined,MapLicenseFamily
2805428,,undetermined,MapNA
2805428,,undetermined,MapExactID
2805428,,undetermined,MapExactMatch
2805428,,undetermined,MapLicenseFamily
5492405,,undetermined,MapNA
5492405,,undetermined,MapExactID
5492405,,undetermined,MapExactMatch
5492405,,undetermined,MapLicenseFamily
6540986,,undetermined,MapNA
6540986,,undetermined,MapExactID
6540986,,undetermined,MapExactMatch
6540986,,undetermined,MapLicenseFamily
3133122,,undetermined,MapNA
3133122,,undetermined,MapExactID
3133122,,undetermined,MapExactMatch
3133122,,undetermined,MapLicenseFamily
3526339,,undetermined,MapNA
3526339,,undetermined,MapExactID
3526339,,undetermined,MapExactMatch
3526339,,undetermined,MapLicenseFamily
6409930,,undetermined,MapNA
6409930,,undetermined,MapExactID
6409930,,undetermined,MapExactMatch
6409930,,undetermined,MapLicenseFamily
184014,,undetermined,MapNA
184014,,undetermined,MapExactID
184014,,undetermined,MapExactMatch
184014,,undetermined,MapLicenseFamily
3329745,,undetermined,MapNA
3329745,,undetermined,MapExactID
3329745,,undetermined,MapExactMatch
3329745,,undetermined,MapLicenseFamily
3329745,,undetermined,MapFuzzyMatch
5295829,,undetermined,MapNA
5295829,,undetermined,MapExactID
5295829,,undetermined,MapExactMatch
5295829,,undetermined,MapLicenseFamily
6409948,,undetermined,MapNA
6409948,,undetermined,MapExactID
6409948,,undetermined,MapExactMatch
6409948,,undetermined,MapLicenseFamily
6475489,,undetermined,MapNA
6475489,,undetermined,MapExactID
6475489,,undetermined,MapExactMatch
6475489,,undetermined,MapLicenseFamily
5230306,,undetermined,MapNA
5230306,,undetermined,MapExactID
5230306,,undetermined,MapExactMatch
5230306,,undetermined,MapLicenseFamily
184035,,undetermined,MapNA
184035,,undetermined,MapExactID
184035,,undetermined,MapExactMatch
184035,,undetermined,MapLicenseFamily
2019045,,undetermined,MapNA
2019045,,undetermined,MapExactID
2019045,,undetermined,MapExactMatch
2019045,,undetermined,MapLicenseFamily
2019046,,undetermined,MapNA
2019046,,undetermined,MapExactID
2019046,,undetermined,MapExactMatch
2019046,,undetermined,MapLicenseFamily
2019047,,undetermined,MapNA
2019047,,undetermined,MapExactID
2019047,,undetermined,MapExactMatch
2019047,,undetermined,MapLicenseFamily
2019049,,undetermined,MapNA
2019049,,undetermined,MapExactID
2019049,,undetermined,MapExactMatch
2019049,,undetermined,MapLicenseFamily
2019050,,undetermined,MapNA
2019050,,undetermined,MapExactID
2019050,,undetermined,MapExactMatch
2019050,,undetermined,MapLicenseFamily
2019051,,undetermined,MapNA
2019051,,undetermined,MapExactID
2019051,,undetermined,MapExactMatch
2019051,,undetermined,MapLicenseFamily
2019052,,undetermined,MapNA
2019052,,undetermined,MapExactID
2019052,,undetermined,MapExactMatch
2019052,,undetermined,MapLicenseFamily
2019053,,undetermined,MapNA
2019053,,undetermined,MapExactID
2019053,,undetermined,MapExactMatch
2019053,,undetermined,MapLicenseFamily
2150125,,undetermined,MapNA
2150125,,undetermined,MapExactID
2150125,,undetermined,MapExactMatch
2150125,,undetermined,MapLicenseFamily
5951215,,undetermined,MapNA
5951215,,undetermined,MapExactID
5951215,,undetermined,MapExactMatch
5951215,,undetermined,MapLicenseFamily
3460850,,undetermined,MapNA
3460850,,undetermined,MapExactID
3460850,,undetermined,MapExactMatch
3460850,,undetermined,MapLicenseFamily
6475506,,undetermined,MapNA
6475506,,undetermined,MapExactID
6475506,,undetermined,MapExactMatch
6475506,,undetermined,MapLicenseFamily
2019060,,undetermined,MapNA
2019060,,undetermined,MapExactID
2019060,,undetermined,MapExactMatch
2019060,,undetermined,MapLicenseFamily
380668,,undetermined,MapNA
380668,,undetermined,MapExactID
380668,,undetermined,MapExactMatch
380668,,undetermined,MapLicenseFamily
3133181,,undetermined,MapNA
3133181,,undetermined,MapExactID
3133181,,undetermined,MapExactMatch
3133181,,undetermined,MapLicenseFamily
4181758,,undetermined,MapNA
4181758,,undetermined,MapExactID
4181758,,undetermined,MapExactMatch
4181758,,undetermined,MapLicenseFamily
2150144,,undetermined,MapNA
2150144,,undetermined,MapExactID
2150144,,undetermined,MapExactMatch
2150144,,undetermined,MapLicenseFamily
2936576,,undetermined,MapNA
2936576,,undetermined,MapExactID
2936576,,undetermined,MapExactMatch
2936576,,undetermined,MapLicenseFamily
3526407,,undetermined,MapNA
3526407,,undetermined,MapExactID
3526407,,undetermined,MapExactMatch
3526407,,undetermined,MapLicenseFamily
3657481,,undetermined,MapNA
3657481,,undetermined,MapExactID
3657481,,undetermined,MapExactMatch
3657481,,undetermined,MapLicenseFamily
2936587,,undetermined,MapNA
2936587,,undetermined,MapExactID
2936587,,undetermined,MapExactMatch
2936587,,undetermined,MapLicenseFamily
2936587,,undetermined,MapFuzzyMatch
3591953,,undetermined,MapNA
3591953,,undetermined,MapExactID
3591953,,undetermined,MapExactMatch
3591953,,undetermined,MapLicenseFamily
4247314,,undetermined,MapNA
4247314,,undetermined,MapExactID
4247314,,undetermined,MapExactMatch
4247314,,undetermined,MapLicenseFamily
4247314,,undetermined,MapFuzzyMatch
5033746,,undetermined,MapNA
5033746,,undetermined,MapExactID
5033746,,undetermined,MapExactMatch
5033746,,undetermined,MapLicenseFamily
3526420,,undetermined,MapNA
3526420,,undetermined,MapExactID
3526420,,undetermined,MapExactMatch
3526420,,undetermined,MapLicenseFamily
7458587,,undetermined,MapNA
7458587,,undetermined,MapExactID
7458587,,undetermined,MapExactMatch
7458587,,undetermined,MapLicenseFamily
53020,,undetermined,MapNA
53020,,undetermined,MapExactID
53020,,undetermined,MapExactMatch
970524,,undetermined,MapNA
970524,,undetermined,MapExactID
970524,,undetermined,MapExactMatch
970524,,undetermined,MapLicenseFamily
5820195,,undetermined,MapNA
5820195,,undetermined,MapExactID
5820195,,undetermined,MapExactMatch
5820195,,undetermined,MapLicenseFamily
5623588,,undetermined,MapNA
5623588,,undetermined,MapExactID
5623588,,undetermined,MapExactMatch
5623588,,undetermined,MapLicenseFamily
5820199,,undetermined,MapNA
5820199,,undetermined,MapExactID
5820199,,undetermined,MapExactMatch
5820199,,undetermined,MapLicenseFamily
5820207,,undetermined,MapNA
5820207,,undetermined,MapExactID
5820207,,undetermined,MapExactMatch
5820207,,undetermined,MapLicenseFamily
2543409,,undetermined,MapNA
2543409,,undetermined,MapExactID
2543409,,undetermined,MapExactMatch
2543409,,undetermined,MapLicenseFamily
315188,,undetermined,MapNA
315188,,undetermined,MapExactID
315188,,undetermined,MapExactMatch
315188,,undetermined,MapLicenseFamily
2281272,,undetermined,MapNA
2281272,,undetermined,MapExactID
2281272,,undetermined,MapExactMatch
2281272,,undetermined,MapLicenseFamily
2281272,,undetermined,MapFuzzyMatch
5623613,,undetermined,MapNA
5623613,,undetermined,MapExactID
5623613,,undetermined,MapExactMatch
5623613,,undetermined,MapLicenseFamily
1560385,,undetermined,MapNA
1560385,,undetermined,MapExactID
1560385,,undetermined,MapExactMatch
1560385,,undetermined,MapLicenseFamily
184134,,undetermined,MapNA
184134,,undetermined,MapExactID
184134,,undetermined,MapExactMatch
184134,,undetermined,MapLicenseFamily
2215770,,undetermined,MapNA
2215770,,undetermined,MapExactID
2215770,,undetermined,MapExactMatch
2215770,,undetermined,MapLicenseFamily
5099354,,undetermined,MapNA
5099354,,undetermined,MapExactID
5099354,,undetermined,MapExactMatch
5099354,,undetermined,MapLicenseFamily
446302,,undetermined,MapNA
446302,,undetermined,MapExactID
446302,,undetermined,MapExactMatch
446302,,undetermined,MapLicenseFamily
2871137,,undetermined,MapNA
2871144,,undetermined,MapNA
3067760,,undetermined,MapNA
3067760,,undetermined,MapExactID
3067760,,undetermined,MapExactMatch
3067760,,undetermined,MapLicenseFamily
2740100,,undetermined,MapNA
2740100,,undetermined,MapExactID
2740100,,undetermined,MapExactMatch
2740100,,undetermined,MapLicenseFamily
1101707,,undetermined,MapNA
1101707,,undetermined,MapExactID
1101707,,undetermined,MapExactMatch
1101707,,undetermined,MapLicenseFamily
53134,,undetermined,MapNA
53134,,undetermined,MapExactID
53134,,undetermined,MapExactMatch
53134,,undetermined,MapLicenseFamily
1363863,,undetermined,MapNA
1363863,,undetermined,MapExactID
1363863,,undetermined,MapExactMatch
1363863,,undetermined,MapLicenseFamily
4116377,,undetermined,MapNA
4116377,,undetermined,MapExactID
4116377,,undetermined,MapExactMatch
4116377,,undetermined,MapLicenseFamily
5623720,,undetermined,MapNA
5623720,,undetermined,MapExactID
5623720,,undetermined,MapExactMatch
5623720,,undetermined,MapLicenseFamily
5558191,,undetermined,MapNA
5558191,,undetermined,MapExactID
5558191,,undetermined,MapExactMatch
5558191,,undetermined,MapLicenseFamily
1560496,,undetermined,MapNA
1560496,,undetermined,MapExactID
1560496,,undetermined,MapExactMatch
1560496,,undetermined,MapLicenseFamily
1560497,,undetermined,MapNA
1560497,,undetermined,MapExactID
1560497,,undetermined,MapExactMatch
1560497,,undetermined,MapLicenseFamily
3657652,,undetermined,MapNA
3657652,,undetermined,MapExactID
3657652,,undetermined,MapExactMatch
3657652,,undetermined,MapLicenseFamily
774069,,undetermined,MapNA
774069,,undetermined,MapExactID
774069,,undetermined,MapExactMatch
774069,,undetermined,MapLicenseFamily
2019253,,undetermined,MapNA
2019253,,undetermined,MapExactID
2019253,,undetermined,MapExactMatch
2019253,,undetermined,MapLicenseFamily
5033908,,undetermined,MapNA
5033908,,undetermined,MapExactID
5033908,,undetermined,MapExactMatch
5033908,,undetermined,MapLicenseFamily
5033908,,undetermined,MapFuzzyMatch
7458740,,undetermined,MapNA
7458740,,undetermined,MapExactID
7458740,,undetermined,MapExactMatch
7458740,,undetermined,MapLicenseFamily
7458740,,undetermined,MapFuzzyMatch
380862,,undetermined,MapNA
380862,,undetermined,MapExactID
380862,,undetermined,MapExactMatch
380862,,undetermined,MapLicenseFamily
4509630,,undetermined,MapNA
4509630,,undetermined,MapExactID
4509630,,undetermined,MapExactMatch
4509630,,undetermined,MapLicenseFamily
4509630,,undetermined,MapFuzzyMatch
4575167,,undetermined,MapNA
4575167,,undetermined,MapExactID
4575167,,undetermined,MapExactMatch
4575167,,undetermined,MapLicenseFamily
7589824,,undetermined,MapNA
7589824,,undetermined,MapExactID
7589824,,undetermined,MapExactMatch
7589824,,undetermined,MapLicenseFamily
2543558,,undetermined,MapNA
2543558,,undetermined,MapExactID
2543558,,undetermined,MapExactMatch
2543558,,undetermined,MapLicenseFamily
4247495,,undetermined,MapNA
4247495,,undetermined,MapExactID
4247495,,undetermined,MapExactMatch
4247495,,undetermined,MapLicenseFamily
5427142,,undetermined,MapNA
5427142,,undetermined,MapExactID
5427142,,undetermined,MapExactMatch
5427142,,undetermined,MapLicenseFamily
2543562,,undetermined,MapNA
2543562,,undetermined,MapExactID
2543562,,undetermined,MapExactMatch
2543562,,undetermined,MapLicenseFamily
4247498,,undetermined,MapNA
4247498,,undetermined,MapExactID
4247498,,undetermined,MapExactMatch
4247498,,undetermined,MapLicenseFamily
4247498,,undetermined,MapFuzzyMatch
4968418,,undetermined,MapNA
4968418,,undetermined,MapExactID
4968418,,undetermined,MapExactMatch
4968418,,undetermined,MapLicenseFamily
3657701,,undetermined,MapNA
3657701,,undetermined,MapExactID
3657701,,undetermined,MapExactMatch
3657701,,undetermined,MapLicenseFamily
6279147,,undetermined,MapNA
6279147,,undetermined,MapExactID
6279147,,undetermined,MapExactMatch
6279147,,undetermined,MapLicenseFamily
6082550,,undetermined,MapNA
6082550,,undetermined,MapExactID
6082550,,undetermined,MapExactMatch
6082550,,undetermined,MapLicenseFamily
1560570,,undetermined,MapNA
1560570,,undetermined,MapExactID
1560570,,undetermined,MapExactMatch
1560570,,undetermined,MapLicenseFamily
1560570,,undetermined,MapFuzzyMatch
380923,,undetermined,MapNA
380923,,undetermined,MapExactID
380923,,undetermined,MapExactMatch
380923,,undetermined,MapLicenseFamily
4837381,,undetermined,MapNA
4837381,,undetermined,MapExactID
4837381,,undetermined,MapExactMatch
4837381,,undetermined,MapLicenseFamily
6279178,,undetermined,MapNA
6279178,,undetermined,MapExactID
6279178,,undetermined,MapExactMatch
6279178,,undetermined,MapLicenseFamily
6279178,,undetermined,MapFuzzyMatch
1363979,,undetermined,MapNA
1363979,,undetermined,MapExactID
1363979,,undetermined,MapExactMatch
1363979,,undetermined,MapLicenseFamily
7589898,,undetermined,MapNA
7589898,,undetermined,MapExactID
7589898,,undetermined,MapExactMatch
7589898,,undetermined,MapLicenseFamily
4902926,,undetermined,MapNA
4902926,,undetermined,MapExactID
4902926,,undetermined,MapExactMatch
4902926,,undetermined,MapLicenseFamily
2936847,,undetermined,MapNA
2936847,,undetermined,MapExactID
2936847,,undetermined,MapExactMatch
2936847,,undetermined,MapLicenseFamily
5034005,,undetermined,MapNA
5034005,,undetermined,MapExactID
5034005,,undetermined,MapExactMatch
5034005,,undetermined,MapLicenseFamily
5034005,,undetermined,MapFuzzyMatch
3526681,,undetermined,MapNA
3526681,,undetermined,MapExactID
3526681,,undetermined,MapExactMatch
3526681,,undetermined,MapLicenseFamily
774174,,undetermined,MapNA
774174,,undetermined,MapExactID
774174,,undetermined,MapExactMatch
774174,,undetermined,MapLicenseFamily
774174,,undetermined,MapFuzzyMatch
1363998,,undetermined,MapNA
1363998,,undetermined,MapExactID
1363998,,undetermined,MapExactMatch
1363998,,undetermined,MapLicenseFamily
3526689,,undetermined,MapNA
3526689,,undetermined,MapExactID
3526689,,undetermined,MapExactMatch
3526689,,undetermined,MapLicenseFamily
3854381,,undetermined,MapNA
3854381,,undetermined,MapExactID
3854381,,undetermined,MapExactMatch
3854381,,undetermined,MapLicenseFamily
1822768,,undetermined,MapNA
1822768,,undetermined,MapExactID
1822768,,undetermined,MapExactMatch
1822768,,undetermined,MapLicenseFamily
4902960,,undetermined,MapNA
4902960,,undetermined,MapExactID
4902960,,undetermined,MapExactMatch
4902960,,undetermined,MapLicenseFamily
2150450,,undetermined,MapNA
2150450,,undetermined,MapExactID
2150450,,undetermined,MapExactMatch
2150450,,undetermined,MapLicenseFamily
6344753,,undetermined,MapNA
6344753,,undetermined,MapExactID
6344753,,undetermined,MapExactMatch
6344753,,undetermined,MapLicenseFamily
3723317,,undetermined,MapNA
3723317,,undetermined,MapExactID
3723317,,undetermined,MapExactMatch
3723317,,undetermined,MapLicenseFamily
4968501,,undetermined,MapNA
4968501,,undetermined,MapExactID
4968501,,undetermined,MapExactMatch
4968501,,undetermined,MapLicenseFamily
315448,,undetermined,MapNA
315448,,undetermined,MapExactID
315448,,undetermined,MapExactMatch
315448,,undetermined,MapLicenseFamily
1101880,,undetermined,MapNA
1101880,,undetermined,MapExactID
1101880,,undetermined,MapExactMatch
1101880,,undetermined,MapLicenseFamily
4051002,,undetermined,MapNA
4051002,,undetermined,MapExactID
4051002,,undetermined,MapExactMatch
4051002,,undetermined,MapLicenseFamily
7065660,,undetermined,MapNA
7065660,,undetermined,MapExactID
7065660,,undetermined,MapExactMatch
7065660,,undetermined,MapLicenseFamily
3854397,,undetermined,MapNA
3854397,,undetermined,MapExactID
3854397,,undetermined,MapExactMatch
3854397,,undetermined,MapLicenseFamily
3002430,,undetermined,MapNA
3002430,,undetermined,MapExactID
3002430,,undetermined,MapExactMatch
3002430,,undetermined,MapLicenseFamily
5820479,,undetermined,MapNA
5820479,,undetermined,MapExactID
5820479,,undetermined,MapExactMatch
5820479,,undetermined,MapLicenseFamily
7393343,,undetermined,MapNA
7393343,,undetermined,MapExactID
7393343,,undetermined,MapExactMatch
7393343,,undetermined,MapLicenseFamily
774210,,undetermined,MapNA
774210,,undetermined,MapExactID
774210,,undetermined,MapExactMatch
774210,,undetermined,MapLicenseFamily
3461188,,undetermined,MapNA
3461188,,undetermined,MapExactID
3461188,,undetermined,MapExactMatch
3461188,,undetermined,MapLicenseFamily
5820491,,undetermined,MapNA
5820491,,undetermined,MapExactID
5820491,,undetermined,MapExactMatch
5820491,,undetermined,MapLicenseFamily
6672465,,undetermined,MapNA
6672465,,undetermined,MapExactID
6672465,,undetermined,MapExactMatch
6672465,,undetermined,MapLicenseFamily
577621,,undetermined,MapNA
577621,,undetermined,MapExactID
577621,,undetermined,MapExactMatch
577621,,undetermined,MapLicenseFamily
4182102,,undetermined,MapNA
4182102,,undetermined,MapExactID
4182102,,undetermined,MapExactMatch
4182102,,undetermined,MapLicenseFamily
6082652,,undetermined,MapNA
6082652,,undetermined,MapExactID
6082652,,undetermined,MapExactMatch
6082652,,undetermined,MapLicenseFamily
6082652,,undetermined,MapFuzzyMatch
315494,,undetermined,MapNA
315494,,undetermined,MapExactID
315494,,undetermined,MapExactMatch
315494,,undetermined,MapLicenseFamily
315494,,undetermined,MapFuzzyMatch
2150512,,undetermined,MapNA
2150512,,undetermined,MapExactID
2150512,,undetermined,MapExactMatch
2150512,,undetermined,MapLicenseFamily
5296244,,undetermined,MapNA
5296244,,undetermined,MapExactID
5296244,,undetermined,MapExactMatch
5296244,,undetermined,MapLicenseFamily
512119,,undetermined,MapNA
5296254,,undetermined,MapNA
5296254,,undetermined,MapExactID
5296254,,undetermined,MapExactMatch
5296254,,undetermined,MapLicenseFamily
3854467,,undetermined,MapNA
3854467,,undetermined,MapExactID
3854467,,undetermined,MapExactMatch
3854467,,undetermined,MapLicenseFamily
1364100,,undetermined,MapNA
839823,,undetermined,MapNA
839823,,undetermined,MapExactID
839823,,undetermined,MapExactMatch
839823,,undetermined,MapLicenseFamily
2740372,,undetermined,MapNA
2740372,,undetermined,MapExactID
2740372,,undetermined,MapExactMatch
2740372,,undetermined,MapLicenseFamily
1691803,,undetermined,MapNA
1691803,,undetermined,MapExactID
1691803,,undetermined,MapExactMatch
1691803,,undetermined,MapLicenseFamily
4051099,,undetermined,MapNA
4051099,,undetermined,MapExactID
4051099,,undetermined,MapExactMatch
4051099,,undetermined,MapLicenseFamily
53406,,undetermined,MapNA
53406,,undetermined,MapExactID
53406,,undetermined,MapExactMatch
53406,,undetermined,MapLicenseFamily
53406,,undetermined,MapFuzzyMatch
1560738,,undetermined,MapNA
1560738,,undetermined,MapExactID
1560738,,undetermined,MapExactMatch
1560738,,undetermined,MapLicenseFamily
2085026,,undetermined,MapNA
2085026,,undetermined,MapExactID
2085026,,undetermined,MapExactMatch
2085026,,undetermined,MapLicenseFamily
5886114,,undetermined,MapNA
5886114,,undetermined,MapExactID
5886114,,undetermined,MapExactMatch
5886114,,undetermined,MapLicenseFamily
5886114,,undetermined,MapFuzzyMatch
1691817,,undetermined,MapNA
1691817,,undetermined,MapExactID
1691817,,undetermined,MapExactMatch
1691817,,undetermined,MapLicenseFamily
1691817,,undetermined,MapFuzzyMatch
5165227,,undetermined,MapNA
5165227,,undetermined,MapExactID
5165227,,undetermined,MapExactMatch
5165227,,undetermined,MapLicenseFamily
5427371,,undetermined,MapNA
5427371,,undetermined,MapExactID
5427371,,undetermined,MapExactMatch
5427371,,undetermined,MapLicenseFamily
5427371,,undetermined,MapFuzzyMatch
4116655,,undetermined,MapNA
4116655,,undetermined,MapExactID
4116655,,undetermined,MapExactMatch
4116655,,undetermined,MapLicenseFamily
4116655,,undetermined,MapFuzzyMatch
5296309,,undetermined,MapNA
5296309,,undetermined,MapExactID
5296309,,undetermined,MapExactMatch
5296309,,undetermined,MapLicenseFamily
5427381,,undetermined,MapNA
5427381,,undetermined,MapExactID
5427381,,undetermined,MapExactMatch
5427381,,undetermined,MapLicenseFamily
5427381,,undetermined,MapFuzzyMatch
7524537,,undetermined,MapNA
7524537,,undetermined,MapExactID
7524537,,undetermined,MapExactMatch
7524537,,undetermined,MapLicenseFamily
1757377,,undetermined,MapNA
1757377,,undetermined,MapExactID
1757377,,undetermined,MapExactMatch
1757377,,undetermined,MapLicenseFamily
1560776,,undetermined,MapNA
1757384,,undetermined,MapNA
1757384,,undetermined,MapExactID
1757384,,undetermined,MapExactMatch
1757384,,undetermined,MapLicenseFamily
5492941,,undetermined,MapNA
5492941,,undetermined,MapExactID
5492941,,undetermined,MapExactMatch
5492941,,undetermined,MapLicenseFamily
5492941,,undetermined,MapFuzzyMatch
3854543,,undetermined,MapNA
3854543,,undetermined,MapExactID
3854543,,undetermined,MapExactMatch
3854543,,undetermined,MapLicenseFamily
5820623,,undetermined,MapNA
5820623,,undetermined,MapExactID
5820623,,undetermined,MapExactMatch
5820623,,undetermined,MapLicenseFamily
3592401,,undetermined,MapNA
3592401,,undetermined,MapExactID
3592401,,undetermined,MapExactMatch
3592401,,undetermined,MapLicenseFamily
3526874,,undetermined,MapNA
3526874,,undetermined,MapExactID
3526874,,undetermined,MapExactMatch
3526874,,undetermined,MapLicenseFamily
5427419,,undetermined,MapNA
5427419,,undetermined,MapExactID
5427419,,undetermined,MapExactMatch
5427419,,undetermined,MapLicenseFamily
1102060,,undetermined,MapNA
1102060,,undetermined,MapExactID
1102060,,undetermined,MapExactMatch
1102060,,undetermined,MapLicenseFamily
6672623,,undetermined,MapNA
6672623,,undetermined,MapExactID
6672623,,undetermined,MapExactMatch
6672623,,undetermined,MapLicenseFamily
7459065,,undetermined,MapNA
7459065,,undetermined,MapExactID
7459065,,undetermined,MapExactMatch
7459065,,undetermined,MapLicenseFamily
4182266,,undetermined,MapNA
4182266,,undetermined,MapExactID
4182266,,undetermined,MapExactMatch
4182266,,undetermined,MapLicenseFamily
4182266,,undetermined,MapFuzzyMatch
5624061,,undetermined,MapNA
5624061,,undetermined,MapExactID
5624061,,undetermined,MapExactMatch
5624061,,undetermined,MapLicenseFamily
5624061,,undetermined,MapFuzzyMatch
643326,,undetermined,MapNA
643326,,undetermined,MapExactID
643326,,undetermined,MapExactMatch
643326,,undetermined,MapLicenseFamily
643326,,undetermined,MapFuzzyMatch
2871550,,undetermined,MapNA
2871550,,undetermined,MapExactID
2871550,,undetermined,MapExactMatch
2871550,,undetermined,MapLicenseFamily
2871550,,undetermined,MapFuzzyMatch
1364225,,undetermined,MapNA
1364225,,undetermined,MapExactID
1364225,,undetermined,MapExactMatch
1364225,,undetermined,MapLicenseFamily
5624066,,undetermined,MapNA
5624066,,undetermined,MapExactID
5624066,,undetermined,MapExactMatch
5624066,,undetermined,MapLicenseFamily
5624066,,undetermined,MapFuzzyMatch
53509,,undetermined,MapNA
53509,,undetermined,MapExactID
53509,,undetermined,MapExactMatch
53509,,undetermined,MapLicenseFamily
3526918,,undetermined,MapNA
3526918,,undetermined,MapExactID
3526918,,undetermined,MapExactMatch
3526918,,undetermined,MapLicenseFamily
1036551,,undetermined,MapNA
1036551,,undetermined,MapExactID
1036551,,undetermined,MapExactMatch
1036551,,undetermined,MapLicenseFamily
5624073,,undetermined,MapNA
5624073,,undetermined,MapExactID
5624073,,undetermined,MapExactMatch
5624073,,undetermined,MapLicenseFamily
5624073,,undetermined,MapFuzzyMatch
3920138,,undetermined,MapNA
3920138,,undetermined,MapExactID
3920138,,undetermined,MapExactMatch
3920138,,undetermined,MapLicenseFamily
4509962,,undetermined,MapNA
4509962,,undetermined,MapExactID
4509962,,undetermined,MapExactMatch
4509962,,undetermined,MapLicenseFamily
53519,,undetermined,MapNA
53519,,undetermined,MapExactID
53519,,undetermined,MapExactMatch
53519,,undetermined,MapLicenseFamily
53519,,undetermined,MapFuzzyMatch
4837648,,undetermined,MapNA
4837648,,undetermined,MapExactID
4837648,,undetermined,MapExactMatch
4837648,,undetermined,MapLicenseFamily
7524628,,undetermined,MapNA
7524628,,undetermined,MapExactID
7524628,,undetermined,MapExactMatch
7524628,,undetermined,MapLicenseFamily
1364246,,undetermined,MapNA
1364246,,undetermined,MapExactID
1364246,,undetermined,MapExactMatch
1364246,,undetermined,MapLicenseFamily
1364246,,undetermined,MapFuzzyMatch
446743,,undetermined,MapNA
446743,,undetermined,MapExactID
446743,,undetermined,MapExactMatch
446743,,undetermined,MapLicenseFamily
446743,,undetermined,MapFuzzyMatch
446744,,undetermined,MapNA
446744,,undetermined,MapExactID
446744,,undetermined,MapExactMatch
446744,,undetermined,MapLicenseFamily
446744,,undetermined,MapFuzzyMatch
3526937,,undetermined,MapNA
3526937,,undetermined,MapExactID
3526937,,undetermined,MapExactMatch
3526937,,undetermined,MapLicenseFamily
5034262,,undetermined,MapNA
5034262,,undetermined,MapExactID
5034262,,undetermined,MapExactMatch
5034262,,undetermined,MapLicenseFamily
446747,,undetermined,MapNA
446747,,undetermined,MapExactID
446747,,undetermined,MapExactMatch
446747,,undetermined,MapLicenseFamily
446747,,undetermined,MapFuzzyMatch
2937116,,undetermined,MapNA
2937116,,undetermined,MapExactID
2937116,,undetermined,MapExactMatch
2937116,,undetermined,MapLicenseFamily
2937116,,undetermined,MapFuzzyMatch
446755,,undetermined,MapNA
446755,,undetermined,MapExactID
446755,,undetermined,MapExactMatch
446755,,undetermined,MapLicenseFamily
446755,,undetermined,MapFuzzyMatch
446756,,undetermined,MapNA
446756,,undetermined,MapExactID
446756,,undetermined,MapExactMatch
446756,,undetermined,MapLicenseFamily
446756,,undetermined,MapFuzzyMatch
3002661,,undetermined,MapNA
2609447,,undetermined,MapNA
2609447,,undetermined,MapExactID
2609447,,undetermined,MapExactMatch
2609447,,undetermined,MapLicenseFamily
5034279,,undetermined,MapNA
5034279,,undetermined,MapExactID
5034279,,undetermined,MapExactMatch
5034279,,undetermined,MapLicenseFamily
446764,,undetermined,MapNA
446764,,undetermined,MapExactID
446764,,undetermined,MapExactMatch
446764,,undetermined,MapLicenseFamily
446764,,undetermined,MapFuzzyMatch
446765,,undetermined,MapNA
446765,,undetermined,MapExactID
446765,,undetermined,MapExactMatch
446765,,undetermined,MapLicenseFamily
446765,,undetermined,MapFuzzyMatch
446768,,undetermined,MapNA
446768,,undetermined,MapExactID
446768,,undetermined,MapExactMatch
446768,,undetermined,MapLicenseFamily
446768,,undetermined,MapFuzzyMatch
7459120,,undetermined,MapNA
7459120,,undetermined,MapExactID
7459120,,undetermined,MapExactMatch
7459120,,undetermined,MapLicenseFamily
446773,,undetermined,MapNA
446773,,undetermined,MapExactID
446773,,undetermined,MapExactMatch
446773,,undetermined,MapLicenseFamily
446773,,undetermined,MapFuzzyMatch
446774,,undetermined,MapNA
446774,,undetermined,MapExactID
446774,,undetermined,MapExactMatch
446774,,undetermined,MapLicenseFamily
446774,,undetermined,MapFuzzyMatch
446775,,undetermined,MapNA
446775,,undetermined,MapExactID
446775,,undetermined,MapExactMatch
446775,,undetermined,MapLicenseFamily
446775,,undetermined,MapFuzzyMatch
446778,,undetermined,MapNA
446778,,undetermined,MapExactID
446778,,undetermined,MapExactMatch
446778,,undetermined,MapLicenseFamily
446778,,undetermined,MapFuzzyMatch
7459132,,undetermined,MapNA
7459132,,undetermined,MapExactID
7459132,,undetermined,MapExactMatch
7459132,,undetermined,MapLicenseFamily
446782,,undetermined,MapNA
446782,,undetermined,MapExactID
446782,,undetermined,MapExactMatch
446782,,undetermined,MapLicenseFamily
446782,,undetermined,MapFuzzyMatch
446784,,undetermined,MapNA
446784,,undetermined,MapExactID
446784,,undetermined,MapExactMatch
446784,,undetermined,MapLicenseFamily
446784,,undetermined,MapFuzzyMatch
446787,,undetermined,MapNA
446787,,undetermined,MapExactID
446787,,undetermined,MapExactMatch
446787,,undetermined,MapLicenseFamily
446787,,undetermined,MapFuzzyMatch
446788,,undetermined,MapNA
446788,,undetermined,MapExactID
446788,,undetermined,MapExactMatch
446788,,undetermined,MapLicenseFamily
446788,,undetermined,MapFuzzyMatch
315717,,undetermined,MapNA
315717,,undetermined,MapExactID
315717,,undetermined,MapExactMatch
315717,,undetermined,MapLicenseFamily
6148422,,undetermined,MapNA
6148422,,undetermined,MapExactID
6148422,,undetermined,MapExactMatch
6148422,,undetermined,MapLicenseFamily
446791,,undetermined,MapNA
446791,,undetermined,MapExactID
446791,,undetermined,MapExactMatch
446791,,undetermined,MapLicenseFamily
446791,,undetermined,MapFuzzyMatch
2740551,,undetermined,MapNA
2740551,,undetermined,MapExactID
2740551,,undetermined,MapExactMatch
2740551,,undetermined,MapLicenseFamily
446802,,undetermined,MapNA
446802,,undetermined,MapExactID
446802,,undetermined,MapExactMatch
446802,,undetermined,MapLicenseFamily
446802,,undetermined,MapFuzzyMatch
1167698,,undetermined,MapNA
1167698,,undetermined,MapExactID
1167698,,undetermined,MapExactMatch
1167698,,undetermined,MapLicenseFamily
446805,,undetermined,MapNA
446805,,undetermined,MapExactID
446805,,undetermined,MapExactMatch
446805,,undetermined,MapLicenseFamily
446805,,undetermined,MapFuzzyMatch
6345051,,undetermined,MapNA
6345051,,undetermined,MapExactID
6345051,,undetermined,MapExactMatch
6345051,,undetermined,MapLicenseFamily
446812,,undetermined,MapNA
446812,,undetermined,MapExactID
446812,,undetermined,MapExactMatch
446812,,undetermined,MapLicenseFamily
446812,,undetermined,MapFuzzyMatch
446813,,undetermined,MapNA
446813,,undetermined,MapExactID
446813,,undetermined,MapExactMatch
446813,,undetermined,MapLicenseFamily
446813,,undetermined,MapFuzzyMatch
446814,,undetermined,MapNA
446814,,undetermined,MapExactID
446814,,undetermined,MapExactMatch
446814,,undetermined,MapLicenseFamily
446814,,undetermined,MapFuzzyMatch
446815,,undetermined,MapNA
446815,,undetermined,MapExactID
446815,,undetermined,MapExactMatch
446815,,undetermined,MapLicenseFamily
446815,,undetermined,MapFuzzyMatch
2543968,,undetermined,MapNA
2543968,,undetermined,MapExactID
2543968,,undetermined,MapExactMatch
2543968,,undetermined,MapLicenseFamily
2543968,,undetermined,MapFuzzyMatch
5427552,,undetermined,MapNA
5427552,,undetermined,MapExactID
5427552,,undetermined,MapExactMatch
5427552,,undetermined,MapLicenseFamily
446820,,undetermined,MapNA
446820,,undetermined,MapExactID
446820,,undetermined,MapExactMatch
446820,,undetermined,MapLicenseFamily
446820,,undetermined,MapFuzzyMatch
446821,,undetermined,MapNA
446821,,undetermined,MapExactID
446821,,undetermined,MapExactMatch
446821,,undetermined,MapLicenseFamily
446821,,undetermined,MapFuzzyMatch
446822,,undetermined,MapNA
446822,,undetermined,MapExactID
446822,,undetermined,MapExactMatch
446822,,undetermined,MapLicenseFamily
446822,,undetermined,MapFuzzyMatch
446823,,undetermined,MapNA
446823,,undetermined,MapExactID
446823,,undetermined,MapExactMatch
446823,,undetermined,MapLicenseFamily
446823,,undetermined,MapFuzzyMatch
5034342,,undetermined,MapNA
5034342,,undetermined,MapExactID
5034342,,undetermined,MapExactMatch
5034342,,undetermined,MapLicenseFamily
3527017,,undetermined,MapNA
3527017,,undetermined,MapExactID
3527017,,undetermined,MapExactMatch
3527017,,undetermined,MapLicenseFamily
446826,,undetermined,MapNA
446826,,undetermined,MapExactID
446826,,undetermined,MapExactMatch
446826,,undetermined,MapLicenseFamily
446826,,undetermined,MapFuzzyMatch
446828,,undetermined,MapNA
446828,,undetermined,MapExactID
446828,,undetermined,MapExactMatch
446828,,undetermined,MapLicenseFamily
446828,,undetermined,MapFuzzyMatch
446829,,undetermined,MapNA
446829,,undetermined,MapExactID
446829,,undetermined,MapExactMatch
446829,,undetermined,MapLicenseFamily
446829,,undetermined,MapFuzzyMatch
446832,,undetermined,MapNA
446832,,undetermined,MapExactID
446832,,undetermined,MapExactMatch
446832,,undetermined,MapLicenseFamily
446832,,undetermined,MapFuzzyMatch
446834,,undetermined,MapNA
446834,,undetermined,MapExactID
446834,,undetermined,MapExactMatch
446834,,undetermined,MapLicenseFamily
446834,,undetermined,MapFuzzyMatch
1823094,,undetermined,MapNA
1823094,,undetermined,MapExactID
1823094,,undetermined,MapExactMatch
1823094,,undetermined,MapLicenseFamily
2281850,,undetermined,MapNA
2281850,,undetermined,MapExactID
2281850,,undetermined,MapExactMatch
2281850,,undetermined,MapLicenseFamily
446843,,undetermined,MapNA
446843,,undetermined,MapExactID
446843,,undetermined,MapExactMatch
446843,,undetermined,MapLicenseFamily
446843,,undetermined,MapFuzzyMatch
446845,,undetermined,MapNA
446845,,undetermined,MapExactID
446845,,undetermined,MapExactMatch
446845,,undetermined,MapLicenseFamily
446845,,undetermined,MapFuzzyMatch
3723646,,undetermined,MapNA
3723646,,undetermined,MapExactID
3723646,,undetermined,MapExactMatch
3723646,,undetermined,MapLicenseFamily
3723646,,undetermined,MapFuzzyMatch
446848,,undetermined,MapNA
446848,,undetermined,MapExactID
446848,,undetermined,MapExactMatch
446848,,undetermined,MapLicenseFamily
446848,,undetermined,MapFuzzyMatch
2085250,,undetermined,MapNA
2085250,,undetermined,MapExactID
2085250,,undetermined,MapExactMatch
2085250,,undetermined,MapLicenseFamily
446851,,undetermined,MapNA
446851,,undetermined,MapExactID
446851,,undetermined,MapExactMatch
446851,,undetermined,MapLicenseFamily
446851,,undetermined,MapFuzzyMatch
446852,,undetermined,MapNA
446852,,undetermined,MapExactID
446852,,undetermined,MapExactMatch
446852,,undetermined,MapLicenseFamily
446852,,undetermined,MapFuzzyMatch
446855,,undetermined,MapNA
446855,,undetermined,MapExactID
446855,,undetermined,MapExactMatch
446855,,undetermined,MapLicenseFamily
446855,,undetermined,MapFuzzyMatch
1036680,,undetermined,MapNA
1036680,,undetermined,MapExactID
1036680,,undetermined,MapExactMatch
1036680,,undetermined,MapLicenseFamily
1036680,,undetermined,MapFuzzyMatch
446857,,undetermined,MapNA
446857,,undetermined,MapExactID
446857,,undetermined,MapExactMatch
446857,,undetermined,MapLicenseFamily
446857,,undetermined,MapFuzzyMatch
446861,,undetermined,MapNA
446861,,undetermined,MapExactID
446861,,undetermined,MapExactMatch
446861,,undetermined,MapLicenseFamily
446862,,undetermined,MapNA
446862,,undetermined,MapExactID
446862,,undetermined,MapExactMatch
446862,,undetermined,MapLicenseFamily
446862,,undetermined,MapFuzzyMatch
2150799,,undetermined,MapNA
2150799,,undetermined,MapExactID
2150799,,undetermined,MapExactMatch
2150799,,undetermined,MapLicenseFamily
1692048,,undetermined,MapNA
1692048,,undetermined,MapExactID
1692048,,undetermined,MapExactMatch
1692048,,undetermined,MapLicenseFamily
4247950,,undetermined,MapNA
4247950,,undetermined,MapExactID
4247950,,undetermined,MapExactMatch
4247950,,undetermined,MapLicenseFamily
446866,,undetermined,MapNA
446866,,undetermined,MapExactID
446866,,undetermined,MapExactMatch
446866,,undetermined,MapLicenseFamily
446866,,undetermined,MapFuzzyMatch
446867,,undetermined,MapNA
446867,,undetermined,MapExactID
446867,,undetermined,MapExactMatch
446867,,undetermined,MapLicenseFamily
446867,,undetermined,MapFuzzyMatch
446870,,undetermined,MapNA
446870,,undetermined,MapExactID
446870,,undetermined,MapExactMatch
446870,,undetermined,MapLicenseFamily
446870,,undetermined,MapFuzzyMatch
2609559,,undetermined,MapNA
2609559,,undetermined,MapExactID
2609559,,undetermined,MapExactMatch
2609559,,undetermined,MapLicenseFamily
2609559,,undetermined,MapFuzzyMatch
446872,,undetermined,MapNA
446872,,undetermined,MapExactID
446872,,undetermined,MapExactMatch
446872,,undetermined,MapLicenseFamily
446872,,undetermined,MapFuzzyMatch
5427606,,undetermined,MapNA
5427606,,undetermined,MapExactID
5427606,,undetermined,MapExactMatch
5427606,,undetermined,MapLicenseFamily
3002778,,undetermined,MapNA
3002778,,undetermined,MapExactID
3002778,,undetermined,MapExactMatch
3002778,,undetermined,MapLicenseFamily
446876,,undetermined,MapNA
446876,,undetermined,MapExactID
446876,,undetermined,MapExactMatch
446876,,undetermined,MapLicenseFamily
446876,,undetermined,MapFuzzyMatch
512412,,undetermined,MapNA
512412,,undetermined,MapExactID
512412,,undetermined,MapExactMatch
512412,,undetermined,MapLicenseFamily
512412,,undetermined,MapFuzzyMatch
3592612,,undetermined,MapNA
3592612,,undetermined,MapExactID
3592612,,undetermined,MapExactMatch
3592612,,undetermined,MapLicenseFamily
446890,,undetermined,MapNA
446890,,undetermined,MapExactID
446890,,undetermined,MapExactMatch
446890,,undetermined,MapLicenseFamily
446890,,undetermined,MapFuzzyMatch
446891,,undetermined,MapNA
446891,,undetermined,MapExactID
446891,,undetermined,MapExactMatch
446891,,undetermined,MapLicenseFamily
446891,,undetermined,MapFuzzyMatch
446895,,undetermined,MapNA
446895,,undetermined,MapExactID
446895,,undetermined,MapExactMatch
446895,,undetermined,MapLicenseFamily
446895,,undetermined,MapFuzzyMatch
446896,,undetermined,MapNA
446896,,undetermined,MapExactID
446896,,undetermined,MapExactMatch
446896,,undetermined,MapLicenseFamily
446896,,undetermined,MapFuzzyMatch
446897,,undetermined,MapNA
446897,,undetermined,MapExactID
446897,,undetermined,MapExactMatch
446897,,undetermined,MapLicenseFamily
446897,,undetermined,MapFuzzyMatch
3199408,,undetermined,MapNA
3199408,,undetermined,MapExactID
3199408,,undetermined,MapExactMatch
3199408,,undetermined,MapLicenseFamily
5755314,,undetermined,MapNA
5755314,,undetermined,MapExactID
5755314,,undetermined,MapExactMatch
5755314,,undetermined,MapLicenseFamily
446901,,undetermined,MapNA
446901,,undetermined,MapExactID
446901,,undetermined,MapExactMatch
446901,,undetermined,MapLicenseFamily
446901,,undetermined,MapFuzzyMatch
3527094,,undetermined,MapNA
3527094,,undetermined,MapExactID
3527094,,undetermined,MapExactMatch
3527094,,undetermined,MapLicenseFamily
446905,,undetermined,MapNA
446905,,undetermined,MapExactID
446905,,undetermined,MapExactMatch
446905,,undetermined,MapLicenseFamily
446905,,undetermined,MapFuzzyMatch
3527098,,undetermined,MapNA
3527098,,undetermined,MapExactID
3527098,,undetermined,MapExactMatch
3527098,,undetermined,MapLicenseFamily
446907,,undetermined,MapNA
446907,,undetermined,MapExactID
446907,,undetermined,MapExactMatch
446907,,undetermined,MapLicenseFamily
446907,,undetermined,MapFuzzyMatch
446908,,undetermined,MapNA
446908,,undetermined,MapExactID
446908,,undetermined,MapExactMatch
446908,,undetermined,MapLicenseFamily
446908,,undetermined,MapFuzzyMatch
446909,,undetermined,MapNA
446909,,undetermined,MapExactID
446909,,undetermined,MapExactMatch
446909,,undetermined,MapLicenseFamily
446909,,undetermined,MapFuzzyMatch
446913,,undetermined,MapNA
446913,,undetermined,MapExactID
446913,,undetermined,MapExactMatch
446913,,undetermined,MapLicenseFamily
446913,,undetermined,MapFuzzyMatch
446916,,undetermined,MapNA
446916,,undetermined,MapExactID
446916,,undetermined,MapExactMatch
446916,,undetermined,MapLicenseFamily
446916,,undetermined,MapFuzzyMatch
446919,,undetermined,MapNA
446919,,undetermined,MapExactID
446919,,undetermined,MapExactMatch
446919,,undetermined,MapLicenseFamily
446919,,undetermined,MapFuzzyMatch
3527112,,undetermined,MapNA
3527112,,undetermined,MapExactID
3527112,,undetermined,MapExactMatch
3527112,,undetermined,MapLicenseFamily
446922,,undetermined,MapNA
446922,,undetermined,MapExactID
446922,,undetermined,MapExactMatch
446922,,undetermined,MapLicenseFamily
446922,,undetermined,MapFuzzyMatch
446923,,undetermined,MapNA
446923,,undetermined,MapExactID
446923,,undetermined,MapExactMatch
446923,,undetermined,MapLicenseFamily
446923,,undetermined,MapFuzzyMatch
446926,,undetermined,MapNA
446926,,undetermined,MapExactID
446926,,undetermined,MapExactMatch
446926,,undetermined,MapLicenseFamily
446926,,undetermined,MapFuzzyMatch
446927,,undetermined,MapNA
446927,,undetermined,MapExactID
446927,,undetermined,MapExactMatch
446927,,undetermined,MapLicenseFamily
446927,,undetermined,MapFuzzyMatch
774611,,undetermined,MapNA
774611,,undetermined,MapExactID
774611,,undetermined,MapExactMatch
774611,,undetermined,MapLicenseFamily
446933,,undetermined,MapNA
446933,,undetermined,MapExactID
446933,,undetermined,MapExactMatch
446933,,undetermined,MapLicenseFamily
446933,,undetermined,MapFuzzyMatch
446934,,undetermined,MapNA
446934,,undetermined,MapExactID
446934,,undetermined,MapExactMatch
446934,,undetermined,MapLicenseFamily
446934,,undetermined,MapFuzzyMatch
446936,,undetermined,MapNA
446936,,undetermined,MapExactID
446936,,undetermined,MapExactMatch
446936,,undetermined,MapLicenseFamily
446936,,undetermined,MapFuzzyMatch
446937,,undetermined,MapNA
446937,,undetermined,MapExactID
446937,,undetermined,MapExactMatch
446937,,undetermined,MapLicenseFamily
446937,,undetermined,MapFuzzyMatch
7393752,,undetermined,MapNA
7393752,,undetermined,MapExactID
7393752,,undetermined,MapExactMatch
7393752,,undetermined,MapLicenseFamily
6410717,,undetermined,MapNA
6410717,,undetermined,MapExactID
6410717,,undetermined,MapExactMatch
6410717,,undetermined,MapLicenseFamily
1757662,,undetermined,MapNA
1757662,,undetermined,MapExactID
1757662,,undetermined,MapExactMatch
1757662,,undetermined,MapLicenseFamily
1036770,,undetermined,MapNA
1036770,,undetermined,MapExactID
1036770,,undetermined,MapExactMatch
1036770,,undetermined,MapLicenseFamily
1364451,,undetermined,MapNA
1364451,,undetermined,MapExactID
1364451,,undetermined,MapExactMatch
1364451,,undetermined,MapLicenseFamily
1823205,,undetermined,MapNA
1823205,,undetermined,MapExactID
1823205,,undetermined,MapExactMatch
1823205,,undetermined,MapLicenseFamily
446951,,undetermined,MapNA
446951,,undetermined,MapExactID
446951,,undetermined,MapExactMatch
446951,,undetermined,MapLicenseFamily
446951,,undetermined,MapFuzzyMatch
2675175,,undetermined,MapNA
2675175,,undetermined,MapExactID
2675175,,undetermined,MapExactMatch
2675175,,undetermined,MapLicenseFamily
446958,,undetermined,MapNA
446958,,undetermined,MapExactID
446958,,undetermined,MapExactMatch
446958,,undetermined,MapLicenseFamily
446958,,undetermined,MapFuzzyMatch
446959,,undetermined,MapNA
446959,,undetermined,MapExactID
446959,,undetermined,MapExactMatch
446959,,undetermined,MapLicenseFamily
446959,,undetermined,MapFuzzyMatch
446960,,undetermined,MapNA
446960,,undetermined,MapExactID
446960,,undetermined,MapExactMatch
446960,,undetermined,MapLicenseFamily
446960,,undetermined,MapFuzzyMatch
2347509,,undetermined,MapNA
2347509,,undetermined,MapExactID
2347509,,undetermined,MapExactMatch
2347509,,undetermined,MapLicenseFamily
2019830,,undetermined,MapNA
2019830,,undetermined,MapExactID
2019830,,undetermined,MapExactMatch
2019830,,undetermined,MapLicenseFamily
2019830,,undetermined,MapFuzzyMatch
1036791,,undetermined,MapNA
446968,,undetermined,MapNA
446968,,undetermined,MapExactID
446968,,undetermined,MapExactMatch
446968,,undetermined,MapLicenseFamily
446968,,undetermined,MapFuzzyMatch
2347512,,undetermined,MapNA
2347512,,undetermined,MapExactID
2347512,,undetermined,MapExactMatch
2347512,,undetermined,MapLicenseFamily
2347514,,undetermined,MapNA
2347514,,undetermined,MapExactID
2347514,,undetermined,MapExactMatch
2347514,,undetermined,MapLicenseFamily
446974,,undetermined,MapNA
446974,,undetermined,MapExactID
446974,,undetermined,MapExactMatch
446974,,undetermined,MapLicenseFamily
446974,,undetermined,MapFuzzyMatch
2871807,,undetermined,MapNA
2871807,,undetermined,MapExactID
2871807,,undetermined,MapExactMatch
2871807,,undetermined,MapLicenseFamily
6148607,,undetermined,MapNA
6148607,,undetermined,MapExactID
6148607,,undetermined,MapExactMatch
6148607,,undetermined,MapLicenseFamily
446977,,undetermined,MapNA
446977,,undetermined,MapExactID
446977,,undetermined,MapExactMatch
446977,,undetermined,MapLicenseFamily
446977,,undetermined,MapFuzzyMatch
446978,,undetermined,MapNA
446978,,undetermined,MapExactID
446978,,undetermined,MapExactMatch
446978,,undetermined,MapLicenseFamily
446978,,undetermined,MapFuzzyMatch
7328260,,undetermined,MapNA
7328260,,undetermined,MapExactID
7328260,,undetermined,MapExactMatch
7328260,,undetermined,MapLicenseFamily
53764,,undetermined,MapNA
53764,,undetermined,MapExactID
53764,,undetermined,MapExactMatch
53764,,undetermined,MapLicenseFamily
53764,,undetermined,MapFuzzyMatch
446981,,undetermined,MapNA
446981,,undetermined,MapExactID
446981,,undetermined,MapExactMatch
446981,,undetermined,MapLicenseFamily
446981,,undetermined,MapFuzzyMatch
1757701,,undetermined,MapNA
1757701,,undetermined,MapExactID
1757701,,undetermined,MapExactMatch
1757701,,undetermined,MapLicenseFamily
446984,,undetermined,MapNA
446984,,undetermined,MapExactID
446984,,undetermined,MapExactMatch
446984,,undetermined,MapLicenseFamily
446984,,undetermined,MapFuzzyMatch
446985,,undetermined,MapNA
446985,,undetermined,MapExactID
446985,,undetermined,MapExactMatch
446985,,undetermined,MapLicenseFamily
446985,,undetermined,MapFuzzyMatch
1036809,,undetermined,MapNA
1036809,,undetermined,MapExactID
1036809,,undetermined,MapExactMatch
1036809,,undetermined,MapLicenseFamily
2347524,,undetermined,MapNA
2347524,,undetermined,MapExactID
2347524,,undetermined,MapExactMatch
2347524,,undetermined,MapLicenseFamily
3854860,,undetermined,MapNA
3854860,,undetermined,MapExactID
3854860,,undetermined,MapExactMatch
3854860,,undetermined,MapLicenseFamily
3854860,,undetermined,MapFuzzyMatch
4248077,,undetermined,MapNA
4248077,,undetermined,MapExactID
4248077,,undetermined,MapExactMatch
4248077,,undetermined,MapLicenseFamily
53773,,undetermined,MapNA
53773,,undetermined,MapExactID
53773,,undetermined,MapExactMatch
53773,,undetermined,MapLicenseFamily
1364494,,undetermined,MapNA
1364494,,undetermined,MapExactID
1364494,,undetermined,MapExactMatch
1364494,,undetermined,MapLicenseFamily
4117000,,undetermined,MapNA
4117000,,undetermined,MapExactID
4117000,,undetermined,MapExactMatch
4117000,,undetermined,MapLicenseFamily
1036816,,undetermined,MapNA
1036816,,undetermined,MapExactID
1036816,,undetermined,MapExactMatch
1036816,,undetermined,MapLicenseFamily
4051473,,undetermined,MapNA
4051473,,undetermined,MapExactID
4051473,,undetermined,MapExactMatch
4051473,,undetermined,MapLicenseFamily
4051473,,undetermined,MapFuzzyMatch
446994,,undetermined,MapNA
446994,,undetermined,MapExactID
446994,,undetermined,MapExactMatch
446994,,undetermined,MapLicenseFamily
446994,,undetermined,MapFuzzyMatch
446995,,undetermined,MapNA
446995,,undetermined,MapExactID
446995,,undetermined,MapExactMatch
446995,,undetermined,MapLicenseFamily
446995,,undetermined,MapFuzzyMatch
1102355,,undetermined,MapNA
1102355,,undetermined,MapExactID
1364500,,undetermined,MapNA
1364500,,undetermined,MapExactID
1364500,,undetermined,MapExactMatch
1364500,,undetermined,MapLicenseFamily
1757717,,undetermined,MapNA
1757717,,undetermined,MapExactID
1757717,,undetermined,MapExactMatch
1757717,,undetermined,MapLicenseFamily
1757720,,undetermined,MapNA
1757720,,undetermined,MapExactID
1757720,,undetermined,MapExactMatch
1757720,,undetermined,MapLicenseFamily
447001,,undetermined,MapNA
447001,,undetermined,MapExactID
447001,,undetermined,MapExactMatch
447001,,undetermined,MapLicenseFamily
447001,,undetermined,MapFuzzyMatch
447003,,undetermined,MapNA
447003,,undetermined,MapExactID
447003,,undetermined,MapExactMatch
447003,,undetermined,MapLicenseFamily
447003,,undetermined,MapFuzzyMatch
1364508,,undetermined,MapNA
1364508,,undetermined,MapExactID
1364508,,undetermined,MapExactMatch
1364508,,undetermined,MapLicenseFamily
5296669,,undetermined,MapNA
5296669,,undetermined,MapExactID
5296669,,undetermined,MapExactMatch
5296669,,undetermined,MapLicenseFamily
447006,,undetermined,MapNA
447006,,undetermined,MapExactID
447006,,undetermined,MapExactMatch
447006,,undetermined,MapLicenseFamily
447006,,undetermined,MapFuzzyMatch
3723807,,undetermined,MapNA
3723807,,undetermined,MapExactID
3723807,,undetermined,MapExactMatch
3723807,,undetermined,MapLicenseFamily
5689885,,undetermined,MapNA
5689885,,undetermined,MapExactID
5689885,,undetermined,MapExactMatch
5689885,,undetermined,MapLicenseFamily
447009,,undetermined,MapNA
447009,,undetermined,MapExactID
447009,,undetermined,MapExactMatch
447009,,undetermined,MapLicenseFamily
447009,,undetermined,MapFuzzyMatch
447010,,undetermined,MapNA
447010,,undetermined,MapExactID
447010,,undetermined,MapExactMatch
447010,,undetermined,MapLicenseFamily
447010,,undetermined,MapFuzzyMatch
1823267,,undetermined,MapNA
1823267,,undetermined,MapExactID
1823267,,undetermined,MapExactMatch
1823267,,undetermined,MapLicenseFamily
840230,,undetermined,MapNA
840230,,undetermined,MapExactID
840230,,undetermined,MapExactMatch
840230,,undetermined,MapLicenseFamily
4248102,,undetermined,MapNA
4248102,,undetermined,MapExactID
4248102,,undetermined,MapExactMatch
4248102,,undetermined,MapLicenseFamily
1364520,,undetermined,MapNA
1364520,,undetermined,MapExactID
1364520,,undetermined,MapExactMatch
1364520,,undetermined,MapLicenseFamily
2216489,,undetermined,MapNA
2216489,,undetermined,MapExactID
2216489,,undetermined,MapExactMatch
2216489,,undetermined,MapLicenseFamily
2216489,,undetermined,MapFuzzyMatch
53802,,undetermined,MapNA
53802,,undetermined,MapExactID
53802,,undetermined,MapExactMatch
53802,,undetermined,MapLicenseFamily
53802,,undetermined,MapFuzzyMatch
5952038,,undetermined,MapNA
5952038,,undetermined,MapExactID
5952038,,undetermined,MapExactMatch
5952038,,undetermined,MapLicenseFamily
6148651,,undetermined,MapNA
6148651,,undetermined,MapExactID
6148651,,undetermined,MapExactMatch
6148651,,undetermined,MapLicenseFamily
6148651,,undetermined,MapFuzzyMatch
3723822,,undetermined,MapNA
3723822,,undetermined,MapExactID
3723822,,undetermined,MapExactMatch
3723822,,undetermined,MapLicenseFamily
5952048,,undetermined,MapNA
5952048,,undetermined,MapExactID
5952048,,undetermined,MapExactMatch
5952048,,undetermined,MapLicenseFamily
3527218,,undetermined,MapNA
3527218,,undetermined,MapExactID
3527218,,undetermined,MapExactMatch
3527218,,undetermined,MapLicenseFamily
3527221,,undetermined,MapNA
3527221,,undetermined,MapExactID
3527221,,undetermined,MapExactMatch
3527221,,undetermined,MapLicenseFamily
3002946,,undetermined,MapNA
3002946,,undetermined,MapExactID
3002946,,undetermined,MapExactMatch
3002946,,undetermined,MapLicenseFamily
5755461,,undetermined,MapNA
5755461,,undetermined,MapExactID
5755461,,undetermined,MapExactMatch
5755461,,undetermined,MapLicenseFamily
3723853,,undetermined,MapNA
3723853,,undetermined,MapExactID
3723853,,undetermined,MapExactMatch
3723853,,undetermined,MapLicenseFamily
250451,,undetermined,MapNA
250451,,undetermined,MapExactID
250451,,undetermined,MapExactMatch
250451,,undetermined,MapLicenseFamily
3723859,,undetermined,MapNA
3723859,,undetermined,MapExactID
3723859,,undetermined,MapExactMatch
3723859,,undetermined,MapLicenseFamily
3723860,,undetermined,MapNA
3723860,,undetermined,MapExactID
3723860,,undetermined,MapExactMatch
3723860,,undetermined,MapLicenseFamily
4051543,,undetermined,MapNA
4051543,,undetermined,MapExactID
4051543,,undetermined,MapExactMatch
4051543,,undetermined,MapLicenseFamily
5231193,,undetermined,MapNA
5231193,,undetermined,MapExactID
5231193,,undetermined,MapExactMatch
5231193,,undetermined,MapLicenseFamily
5296729,,undetermined,MapNA
5296729,,undetermined,MapExactID
5296729,,undetermined,MapExactMatch
5296729,,undetermined,MapLicenseFamily
3723869,,undetermined,MapNA
3723869,,undetermined,MapExactID
3723869,,undetermined,MapExactMatch
3723869,,undetermined,MapLicenseFamily
2347614,,undetermined,MapNA
2347614,,undetermined,MapExactID
2347614,,undetermined,MapExactMatch
2347614,,undetermined,MapLicenseFamily
5689949,,undetermined,MapNA
5689949,,undetermined,MapExactID
5689949,,undetermined,MapExactMatch
5689949,,undetermined,MapLicenseFamily
7328352,,undetermined,MapNA
7328352,,undetermined,MapExactID
7328352,,undetermined,MapExactMatch
7328352,,undetermined,MapLicenseFamily
7590498,,undetermined,MapNA
7590498,,undetermined,MapExactID
7590498,,undetermined,MapExactMatch
7590498,,undetermined,MapLicenseFamily
4837988,,undetermined,MapNA
4837988,,undetermined,MapExactID
4837988,,undetermined,MapExactMatch
4837988,,undetermined,MapLicenseFamily
1757800,,undetermined,MapNA
1757800,,undetermined,MapExactID
1757800,,undetermined,MapExactMatch
1757800,,undetermined,MapLicenseFamily
774764,,undetermined,MapNA
774764,,undetermined,MapExactID
774764,,undetermined,MapExactMatch
774764,,undetermined,MapLicenseFamily
2806386,,undetermined,MapNA
2806386,,undetermined,MapExactID
2806386,,undetermined,MapExactMatch
2806386,,undetermined,MapLicenseFamily
2085491,,undetermined,MapNA
2085491,,undetermined,MapExactID
2085491,,undetermined,MapExactMatch
2085491,,undetermined,MapLicenseFamily
2085491,,undetermined,MapFuzzyMatch
3723894,,undetermined,MapNA
3723894,,undetermined,MapExactID
3723894,,undetermined,MapExactMatch
3723894,,undetermined,MapLicenseFamily
5689979,,undetermined,MapNA
5689979,,undetermined,MapExactID
5689979,,undetermined,MapExactMatch
5689979,,undetermined,MapLicenseFamily
3134080,,undetermined,MapNA
3134080,,undetermined,MapExactID
3134080,,undetermined,MapExactMatch
3134080,,undetermined,MapLicenseFamily
2282114,,undetermined,MapNA
2282114,,undetermined,MapExactID
2282114,,undetermined,MapExactMatch
2282114,,undetermined,MapLicenseFamily
2282114,,undetermined,MapFuzzyMatch
3723908,,undetermined,MapNA
3723908,,undetermined,MapExactID
3723908,,undetermined,MapExactMatch
3723908,,undetermined,MapLicenseFamily
2347654,,undetermined,MapNA
2347654,,undetermined,MapExactID
2347654,,undetermined,MapExactMatch
2347654,,undetermined,MapLicenseFamily
2347654,,undetermined,MapFuzzyMatch
4117126,,undetermined,MapNA
4117126,,undetermined,MapExactID
4117126,,undetermined,MapExactMatch
4117126,,undetermined,MapLicenseFamily
3723912,,undetermined,MapNA
3723912,,undetermined,MapExactID
3723912,,undetermined,MapExactMatch
3723912,,undetermined,MapLicenseFamily
5952134,,undetermined,MapNA
5952134,,undetermined,MapExactID
5952134,,undetermined,MapExactMatch
5952134,,undetermined,MapLicenseFamily
7066255,,undetermined,MapNA
7066255,,undetermined,MapExactID
7066255,,undetermined,MapExactMatch
7066255,,undetermined,MapLicenseFamily
6345363,,undetermined,MapNA
6345363,,undetermined,MapExactID
6345363,,undetermined,MapExactMatch
6345363,,undetermined,MapLicenseFamily
1757853,,undetermined,MapNA
1757853,,undetermined,MapExactID
1757853,,undetermined,MapExactMatch
1757853,,undetermined,MapLicenseFamily
6083230,,undetermined,MapNA
6083230,,undetermined,MapExactID
6083230,,undetermined,MapExactMatch
6083230,,undetermined,MapLicenseFamily
5034660,,undetermined,MapNA
5034660,,undetermined,MapExactID
5034660,,undetermined,MapExactMatch
5034660,,undetermined,MapLicenseFamily
1036971,,undetermined,MapNA
1036971,,undetermined,MapExactID
1036971,,undetermined,MapExactMatch
1036971,,undetermined,MapLicenseFamily
119469,,undetermined,MapNA
119469,,undetermined,MapExactID
119469,,undetermined,MapExactMatch
119469,,undetermined,MapLicenseFamily
3527348,,undetermined,MapNA
3527348,,undetermined,MapExactID
3527348,,undetermined,MapExactMatch
3527348,,undetermined,MapLicenseFamily
53945,,undetermined,MapNA
53945,,undetermined,MapExactID
53945,,undetermined,MapExactMatch
53945,,undetermined,MapLicenseFamily
5558971,,undetermined,MapNA
5558971,,undetermined,MapExactID
5558971,,undetermined,MapExactMatch
5558971,,undetermined,MapLicenseFamily
3527366,,undetermined,MapNA
3527366,,undetermined,MapExactID
3527366,,undetermined,MapExactMatch
3527366,,undetermined,MapLicenseFamily
1168072,,undetermined,MapNA
2806475,,undetermined,MapNA
2806475,,undetermined,MapExactID
2806475,,undetermined,MapExactMatch
2806475,,undetermined,MapLicenseFamily
2806475,,undetermined,MapFuzzyMatch
2085582,,undetermined,MapNA
2085582,,undetermined,MapExactID
2085582,,undetermined,MapExactMatch
2085582,,undetermined,MapLicenseFamily
3527397,,undetermined,MapNA
3527397,,undetermined,MapExactID
3527397,,undetermined,MapExactMatch
3527397,,undetermined,MapLicenseFamily
1037030,,undetermined,MapNA
1037030,,undetermined,MapExactID
1037030,,undetermined,MapExactMatch
1037030,,undetermined,MapLicenseFamily
5427943,,undetermined,MapNA
5427943,,undetermined,MapExactID
5427943,,undetermined,MapExactMatch
5427943,,undetermined,MapLicenseFamily
5427943,,undetermined,MapFuzzyMatch
3724018,,undetermined,MapNA
3724018,,undetermined,MapExactID
3724018,,undetermined,MapExactMatch
3724018,,undetermined,MapLicenseFamily
5427963,,undetermined,MapNA
5427963,,undetermined,MapExactID
5427963,,undetermined,MapExactMatch
5427963,,undetermined,MapLicenseFamily
7459580,,undetermined,MapNA
7459580,,undetermined,MapExactID
7459580,,undetermined,MapExactMatch
7459580,,undetermined,MapLicenseFamily
5755645,,undetermined,MapNA
5755645,,undetermined,MapExactID
5755645,,undetermined,MapExactMatch
5755645,,undetermined,MapLicenseFamily
5427968,,undetermined,MapNA
5427968,,undetermined,MapExactID
5427968,,undetermined,MapExactMatch
5427968,,undetermined,MapLicenseFamily
6673154,,undetermined,MapNA
6673154,,undetermined,MapExactID
6673154,,undetermined,MapExactMatch
6673154,,undetermined,MapLicenseFamily
7459588,,undetermined,MapNA
7459588,,undetermined,MapExactID
7459588,,undetermined,MapExactMatch
7459588,,undetermined,MapLicenseFamily
7459588,,undetermined,MapFuzzyMatch
3855111,,undetermined,MapNA
3855111,,undetermined,MapExactID
3855111,,undetermined,MapExactMatch
3855111,,undetermined,MapLicenseFamily
7459597,,undetermined,MapNA
7459597,,undetermined,MapExactID
7459597,,undetermined,MapExactMatch
7459597,,undetermined,MapLicenseFamily
5755662,,undetermined,MapNA
5755662,,undetermined,MapExactID
5755662,,undetermined,MapExactMatch
5755662,,undetermined,MapLicenseFamily
3527440,,undetermined,MapNA
3527440,,undetermined,MapExactID
3527440,,undetermined,MapExactMatch
3527440,,undetermined,MapLicenseFamily
7066386,,undetermined,MapNA
7066386,,undetermined,MapExactID
7066386,,undetermined,MapExactMatch
7066386,,undetermined,MapLicenseFamily
1168150,,undetermined,MapNA
1168150,,undetermined,MapExactID
1168150,,undetermined,MapExactMatch
1168150,,undetermined,MapLicenseFamily
1757976,,undetermined,MapNA
1757976,,undetermined,MapExactID
1757976,,undetermined,MapExactMatch
1757976,,undetermined,MapLicenseFamily
5231385,,undetermined,MapNA
5231385,,undetermined,MapExactID
5231385,,undetermined,MapExactMatch
5231385,,undetermined,MapLicenseFamily
1168154,,undetermined,MapNA
1168154,,undetermined,MapExactID
1168154,,undetermined,MapExactMatch
1168154,,undetermined,MapLicenseFamily
578334,,undetermined,MapNA
578334,,undetermined,MapExactID
578334,,undetermined,MapExactMatch
578334,,undetermined,MapLicenseFamily
119585,,undetermined,MapNA
119585,,undetermined,MapExactID
119585,,undetermined,MapExactMatch
119585,,undetermined,MapLicenseFamily
316209,,undetermined,MapNA
316209,,undetermined,MapExactID
316209,,undetermined,MapExactMatch
316209,,undetermined,MapLicenseFamily
6542136,,undetermined,MapNA
6542136,,undetermined,MapExactID
6542136,,undetermined,MapExactMatch
6542136,,undetermined,MapLicenseFamily
7066427,,undetermined,MapNA
7066427,,undetermined,MapExactID
7066427,,undetermined,MapExactMatch
7066427,,undetermined,MapLicenseFamily
1889085,,undetermined,MapNA
1889085,,undetermined,MapExactID
1889085,,undetermined,MapExactMatch
1889085,,undetermined,MapLicenseFamily
1037128,,undetermined,MapNA
1037128,,undetermined,MapExactID
1037128,,undetermined,MapExactMatch
1037128,,undetermined,MapLicenseFamily
3003209,,undetermined,MapNA
3003209,,undetermined,MapExactID
3003209,,undetermined,MapExactMatch
3003209,,undetermined,MapLicenseFamily
774987,,undetermined,MapNA
774987,,undetermined,MapExactID
774987,,undetermined,MapExactMatch
774987,,undetermined,MapLicenseFamily
1889101,,undetermined,MapNA
1889101,,undetermined,MapExactID
1889101,,undetermined,MapExactMatch
1889101,,undetermined,MapLicenseFamily
447323,,undetermined,MapNA
447323,,undetermined,MapExactID
447323,,undetermined,MapExactMatch
447323,,undetermined,MapLicenseFamily
447323,,undetermined,MapFuzzyMatch
447327,,undetermined,MapNA
447327,,undetermined,MapExactID
447327,,undetermined,MapExactMatch
447327,,undetermined,MapLicenseFamily
447327,,undetermined,MapFuzzyMatch
3593055,,undetermined,MapNA
3593055,,undetermined,MapExactID
3593055,,undetermined,MapExactMatch
3593055,,undetermined,MapLicenseFamily
2544483,,undetermined,MapNA
2544483,,undetermined,MapExactID
2544483,,undetermined,MapExactMatch
2544483,,undetermined,MapLicenseFamily
5165923,,undetermined,MapNA
5165923,,undetermined,MapExactID
5165923,,undetermined,MapExactMatch
5165923,,undetermined,MapLicenseFamily
643947,,undetermined,MapNA
643947,,undetermined,MapExactID
643947,,undetermined,MapExactMatch
643947,,undetermined,MapLicenseFamily
1823595,,undetermined,MapNA
1823595,,undetermined,MapExactID
1823595,,undetermined,MapExactMatch
1823595,,undetermined,MapLicenseFamily
3658605,,undetermined,MapNA
3658605,,undetermined,MapExactID
3658605,,undetermined,MapExactMatch
3658605,,undetermined,MapLicenseFamily
3658605,,undetermined,MapFuzzyMatch
6017901,,undetermined,MapNA
6017901,,undetermined,MapExactID
6017901,,undetermined,MapExactMatch
6017901,,undetermined,MapLicenseFamily
5165935,,undetermined,MapNA
5165935,,undetermined,MapExactID
5165935,,undetermined,MapExactMatch
5165935,,undetermined,MapLicenseFamily
2544500,,undetermined,MapNA
2544500,,undetermined,MapExactID
2544500,,undetermined,MapExactMatch
2544500,,undetermined,MapLicenseFamily
3658612,,undetermined,MapNA
3658612,,undetermined,MapExactID
3658612,,undetermined,MapExactMatch
3658612,,undetermined,MapLicenseFamily
119676,,undetermined,MapNA
119676,,undetermined,MapExactID
119676,,undetermined,MapExactMatch
119676,,undetermined,MapLicenseFamily
119676,,undetermined,MapFuzzyMatch
2610045,,undetermined,MapNA
2610045,,undetermined,MapExactID
2610045,,undetermined,MapExactMatch
2610045,,undetermined,MapLicenseFamily
2282368,,undetermined,MapNA
2282368,,undetermined,MapExactID
2282368,,undetermined,MapExactMatch
2282368,,undetermined,MapLicenseFamily
2282368,,undetermined,MapFuzzyMatch
2020225,,undetermined,MapNA
6345606,,undetermined,MapNA
6345606,,undetermined,MapExactID
6345606,,undetermined,MapExactMatch
6345606,,undetermined,MapLicenseFamily
1037193,,undetermined,MapNA
1823627,,undetermined,MapNA
1823627,,undetermined,MapExactID
1823627,,undetermined,MapExactMatch
1823627,,undetermined,MapLicenseFamily
2610060,,undetermined,MapNA
2610060,,undetermined,MapExactID
2610060,,undetermined,MapExactMatch
2610060,,undetermined,MapLicenseFamily
447373,,undetermined,MapNA
447373,,undetermined,MapExactID
447373,,undetermined,MapExactMatch
447373,,undetermined,MapLicenseFamily
447373,,undetermined,MapFuzzyMatch
2675596,,undetermined,MapNA
2675596,,undetermined,MapExactID
2675596,,undetermined,MapExactMatch
2675596,,undetermined,MapLicenseFamily
4838283,,undetermined,MapNA
4838283,,undetermined,MapExactID
4838283,,undetermined,MapExactMatch
4838283,,undetermined,MapLicenseFamily
5100445,,undetermined,MapNA
5100445,,undetermined,MapExactID
5100445,,undetermined,MapExactMatch
5100445,,undetermined,MapLicenseFamily
7132069,,undetermined,MapNA
7132069,,undetermined,MapExactID
7132069,,undetermined,MapExactMatch
7132069,,undetermined,MapLicenseFamily
7525285,,undetermined,MapNA
7525285,,undetermined,MapExactID
7525285,,undetermined,MapExactMatch
7525285,,undetermined,MapLicenseFamily
381864,,undetermined,MapNA
381864,,undetermined,MapExactID
381864,,undetermined,MapExactMatch
381864,,undetermined,MapLicenseFamily
54185,,undetermined,MapNA
54185,,undetermined,MapExactID
54185,,undetermined,MapExactMatch
54185,,undetermined,MapLicenseFamily
54185,,undetermined,MapFuzzyMatch
2020268,,undetermined,MapNA
2020268,,undetermined,MapExactID
2020268,,undetermined,MapExactMatch
2020268,,undetermined,MapLicenseFamily
2020268,,undetermined,MapFuzzyMatch
6476720,,undetermined,MapNA
6476720,,undetermined,MapExactID
6476720,,undetermined,MapExactMatch
6476720,,undetermined,MapLicenseFamily
3658678,,undetermined,MapNA
3658678,,undetermined,MapExactID
3658678,,undetermined,MapExactMatch
3658678,,undetermined,MapLicenseFamily
5100474,,undetermined,MapNA
5100474,,undetermined,MapExactID
5100474,,undetermined,MapExactMatch
5100474,,undetermined,MapLicenseFamily
1692604,,undetermined,MapNA
1692604,,undetermined,MapExactID
1692604,,undetermined,MapExactMatch
1692604,,undetermined,MapLicenseFamily
1692604,,undetermined,MapFuzzyMatch
4838332,,undetermined,MapNA
4838332,,undetermined,MapExactID
4838332,,undetermined,MapExactMatch
4838332,,undetermined,MapLicenseFamily
6542268,,undetermined,MapNA
6542268,,undetermined,MapExactID
6542268,,undetermined,MapExactMatch
6542268,,undetermined,MapLicenseFamily
7525308,,undetermined,MapNA
7525308,,undetermined,MapExactID
7525308,,undetermined,MapExactMatch
7525308,,undetermined,MapLicenseFamily
3527619,,undetermined,MapNA
3527619,,undetermined,MapExactID
3527619,,undetermined,MapExactMatch
3527619,,undetermined,MapLicenseFamily
6083523,,undetermined,MapNA
6083523,,undetermined,MapExactID
6083523,,undetermined,MapExactMatch
6083523,,undetermined,MapLicenseFamily
6083523,,undetermined,MapFuzzyMatch
1758149,,undetermined,MapNA
1758149,,undetermined,MapExactID
1758149,,undetermined,MapExactMatch
1758149,,undetermined,MapLicenseFamily
4838341,,undetermined,MapNA
4838341,,undetermined,MapExactID
4838341,,undetermined,MapExactMatch
4838341,,undetermined,MapLicenseFamily
316361,,undetermined,MapNA
316361,,undetermined,MapExactID
316361,,undetermined,MapExactMatch
316361,,undetermined,MapLicenseFamily
3527625,,undetermined,MapNA
3527625,,undetermined,MapExactID
3527625,,undetermined,MapExactMatch
3527625,,undetermined,MapLicenseFamily
1889234,,undetermined,MapNA
1889234,,undetermined,MapExactID
1889234,,undetermined,MapExactMatch
1889234,,undetermined,MapLicenseFamily
840663,,undetermined,MapNA
840663,,undetermined,MapExactID
840663,,undetermined,MapExactMatch
840663,,undetermined,MapLicenseFamily
4969433,,undetermined,MapNA
4969433,,undetermined,MapExactID
4969433,,undetermined,MapExactMatch
4969433,,undetermined,MapLicenseFamily
1889243,,undetermined,MapNA
1889243,,undetermined,MapExactID
1889243,,undetermined,MapExactMatch
1889243,,undetermined,MapLicenseFamily
1889243,,undetermined,MapFuzzyMatch
3724261,,undetermined,MapNA
3724261,,undetermined,MapExactID
3724261,,undetermined,MapExactMatch
3724261,,undetermined,MapLicenseFamily
4183013,,undetermined,MapNA
4183013,,undetermined,MapExactID
4183013,,undetermined,MapExactMatch
4183013,,undetermined,MapLicenseFamily
7132135,,undetermined,MapNA
7132135,,undetermined,MapExactID
7132135,,undetermined,MapExactMatch
7132135,,undetermined,MapLicenseFamily
2085874,,undetermined,MapNA
2085874,,undetermined,MapExactID
2085874,,undetermined,MapExactMatch
2085874,,undetermined,MapLicenseFamily
3855347,,undetermined,MapNA
3855347,,undetermined,MapExactID
3855347,,undetermined,MapExactMatch
3855347,,undetermined,MapLicenseFamily
250873,,undetermined,MapNA
250873,,undetermined,MapExactID
250873,,undetermined,MapExactMatch
250873,,undetermined,MapLicenseFamily
644094,,undetermined,MapNA
644094,,undetermined,MapExactID
644094,,undetermined,MapExactMatch
644094,,undetermined,MapLicenseFamily
644094,,undetermined,MapFuzzyMatch
6542334,,undetermined,MapNA
6542334,,undetermined,MapExactID
6542334,,undetermined,MapExactMatch
6542334,,undetermined,MapLicenseFamily
1823745,,undetermined,MapNA
1823745,,undetermined,MapExactID
1823745,,undetermined,MapExactMatch
1823745,,undetermined,MapLicenseFamily
316418,,undetermined,MapNA
316418,,undetermined,MapExactID
316418,,undetermined,MapExactMatch
316418,,undetermined,MapLicenseFamily
1889281,,undetermined,MapNA
1889281,,undetermined,MapExactID
1889281,,undetermined,MapExactMatch
1889281,,undetermined,MapLicenseFamily
5690371,,undetermined,MapNA
5690371,,undetermined,MapExactID
5690371,,undetermined,MapExactMatch
5690371,,undetermined,MapLicenseFamily
5886978,,undetermined,MapNA
5886978,,undetermined,MapExactID
5886978,,undetermined,MapExactMatch
5886978,,undetermined,MapLicenseFamily
5952513,,undetermined,MapNA
5952513,,undetermined,MapExactID
5952513,,undetermined,MapExactMatch
5952513,,undetermined,MapLicenseFamily
381967,,undetermined,MapNA
381967,,undetermined,MapExactID
381967,,undetermined,MapExactMatch
381967,,undetermined,MapLicenseFamily
3527697,,undetermined,MapNA
3527697,,undetermined,MapExactID
3527697,,undetermined,MapExactMatch
3527697,,undetermined,MapLicenseFamily
3593248,,undetermined,MapNA
3593248,,undetermined,MapExactID
3593248,,undetermined,MapExactMatch
3593248,,undetermined,MapLicenseFamily
2413601,,undetermined,MapNA
2413601,,undetermined,MapExactID
2413601,,undetermined,MapExactMatch
2413601,,undetermined,MapLicenseFamily
513058,,undetermined,MapNA
513058,,undetermined,MapExactID
513058,,undetermined,MapExactMatch
513058,,undetermined,MapLicenseFamily
381990,,undetermined,MapNA
381990,,undetermined,MapExactID
381990,,undetermined,MapExactMatch
381990,,undetermined,MapLicenseFamily
2085933,,undetermined,MapNA
2085933,,undetermined,MapExactID
2085933,,undetermined,MapExactMatch
2085933,,undetermined,MapLicenseFamily
316463,,undetermined,MapNA
316463,,undetermined,MapExactID
316463,,undetermined,MapExactMatch
316463,,undetermined,MapLicenseFamily
7394354,,undetermined,MapNA
7394354,,undetermined,MapExactID
7394354,,undetermined,MapExactMatch
7394354,,undetermined,MapLicenseFamily
3986485,,undetermined,MapNA
3986485,,undetermined,MapExactID
3986485,,undetermined,MapExactMatch
3986485,,undetermined,MapLicenseFamily
4576316,,undetermined,MapNA
4576316,,undetermined,MapExactID
4576316,,undetermined,MapExactMatch
4576316,,undetermined,MapLicenseFamily
1168454,,undetermined,MapNA
1168454,,undetermined,MapExactID
1168454,,undetermined,MapExactMatch
1168454,,undetermined,MapLicenseFamily
1168454,,undetermined,MapFuzzyMatch
1889351,,undetermined,MapNA
1889351,,undetermined,MapExactID
1889351,,undetermined,MapExactMatch
1889351,,undetermined,MapLicenseFamily
316488,,undetermined,MapNA
316488,,undetermined,MapExactID
316488,,undetermined,MapExactMatch
316488,,undetermined,MapLicenseFamily
3527750,,undetermined,MapNA
3527750,,undetermined,MapExactID
3527750,,undetermined,MapExactMatch
3527750,,undetermined,MapLicenseFamily
5690446,,undetermined,MapNA
5690446,,undetermined,MapExactID
5690446,,undetermined,MapExactMatch
5690446,,undetermined,MapLicenseFamily
447569,,undetermined,MapNA
447569,,undetermined,MapExactID
447569,,undetermined,MapExactMatch
447569,,undetermined,MapLicenseFamily
1889361,,undetermined,MapNA
1889361,,undetermined,MapExactID
1889361,,undetermined,MapExactMatch
1889361,,undetermined,MapLicenseFamily
5166163,,undetermined,MapNA
5166163,,undetermined,MapExactID
5166163,,undetermined,MapExactMatch
5166163,,undetermined,MapLicenseFamily
119893,,undetermined,MapNA
119893,,undetermined,MapExactID
119893,,undetermined,MapExactMatch
119893,,undetermined,MapLicenseFamily
250966,,undetermined,MapNA
250966,,undetermined,MapExactID
250966,,undetermined,MapExactMatch
250966,,undetermined,MapLicenseFamily
3527765,,undetermined,MapNA
3527765,,undetermined,MapExactID
3527765,,undetermined,MapExactMatch
3527765,,undetermined,MapLicenseFamily
5690455,,undetermined,MapNA
5690455,,undetermined,MapExactID
5690455,,undetermined,MapExactMatch
5690455,,undetermined,MapLicenseFamily
447577,,undetermined,MapNA
447577,,undetermined,MapExactID
447577,,undetermined,MapExactMatch
447577,,undetermined,MapLicenseFamily
447577,,undetermined,MapFuzzyMatch
447580,,undetermined,MapNA
447580,,undetermined,MapExactID
447580,,undetermined,MapExactMatch
447580,,undetermined,MapLicenseFamily
6411357,,undetermined,MapNA
6411357,,undetermined,MapExactID
6411357,,undetermined,MapExactMatch
6411357,,undetermined,MapLicenseFamily
1168483,,undetermined,MapNA
1168483,,undetermined,MapExactID
1168483,,undetermined,MapExactMatch
1168483,,undetermined,MapLicenseFamily
2151525,,undetermined,MapNA
2151525,,undetermined,MapExactID
2151525,,undetermined,MapExactMatch
2151525,,undetermined,MapLicenseFamily
2151525,,undetermined,MapFuzzyMatch
1889383,,undetermined,MapNA
1889383,,undetermined,MapExactID
1889383,,undetermined,MapExactMatch
1889383,,undetermined,MapLicenseFamily
2085992,,undetermined,MapNA
2085992,,undetermined,MapExactID
2085992,,undetermined,MapExactMatch
2085992,,undetermined,MapLicenseFamily
3527785,,undetermined,MapNA
3527785,,undetermined,MapExactID
3527785,,undetermined,MapExactMatch
3527785,,undetermined,MapLicenseFamily
3527792,,undetermined,MapNA
3527792,,undetermined,MapExactID
3527792,,undetermined,MapExactMatch
3527792,,undetermined,MapLicenseFamily
2020484,,undetermined,MapNA
2020484,,undetermined,MapExactID
775302,,undetermined,MapNA
775302,,undetermined,MapExactID
775302,,undetermined,MapExactMatch
775302,,undetermined,MapLicenseFamily
3331206,,undetermined,MapNA
3331206,,undetermined,MapExactID
3331206,,undetermined,MapExactMatch
3331206,,undetermined,MapLicenseFamily
5756038,,undetermined,MapNA
5756038,,undetermined,MapExactID
5756038,,undetermined,MapExactMatch
5756038,,undetermined,MapLicenseFamily
5690506,,undetermined,MapNA
5690506,,undetermined,MapExactID
5690506,,undetermined,MapExactMatch
5690506,,undetermined,MapLicenseFamily
6411404,,undetermined,MapNA
6411404,,undetermined,MapExactID
6411404,,undetermined,MapExactMatch
6411404,,undetermined,MapLicenseFamily
4117648,,undetermined,MapNA
4117648,,undetermined,MapExactID
4117648,,undetermined,MapExactMatch
4117648,,undetermined,MapLicenseFamily
2610322,,undetermined,MapNA
2610322,,undetermined,MapExactID
2610322,,undetermined,MapExactMatch
2610322,,undetermined,MapLicenseFamily
3593365,,undetermined,MapNA
3593365,,undetermined,MapExactID
3593365,,undetermined,MapExactMatch
3593365,,undetermined,MapLicenseFamily
5624982,,undetermined,MapNA
5624982,,undetermined,MapExactID
5624982,,undetermined,MapExactMatch
5624982,,undetermined,MapLicenseFamily
5624982,,undetermined,MapFuzzyMatch
3527835,,undetermined,MapNA
3527835,,undetermined,MapExactID
3527835,,undetermined,MapExactMatch
3527835,,undetermined,MapLicenseFamily
513180,,undetermined,MapNA
513180,,undetermined,MapExactID
513180,,undetermined,MapExactMatch
513180,,undetermined,MapLicenseFamily
5493918,,undetermined,MapNA
5493918,,undetermined,MapExactID
5493918,,undetermined,MapExactMatch
5493918,,undetermined,MapLicenseFamily
316578,,undetermined,MapNA
316578,,undetermined,MapExactID
316578,,undetermined,MapExactMatch
316578,,undetermined,MapLicenseFamily
644262,,undetermined,MapNA
644262,,undetermined,MapExactID
644262,,undetermined,MapExactMatch
644262,,undetermined,MapLicenseFamily
644262,,undetermined,MapFuzzyMatch
2806951,,undetermined,MapNA
2806951,,undetermined,MapExactID
2806951,,undetermined,MapExactMatch
2806951,,undetermined,MapLicenseFamily
3134634,,undetermined,MapNA
3134634,,undetermined,MapExactID
3134634,,undetermined,MapExactMatch
3134634,,undetermined,MapLicenseFamily
2282667,,undetermined,MapNA
2282667,,undetermined,MapExactID
2282667,,undetermined,MapExactMatch
2282667,,undetermined,MapLicenseFamily
7328942,,undetermined,MapNA
7328942,,undetermined,MapExactID
7328942,,undetermined,MapExactMatch
7328942,,undetermined,MapLicenseFamily
7328942,,undetermined,MapFuzzyMatch
3527857,,undetermined,MapNA
3527857,,undetermined,MapExactID
3527857,,undetermined,MapExactMatch
3527857,,undetermined,MapLicenseFamily
3855544,,undetermined,MapNA
5493950,,undetermined,MapNA
5493950,,undetermined,MapExactID
5493950,,undetermined,MapExactMatch
5493950,,undetermined,MapLicenseFamily
5493950,,undetermined,MapFuzzyMatch
4904127,,undetermined,MapNA
4904127,,undetermined,MapExactID
4904127,,undetermined,MapExactMatch
4904127,,undetermined,MapLicenseFamily
4904127,,undetermined,MapFuzzyMatch
5035199,,undetermined,MapNA
5035199,,undetermined,MapExactID
5035199,,undetermined,MapExactMatch
5035199,,undetermined,MapLicenseFamily
6608063,,undetermined,MapNA
6608063,,undetermined,MapExactID
6608063,,undetermined,MapExactMatch
6608063,,undetermined,MapLicenseFamily
4904133,,undetermined,MapNA
4904133,,undetermined,MapExactID
4904133,,undetermined,MapExactMatch
4904133,,undetermined,MapLicenseFamily
5756102,,undetermined,MapNA
5756102,,undetermined,MapExactID
5756102,,undetermined,MapExactMatch
5756102,,undetermined,MapLicenseFamily
1561799,,undetermined,MapNA
1561799,,undetermined,MapExactID
1561799,,undetermined,MapExactMatch
1561799,,undetermined,MapLicenseFamily
3069128,,undetermined,MapNA
1168585,,undetermined,MapNA
1168585,,undetermined,MapExactID
1168585,,undetermined,MapExactMatch
1168585,,undetermined,MapLicenseFamily
4904137,,undetermined,MapNA
4904137,,undetermined,MapExactID
3527883,,undetermined,MapNA
3527883,,undetermined,MapExactID
3527883,,undetermined,MapExactMatch
3527883,,undetermined,MapLicenseFamily
6411468,,undetermined,MapNA
6411468,,undetermined,MapExactID
6411468,,undetermined,MapExactMatch
6411468,,undetermined,MapLicenseFamily
6083789,,undetermined,MapNA
6083789,,undetermined,MapExactID
6083789,,undetermined,MapExactMatch
6083789,,undetermined,MapLicenseFamily
4904143,,undetermined,MapNA
4904143,,undetermined,MapExactID
4904143,,undetermined,MapExactMatch
4904143,,undetermined,MapLicenseFamily
4904143,,undetermined,MapFuzzyMatch
840915,,undetermined,MapNA
840915,,undetermined,MapExactID
840915,,undetermined,MapExactMatch
840915,,undetermined,MapLicenseFamily
1692885,,undetermined,MapNA
1692885,,undetermined,MapExactID
1692885,,undetermined,MapExactMatch
1692885,,undetermined,MapLicenseFamily
1692885,,undetermined,MapFuzzyMatch
513240,,undetermined,MapNA
513240,,undetermined,MapExactID
513240,,undetermined,MapExactMatch
513240,,undetermined,MapLicenseFamily
1168608,,undetermined,MapNA
1168608,,undetermined,MapExactID
1168608,,undetermined,MapExactMatch
1168608,,undetermined,MapLicenseFamily
1168608,,undetermined,MapFuzzyMatch
6149357,,undetermined,MapNA
6149357,,undetermined,MapExactID
6149357,,undetermined,MapExactMatch
6149357,,undetermined,MapLicenseFamily
2217200,,undetermined,MapNA
2217200,,undetermined,MapExactID
2217200,,undetermined,MapExactMatch
2217200,,undetermined,MapLicenseFamily
2217200,,undetermined,MapFuzzyMatch
5100787,,undetermined,MapNA
5100787,,undetermined,MapExactID
5100787,,undetermined,MapExactMatch
5100787,,undetermined,MapLicenseFamily
3527925,,undetermined,MapNA
3527925,,undetermined,MapExactID
3527925,,undetermined,MapExactMatch
3527925,,undetermined,MapLicenseFamily
840952,,undetermined,MapNA
840952,,undetermined,MapExactID
840952,,undetermined,MapExactMatch
840952,,undetermined,MapLicenseFamily
5166328,,undetermined,MapNA
1037569,,undetermined,MapNA
1037569,,undetermined,MapExactID
1037569,,undetermined,MapExactMatch
1037569,,undetermined,MapLicenseFamily
1037569,,undetermined,MapFuzzyMatch
644355,,undetermined,MapNA
644355,,undetermined,MapExactID
644355,,undetermined,MapExactMatch
644355,,undetermined,MapLicenseFamily
644355,,undetermined,MapFuzzyMatch
5297417,,undetermined,MapNA
5297417,,undetermined,MapExactID
5297417,,undetermined,MapExactMatch
5297417,,undetermined,MapLicenseFamily
3986701,,undetermined,MapNA
3986701,,undetermined,MapExactID
3986701,,undetermined,MapExactMatch
3986701,,undetermined,MapLicenseFamily
4183314,,undetermined,MapNA
4183314,,undetermined,MapExactID
4183314,,undetermined,MapExactMatch
4183314,,undetermined,MapLicenseFamily
3790099,,undetermined,MapNA
3790099,,undetermined,MapExactID
3790099,,undetermined,MapExactMatch
3790099,,undetermined,MapLicenseFamily
3790099,,undetermined,MapFuzzyMatch
775444,,undetermined,MapNA
775444,,undetermined,MapExactID
775444,,undetermined,MapExactMatch
775444,,undetermined,MapLicenseFamily
4248850,,undetermined,MapNA
4248850,,undetermined,MapExactID
4248850,,undetermined,MapExactMatch
4248850,,undetermined,MapLicenseFamily
4248850,,undetermined,MapFuzzyMatch
3527962,,undetermined,MapNA
3527962,,undetermined,MapExactID
3527962,,undetermined,MapExactMatch
3527962,,undetermined,MapLicenseFamily
1103134,,undetermined,MapNA
1103134,,undetermined,MapExactID
1103134,,undetermined,MapExactMatch
1103134,,undetermined,MapLicenseFamily
1889566,,undetermined,MapNA
1889566,,undetermined,MapExactID
1889566,,undetermined,MapExactMatch
1889566,,undetermined,MapLicenseFamily
3134751,,undetermined,MapNA
3134751,,undetermined,MapExactID
3134751,,undetermined,MapExactMatch
3134751,,undetermined,MapLicenseFamily
3134751,,undetermined,MapFuzzyMatch
3790112,,undetermined,MapNA
3790112,,undetermined,MapExactID
3790112,,undetermined,MapExactMatch
3790112,,undetermined,MapLicenseFamily
3790112,,undetermined,MapFuzzyMatch
6608160,,undetermined,MapNA
6608160,,undetermined,MapExactID
6608160,,undetermined,MapExactMatch
6608160,,undetermined,MapLicenseFamily
7394604,,undetermined,MapNA
7394604,,undetermined,MapExactID
7394604,,undetermined,MapExactMatch
7394604,,undetermined,MapLicenseFamily
1889585,,undetermined,MapNA
1889585,,undetermined,MapExactID
1889585,,undetermined,MapExactMatch
1889585,,undetermined,MapLicenseFamily
1889585,,undetermined,MapFuzzyMatch
3527985,,undetermined,MapNA
3527985,,undetermined,MapExactID
3527985,,undetermined,MapExactMatch
3527985,,undetermined,MapLicenseFamily
4969777,,undetermined,MapNA
4969777,,undetermined,MapExactID
4969777,,undetermined,MapExactMatch
4969777,,undetermined,MapLicenseFamily
3134776,,undetermined,MapNA
3134776,,undetermined,MapExactID
3134776,,undetermined,MapExactMatch
3134776,,undetermined,MapLicenseFamily
3134776,,undetermined,MapFuzzyMatch
7329085,,undetermined,MapNA
7329085,,undetermined,MapExactID
7329085,,undetermined,MapExactMatch
7329085,,undetermined,MapLicenseFamily
2544960,,undetermined,MapNA
2544960,,undetermined,MapExactID
2544960,,undetermined,MapExactMatch
2544960,,undetermined,MapLicenseFamily
4248898,,undetermined,MapNA
4248898,,undetermined,MapExactID
4248898,,undetermined,MapExactMatch
4248898,,undetermined,MapLicenseFamily
4248898,,undetermined,MapFuzzyMatch
3855685,,undetermined,MapNA
3855685,,undetermined,MapExactID
3855685,,undetermined,MapExactMatch
3855685,,undetermined,MapLicenseFamily
6411590,,undetermined,MapNA
6411590,,undetermined,MapExactID
6411590,,undetermined,MapExactMatch
6411590,,undetermined,MapLicenseFamily
3069256,,undetermined,MapNA
3069256,,undetermined,MapExactID
3069256,,undetermined,MapExactMatch
3069256,,undetermined,MapLicenseFamily
5297481,,undetermined,MapNA
5297481,,undetermined,MapExactID
5297481,,undetermined,MapExactMatch
5297481,,undetermined,MapLicenseFamily
5297481,,undetermined,MapFuzzyMatch
3528013,,undetermined,MapNA
3528013,,undetermined,MapExactID
3528013,,undetermined,MapExactMatch
3528013,,undetermined,MapLicenseFamily
54607,,undetermined,MapNA
54607,,undetermined,MapExactID
54607,,undetermined,MapExactMatch
54607,,undetermined,MapLicenseFamily
2348368,,undetermined,MapNA
5231956,,undetermined,MapNA
5231956,,undetermined,MapExactID
5231956,,undetermined,MapExactMatch
5231956,,undetermined,MapLicenseFamily
3528030,,undetermined,MapNA
3528030,,undetermined,MapExactID
3528030,,undetermined,MapExactMatch
3528030,,undetermined,MapLicenseFamily
3528032,,undetermined,MapNA
3528032,,undetermined,MapExactID
3528032,,undetermined,MapExactMatch
3528032,,undetermined,MapLicenseFamily
3003758,,undetermined,MapNA
3003758,,undetermined,MapExactID
3003758,,undetermined,MapExactMatch
3003758,,undetermined,MapLicenseFamily
3331438,,undetermined,MapNA
3331438,,undetermined,MapExactID
3331438,,undetermined,MapExactMatch
3331438,,undetermined,MapLicenseFamily
120176,,undetermined,MapNA
120176,,undetermined,MapExactID
120176,,undetermined,MapExactMatch
120176,,undetermined,MapLicenseFamily
5035381,,undetermined,MapNA
5035381,,undetermined,MapExactID
5035381,,undetermined,MapExactMatch
5035381,,undetermined,MapLicenseFamily
3003766,,undetermined,MapNA
3003766,,undetermined,MapExactID
3003766,,undetermined,MapExactMatch
3003766,,undetermined,MapLicenseFamily
3003766,,undetermined,MapFuzzyMatch
4248952,,undetermined,MapNA
4248952,,undetermined,MapExactID
4248952,,undetermined,MapExactMatch
4248952,,undetermined,MapLicenseFamily
3200389,,undetermined,MapNA
3200389,,undetermined,MapExactID
3200389,,undetermined,MapExactMatch
3200389,,undetermined,MapLicenseFamily
3003782,,undetermined,MapNA
3003782,,undetermined,MapExactID
3003782,,undetermined,MapExactMatch
3003782,,undetermined,MapLicenseFamily
316815,,undetermined,MapNA
5100945,,undetermined,MapNA
5100945,,undetermined,MapExactID
5100945,,undetermined,MapExactMatch
5100945,,undetermined,MapLicenseFamily
4904338,,undetermined,MapNA
4904338,,undetermined,MapExactID
4904338,,undetermined,MapExactMatch
4904338,,undetermined,MapLicenseFamily
54681,,undetermined,MapNA
54681,,undetermined,MapExactID
54681,,undetermined,MapExactMatch
54681,,undetermined,MapLicenseFamily
3397017,,undetermined,MapNA
3397017,,undetermined,MapExactID
3397017,,undetermined,MapExactMatch
3397017,,undetermined,MapLicenseFamily
4576666,,undetermined,MapNA
4576666,,undetermined,MapExactID
4576666,,undetermined,MapExactMatch
4576666,,undetermined,MapLicenseFamily
775584,,undetermined,MapNA
775584,,undetermined,MapExactID
775584,,undetermined,MapExactMatch
775584,,undetermined,MapLicenseFamily
775584,,undetermined,MapFuzzyMatch
1824163,,undetermined,MapNA
1824163,,undetermined,MapExactID
1824163,,undetermined,MapExactMatch
1824163,,undetermined,MapLicenseFamily
1824163,,undetermined,MapFuzzyMatch
185767,,undetermined,MapNA
185767,,undetermined,MapExactID
185767,,undetermined,MapExactMatch
185767,,undetermined,MapLicenseFamily
185767,,undetermined,MapFuzzyMatch
1562023,,undetermined,MapNA
1562023,,undetermined,MapExactID
2348455,,undetermined,MapNA
2348455,,undetermined,MapExactID
2348455,,undetermined,MapExactMatch
2348455,,undetermined,MapLicenseFamily
5166519,,undetermined,MapNA
5166519,,undetermined,MapExactID
5166519,,undetermined,MapExactMatch
5166519,,undetermined,MapLicenseFamily
3397064,,undetermined,MapNA
3397064,,undetermined,MapExactID
3397064,,undetermined,MapExactMatch
3397064,,undetermined,MapLicenseFamily
4904392,,undetermined,MapNA
4904392,,undetermined,MapExactID
4904392,,undetermined,MapExactMatch
4904392,,undetermined,MapLicenseFamily
7329230,,undetermined,MapNA
7329230,,undetermined,MapExactID
7329230,,undetermined,MapExactMatch
7329230,,undetermined,MapLicenseFamily
54739,,undetermined,MapNA
54739,,undetermined,MapExactID
54739,,undetermined,MapExactMatch
54739,,undetermined,MapLicenseFamily
6149587,,undetermined,MapNA
6149587,,undetermined,MapExactID
6149587,,undetermined,MapExactMatch
6149587,,undetermined,MapLicenseFamily
3790293,,undetermined,MapNA
3790293,,undetermined,MapExactID
3790293,,undetermined,MapExactMatch
3790293,,undetermined,MapLicenseFamily
54742,,undetermined,MapNA
54742,,undetermined,MapExactID
54742,,undetermined,MapExactMatch
54742,,undetermined,MapLicenseFamily
5494229,,undetermined,MapNA
5494229,,undetermined,MapExactID
5494229,,undetermined,MapExactMatch
5494229,,undetermined,MapLicenseFamily
2741720,,undetermined,MapNA
2741720,,undetermined,MapExactID
2741720,,undetermined,MapExactMatch
2741720,,undetermined,MapLicenseFamily
5756375,,undetermined,MapNA
5756375,,undetermined,MapExactID
5756375,,undetermined,MapExactMatch
5756375,,undetermined,MapLicenseFamily
5756375,,undetermined,MapFuzzyMatch
4052442,,undetermined,MapNA
4052442,,undetermined,MapExactID
4052442,,undetermined,MapExactMatch
4052442,,undetermined,MapLicenseFamily
3790301,,undetermined,MapNA
3790301,,undetermined,MapExactID
3790301,,undetermined,MapExactMatch
3790301,,undetermined,MapLicenseFamily
1168871,,undetermined,MapNA
1168871,,undetermined,MapExactID
1168871,,undetermined,MapExactMatch
1168871,,undetermined,MapLicenseFamily
3134952,,undetermined,MapNA
3134952,,undetermined,MapExactID
3134952,,undetermined,MapExactMatch
3134952,,undetermined,MapLicenseFamily
7132648,,undetermined,MapNA
7132648,,undetermined,MapExactID
7132648,,undetermined,MapExactMatch
7132648,,undetermined,MapLicenseFamily
7132648,,undetermined,MapFuzzyMatch
3528175,,undetermined,MapNA
3528175,,undetermined,MapExactID
3528175,,undetermined,MapExactMatch
3528175,,undetermined,MapLicenseFamily
185845,,undetermined,MapNA
185845,,undetermined,MapExactID
185845,,undetermined,MapExactMatch
185845,,undetermined,MapLicenseFamily
185845,,undetermined,MapFuzzyMatch
775676,,undetermined,MapNA
775676,,undetermined,MapExactID
775676,,undetermined,MapExactMatch
775676,,undetermined,MapLicenseFamily
3528189,,undetermined,MapNA
3528189,,undetermined,MapExactID
3528189,,undetermined,MapExactMatch
3528189,,undetermined,MapLicenseFamily
2020862,,undetermined,MapNA
2020862,,undetermined,MapExactID
2020862,,undetermined,MapExactMatch
2020862,,undetermined,MapLicenseFamily
3528194,,undetermined,MapNA
3528194,,undetermined,MapExactID
3528194,,undetermined,MapExactMatch
3528194,,undetermined,MapLicenseFamily
6018563,,undetermined,MapNA
6018563,,undetermined,MapExactID
6018563,,undetermined,MapExactMatch
6018563,,undetermined,MapLicenseFamily
3331588,,undetermined,MapNA
3331588,,undetermined,MapExactID
3331588,,undetermined,MapExactMatch
3331588,,undetermined,MapLicenseFamily
6018564,,undetermined,MapNA
6018564,,undetermined,MapExactID
6018564,,undetermined,MapExactMatch
6018564,,undetermined,MapLicenseFamily
7329283,,undetermined,MapNA
7329283,,undetermined,MapExactID
7329283,,undetermined,MapExactMatch
7329283,,undetermined,MapLicenseFamily
2545159,,undetermined,MapNA
2545159,,undetermined,MapExactID
2545159,,undetermined,MapExactMatch
2545159,,undetermined,MapLicenseFamily
7329289,,undetermined,MapNA
7329289,,undetermined,MapExactID
7329289,,undetermined,MapExactMatch
7329289,,undetermined,MapLicenseFamily
3528205,,undetermined,MapNA
3528205,,undetermined,MapExactID
3528205,,undetermined,MapExactMatch
3528205,,undetermined,MapLicenseFamily
3790350,,undetermined,MapNA
3790350,,undetermined,MapExactID
3790350,,undetermined,MapExactMatch
3790350,,undetermined,MapLicenseFamily
6477329,,undetermined,MapNA
6477329,,undetermined,MapExactID
6477329,,undetermined,MapExactMatch
6477329,,undetermined,MapLicenseFamily
316948,,undetermined,MapNA
316948,,undetermined,MapExactID
316948,,undetermined,MapExactMatch
316948,,undetermined,MapLicenseFamily
5625368,,undetermined,MapNA
5625368,,undetermined,MapExactID
5625368,,undetermined,MapExactMatch
5625368,,undetermined,MapLicenseFamily
2086441,,undetermined,MapNA
2086441,,undetermined,MapExactID
2086441,,undetermined,MapExactMatch
2086441,,undetermined,MapLicenseFamily
7525932,,undetermined,MapNA
7525932,,undetermined,MapExactID
7525932,,undetermined,MapExactMatch
7525932,,undetermined,MapLicenseFamily
6280750,,undetermined,MapNA
6280750,,undetermined,MapExactID
6280750,,undetermined,MapExactMatch
6280750,,undetermined,MapLicenseFamily
2086447,,undetermined,MapNA
2086447,,undetermined,MapExactID
2086447,,undetermined,MapExactMatch
2086447,,undetermined,MapLicenseFamily
3790385,,undetermined,MapNA
3790385,,undetermined,MapExactID
3790385,,undetermined,MapExactMatch
3790385,,undetermined,MapLicenseFamily
5297714,,undetermined,MapNA
5297714,,undetermined,MapExactID
5297714,,undetermined,MapExactMatch
5297714,,undetermined,MapLicenseFamily
5297714,,undetermined,MapFuzzyMatch
7329341,,undetermined,MapNA
7329341,,undetermined,MapExactID
7329341,,undetermined,MapExactMatch
7329341,,undetermined,MapLicenseFamily
7329341,,undetermined,MapFuzzyMatch
3135041,,undetermined,MapNA
3135041,,undetermined,MapExactID
3135041,,undetermined,MapExactMatch
3135041,,undetermined,MapLicenseFamily
5428801,,undetermined,MapNA
5428801,,undetermined,MapExactID
5428801,,undetermined,MapExactMatch
5428801,,undetermined,MapLicenseFamily
1824325,,undetermined,MapNA
1824325,,undetermined,MapExactID
1824325,,undetermined,MapExactMatch
1824325,,undetermined,MapLicenseFamily
54854,,undetermined,MapNA
54854,,undetermined,MapExactID
54854,,undetermined,MapExactMatch
54854,,undetermined,MapLicenseFamily
2086471,,undetermined,MapNA
2086471,,undetermined,MapExactID
2086471,,undetermined,MapExactMatch
2086471,,undetermined,MapLicenseFamily
3331663,,undetermined,MapNA
3331663,,undetermined,MapExactID
3331663,,undetermined,MapExactMatch
3331663,,undetermined,MapLicenseFamily
5887572,,undetermined,MapNA
5887572,,undetermined,MapExactID
5887572,,undetermined,MapExactMatch
5887572,,undetermined,MapLicenseFamily
5822043,,undetermined,MapNA
5822043,,undetermined,MapExactID
5822043,,undetermined,MapExactMatch
5822043,,undetermined,MapLicenseFamily
5822043,,undetermined,MapFuzzyMatch
1103465,,undetermined,MapNA
1103465,,undetermined,MapExactID
1103465,,undetermined,MapExactMatch
1103465,,undetermined,MapLicenseFamily
7591538,,undetermined,MapNA
7591538,,undetermined,MapExactID
7591538,,undetermined,MapExactMatch
7591538,,undetermined,MapLicenseFamily
3331700,,undetermined,MapNA
3331700,,undetermined,MapExactID
3331700,,undetermined,MapExactMatch
3331700,,undetermined,MapLicenseFamily
3331700,,undetermined,MapFuzzyMatch
3331711,,undetermined,MapNA
3331711,,undetermined,MapExactID
3331711,,undetermined,MapExactMatch
3331711,,undetermined,MapLicenseFamily
382595,,undetermined,MapNA
382595,,undetermined,MapExactID
382595,,undetermined,MapExactMatch
382595,,undetermined,MapLicenseFamily
4511364,,undetermined,MapNA
4511364,,undetermined,MapExactID
4511364,,undetermined,MapExactMatch
4511364,,undetermined,MapLicenseFamily
1693317,,undetermined,MapNA
1693317,,undetermined,MapExactID
1693317,,undetermined,MapExactMatch
1693317,,undetermined,MapLicenseFamily
6018691,,undetermined,MapNA
6018691,,undetermined,MapExactID
6018691,,undetermined,MapExactMatch
6018691,,undetermined,MapLicenseFamily
2741898,,undetermined,MapNA
2741898,,undetermined,MapExactID
382607,,undetermined,MapNA
382607,,undetermined,MapExactID
382607,,undetermined,MapExactMatch
382607,,undetermined,MapLicenseFamily
382607,,undetermined,MapFuzzyMatch
54928,,undetermined,MapNA
54928,,undetermined,MapExactID
54928,,undetermined,MapExactMatch
54928,,undetermined,MapLicenseFamily
54928,,undetermined,MapFuzzyMatch
5691027,,undetermined,MapNA
5691027,,undetermined,MapExactID
5691027,,undetermined,MapExactMatch
5691027,,undetermined,MapLicenseFamily
54933,,undetermined,MapNA
54933,,undetermined,MapExactID
54933,,undetermined,MapExactMatch
54933,,undetermined,MapLicenseFamily
6149785,,undetermined,MapNA
6149785,,undetermined,MapExactID
6149785,,undetermined,MapExactMatch
6149785,,undetermined,MapLicenseFamily
6149785,,undetermined,MapFuzzyMatch
775838,,undetermined,MapNA
775838,,undetermined,MapExactID
775838,,undetermined,MapExactMatch
775838,,undetermined,MapLicenseFamily
1169054,,undetermined,MapNA
1169054,,undetermined,MapExactID
1169054,,undetermined,MapExactMatch
1169054,,undetermined,MapLicenseFamily
2545310,,undetermined,MapNA
2545310,,undetermined,MapExactID
2545310,,undetermined,MapExactMatch
2545310,,undetermined,MapLicenseFamily
1758887,,undetermined,MapNA
1758887,,undetermined,MapExactID
1758887,,undetermined,MapExactMatch
1758887,,undetermined,MapLicenseFamily
2414268,,undetermined,MapNA
2414268,,undetermined,MapExactID
2414268,,undetermined,MapExactMatch
2414268,,undetermined,MapLicenseFamily
2545340,,undetermined,MapNA
2545340,,undetermined,MapExactID
2545340,,undetermined,MapExactMatch
2545340,,undetermined,MapLicenseFamily
2545344,,undetermined,MapNA
2545344,,undetermined,MapExactID
2545344,,undetermined,MapExactMatch
2545344,,undetermined,MapLicenseFamily
775873,,undetermined,MapNA
775873,,undetermined,MapExactID
5101251,,undetermined,MapNA
5101251,,undetermined,MapExactID
5101251,,undetermined,MapExactMatch
5101251,,undetermined,MapLicenseFamily
186053,,undetermined,MapNA
186053,,undetermined,MapExactID
186053,,undetermined,MapExactMatch
186053,,undetermined,MapLicenseFamily
186053,,undetermined,MapFuzzyMatch
3856071,,undetermined,MapNA
3856071,,undetermined,MapExactID
3856071,,undetermined,MapExactMatch
3856071,,undetermined,MapLicenseFamily
2414281,,undetermined,MapNA
2414281,,undetermined,MapExactID
2414281,,undetermined,MapExactMatch
2414281,,undetermined,MapLicenseFamily
3987147,,undetermined,MapNA
3987147,,undetermined,MapExactID
3987147,,undetermined,MapExactMatch
3987147,,undetermined,MapLicenseFamily
644814,,undetermined,MapNA
644814,,undetermined,MapExactID
644814,,undetermined,MapExactMatch
644814,,undetermined,MapLicenseFamily
3987177,,undetermined,MapNA
3987177,,undetermined,MapExactID
3987177,,undetermined,MapExactMatch
3987177,,undetermined,MapLicenseFamily
3987177,,undetermined,MapFuzzyMatch
7526128,,undetermined,MapNA
7526128,,undetermined,MapExactID
7526128,,undetermined,MapExactMatch
7526128,,undetermined,MapLicenseFamily
7526129,,undetermined,MapNA
7526129,,undetermined,MapExactID
7526129,,undetermined,MapExactMatch
7526129,,undetermined,MapLicenseFamily
3528435,,undetermined,MapNA
3528435,,undetermined,MapExactID
3528435,,undetermined,MapExactMatch
3528435,,undetermined,MapLicenseFamily
5756660,,undetermined,MapNA
5756660,,undetermined,MapExactID
5756660,,undetermined,MapExactMatch
5756660,,undetermined,MapLicenseFamily
2414325,,undetermined,MapNA
2414325,,undetermined,MapExactID
2414325,,undetermined,MapExactMatch
2414325,,undetermined,MapLicenseFamily
2414325,,undetermined,MapFuzzyMatch
1824504,,undetermined,MapNA
1824504,,undetermined,MapExactID
1824504,,undetermined,MapExactMatch
1824504,,undetermined,MapLicenseFamily
5691131,,undetermined,MapNA
5691131,,undetermined,MapExactID
5691131,,undetermined,MapExactMatch
5691131,,undetermined,MapLicenseFamily
251649,,undetermined,MapNA
251649,,undetermined,MapExactID
251649,,undetermined,MapExactMatch
251649,,undetermined,MapLicenseFamily
251649,,undetermined,MapFuzzyMatch
5625603,,undetermined,MapNA
5625603,,undetermined,MapExactID
5625603,,undetermined,MapExactMatch
5625603,,undetermined,MapLicenseFamily
5166854,,undetermined,MapNA
5166854,,undetermined,MapExactID
5166854,,undetermined,MapExactMatch
5166854,,undetermined,MapLicenseFamily
5166854,,undetermined,MapFuzzyMatch
5756678,,undetermined,MapNA
5756678,,undetermined,MapExactID
5756678,,undetermined,MapExactMatch
5756678,,undetermined,MapLicenseFamily
1103625,,undetermined,MapNA
1103625,,undetermined,MapExactID
1103625,,undetermined,MapExactMatch
1103625,,undetermined,MapLicenseFamily
3135241,,undetermined,MapNA
3135241,,undetermined,MapExactID
3135241,,undetermined,MapExactMatch
3135241,,undetermined,MapLicenseFamily
2676493,,undetermined,MapNA
2676493,,undetermined,MapExactID
2676493,,undetermined,MapExactMatch
2676493,,undetermined,MapLicenseFamily
2742044,,undetermined,MapNA
2742044,,undetermined,MapExactID
2742044,,undetermined,MapExactMatch
2742044,,undetermined,MapLicenseFamily
55079,,undetermined,MapNA
55079,,undetermined,MapExactID
55079,,undetermined,MapExactMatch
55079,,undetermined,MapLicenseFamily
382762,,undetermined,MapNA
382762,,undetermined,MapExactID
382762,,undetermined,MapExactMatch
382762,,undetermined,MapLicenseFamily
382762,,undetermined,MapFuzzyMatch
3790637,,undetermined,MapNA
3790637,,undetermined,MapExactID
3790637,,undetermined,MapExactMatch
3790637,,undetermined,MapLicenseFamily
2676532,,undetermined,MapNA
2676532,,undetermined,MapExactID
2676532,,undetermined,MapExactMatch
2676532,,undetermined,MapLicenseFamily
2676532,,undetermined,MapFuzzyMatch
2217782,,undetermined,MapNA
2217782,,undetermined,MapExactID
2217782,,undetermined,MapExactMatch
2217782,,undetermined,MapLicenseFamily
3921718,,undetermined,MapNA
3921718,,undetermined,MapExactID
3921718,,undetermined,MapExactMatch
3921718,,undetermined,MapLicenseFamily
1693496,,undetermined,MapNA
1693496,,undetermined,MapExactID
1693496,,undetermined,MapExactMatch
1693496,,undetermined,MapLicenseFamily
3856185,,undetermined,MapNA
3856185,,undetermined,MapExactID
3856185,,undetermined,MapExactMatch
3856185,,undetermined,MapLicenseFamily
3856185,,undetermined,MapFuzzyMatch
55099,,undetermined,MapNA
55099,,undetermined,MapExactID
55099,,undetermined,MapExactMatch
55099,,undetermined,MapLicenseFamily
1824572,,undetermined,MapNA
1824572,,undetermined,MapExactID
1824572,,undetermined,MapExactMatch
1824572,,undetermined,MapLicenseFamily
1824572,,undetermined,MapFuzzyMatch
3004219,,undetermined,MapNA
3004219,,undetermined,MapExactID
3004219,,undetermined,MapExactMatch
3004219,,undetermined,MapLicenseFamily
3528524,,undetermined,MapNA
3528524,,undetermined,MapExactID
3528524,,undetermined,MapExactMatch
3528524,,undetermined,MapLicenseFamily
776013,,undetermined,MapNA
776013,,undetermined,MapExactID
776013,,undetermined,MapExactMatch
776013,,undetermined,MapLicenseFamily
776013,,undetermined,MapFuzzyMatch
1824596,,undetermined,MapNA
1824596,,undetermined,MapExactID
1824596,,undetermined,MapExactMatch
1824596,,undetermined,MapLicenseFamily
4511573,,undetermined,MapNA
4511573,,undetermined,MapExactID
4511573,,undetermined,MapExactMatch
4511573,,undetermined,MapLicenseFamily
1693528,,undetermined,MapNA
1693528,,undetermined,MapExactID
1693528,,undetermined,MapExactMatch
1693528,,undetermined,MapLicenseFamily
55129,,undetermined,MapNA
55129,,undetermined,MapExactID
55129,,undetermined,MapExactMatch
55129,,undetermined,MapLicenseFamily
55129,,undetermined,MapFuzzyMatch
1759067,,undetermined,MapNA
1759067,,undetermined,MapExactID
1759067,,undetermined,MapExactMatch
1759067,,undetermined,MapLicenseFamily
7329638,,undetermined,MapNA
7329638,,undetermined,MapExactID
7329638,,undetermined,MapExactMatch
7329638,,undetermined,MapLicenseFamily
448359,,undetermined,MapNA
448359,,undetermined,MapExactID
448359,,undetermined,MapExactMatch
448359,,undetermined,MapLicenseFamily
448359,,undetermined,MapFuzzyMatch
4249447,,undetermined,MapNA
4249447,,undetermined,MapExactID
4249447,,undetermined,MapExactMatch
4249447,,undetermined,MapLicenseFamily
3135338,,undetermined,MapNA
3135338,,undetermined,MapExactID
3135338,,undetermined,MapExactMatch
3135338,,undetermined,MapLicenseFamily
3135340,,undetermined,MapNA
3135340,,undetermined,MapExactID
3135340,,undetermined,MapExactMatch
3135340,,undetermined,MapLicenseFamily
2807663,,undetermined,MapNA
2807663,,undetermined,MapExactID
2807663,,undetermined,MapExactMatch
2807663,,undetermined,MapLicenseFamily
5429110,,undetermined,MapNA
5429110,,undetermined,MapExactID
5429110,,undetermined,MapExactMatch
5429110,,undetermined,MapLicenseFamily
4118395,,undetermined,MapNA
4183943,,undetermined,MapNA
4183943,,undetermined,MapExactID
4183943,,undetermined,MapExactMatch
4183943,,undetermined,MapLicenseFamily
4183943,,undetermined,MapFuzzyMatch
1824654,,undetermined,MapNA
1824654,,undetermined,MapExactID
1824654,,undetermined,MapExactMatch
1824654,,undetermined,MapLicenseFamily
1824654,,undetermined,MapFuzzyMatch
3528607,,undetermined,MapNA
3528607,,undetermined,MapExactID
3528607,,undetermined,MapExactMatch
3528607,,undetermined,MapLicenseFamily
3528610,,undetermined,MapNA
3528610,,undetermined,MapExactID
3528610,,undetermined,MapExactMatch
3528610,,undetermined,MapLicenseFamily
3790760,,undetermined,MapNA
3790760,,undetermined,MapExactID
3790760,,undetermined,MapExactMatch
3790760,,undetermined,MapLicenseFamily
5494697,,undetermined,MapNA
5494697,,undetermined,MapExactID
5494697,,undetermined,MapExactMatch
5494697,,undetermined,MapLicenseFamily
5494697,,undetermined,MapFuzzyMatch
55212,,undetermined,MapNA
55212,,undetermined,MapExactID
55212,,undetermined,MapExactMatch
55212,,undetermined,MapLicenseFamily
55212,,undetermined,MapFuzzyMatch
55216,,undetermined,MapNA
55216,,undetermined,MapExactID
55216,,undetermined,MapExactMatch
55216,,undetermined,MapLicenseFamily
55216,,undetermined,MapFuzzyMatch
4970420,,undetermined,MapNA
4970420,,undetermined,MapExactID
4970420,,undetermined,MapExactMatch
4970420,,undetermined,MapLicenseFamily
5429181,,undetermined,MapNA
5429181,,undetermined,MapExactID
5429181,,undetermined,MapExactMatch
5429181,,undetermined,MapLicenseFamily
5429181,,undetermined,MapFuzzyMatch
5756863,,undetermined,MapNA
5756863,,undetermined,MapExactID
5756863,,undetermined,MapExactMatch
5756863,,undetermined,MapLicenseFamily
5756863,,undetermined,MapFuzzyMatch
3659719,,undetermined,MapNA
3659719,,undetermined,MapExactID
3659719,,undetermined,MapExactMatch
3659719,,undetermined,MapLicenseFamily
1038286,,undetermined,MapNA
1038286,,undetermined,MapExactID
1038286,,undetermined,MapExactMatch
1038286,,undetermined,MapLicenseFamily
1038286,,undetermined,MapFuzzyMatch
5822414,,undetermined,MapNA
5822414,,undetermined,MapExactID
5822414,,undetermined,MapExactMatch
5822414,,undetermined,MapLicenseFamily
2349011,,undetermined,MapNA
2349011,,undetermined,MapExactID
2349011,,undetermined,MapExactMatch
2349011,,undetermined,MapLicenseFamily
2938838,,undetermined,MapNA
2938838,,undetermined,MapExactID
2938838,,undetermined,MapExactMatch
2938838,,undetermined,MapLicenseFamily
3332056,,undetermined,MapNA
3332056,,undetermined,MapExactID
3332056,,undetermined,MapExactMatch
3332056,,undetermined,MapLicenseFamily
4642789,,undetermined,MapNA
4642789,,undetermined,MapExactID
4642789,,undetermined,MapExactMatch
4642789,,undetermined,MapLicenseFamily
1038310,,undetermined,MapNA
1038310,,undetermined,MapExactID
1038310,,undetermined,MapExactMatch
1038310,,undetermined,MapLicenseFamily
3856367,,undetermined,MapNA
3856367,,undetermined,MapExactID
3856367,,undetermined,MapExactMatch
3856367,,undetermined,MapLicenseFamily
2283508,,undetermined,MapNA
2283508,,undetermined,MapExactID
2283508,,undetermined,MapExactMatch
2283508,,undetermined,MapLicenseFamily
1038325,,undetermined,MapNA
1038325,,undetermined,MapExactID
1038325,,undetermined,MapExactMatch
1038325,,undetermined,MapLicenseFamily
6477814,,undetermined,MapNA
6477814,,undetermined,MapExactID
6477814,,undetermined,MapExactMatch
6477814,,undetermined,MapLicenseFamily
6477814,,undetermined,MapFuzzyMatch
6084600,,undetermined,MapNA
6084600,,undetermined,MapExactID
6084600,,undetermined,MapExactMatch
6084600,,undetermined,MapLicenseFamily
251917,,undetermined,MapNA
251917,,undetermined,MapExactID
251917,,undetermined,MapExactMatch
251917,,undetermined,MapLicenseFamily
776217,,undetermined,MapNA
776217,,undetermined,MapExactID
776217,,undetermined,MapExactMatch
776217,,undetermined,MapLicenseFamily
5625884,,undetermined,MapNA
5625884,,undetermined,MapExactID
5625884,,undetermined,MapExactMatch
5625884,,undetermined,MapLicenseFamily
317470,,undetermined,MapNA
317470,,undetermined,MapExactID
317470,,undetermined,MapExactMatch
317470,,undetermined,MapLicenseFamily
776222,,undetermined,MapNA
776222,,undetermined,MapExactID
776222,,undetermined,MapExactMatch
776222,,undetermined,MapLicenseFamily
6477866,,undetermined,MapNA
6477866,,undetermined,MapExactID
6477866,,undetermined,MapExactMatch
6477866,,undetermined,MapLicenseFamily
2676784,,undetermined,MapNA
2676784,,undetermined,MapExactID
2676784,,undetermined,MapExactMatch
2676784,,undetermined,MapLicenseFamily
2742328,,undetermined,MapNA
2742328,,undetermined,MapExactID
2742328,,undetermined,MapExactMatch
2742328,,undetermined,MapLicenseFamily
3790914,,undetermined,MapNA
3790914,,undetermined,MapExactID
3790914,,undetermined,MapExactMatch
3790914,,undetermined,MapLicenseFamily
1562698,,undetermined,MapNA
1562698,,undetermined,MapExactID
1562698,,undetermined,MapExactMatch
1562698,,undetermined,MapLicenseFamily
3004490,,undetermined,MapNA
3004490,,undetermined,MapExactID
3004490,,undetermined,MapExactMatch
3004490,,undetermined,MapLicenseFamily
3856464,,undetermined,MapNA
3856464,,undetermined,MapExactID
3856464,,undetermined,MapExactMatch
3856464,,undetermined,MapLicenseFamily
776273,,undetermined,MapNA
776273,,undetermined,MapExactID
776273,,undetermined,MapExactMatch
776273,,undetermined,MapLicenseFamily
3790933,,undetermined,MapNA
3790933,,undetermined,MapExactID
3790933,,undetermined,MapExactMatch
3790933,,undetermined,MapLicenseFamily
3922005,,undetermined,MapNA
3922005,,undetermined,MapExactID
3922005,,undetermined,MapExactMatch
3922005,,undetermined,MapLicenseFamily
3725399,,undetermined,MapNA
3725399,,undetermined,MapExactID
3725399,,undetermined,MapExactMatch
3725399,,undetermined,MapLicenseFamily
1103970,,undetermined,MapNA
1103970,,undetermined,MapExactID
1103970,,undetermined,MapExactMatch
1103970,,undetermined,MapLicenseFamily
1693795,,undetermined,MapNA
1693795,,undetermined,MapExactID
1693795,,undetermined,MapExactMatch
1693795,,undetermined,MapLicenseFamily
4970596,,undetermined,MapNA
4970596,,undetermined,MapExactID
4970596,,undetermined,MapExactMatch
4970596,,undetermined,MapLicenseFamily
7526507,,undetermined,MapNA
7526507,,undetermined,MapExactID
7526507,,undetermined,MapExactMatch
7526507,,undetermined,MapLicenseFamily
6215788,,undetermined,MapNA
6215788,,undetermined,MapExactID
6215788,,undetermined,MapExactMatch
6215788,,undetermined,MapLicenseFamily
1366126,,undetermined,MapNA
1366126,,undetermined,MapExactID
1366126,,undetermined,MapExactMatch
1366126,,undetermined,MapLicenseFamily
7526511,,undetermined,MapNA
7526511,,undetermined,MapExactID
7526511,,undetermined,MapExactMatch
7526511,,undetermined,MapLicenseFamily
4118641,,undetermined,MapNA
4118641,,undetermined,MapExactID
4118641,,undetermined,MapExactMatch
4118641,,undetermined,MapLicenseFamily
3201138,,undetermined,MapNA
3201138,,undetermined,MapExactID
3201138,,undetermined,MapExactMatch
3201138,,undetermined,MapLicenseFamily
3922034,,undetermined,MapNA
3922034,,undetermined,MapExactID
3922034,,undetermined,MapExactMatch
3922034,,undetermined,MapLicenseFamily
4970612,,undetermined,MapNA
4970612,,undetermined,MapExactID
4970612,,undetermined,MapExactMatch
4970612,,undetermined,MapLicenseFamily
7395447,,undetermined,MapNA
7395447,,undetermined,MapExactID
7395447,,undetermined,MapExactMatch
7395447,,undetermined,MapLicenseFamily
55424,,undetermined,MapNA
55424,,undetermined,MapExactID
55424,,undetermined,MapExactMatch
55424,,undetermined,MapLicenseFamily
3922048,,undetermined,MapNA
3922048,,undetermined,MapExactID
3922048,,undetermined,MapExactMatch
3922048,,undetermined,MapLicenseFamily
5429376,,undetermined,MapNA
5429376,,undetermined,MapExactID
5429376,,undetermined,MapExactMatch
5429376,,undetermined,MapLicenseFamily
2611332,,undetermined,MapNA
2611332,,undetermined,MapExactID
2611332,,undetermined,MapExactMatch
2611332,,undetermined,MapLicenseFamily
7395464,,undetermined,MapNA
7395464,,undetermined,MapExactID
7395464,,undetermined,MapExactMatch
7395464,,undetermined,MapLicenseFamily
5494924,,undetermined,MapNA
5494924,,undetermined,MapExactID
5494924,,undetermined,MapExactMatch
5494924,,undetermined,MapLicenseFamily
1562771,,undetermined,MapNA
1562771,,undetermined,MapExactID
1562771,,undetermined,MapExactMatch
1562771,,undetermined,MapLicenseFamily
1562771,,undetermined,MapFuzzyMatch
317590,,undetermined,MapNA
317590,,undetermined,MapExactID
317590,,undetermined,MapExactMatch
317590,,undetermined,MapLicenseFamily
7067800,,undetermined,MapNA
7067800,,undetermined,MapExactID
7067800,,undetermined,MapExactMatch
7067800,,undetermined,MapLicenseFamily
317598,,undetermined,MapNA
317598,,undetermined,MapExactID
317598,,undetermined,MapExactMatch
317598,,undetermined,MapLicenseFamily
3528865,,undetermined,MapNA
3528865,,undetermined,MapExactID
3528865,,undetermined,MapExactMatch
3528865,,undetermined,MapLicenseFamily
3528865,,undetermined,MapFuzzyMatch
55461,,undetermined,MapNA
55461,,undetermined,MapExactID
55461,,undetermined,MapExactMatch
55461,,undetermined,MapLicenseFamily
7329965,,undetermined,MapNA
7329965,,undetermined,MapExactID
7329965,,undetermined,MapExactMatch
7329965,,undetermined,MapLicenseFamily
7329965,,undetermined,MapFuzzyMatch
6281391,,undetermined,MapNA
6281391,,undetermined,MapExactID
6281391,,undetermined,MapExactMatch
6281391,,undetermined,MapLicenseFamily
4970673,,undetermined,MapNA
4970673,,undetermined,MapExactID
4970673,,undetermined,MapExactMatch
4970673,,undetermined,MapLicenseFamily
3528904,,undetermined,MapNA
3528904,,undetermined,MapExactID
3528904,,undetermined,MapExactMatch
3528904,,undetermined,MapLicenseFamily
6215898,,undetermined,MapNA
6215898,,undetermined,MapExactID
6215898,,undetermined,MapExactMatch
6215898,,undetermined,MapLicenseFamily
6215898,,undetermined,MapFuzzyMatch
3201248,,undetermined,MapNA
3201248,,undetermined,MapExactID
3201248,,undetermined,MapExactMatch
3201248,,undetermined,MapLicenseFamily
4511974,,undetermined,MapNA
4511974,,undetermined,MapExactID
4511974,,undetermined,MapExactMatch
4511974,,undetermined,MapLicenseFamily
5232871,,undetermined,MapNA
5232871,,undetermined,MapExactID
5232871,,undetermined,MapExactMatch
5232871,,undetermined,MapLicenseFamily
1104110,,undetermined,MapNA
1104110,,undetermined,MapExactID
1104110,,undetermined,MapExactMatch
1104110,,undetermined,MapLicenseFamily
4053231,,undetermined,MapNA
4053231,,undetermined,MapExactID
4053231,,undetermined,MapExactMatch
4053231,,undetermined,MapLicenseFamily
3201268,,undetermined,MapNA
3201268,,undetermined,MapExactID
3201268,,undetermined,MapExactMatch
3201268,,undetermined,MapLicenseFamily
5953787,,undetermined,MapNA
5953787,,undetermined,MapExactID
5953787,,undetermined,MapExactMatch
5953787,,undetermined,MapLicenseFamily
6543613,,undetermined,MapNA
6543613,,undetermined,MapExactID
6543613,,undetermined,MapExactMatch
6543613,,undetermined,MapLicenseFamily
5232894,,undetermined,MapNA
5232894,,undetermined,MapExactID
5232894,,undetermined,MapExactMatch
5232894,,undetermined,MapLicenseFamily
5232895,,undetermined,MapNA
5232895,,undetermined,MapExactID
5232895,,undetermined,MapExactMatch
5232895,,undetermined,MapLicenseFamily
3463430,,undetermined,MapNA
3463430,,undetermined,MapExactID
3463430,,undetermined,MapExactMatch
3463430,,undetermined,MapLicenseFamily
2218247,,undetermined,MapNA
2218247,,undetermined,MapExactID
2218247,,undetermined,MapExactMatch
2218247,,undetermined,MapLicenseFamily
2349322,,undetermined,MapNA
2349322,,undetermined,MapExactID
2349322,,undetermined,MapExactMatch
2349322,,undetermined,MapLicenseFamily
514320,,undetermined,MapNA
514320,,undetermined,MapExactID
514320,,undetermined,MapExactMatch
514320,,undetermined,MapLicenseFamily
514320,,undetermined,MapFuzzyMatch
5626129,,undetermined,MapNA
5626129,,undetermined,MapExactID
5626129,,undetermined,MapExactMatch
5626129,,undetermined,MapLicenseFamily
5626129,,undetermined,MapFuzzyMatch
2677018,,undetermined,MapNA
2677018,,undetermined,MapExactID
2677018,,undetermined,MapExactMatch
2677018,,undetermined,MapLicenseFamily
3528991,,undetermined,MapNA
3528991,,undetermined,MapExactID
3528991,,undetermined,MapExactMatch
3528991,,undetermined,MapLicenseFamily
3332385,,undetermined,MapNA
3332385,,undetermined,MapExactID
3332385,,undetermined,MapExactMatch
3332385,,undetermined,MapLicenseFamily
3594537,,undetermined,MapNA
3594537,,undetermined,MapExactID
3594537,,undetermined,MapExactMatch
3594537,,undetermined,MapLicenseFamily
4053290,,undetermined,MapNA
4053290,,undetermined,MapExactID
4053290,,undetermined,MapExactMatch
4053290,,undetermined,MapLicenseFamily
5232947,,undetermined,MapNA
7330101,,undetermined,MapNA
7330101,,undetermined,MapExactID
7330101,,undetermined,MapExactMatch
7330101,,undetermined,MapLicenseFamily
7264580,,undetermined,MapNA
7264580,,undetermined,MapExactID
7264580,,undetermined,MapExactMatch
7264580,,undetermined,MapLicenseFamily
3791173,,undetermined,MapNA
3791173,,undetermined,MapExactID
3791173,,undetermined,MapExactMatch
3791173,,undetermined,MapLicenseFamily
514374,,undetermined,MapNA
514374,,undetermined,MapExactID
514374,,undetermined,MapExactMatch
514374,,undetermined,MapLicenseFamily
514374,,undetermined,MapFuzzyMatch
5626184,,undetermined,MapNA
5626184,,undetermined,MapExactID
5626184,,undetermined,MapExactMatch
5626184,,undetermined,MapLicenseFamily
5626184,,undetermined,MapFuzzyMatch
3135820,,undetermined,MapNA
3135820,,undetermined,MapExactID
3135820,,undetermined,MapExactMatch
3135820,,undetermined,MapLicenseFamily
4249933,,undetermined,MapNA
4249933,,undetermined,MapExactID
4249933,,undetermined,MapExactMatch
4249933,,undetermined,MapLicenseFamily
514401,,undetermined,MapNA
514401,,undetermined,MapExactID
514401,,undetermined,MapExactMatch
514401,,undetermined,MapLicenseFamily
514401,,undetermined,MapFuzzyMatch
6216034,,undetermined,MapNA
6216034,,undetermined,MapExactID
6216034,,undetermined,MapExactMatch
6216034,,undetermined,MapLicenseFamily
448873,,undetermined,MapNA
448873,,undetermined,MapExactID
448873,,undetermined,MapExactMatch
448873,,undetermined,MapLicenseFamily
2349423,,undetermined,MapNA
2349423,,undetermined,MapExactID
1038710,,undetermined,MapNA
1038710,,undetermined,MapExactID
1038710,,undetermined,MapExactMatch
1038710,,undetermined,MapLicenseFamily
5626231,,undetermined,MapNA
5626231,,undetermined,MapExactID
5626231,,undetermined,MapExactMatch
5626231,,undetermined,MapLicenseFamily
448891,,undetermined,MapNA
448891,,undetermined,MapExactID
448891,,undetermined,MapExactMatch
448891,,undetermined,MapLicenseFamily
1038726,,undetermined,MapNA
1038726,,undetermined,MapExactID
1038726,,undetermined,MapExactMatch
1038726,,undetermined,MapLicenseFamily
5953929,,undetermined,MapNA
5953929,,undetermined,MapExactID
5953929,,undetermined,MapExactMatch
5953929,,undetermined,MapLicenseFamily
7461264,,undetermined,MapNA
7461264,,undetermined,MapExactID
7461264,,undetermined,MapExactMatch
7461264,,undetermined,MapLicenseFamily
3201428,,undetermined,MapNA
3201428,,undetermined,MapExactID
3201428,,undetermined,MapExactMatch
3201428,,undetermined,MapLicenseFamily
4184468,,undetermined,MapNA
4184468,,undetermined,MapExactID
4184468,,undetermined,MapExactMatch
4184468,,undetermined,MapLicenseFamily
3856792,,undetermined,MapNA
3856792,,undetermined,MapExactID
3856792,,undetermined,MapExactMatch
3856792,,undetermined,MapLicenseFamily
7657883,,undetermined,MapNA
7657883,,undetermined,MapExactID
7657883,,undetermined,MapExactMatch
7657883,,undetermined,MapLicenseFamily
7657883,,undetermined,MapFuzzyMatch
6281634,,undetermined,MapNA
6281634,,undetermined,MapExactID
6281634,,undetermined,MapExactMatch
6281634,,undetermined,MapLicenseFamily
6216111,,undetermined,MapNA
6216111,,undetermined,MapExactID
6216111,,undetermined,MapExactMatch
6216111,,undetermined,MapLicenseFamily
776625,,undetermined,MapNA
776625,,undetermined,MapExactID
776625,,undetermined,MapExactMatch
776625,,undetermined,MapLicenseFamily
776625,,undetermined,MapFuzzyMatch
4184500,,undetermined,MapNA
4184500,,undetermined,MapExactID
4184500,,undetermined,MapExactMatch
4184500,,undetermined,MapLicenseFamily
6281652,,undetermined,MapNA
6281652,,undetermined,MapExactID
6281652,,undetermined,MapExactMatch
6281652,,undetermined,MapLicenseFamily
5102007,,undetermined,MapNA
5102007,,undetermined,MapExactID
5102007,,undetermined,MapExactMatch
5102007,,undetermined,MapLicenseFamily
4905401,,undetermined,MapNA
4905401,,undetermined,MapExactID
4905401,,undetermined,MapExactMatch
4905401,,undetermined,MapLicenseFamily
1890751,,undetermined,MapNA
1890751,,undetermined,MapExactID
1890751,,undetermined,MapExactMatch
1890751,,undetermined,MapLicenseFamily
1563072,,undetermined,MapNA
1563072,,undetermined,MapExactID
1563072,,undetermined,MapExactMatch
1563072,,undetermined,MapLicenseFamily
3529155,,undetermined,MapNA
3529155,,undetermined,MapExactID
3529155,,undetermined,MapExactMatch
3529155,,undetermined,MapLicenseFamily
2021831,,undetermined,MapNA
2021831,,undetermined,MapExactID
2021831,,undetermined,MapExactMatch
2021831,,undetermined,MapLicenseFamily
1890761,,undetermined,MapNA
1890761,,undetermined,MapExactID
1890761,,undetermined,MapExactMatch
1890761,,undetermined,MapLicenseFamily
1890762,,undetermined,MapNA
1890762,,undetermined,MapExactID
1890762,,undetermined,MapExactMatch
1890762,,undetermined,MapLicenseFamily
1890763,,undetermined,MapNA
1890763,,undetermined,MapExactID
1890763,,undetermined,MapExactMatch
1890763,,undetermined,MapLicenseFamily
7526857,,undetermined,MapNA
7526857,,undetermined,MapExactID
7526857,,undetermined,MapExactMatch
7526857,,undetermined,MapLicenseFamily
776654,,undetermined,MapNA
645587,,undetermined,MapNA
645587,,undetermined,MapExactID
645587,,undetermined,MapExactMatch
645587,,undetermined,MapLicenseFamily
2349526,,undetermined,MapNA
2349526,,undetermined,MapExactID
2349526,,undetermined,MapExactMatch
2349526,,undetermined,MapLicenseFamily
2349535,,undetermined,MapNA
2349535,,undetermined,MapExactID
2349535,,undetermined,MapExactMatch
2349535,,undetermined,MapLicenseFamily
2021857,,undetermined,MapNA
2021857,,undetermined,MapExactID
2021857,,undetermined,MapExactMatch
2021857,,undetermined,MapLicenseFamily
5233122,,undetermined,MapNA
5233122,,undetermined,MapExactID
5233122,,undetermined,MapExactMatch
5233122,,undetermined,MapLicenseFamily
2873834,,undetermined,MapNA
2873834,,undetermined,MapExactID
2873834,,undetermined,MapExactMatch
2873834,,undetermined,MapLicenseFamily
186860,,undetermined,MapNA
186860,,undetermined,MapExactID
186860,,undetermined,MapExactMatch
186860,,undetermined,MapLicenseFamily
186860,,undetermined,MapFuzzyMatch
317933,,undetermined,MapNA
317933,,undetermined,MapExactID
317933,,undetermined,MapExactMatch
317933,,undetermined,MapLicenseFamily
252403,,undetermined,MapNA
252403,,undetermined,MapExactID
252403,,undetermined,MapExactMatch
252403,,undetermined,MapLicenseFamily
252403,,undetermined,MapFuzzyMatch
317945,,undetermined,MapNA
317945,,undetermined,MapExactID
317945,,undetermined,MapExactMatch
317945,,undetermined,MapLicenseFamily
1694201,,undetermined,MapNA
1694201,,undetermined,MapExactID
1694201,,undetermined,MapExactMatch
1694201,,undetermined,MapLicenseFamily
1169915,,undetermined,MapNA
1169915,,undetermined,MapExactID
1169915,,undetermined,MapExactMatch
1169915,,undetermined,MapLicenseFamily
1890810,,undetermined,MapNA
1890810,,undetermined,MapExactID
1890810,,undetermined,MapExactMatch
1890810,,undetermined,MapLicenseFamily
4184572,,undetermined,MapNA
4184572,,undetermined,MapExactID
4184572,,undetermined,MapExactMatch
4184572,,undetermined,MapLicenseFamily
5626368,,undetermined,MapNA
5626368,,undetermined,MapExactID
5626368,,undetermined,MapExactMatch
5626368,,undetermined,MapLicenseFamily
1825281,,undetermined,MapNA
1825281,,undetermined,MapExactID
1825281,,undetermined,MapExactMatch
1825281,,undetermined,MapLicenseFamily
2546177,,undetermined,MapNA
2546177,,undetermined,MapExactID
2546177,,undetermined,MapExactMatch
2546177,,undetermined,MapLicenseFamily
2546177,,undetermined,MapFuzzyMatch
449031,,undetermined,MapNA
449031,,undetermined,MapExactID
449031,,undetermined,MapExactMatch
449031,,undetermined,MapLicenseFamily
449031,,undetermined,MapFuzzyMatch
4184588,,undetermined,MapNA
4184588,,undetermined,MapExactID
4184588,,undetermined,MapExactMatch
4184588,,undetermined,MapLicenseFamily
3922446,,undetermined,MapNA
3922446,,undetermined,MapExactID
3922446,,undetermined,MapExactMatch
3922446,,undetermined,MapLicenseFamily
5691924,,undetermined,MapNA
5691924,,undetermined,MapExactID
5691924,,undetermined,MapExactMatch
5691924,,undetermined,MapLicenseFamily
317973,,undetermined,MapNA
317973,,undetermined,MapExactID
317973,,undetermined,MapExactMatch
317973,,undetermined,MapLicenseFamily
3332629,,undetermined,MapNA
3332629,,undetermined,MapExactID
3332629,,undetermined,MapExactMatch
3332629,,undetermined,MapLicenseFamily
7461412,,undetermined,MapNA
7461412,,undetermined,MapExactID
7461412,,undetermined,MapExactMatch
7461412,,undetermined,MapLicenseFamily
2349606,,undetermined,MapNA
2349606,,undetermined,MapExactID
2349606,,undetermined,MapExactMatch
2349606,,undetermined,MapLicenseFamily
1825319,,undetermined,MapNA
1825319,,undetermined,MapExactID
1825319,,undetermined,MapExactMatch
1825319,,undetermined,MapLicenseFamily
1825321,,undetermined,MapNA
2284086,,undetermined,MapNA
2284086,,undetermined,MapExactID
2284086,,undetermined,MapExactMatch
2284086,,undetermined,MapLicenseFamily
6281784,,undetermined,MapNA
6281784,,undetermined,MapExactID
6281784,,undetermined,MapExactMatch
6281784,,undetermined,MapLicenseFamily
6281784,,undetermined,MapFuzzyMatch
4184633,,undetermined,MapNA
4184633,,undetermined,MapExactID
4184633,,undetermined,MapExactMatch
4184633,,undetermined,MapLicenseFamily
6543933,,undetermined,MapNA
6543933,,undetermined,MapExactID
6543933,,undetermined,MapExactMatch
6543933,,undetermined,MapLicenseFamily
3791423,,undetermined,MapNA
3791423,,undetermined,MapExactID
3791423,,undetermined,MapExactMatch
3791423,,undetermined,MapLicenseFamily
3791423,,undetermined,MapFuzzyMatch
6085183,,undetermined,MapNA
6085183,,undetermined,MapExactID
6085183,,undetermined,MapExactMatch
6085183,,undetermined,MapLicenseFamily
4840004,,undetermined,MapNA
4840004,,undetermined,MapExactID
4840004,,undetermined,MapExactMatch
4840004,,undetermined,MapLicenseFamily
2218567,,undetermined,MapNA
2218567,,undetermined,MapExactID
2218567,,undetermined,MapExactMatch
2218567,,undetermined,MapLicenseFamily
2218568,,undetermined,MapNA
2218568,,undetermined,MapExactID
2218568,,undetermined,MapExactMatch
2218568,,undetermined,MapLicenseFamily
776786,,undetermined,MapNA
776786,,undetermined,MapExactID
776786,,undetermined,MapExactMatch
776786,,undetermined,MapLicenseFamily
1104468,,undetermined,MapNA
1104468,,undetermined,MapExactID
1104468,,undetermined,MapExactMatch
1104468,,undetermined,MapLicenseFamily
645718,,undetermined,MapNA
645718,,undetermined,MapExactID
645718,,undetermined,MapExactMatch
645718,,undetermined,MapLicenseFamily
3725911,,undetermined,MapNA
3725911,,undetermined,MapExactID
3725911,,undetermined,MapExactMatch
3725911,,undetermined,MapLicenseFamily
776794,,undetermined,MapNA
776794,,undetermined,MapExactID
776794,,undetermined,MapExactMatch
776794,,undetermined,MapLicenseFamily
3136099,,undetermined,MapNA
3136099,,undetermined,MapExactID
3136099,,undetermined,MapExactMatch
3136099,,undetermined,MapLicenseFamily
4512355,,undetermined,MapNA
4512355,,undetermined,MapExactID
4512355,,undetermined,MapExactMatch
4512355,,undetermined,MapLicenseFamily
4512355,,undetermined,MapFuzzyMatch
3398248,,undetermined,MapNA
3398248,,undetermined,MapExactID
3398248,,undetermined,MapExactMatch
3398248,,undetermined,MapLicenseFamily
383593,,undetermined,MapNA
383593,,undetermined,MapExactID
383593,,undetermined,MapExactMatch
383593,,undetermined,MapLicenseFamily
7133801,,undetermined,MapNA
7133801,,undetermined,MapExactID
7133801,,undetermined,MapExactMatch
7133801,,undetermined,MapLicenseFamily
2087531,,undetermined,MapNA
2087531,,undetermined,MapExactID
2087531,,undetermined,MapExactMatch
2087531,,undetermined,MapLicenseFamily
3660397,,undetermined,MapNA
3660397,,undetermined,MapExactID
3660397,,undetermined,MapExactMatch
3660397,,undetermined,MapLicenseFamily
4184690,,undetermined,MapNA
4184690,,undetermined,MapExactID
4184690,,undetermined,MapExactMatch
4184690,,undetermined,MapLicenseFamily
4184692,,undetermined,MapNA
4184692,,undetermined,MapExactID
4184692,,undetermined,MapExactMatch
4184692,,undetermined,MapLicenseFamily
842358,,undetermined,MapNA
842358,,undetermined,MapExactID
842358,,undetermined,MapExactMatch
842358,,undetermined,MapLicenseFamily
2939512,,undetermined,MapNA
2939512,,undetermined,MapExactID
2939512,,undetermined,MapExactMatch
2939512,,undetermined,MapLicenseFamily
1825405,,undetermined,MapNA
1825405,,undetermined,MapExactID
1825405,,undetermined,MapExactMatch
1825405,,undetermined,MapLicenseFamily
645758,,undetermined,MapNA
645758,,undetermined,MapExactID
645758,,undetermined,MapExactMatch
645758,,undetermined,MapLicenseFamily
7527047,,undetermined,MapNA
7527047,,undetermined,MapExactID
7527047,,undetermined,MapExactMatch
7527047,,undetermined,MapLicenseFamily
6085259,,undetermined,MapNA
6085259,,undetermined,MapExactID
6085259,,undetermined,MapExactMatch
6085259,,undetermined,MapLicenseFamily
7527052,,undetermined,MapNA
7527052,,undetermined,MapExactID
7527052,,undetermined,MapExactMatch
7527052,,undetermined,MapLicenseFamily
4053645,,undetermined,MapNA
4053645,,undetermined,MapExactID
4053645,,undetermined,MapExactMatch
4053645,,undetermined,MapLicenseFamily
1104531,,undetermined,MapNA
1104531,,undetermined,MapExactID
1104531,,undetermined,MapExactMatch
1104531,,undetermined,MapLicenseFamily
2349719,,undetermined,MapNA
2349719,,undetermined,MapExactID
2349719,,undetermined,MapExactMatch
2349719,,undetermined,MapLicenseFamily
1890973,,undetermined,MapNA
1890973,,undetermined,MapExactID
1890973,,undetermined,MapExactMatch
1890973,,undetermined,MapLicenseFamily
1890973,,undetermined,MapFuzzyMatch
4250273,,undetermined,MapNA
4250273,,undetermined,MapExactID
4250273,,undetermined,MapExactMatch
4250273,,undetermined,MapLicenseFamily
3332771,,undetermined,MapNA
3332771,,undetermined,MapExactID
3332771,,undetermined,MapExactMatch
3332771,,undetermined,MapLicenseFamily
6347434,,undetermined,MapNA
6347434,,undetermined,MapExactID
6347434,,undetermined,MapExactMatch
6347434,,undetermined,MapLicenseFamily
7068333,,undetermined,MapNA
7068333,,undetermined,MapExactID
7068333,,undetermined,MapExactMatch
7068333,,undetermined,MapLicenseFamily
7068333,,undetermined,MapFuzzyMatch
5429934,,undetermined,MapNA
5429934,,undetermined,MapExactID
5429934,,undetermined,MapExactMatch
5429934,,undetermined,MapLicenseFamily
4184759,,undetermined,MapNA
4184759,,undetermined,MapExactID
4184759,,undetermined,MapExactMatch
4184759,,undetermined,MapLicenseFamily
4184759,,undetermined,MapFuzzyMatch
514745,,undetermined,MapNA
514745,,undetermined,MapExactID
514745,,undetermined,MapExactMatch
514745,,undetermined,MapLicenseFamily
2415301,,undetermined,MapNA
2415301,,undetermined,MapExactID
2415301,,undetermined,MapExactMatch
2415301,,undetermined,MapLicenseFamily
2415301,,undetermined,MapFuzzyMatch
3726028,,undetermined,MapNA
3726028,,undetermined,MapExactID
3726028,,undetermined,MapExactMatch
3726028,,undetermined,MapLicenseFamily
3726028,,undetermined,MapFuzzyMatch
5429975,,undetermined,MapNA
5429975,,undetermined,MapExactID
5429975,,undetermined,MapExactMatch
5429975,,undetermined,MapLicenseFamily
3005144,,undetermined,MapNA
3005144,,undetermined,MapExactID
3005144,,undetermined,MapExactMatch
3005144,,undetermined,MapLicenseFamily
3005144,,undetermined,MapFuzzyMatch
449241,,undetermined,MapNA
449241,,undetermined,MapExactID
449241,,undetermined,MapExactMatch
449241,,undetermined,MapLicenseFamily
3660505,,undetermined,MapNA
3660505,,undetermined,MapExactID
3660505,,undetermined,MapExactMatch
3660505,,undetermined,MapLicenseFamily
2349787,,undetermined,MapNA
2349787,,undetermined,MapExactID
2349787,,undetermined,MapExactMatch
2349787,,undetermined,MapLicenseFamily
5954270,,undetermined,MapNA
5954270,,undetermined,MapExactID
5954270,,undetermined,MapExactMatch
5954270,,undetermined,MapLicenseFamily
5954272,,undetermined,MapNA
5954272,,undetermined,MapExactID
5954272,,undetermined,MapExactMatch
5954272,,undetermined,MapLicenseFamily
3005153,,undetermined,MapNA
6347488,,undetermined,MapNA
6347488,,undetermined,MapExactID
6347488,,undetermined,MapExactMatch
6347488,,undetermined,MapLicenseFamily
5495525,,undetermined,MapNA
5495525,,undetermined,MapExactID
5495525,,undetermined,MapExactMatch
5495525,,undetermined,MapLicenseFamily
7658214,,undetermined,MapNA
7658214,,undetermined,MapExactID
7658214,,undetermined,MapExactMatch
7658214,,undetermined,MapLicenseFamily
1563374,,undetermined,MapNA
1563374,,undetermined,MapExactID
1563374,,undetermined,MapExactMatch
1563374,,undetermined,MapLicenseFamily
4512496,,undetermined,MapNA
4512496,,undetermined,MapExactID
4512496,,undetermined,MapExactMatch
4512496,,undetermined,MapLicenseFamily
2611957,,undetermined,MapNA
2611957,,undetermined,MapExactID
2611957,,undetermined,MapExactMatch
2611957,,undetermined,MapLicenseFamily
5167863,,undetermined,MapNA
5167863,,undetermined,MapExactID
5167863,,undetermined,MapExactMatch
5167863,,undetermined,MapLicenseFamily
4643576,,undetermined,MapNA
4643576,,undetermined,MapExactID
4643576,,undetermined,MapExactMatch
4643576,,undetermined,MapLicenseFamily
56057,,undetermined,MapNA
56057,,undetermined,MapExactID
56057,,undetermined,MapExactMatch
56057,,undetermined,MapLicenseFamily
3201785,,undetermined,MapNA
3201785,,undetermined,MapExactID
3201785,,undetermined,MapExactMatch
3201785,,undetermined,MapLicenseFamily
3201787,,undetermined,MapNA
3201787,,undetermined,MapExactID
3201787,,undetermined,MapExactMatch
3201787,,undetermined,MapLicenseFamily
1825533,,undetermined,MapNA
1825533,,undetermined,MapExactID
1825533,,undetermined,MapExactMatch
1825533,,undetermined,MapLicenseFamily
3201789,,undetermined,MapNA
3201789,,undetermined,MapExactID
3201789,,undetermined,MapExactMatch
3201789,,undetermined,MapLicenseFamily
3201789,,undetermined,MapFuzzyMatch
1891072,,undetermined,MapNA
1891072,,undetermined,MapExactID
1891072,,undetermined,MapExactMatch
1891072,,undetermined,MapLicenseFamily
1104641,,undetermined,MapNA
1104641,,undetermined,MapExactID
1104641,,undetermined,MapExactMatch
1104641,,undetermined,MapLicenseFamily
6544128,,undetermined,MapNA
6544128,,undetermined,MapExactID
6544128,,undetermined,MapExactMatch
6544128,,undetermined,MapLicenseFamily
5430025,,undetermined,MapNA
5430025,,undetermined,MapExactID
5430025,,undetermined,MapExactMatch
5430025,,undetermined,MapLicenseFamily
776970,,undetermined,MapNA
776970,,undetermined,MapExactID
776970,,undetermined,MapExactMatch
776970,,undetermined,MapLicenseFamily
4250379,,undetermined,MapNA
4250379,,undetermined,MapExactID
4250379,,undetermined,MapExactMatch
4250379,,undetermined,MapLicenseFamily
2349840,,undetermined,MapNA
2349840,,undetermined,MapExactID
2349840,,undetermined,MapExactMatch
2349840,,undetermined,MapLicenseFamily
2087703,,undetermined,MapNA
2087703,,undetermined,MapExactID
2087703,,undetermined,MapExactMatch
2087703,,undetermined,MapLicenseFamily
2087703,,undetermined,MapFuzzyMatch
449307,,undetermined,MapNA
449307,,undetermined,MapExactID
449307,,undetermined,MapExactMatch
449307,,undetermined,MapLicenseFamily
449307,,undetermined,MapFuzzyMatch
3332897,,undetermined,MapNA
3332897,,undetermined,MapExactID
3332897,,undetermined,MapExactMatch
3332897,,undetermined,MapLicenseFamily
3332897,,undetermined,MapFuzzyMatch
449316,,undetermined,MapNA
449316,,undetermined,MapExactID
449316,,undetermined,MapExactMatch
449316,,undetermined,MapLicenseFamily
449316,,undetermined,MapFuzzyMatch
252711,,undetermined,MapNA
252711,,undetermined,MapExactID
252711,,undetermined,MapExactMatch
252711,,undetermined,MapLicenseFamily
1170228,,undetermined,MapNA
1170228,,undetermined,MapExactID
1170228,,undetermined,MapExactMatch
1170228,,undetermined,MapLicenseFamily
6085431,,undetermined,MapNA
6085431,,undetermined,MapExactID
6085431,,undetermined,MapExactMatch
6085431,,undetermined,MapLicenseFamily
121669,,undetermined,MapNA
121669,,undetermined,MapExactID
121669,,undetermined,MapExactMatch
121669,,undetermined,MapLicenseFamily
121669,,undetermined,MapFuzzyMatch
3988307,,undetermined,MapNA
3988307,,undetermined,MapExactID
3791702,,undetermined,MapNA
3791702,,undetermined,MapExactID
3791702,,undetermined,MapExactMatch
3791702,,undetermined,MapLicenseFamily
5167958,,undetermined,MapNA
5167958,,undetermined,MapExactID
5167958,,undetermined,MapExactMatch
5167958,,undetermined,MapLicenseFamily
1694554,,undetermined,MapNA
1694554,,undetermined,MapExactID
1694554,,undetermined,MapExactMatch
1694554,,undetermined,MapLicenseFamily
1694554,,undetermined,MapFuzzyMatch
2087774,,undetermined,MapNA
2087774,,undetermined,MapExactID
2087774,,undetermined,MapExactMatch
2087774,,undetermined,MapLicenseFamily
2087774,,undetermined,MapFuzzyMatch
3988320,,undetermined,MapNA
3988320,,undetermined,MapExactID
3988320,,undetermined,MapExactMatch
3988320,,undetermined,MapLicenseFamily
4512611,,undetermined,MapNA
4512611,,undetermined,MapExactID
4512611,,undetermined,MapExactMatch
4512611,,undetermined,MapLicenseFamily
252774,,undetermined,MapNA
252774,,undetermined,MapExactID
252774,,undetermined,MapExactMatch
252774,,undetermined,MapLicenseFamily
1563497,,undetermined,MapNA
1563497,,undetermined,MapExactID
1563497,,undetermined,MapExactMatch
1563497,,undetermined,MapLicenseFamily
7134057,,undetermined,MapNA
7134057,,undetermined,MapExactID
7134057,,undetermined,MapExactMatch
7134057,,undetermined,MapLicenseFamily
7134057,,undetermined,MapFuzzyMatch
777070,,undetermined,MapNA
777070,,undetermined,MapExactID
777070,,undetermined,MapExactMatch
777070,,undetermined,MapLicenseFamily
7068529,,undetermined,MapNA
7068529,,undetermined,MapExactID
7068529,,undetermined,MapExactMatch
7068529,,undetermined,MapLicenseFamily
2153332,,undetermined,MapNA
2153332,,undetermined,MapExactID
2153332,,undetermined,MapExactMatch
2153332,,undetermined,MapLicenseFamily
5167988,,undetermined,MapNA
5167988,,undetermined,MapExactID
5167988,,undetermined,MapExactMatch
5167988,,undetermined,MapLicenseFamily
6282101,,undetermined,MapNA
3201911,,undetermined,MapNA
3201911,,undetermined,MapExactID
3201911,,undetermined,MapExactMatch
3201911,,undetermined,MapLicenseFamily
1039225,,undetermined,MapNA
1039225,,undetermined,MapExactID
1039225,,undetermined,MapExactMatch
1039225,,undetermined,MapLicenseFamily
5495676,,undetermined,MapNA
5495676,,undetermined,MapExactID
5495676,,undetermined,MapExactMatch
5495676,,undetermined,MapLicenseFamily
5495676,,undetermined,MapFuzzyMatch
252801,,undetermined,MapNA
252801,,undetermined,MapExactID
252801,,undetermined,MapExactMatch
252801,,undetermined,MapLicenseFamily
4971394,,undetermined,MapNA
4971394,,undetermined,MapExactID
4971394,,undetermined,MapExactMatch
4971394,,undetermined,MapLicenseFamily
4971394,,undetermined,MapFuzzyMatch
5954435,,undetermined,MapNA
5954435,,undetermined,MapExactID
5954435,,undetermined,MapExactMatch
5954435,,undetermined,MapLicenseFamily
4971396,,undetermined,MapNA
4971396,,undetermined,MapExactID
4971396,,undetermined,MapExactMatch
4971396,,undetermined,MapLicenseFamily
7068545,,undetermined,MapNA
7068545,,undetermined,MapExactID
7068545,,undetermined,MapExactMatch
7068545,,undetermined,MapLicenseFamily
7527308,,undetermined,MapNA
7527308,,undetermined,MapExactID
7527308,,undetermined,MapExactMatch
7527308,,undetermined,MapLicenseFamily
5168020,,undetermined,MapNA
5168020,,undetermined,MapExactID
5168020,,undetermined,MapExactMatch
5168020,,undetermined,MapLicenseFamily
318359,,undetermined,MapNA
318359,,undetermined,MapExactID
318359,,undetermined,MapExactMatch
318359,,undetermined,MapLicenseFamily
2087842,,undetermined,MapNA
2087842,,undetermined,MapExactID
2087842,,undetermined,MapExactMatch
2087842,,undetermined,MapLicenseFamily
4840356,,undetermined,MapNA
4840356,,undetermined,MapExactID
4840356,,undetermined,MapExactMatch
4840356,,undetermined,MapLicenseFamily
2612136,,undetermined,MapNA
2612136,,undetermined,MapExactID
2612136,,undetermined,MapExactMatch
2612136,,undetermined,MapLicenseFamily
121786,,undetermined,MapNA
121786,,undetermined,MapExactID
121786,,undetermined,MapExactMatch
121786,,undetermined,MapLicenseFamily
121786,,undetermined,MapFuzzyMatch
2743228,,undetermined,MapNA
2743228,,undetermined,MapExactID
2743228,,undetermined,MapExactMatch
2743228,,undetermined,MapLicenseFamily
2743228,,undetermined,MapFuzzyMatch
5495741,,undetermined,MapNA
5495741,,undetermined,MapExactID
5495741,,undetermined,MapExactMatch
5495741,,undetermined,MapLicenseFamily
2743238,,undetermined,MapNA
2743238,,undetermined,MapExactID
2743238,,undetermined,MapExactMatch
2743238,,undetermined,MapLicenseFamily
318408,,undetermined,MapNA
318408,,undetermined,MapExactID
318408,,undetermined,MapExactMatch
318408,,undetermined,MapLicenseFamily
5692360,,undetermined,MapNA
5692360,,undetermined,MapExactID
5692360,,undetermined,MapExactMatch
5692360,,undetermined,MapLicenseFamily
7068616,,undetermined,MapNA
7068616,,undetermined,MapExactID
7068616,,undetermined,MapExactMatch
7068616,,undetermined,MapLicenseFamily
4512724,,undetermined,MapNA
4512724,,undetermined,MapExactID
4512724,,undetermined,MapExactMatch
4512724,,undetermined,MapLicenseFamily
4512724,,undetermined,MapFuzzyMatch
121813,,undetermined,MapNA
121813,,undetermined,MapExactID
121813,,undetermined,MapExactMatch
121813,,undetermined,MapLicenseFamily
121813,,undetermined,MapFuzzyMatch
5692373,,undetermined,MapNA
5692373,,undetermined,MapExactID
5299165,,undetermined,MapNA
5299165,,undetermined,MapExactID
5299165,,undetermined,MapExactMatch
5299165,,undetermined,MapLicenseFamily
7396319,,undetermined,MapNA
7396319,,undetermined,MapExactID
7396319,,undetermined,MapExactMatch
7396319,,undetermined,MapLicenseFamily
3464167,,undetermined,MapNA
3464167,,undetermined,MapExactID
3464167,,undetermined,MapExactMatch
3464167,,undetermined,MapLicenseFamily
3726318,,undetermined,MapNA
3726318,,undetermined,MapExactID
3726318,,undetermined,MapExactMatch
3726318,,undetermined,MapLicenseFamily
3726318,,undetermined,MapFuzzyMatch
2153455,,undetermined,MapNA
2153455,,undetermined,MapExactID
2153455,,undetermined,MapExactMatch
2153455,,undetermined,MapLicenseFamily
2612207,,undetermined,MapNA
2612207,,undetermined,MapExactID
2612207,,undetermined,MapExactMatch
2612207,,undetermined,MapLicenseFamily
6151160,,undetermined,MapNA
6151160,,undetermined,MapExactID
6151160,,undetermined,MapExactMatch
6151160,,undetermined,MapLicenseFamily
6151160,,undetermined,MapFuzzyMatch
3726331,,undetermined,MapNA
3726331,,undetermined,MapExactID
3726331,,undetermined,MapExactMatch
3726331,,undetermined,MapLicenseFamily
5823484,,undetermined,MapNA
5823484,,undetermined,MapExactID
5823484,,undetermined,MapExactMatch
5823484,,undetermined,MapLicenseFamily
5823484,,undetermined,MapFuzzyMatch
56323,,undetermined,MapNA
56323,,undetermined,MapExactID
56323,,undetermined,MapExactMatch
56323,,undetermined,MapLicenseFamily
5954563,,undetermined,MapNA
5954563,,undetermined,MapExactID
5954563,,undetermined,MapExactMatch
5954563,,undetermined,MapLicenseFamily
3726342,,undetermined,MapNA
3726342,,undetermined,MapExactID
3726342,,undetermined,MapExactMatch
3726342,,undetermined,MapLicenseFamily
1563659,,undetermined,MapNA
1563659,,undetermined,MapExactID
1563659,,undetermined,MapExactMatch
1563659,,undetermined,MapLicenseFamily
1563659,,undetermined,MapFuzzyMatch
1563660,,undetermined,MapNA
1563660,,undetermined,MapExactID
1563660,,undetermined,MapExactMatch
1563660,,undetermined,MapLicenseFamily
7199755,,undetermined,MapNA
7199755,,undetermined,MapExactID
7199755,,undetermined,MapExactMatch
7199755,,undetermined,MapLicenseFamily
7068686,,undetermined,MapNA
7068686,,undetermined,MapExactID
7068686,,undetermined,MapExactMatch
7068686,,undetermined,MapLicenseFamily
4054033,,undetermined,MapNA
4054033,,undetermined,MapExactID
4054033,,undetermined,MapExactMatch
4054033,,undetermined,MapLicenseFamily
3922963,,undetermined,MapNA
3922963,,undetermined,MapExactID
3922963,,undetermined,MapExactMatch
3922963,,undetermined,MapLicenseFamily
1563669,,undetermined,MapNA
1563669,,undetermined,MapExactID
1563669,,undetermined,MapExactMatch
1563669,,undetermined,MapLicenseFamily
7330837,,undetermined,MapNA
7330837,,undetermined,MapExactID
7330837,,undetermined,MapExactMatch
7330837,,undetermined,MapLicenseFamily
2874395,,undetermined,MapNA
2874395,,undetermined,MapExactID
2874395,,undetermined,MapExactMatch
2874395,,undetermined,MapLicenseFamily
2874395,,undetermined,MapFuzzyMatch
2743331,,undetermined,MapNA
2743331,,undetermined,MapExactID
2743331,,undetermined,MapExactMatch
2743331,,undetermined,MapLicenseFamily
2612267,,undetermined,MapNA
2612267,,undetermined,MapExactID
2612267,,undetermined,MapExactMatch
2612267,,undetermined,MapLicenseFamily
842798,,undetermined,MapNA
842798,,undetermined,MapExactID
842798,,undetermined,MapExactMatch
842798,,undetermined,MapLicenseFamily
187440,,undetermined,MapNA
187440,,undetermined,MapExactID
187440,,undetermined,MapExactMatch
187440,,undetermined,MapLicenseFamily
187440,,undetermined,MapFuzzyMatch
7527474,,undetermined,MapNA
7527474,,undetermined,MapExactID
7527474,,undetermined,MapExactMatch
7527474,,undetermined,MapLicenseFamily
6151219,,undetermined,MapNA
6151219,,undetermined,MapExactID
6151219,,undetermined,MapExactMatch
6151219,,undetermined,MapLicenseFamily
4840500,,undetermined,MapNA
4840500,,undetermined,MapExactID
4840500,,undetermined,MapExactMatch
4840500,,undetermined,MapLicenseFamily
777270,,undetermined,MapNA
777270,,undetermined,MapExactID
777270,,undetermined,MapExactMatch
777270,,undetermined,MapLicenseFamily
6216759,,undetermined,MapNA
6216759,,undetermined,MapExactID
6216759,,undetermined,MapExactMatch
6216759,,undetermined,MapLicenseFamily
3857464,,undetermined,MapNA
3857464,,undetermined,MapExactID
3857464,,undetermined,MapExactMatch
3857464,,undetermined,MapLicenseFamily
3857465,,undetermined,MapNA
3857465,,undetermined,MapExactID
3857465,,undetermined,MapExactMatch
3857465,,undetermined,MapLicenseFamily
6151226,,undetermined,MapNA
6151226,,undetermined,MapExactID
6151226,,undetermined,MapExactMatch
6151226,,undetermined,MapLicenseFamily
7396411,,undetermined,MapNA
7396411,,undetermined,MapExactID
7396411,,undetermined,MapExactMatch
7396411,,undetermined,MapLicenseFamily
4578364,,undetermined,MapNA
4578364,,undetermined,MapExactID
4578364,,undetermined,MapExactMatch
4578364,,undetermined,MapLicenseFamily
5561405,,undetermined,MapNA
5561405,,undetermined,MapExactID
5561405,,undetermined,MapExactMatch
5561405,,undetermined,MapLicenseFamily
5561405,,undetermined,MapFuzzyMatch
7527497,,undetermined,MapNA
7527497,,undetermined,MapExactID
7527497,,undetermined,MapExactMatch
7527497,,undetermined,MapLicenseFamily
7527497,,undetermined,MapFuzzyMatch
3595342,,undetermined,MapNA
3595342,,undetermined,MapExactID
3595342,,undetermined,MapExactMatch
3595342,,undetermined,MapLicenseFamily
4578384,,undetermined,MapNA
4578384,,undetermined,MapExactID
4578384,,undetermined,MapExactMatch
4578384,,undetermined,MapLicenseFamily
3595345,,undetermined,MapNA
3595345,,undetermined,MapExactID
3595345,,undetermined,MapExactMatch
3595345,,undetermined,MapLicenseFamily
6347861,,undetermined,MapNA
6347861,,undetermined,MapExactID
6347861,,undetermined,MapExactMatch
6347861,,undetermined,MapLicenseFamily
842838,,undetermined,MapNA
842838,,undetermined,MapExactID
842838,,undetermined,MapExactMatch
842838,,undetermined,MapLicenseFamily
2677851,,undetermined,MapNA
2677851,,undetermined,MapExactID
2677851,,undetermined,MapExactMatch
2677851,,undetermined,MapLicenseFamily
1891426,,undetermined,MapNA
1891426,,undetermined,MapExactID
1891426,,undetermined,MapExactMatch
1891426,,undetermined,MapLicenseFamily
187491,,undetermined,MapNA
187491,,undetermined,MapExactID
187491,,undetermined,MapExactMatch
187491,,undetermined,MapLicenseFamily
2677858,,undetermined,MapNA
2677858,,undetermined,MapExactID
2677858,,undetermined,MapExactMatch
2677858,,undetermined,MapLicenseFamily
2677858,,undetermined,MapFuzzyMatch
253054,,undetermined,MapNA
253054,,undetermined,MapExactID
253054,,undetermined,MapExactMatch
253054,,undetermined,MapLicenseFamily
253054,,undetermined,MapFuzzyMatch
5561471,,undetermined,MapNA
5561471,,undetermined,MapExactID
5561471,,undetermined,MapExactMatch
5561471,,undetermined,MapLicenseFamily
5561471,,undetermined,MapFuzzyMatch
6216831,,undetermined,MapNA
6216831,,undetermined,MapExactID
6216831,,undetermined,MapExactMatch
6216831,,undetermined,MapLicenseFamily
6216831,,undetermined,MapFuzzyMatch
4643971,,undetermined,MapNA
4643971,,undetermined,MapExactID
4643971,,undetermined,MapExactMatch
4643971,,undetermined,MapLicenseFamily
5495945,,undetermined,MapNA
5495945,,undetermined,MapExactID
5495945,,undetermined,MapExactMatch
5495945,,undetermined,MapLicenseFamily
2350222,,undetermined,MapNA
2350222,,undetermined,MapExactID
2350222,,undetermined,MapExactMatch
2350222,,undetermined,MapLicenseFamily
777365,,undetermined,MapNA
777365,,undetermined,MapExactID
777365,,undetermined,MapExactMatch
777365,,undetermined,MapLicenseFamily
1039510,,undetermined,MapNA
1039510,,undetermined,MapExactID
1039510,,undetermined,MapExactMatch
1039510,,undetermined,MapLicenseFamily
1039510,,undetermined,MapFuzzyMatch
5823642,,undetermined,MapNA
5823642,,undetermined,MapExactID
5823642,,undetermined,MapExactMatch
5823642,,undetermined,MapLicenseFamily
2874525,,undetermined,MapNA
2874525,,undetermined,MapExactID
2874525,,undetermined,MapExactMatch
2874525,,undetermined,MapLicenseFamily
7134366,,undetermined,MapNA
7134366,,undetermined,MapExactID
7134366,,undetermined,MapExactMatch
7134366,,undetermined,MapLicenseFamily
5954719,,undetermined,MapNA
5954719,,undetermined,MapExactID
5954719,,undetermined,MapExactMatch
5954719,,undetermined,MapLicenseFamily
4578466,,undetermined,MapNA
5627049,,undetermined,MapNA
5627049,,undetermined,MapExactID
5627049,,undetermined,MapExactMatch
5627049,,undetermined,MapLicenseFamily
5299373,,undetermined,MapNA
5299373,,undetermined,MapExactID
5299373,,undetermined,MapExactMatch
5299373,,undetermined,MapLicenseFamily
5299373,,undetermined,MapFuzzyMatch
318639,,undetermined,MapNA
318639,,undetermined,MapExactID
318639,,undetermined,MapExactMatch
318639,,undetermined,MapLicenseFamily
5627059,,undetermined,MapNA
5627059,,undetermined,MapExactID
5627059,,undetermined,MapExactMatch
5627059,,undetermined,MapLicenseFamily
5627059,,undetermined,MapFuzzyMatch
4906165,,undetermined,MapNA
4906165,,undetermined,MapExactID
4906165,,undetermined,MapExactMatch
4906165,,undetermined,MapLicenseFamily
4906165,,undetermined,MapFuzzyMatch
5627063,,undetermined,MapNA
5627063,,undetermined,MapExactID
5627063,,undetermined,MapExactMatch
5627063,,undetermined,MapLicenseFamily
7527610,,undetermined,MapNA
7527610,,undetermined,MapExactID
7527610,,undetermined,MapExactMatch
7527610,,undetermined,MapLicenseFamily
7396542,,undetermined,MapNA
7396542,,undetermined,MapExactID
7396542,,undetermined,MapExactMatch
7396542,,undetermined,MapLicenseFamily
7396542,,undetermined,MapFuzzyMatch
5430465,,undetermined,MapNA
5430465,,undetermined,MapExactID
5430465,,undetermined,MapExactMatch
5430465,,undetermined,MapLicenseFamily
449731,,undetermined,MapNA
449731,,undetermined,MapExactID
449731,,undetermined,MapExactMatch
449731,,undetermined,MapLicenseFamily
449731,,undetermined,MapFuzzyMatch
5102789,,undetermined,MapNA
5102789,,undetermined,MapExactID
5102789,,undetermined,MapExactMatch
5102789,,undetermined,MapLicenseFamily
2612422,,undetermined,MapNA
2612422,,undetermined,MapExactID
2612422,,undetermined,MapExactMatch
2612422,,undetermined,MapLicenseFamily
3071174,,undetermined,MapNA
3071174,,undetermined,MapExactID
3071174,,undetermined,MapExactMatch
3071174,,undetermined,MapLicenseFamily
6085833,,undetermined,MapNA
6085833,,undetermined,MapExactID
6085833,,undetermined,MapExactMatch
6085833,,undetermined,MapLicenseFamily
3005646,,undetermined,MapNA
3005646,,undetermined,MapExactID
3005646,,undetermined,MapExactMatch
3005646,,undetermined,MapLicenseFamily
2153685,,undetermined,MapNA
2153685,,undetermined,MapExactID
2153685,,undetermined,MapExactMatch
2153685,,undetermined,MapLicenseFamily
5627094,,undetermined,MapNA
5627094,,undetermined,MapExactID
5627094,,undetermined,MapExactMatch
5627094,,undetermined,MapLicenseFamily
7068888,,undetermined,MapNA
7068888,,undetermined,MapExactID
7068888,,undetermined,MapExactMatch
7068888,,undetermined,MapLicenseFamily
1694940,,undetermined,MapNA
1694940,,undetermined,MapExactID
1694940,,undetermined,MapExactMatch
1694940,,undetermined,MapLicenseFamily
7068892,,undetermined,MapNA
7068892,,undetermined,MapExactID
7068892,,undetermined,MapExactMatch
7068892,,undetermined,MapLicenseFamily
7527645,,undetermined,MapNA
7527645,,undetermined,MapExactID
7527645,,undetermined,MapExactMatch
7527645,,undetermined,MapLicenseFamily
5102817,,undetermined,MapNA
5102817,,undetermined,MapExactID
5102817,,undetermined,MapExactMatch
5102817,,undetermined,MapLicenseFamily
3398889,,undetermined,MapNA
3398889,,undetermined,MapExactID
3398889,,undetermined,MapExactMatch
3398889,,undetermined,MapLicenseFamily
122091,,undetermined,MapNA
122091,,undetermined,MapExactID
122091,,undetermined,MapExactMatch
122091,,undetermined,MapLicenseFamily
5561580,,undetermined,MapNA
5561580,,undetermined,MapExactID
5561580,,undetermined,MapExactMatch
5561580,,undetermined,MapLicenseFamily
6675693,,undetermined,MapNA
6675693,,undetermined,MapExactID
6675693,,undetermined,MapExactMatch
6675693,,undetermined,MapLicenseFamily
2546926,,undetermined,MapNA
2546926,,undetermined,MapExactID
2546926,,undetermined,MapExactMatch
2546926,,undetermined,MapLicenseFamily
5168374,,undetermined,MapNA
5168374,,undetermined,MapExactID
5168374,,undetermined,MapExactMatch
5168374,,undetermined,MapLicenseFamily
2546942,,undetermined,MapNA
2546942,,undetermined,MapExactID
2546942,,undetermined,MapExactMatch
2546942,,undetermined,MapLicenseFamily
3661058,,undetermined,MapNA
3661058,,undetermined,MapExactID
3661058,,undetermined,MapExactMatch
3661058,,undetermined,MapLicenseFamily
3661058,,undetermined,MapFuzzyMatch
5561611,,undetermined,MapNA
5561611,,undetermined,MapExactID
5561611,,undetermined,MapExactMatch
5561611,,undetermined,MapLicenseFamily
5561611,,undetermined,MapFuzzyMatch
2940174,,undetermined,MapNA
2940174,,undetermined,MapExactID
2940174,,undetermined,MapExactMatch
2940174,,undetermined,MapLicenseFamily
2940174,,undetermined,MapFuzzyMatch
4513038,,undetermined,MapNA
4513038,,undetermined,MapExactID
4513038,,undetermined,MapExactMatch
4513038,,undetermined,MapLicenseFamily
5627151,,undetermined,MapNA
5627151,,undetermined,MapExactID
5627151,,undetermined,MapExactMatch
5627151,,undetermined,MapLicenseFamily
5627151,,undetermined,MapFuzzyMatch
4513054,,undetermined,MapNA
4513054,,undetermined,MapExactID
4513054,,undetermined,MapExactMatch
4513054,,undetermined,MapLicenseFamily
2678048,,undetermined,MapNA
2678048,,undetermined,MapExactID
2678048,,undetermined,MapExactMatch
2678048,,undetermined,MapLicenseFamily
5692711,,undetermined,MapNA
5692711,,undetermined,MapExactID
5692711,,undetermined,MapExactMatch
5692711,,undetermined,MapLicenseFamily
2547002,,undetermined,MapNA
2547002,,undetermined,MapExactID
2547002,,undetermined,MapExactMatch
2547002,,undetermined,MapLicenseFamily
3464507,,undetermined,MapNA
3464507,,undetermined,MapExactID
3464507,,undetermined,MapExactMatch
3464507,,undetermined,MapLicenseFamily
318780,,undetermined,MapNA
318780,,undetermined,MapExactID
318780,,undetermined,MapExactMatch
318780,,undetermined,MapLicenseFamily
7396669,,undetermined,MapNA
7396669,,undetermined,MapExactID
7396669,,undetermined,MapExactMatch
7396669,,undetermined,MapLicenseFamily
5496126,,undetermined,MapNA
5496126,,undetermined,MapExactID
5496126,,undetermined,MapExactMatch
5496126,,undetermined,MapLicenseFamily
7396671,,undetermined,MapNA
7396671,,undetermined,MapExactID
7396671,,undetermined,MapExactMatch
7396671,,undetermined,MapLicenseFamily
2350400,,undetermined,MapNA
2350400,,undetermined,MapExactID
2350400,,undetermined,MapExactMatch
2350400,,undetermined,MapLicenseFamily
5496130,,undetermined,MapNA
5496130,,undetermined,MapExactID
5496130,,undetermined,MapExactMatch
5496130,,undetermined,MapLicenseFamily
3661129,,undetermined,MapNA
3661129,,undetermined,MapExactID
3661129,,undetermined,MapExactMatch
3661129,,undetermined,MapLicenseFamily
3398988,,undetermined,MapNA
3398988,,undetermined,MapExactID
3398988,,undetermined,MapExactMatch
3398988,,undetermined,MapLicenseFamily
2874703,,undetermined,MapNA
2874703,,undetermined,MapExactID
2874703,,undetermined,MapExactMatch
2874703,,undetermined,MapLicenseFamily
7069013,,undetermined,MapNA
7069013,,undetermined,MapExactID
7069013,,undetermined,MapExactMatch
7069013,,undetermined,MapLicenseFamily
646487,,undetermined,MapNA
646487,,undetermined,MapExactID
646487,,undetermined,MapExactMatch
646487,,undetermined,MapLicenseFamily
5496160,,undetermined,MapNA
5496160,,undetermined,MapExactID
5496160,,undetermined,MapExactMatch
5496160,,undetermined,MapLicenseFamily
5627235,,undetermined,MapNA
5627235,,undetermined,MapExactID
5627235,,undetermined,MapExactMatch
5627235,,undetermined,MapLicenseFamily
4971891,,undetermined,MapNA
4971891,,undetermined,MapExactID
4971891,,undetermined,MapExactMatch
4971891,,undetermined,MapLicenseFamily
6282617,,undetermined,MapNA
6282617,,undetermined,MapExactID
6282617,,undetermined,MapExactMatch
6282617,,undetermined,MapLicenseFamily
2022784,,undetermined,MapNA
2022784,,undetermined,MapExactID
2022784,,undetermined,MapExactMatch
2022784,,undetermined,MapLicenseFamily
5234052,,undetermined,MapNA
5234052,,undetermined,MapExactID
5234052,,undetermined,MapExactMatch
5234052,,undetermined,MapLicenseFamily
1039762,,undetermined,MapNA
1039762,,undetermined,MapExactID
1039762,,undetermined,MapExactMatch
1039762,,undetermined,MapLicenseFamily
3202451,,undetermined,MapNA
3202451,,undetermined,MapExactID
3202451,,undetermined,MapExactMatch
3202451,,undetermined,MapLicenseFamily
646548,,undetermined,MapNA
646548,,undetermined,MapExactID
646548,,undetermined,MapExactMatch
646548,,undetermined,MapLicenseFamily
4906388,,undetermined,MapNA
4906388,,undetermined,MapExactID
4906388,,undetermined,MapExactMatch
4906388,,undetermined,MapLicenseFamily
6675870,,undetermined,MapNA
6675870,,undetermined,MapExactID
6675870,,undetermined,MapExactMatch
6675870,,undetermined,MapLicenseFamily
6675870,,undetermined,MapFuzzyMatch
5430696,,undetermined,MapNA
5430696,,undetermined,MapExactID
5430696,,undetermined,MapExactMatch
5430696,,undetermined,MapLicenseFamily
5430696,,undetermined,MapFuzzyMatch
5561771,,undetermined,MapNA
5561771,,undetermined,MapExactID
5561771,,undetermined,MapExactMatch
5561771,,undetermined,MapLicenseFamily
3005868,,undetermined,MapNA
3005868,,undetermined,MapExactID
3005868,,undetermined,MapExactMatch
3005868,,undetermined,MapLicenseFamily
5612369,,undetermined,MapNA
5612369,,undetermined,MapExactID
5612369,,undetermined,MapExactMatch
5612369,,undetermined,MapLicenseFamily
4971955,,undetermined,MapNA
4971955,,undetermined,MapExactID
4971955,,undetermined,MapExactMatch
4971955,,undetermined,MapLicenseFamily
2874807,,undetermined,MapNA
2874807,,undetermined,MapExactID
2874807,,undetermined,MapExactMatch
2874807,,undetermined,MapLicenseFamily
318909,,undetermined,MapNA
318909,,undetermined,MapExactID
318909,,undetermined,MapExactMatch
318909,,undetermined,MapLicenseFamily
2153920,,undetermined,MapNA
2153920,,undetermined,MapExactID
2153920,,undetermined,MapExactMatch
2153920,,undetermined,MapLicenseFamily
2809280,,undetermined,MapNA
2809280,,undetermined,MapExactID
2809280,,undetermined,MapExactMatch
2809280,,undetermined,MapLicenseFamily
6086084,,undetermined,MapNA
6086084,,undetermined,MapExactID
6086084,,undetermined,MapExactMatch
6086084,,undetermined,MapLicenseFamily
7462340,,undetermined,MapNA
7462340,,undetermined,MapExactID
7462340,,undetermined,MapExactMatch
7462340,,undetermined,MapLicenseFamily
6282700,,undetermined,MapNA
6282700,,undetermined,MapExactID
6282700,,undetermined,MapExactMatch
6282700,,undetermined,MapLicenseFamily
2743762,,undetermined,MapNA
2743762,,undetermined,MapExactID
2743762,,undetermined,MapExactMatch
2743762,,undetermined,MapLicenseFamily
2743762,,undetermined,MapFuzzyMatch
1105370,,undetermined,MapNA
1105370,,undetermined,MapExactID
1105370,,undetermined,MapExactMatch
1105370,,undetermined,MapLicenseFamily
4578783,,undetermined,MapNA
4578783,,undetermined,MapExactID
4578783,,undetermined,MapExactMatch
4578783,,undetermined,MapLicenseFamily
1170913,,undetermined,MapNA
1170913,,undetermined,MapExactID
1170913,,undetermined,MapExactMatch
1170913,,undetermined,MapLicenseFamily
5692898,,undetermined,MapNA
5692898,,undetermined,MapExactID
5692898,,undetermined,MapExactMatch
5692898,,undetermined,MapLicenseFamily
7593444,,undetermined,MapNA
7593444,,undetermined,MapExactID
7593444,,undetermined,MapExactMatch
7593444,,undetermined,MapLicenseFamily
3661286,,undetermined,MapNA
3661286,,undetermined,MapExactID
3661286,,undetermined,MapExactMatch
3661286,,undetermined,MapLicenseFamily
2350567,,undetermined,MapNA
2350567,,undetermined,MapExactID
2350567,,undetermined,MapExactMatch
2350567,,undetermined,MapLicenseFamily
2350567,,undetermined,MapFuzzyMatch
6020582,,undetermined,MapNA
6020582,,undetermined,MapExactID
6020582,,undetermined,MapExactMatch
6020582,,undetermined,MapLicenseFamily
3923438,,undetermined,MapNA
3923438,,undetermined,MapExactID
3923438,,undetermined,MapExactMatch
3923438,,undetermined,MapLicenseFamily
5168622,,undetermined,MapNA
5168622,,undetermined,MapExactID
5168622,,undetermined,MapExactMatch
5168622,,undetermined,MapLicenseFamily
5496330,,undetermined,MapNA
5496330,,undetermined,MapExactID
5496330,,undetermined,MapExactMatch
5496330,,undetermined,MapLicenseFamily
5168652,,undetermined,MapNA
5168652,,undetermined,MapExactID
5168652,,undetermined,MapExactMatch
5168652,,undetermined,MapLicenseFamily
2547218,,undetermined,MapNA
2547218,,undetermined,MapExactID
2547218,,undetermined,MapExactMatch
2547218,,undetermined,MapLicenseFamily
5299731,,undetermined,MapNA
5299731,,undetermined,MapExactID
5299731,,undetermined,MapExactMatch
5299731,,undetermined,MapLicenseFamily
5299731,,undetermined,MapFuzzyMatch
7659026,,undetermined,MapNA
7659026,,undetermined,MapExactID
7659026,,undetermined,MapExactMatch
7659026,,undetermined,MapLicenseFamily
7659026,,undetermined,MapFuzzyMatch
6348311,,undetermined,MapNA
6348311,,undetermined,MapExactID
6348311,,undetermined,MapExactMatch
6348311,,undetermined,MapLicenseFamily
2154013,,undetermined,MapNA
2154013,,undetermined,MapExactID
2154013,,undetermined,MapExactMatch
2154013,,undetermined,MapLicenseFamily
2154013,,undetermined,MapFuzzyMatch
5168675,,undetermined,MapNA
5168675,,undetermined,MapExactID
5168675,,undetermined,MapExactMatch
5168675,,undetermined,MapLicenseFamily
3661348,,undetermined,MapNA
3661348,,undetermined,MapExactID
3661348,,undetermined,MapExactMatch
3661348,,undetermined,MapLicenseFamily
1170985,,undetermined,MapNA
1170985,,undetermined,MapExactID
1170985,,undetermined,MapExactMatch
1170985,,undetermined,MapLicenseFamily
4054569,,undetermined,MapNA
4054569,,undetermined,MapExactID
4054569,,undetermined,MapExactMatch
4054569,,undetermined,MapLicenseFamily
974381,,undetermined,MapNA
974381,,undetermined,MapExactID
974381,,undetermined,MapExactMatch
974381,,undetermined,MapLicenseFamily
974381,,undetermined,MapFuzzyMatch
3530290,,undetermined,MapNA
3530290,,undetermined,MapExactID
3530290,,undetermined,MapExactMatch
3530290,,undetermined,MapLicenseFamily
5168697,,undetermined,MapNA
5168697,,undetermined,MapExactID
5168697,,undetermined,MapExactMatch
5168697,,undetermined,MapLicenseFamily
3530298,,undetermined,MapNA
3530298,,undetermined,MapExactID
3530298,,undetermined,MapExactMatch
3530298,,undetermined,MapLicenseFamily
2678341,,undetermined,MapNA
2678341,,undetermined,MapExactID
2678341,,undetermined,MapExactMatch
2678341,,undetermined,MapLicenseFamily
2678341,,undetermined,MapFuzzyMatch
7134813,,undetermined,MapNA
7134813,,undetermined,MapExactID
7134813,,undetermined,MapExactMatch
7134813,,undetermined,MapLicenseFamily
3792479,,undetermined,MapNA
3792479,,undetermined,MapExactID
3792479,,undetermined,MapExactMatch
3792479,,undetermined,MapLicenseFamily
2350697,,undetermined,MapNA
2350697,,undetermined,MapExactID
2350697,,undetermined,MapExactMatch
2350697,,undetermined,MapLicenseFamily
712304,,undetermined,MapNA
712304,,undetermined,MapExactID
712304,,undetermined,MapExactMatch
712304,,undetermined,MapLicenseFamily
3333747,,undetermined,MapNA
3333747,,undetermined,MapExactID
3333747,,undetermined,MapExactMatch
3333747,,undetermined,MapLicenseFamily
5299851,,undetermined,MapNA
5299851,,undetermined,MapExactID
5299851,,undetermined,MapExactMatch
5299851,,undetermined,MapLicenseFamily
1826444,,undetermined,MapNA
1826444,,undetermined,MapExactID
1826444,,undetermined,MapExactMatch
1826444,,undetermined,MapLicenseFamily
1826444,,undetermined,MapFuzzyMatch
843406,,undetermined,MapNA
843406,,undetermined,MapExactID
843406,,undetermined,MapExactMatch
843406,,undetermined,MapLicenseFamily
188048,,undetermined,MapNA
188048,,undetermined,MapExactID
188048,,undetermined,MapExactMatch
188048,,undetermined,MapLicenseFamily
7528081,,undetermined,MapNA
7528081,,undetermined,MapExactID
7528081,,undetermined,MapExactMatch
7528081,,undetermined,MapLicenseFamily
5955221,,undetermined,MapNA
5955221,,undetermined,MapExactID
5955221,,undetermined,MapExactMatch
5955221,,undetermined,MapLicenseFamily
4578970,,undetermined,MapNA
4578970,,undetermined,MapExactID
4578970,,undetermined,MapExactMatch
4578970,,undetermined,MapLicenseFamily
6020776,,undetermined,MapNA
6020776,,undetermined,MapExactID
6020776,,undetermined,MapExactMatch
6020776,,undetermined,MapLicenseFamily
6020776,,undetermined,MapFuzzyMatch
5562025,,undetermined,MapNA
5562025,,undetermined,MapExactID
5562025,,undetermined,MapExactMatch
5562025,,undetermined,MapLicenseFamily
7528112,,undetermined,MapNA
7528112,,undetermined,MapExactID
7528112,,undetermined,MapExactMatch
7528112,,undetermined,MapLicenseFamily
4054709,,undetermined,MapNA
4054709,,undetermined,MapExactID
4054709,,undetermined,MapExactMatch
4054709,,undetermined,MapLicenseFamily
3661494,,undetermined,MapNA
3661494,,undetermined,MapExactID
3661494,,undetermined,MapExactMatch
3661494,,undetermined,MapLicenseFamily
5562037,,undetermined,MapNA
5562037,,undetermined,MapExactID
5562037,,undetermined,MapExactMatch
5562037,,undetermined,MapLicenseFamily
7528132,,undetermined,MapNA
7528132,,undetermined,MapExactID
7528132,,undetermined,MapExactMatch
7528132,,undetermined,MapLicenseFamily
7528132,,undetermined,MapFuzzyMatch
843461,,undetermined,MapNA
843461,,undetermined,MapExactID
843461,,undetermined,MapExactMatch
843461,,undetermined,MapLicenseFamily
3071688,,undetermined,MapNA
3071688,,undetermined,MapExactID
3071688,,undetermined,MapExactMatch
3071688,,undetermined,MapLicenseFamily
3006156,,undetermined,MapNA
3006156,,undetermined,MapExactID
3006156,,undetermined,MapExactMatch
3006156,,undetermined,MapLicenseFamily
2612944,,undetermined,MapNA
2612944,,undetermined,MapExactID
2612944,,undetermined,MapExactMatch
2612944,,undetermined,MapLicenseFamily
6020816,,undetermined,MapNA
6020816,,undetermined,MapExactID
6020816,,undetermined,MapExactMatch
6020816,,undetermined,MapLicenseFamily
6020816,,undetermined,MapFuzzyMatch
6020820,,undetermined,MapNA
6020820,,undetermined,MapExactID
6020820,,undetermined,MapExactMatch
6020820,,undetermined,MapLicenseFamily
1760982,,undetermined,MapNA
1760982,,undetermined,MapExactID
1760982,,undetermined,MapExactMatch
1760982,,undetermined,MapLicenseFamily
6151913,,undetermined,MapNA
6151913,,undetermined,MapExactID
6151913,,undetermined,MapExactMatch
6151913,,undetermined,MapLicenseFamily
2416367,,undetermined,MapNA
2416367,,undetermined,MapExactID
2416367,,undetermined,MapExactMatch
2416367,,undetermined,MapLicenseFamily
2416367,,undetermined,MapFuzzyMatch
5299952,,undetermined,MapNA
5299952,,undetermined,MapExactID
5299952,,undetermined,MapExactMatch
5299952,,undetermined,MapLicenseFamily
6282997,,undetermined,MapNA
6282997,,undetermined,MapExactID
6282997,,undetermined,MapExactMatch
6282997,,undetermined,MapLicenseFamily
5168886,,undetermined,MapNA
5168886,,undetermined,MapExactID
5168886,,undetermined,MapExactMatch
5168886,,undetermined,MapLicenseFamily
4185854,,undetermined,MapNA
4185854,,undetermined,MapExactID
4185854,,undetermined,MapExactMatch
4185854,,undetermined,MapLicenseFamily
2612995,,undetermined,MapNA
2612995,,undetermined,MapExactID
2612995,,undetermined,MapExactMatch
2612995,,undetermined,MapLicenseFamily
2612995,,undetermined,MapFuzzyMatch
3137284,,undetermined,MapNA
3137284,,undetermined,MapExactID
3137284,,undetermined,MapExactMatch
3137284,,undetermined,MapLicenseFamily
3137284,,undetermined,MapFuzzyMatch
3006217,,undetermined,MapNA
3006217,,undetermined,MapExactID
3006217,,undetermined,MapExactMatch
3006217,,undetermined,MapLicenseFamily
3006217,,undetermined,MapFuzzyMatch
974604,,undetermined,MapNA
974604,,undetermined,MapExactID
974604,,undetermined,MapExactMatch
974604,,undetermined,MapLicenseFamily
3596051,,undetermined,MapNA
3596051,,undetermined,MapExactID
3596051,,undetermined,MapExactMatch
3596051,,undetermined,MapLicenseFamily
2744086,,undetermined,MapNA
2744086,,undetermined,MapExactID
2744086,,undetermined,MapExactMatch
2744086,,undetermined,MapLicenseFamily
843549,,undetermined,MapNA
843549,,undetermined,MapExactID
843549,,undetermined,MapExactMatch
843549,,undetermined,MapLicenseFamily
1761054,,undetermined,MapNA
1761054,,undetermined,MapExactID
1761054,,undetermined,MapExactMatch
1761054,,undetermined,MapLicenseFamily
319263,,undetermined,MapNA
319263,,undetermined,MapExactID
319263,,undetermined,MapExactMatch
319263,,undetermined,MapLicenseFamily
5168934,,undetermined,MapNA
5168934,,undetermined,MapExactID
5168934,,undetermined,MapExactMatch
5168934,,undetermined,MapLicenseFamily
3071795,,undetermined,MapNA
3071795,,undetermined,MapExactID
3071795,,undetermined,MapExactMatch
3071795,,undetermined,MapLicenseFamily
3071795,,undetermined,MapFuzzyMatch
3071798,,undetermined,MapNA
3071798,,undetermined,MapExactID
3071798,,undetermined,MapExactMatch
3071798,,undetermined,MapLicenseFamily
3596087,,undetermined,MapNA
3596087,,undetermined,MapExactID
3596087,,undetermined,MapExactMatch
3596087,,undetermined,MapLicenseFamily
3596087,,undetermined,MapFuzzyMatch
3333951,,undetermined,MapNA
3333951,,undetermined,MapExactID
3333951,,undetermined,MapExactMatch
3333951,,undetermined,MapLicenseFamily
2547520,,undetermined,MapNA
2547520,,undetermined,MapExactID
2547520,,undetermined,MapExactMatch
2547520,,undetermined,MapLicenseFamily
2547520,,undetermined,MapFuzzyMatch
3596096,,undetermined,MapNA
3596096,,undetermined,MapExactID
3596096,,undetermined,MapExactMatch
3596096,,undetermined,MapLicenseFamily
5955402,,undetermined,MapNA
5955402,,undetermined,MapExactID
5955402,,undetermined,MapExactMatch
5955402,,undetermined,MapLicenseFamily
1761100,,undetermined,MapNA
1761100,,undetermined,MapExactID
1761100,,undetermined,MapExactMatch
1761100,,undetermined,MapLicenseFamily
7528271,,undetermined,MapNA
7528271,,undetermined,MapExactID
7528271,,undetermined,MapExactMatch
7528271,,undetermined,MapLicenseFamily
7528271,,undetermined,MapFuzzyMatch
2154320,,undetermined,MapNA
2154320,,undetermined,MapExactID
2154320,,undetermined,MapExactMatch
2154320,,undetermined,MapLicenseFamily
2613083,,undetermined,MapNA
2613083,,undetermined,MapExactID
2613083,,undetermined,MapExactMatch
2613083,,undetermined,MapLicenseFamily
7200606,,undetermined,MapNA
7200606,,undetermined,MapExactID
7200606,,undetermined,MapExactMatch
7200606,,undetermined,MapLicenseFamily
7593826,,undetermined,MapNA
7593826,,undetermined,MapExactID
7593826,,undetermined,MapExactMatch
7593826,,undetermined,MapLicenseFamily
7593826,,undetermined,MapFuzzyMatch
5955428,,undetermined,MapNA
5955428,,undetermined,MapExactID
5955428,,undetermined,MapExactMatch
5955428,,undetermined,MapLicenseFamily
2154346,,undetermined,MapNA
2154346,,undetermined,MapExactID
2154346,,undetermined,MapExactMatch
2154346,,undetermined,MapLicenseFamily
1105773,,undetermined,MapNA
1105773,,undetermined,MapExactID
1105773,,undetermined,MapExactMatch
1105773,,undetermined,MapLicenseFamily
5431151,,undetermined,MapNA
5431151,,undetermined,MapExactID
5431151,,undetermined,MapExactMatch
5431151,,undetermined,MapLicenseFamily
3399536,,undetermined,MapNA
3399536,,undetermined,MapExactID
3399536,,undetermined,MapExactMatch
3399536,,undetermined,MapLicenseFamily
1957746,,undetermined,MapNA
1957746,,undetermined,MapExactID
1957746,,undetermined,MapExactMatch
1957746,,undetermined,MapLicenseFamily
5431156,,undetermined,MapNA
5431156,,undetermined,MapExactID
5431156,,undetermined,MapExactMatch
5431156,,undetermined,MapLicenseFamily
5431156,,undetermined,MapFuzzyMatch
7266172,,undetermined,MapNA
7266172,,undetermined,MapExactID
7266172,,undetermined,MapExactMatch
7266172,,undetermined,MapLicenseFamily
7397247,,undetermined,MapNA
7397247,,undetermined,MapExactID
7397247,,undetermined,MapExactMatch
7397247,,undetermined,MapLicenseFamily
6283138,,undetermined,MapNA
6283138,,undetermined,MapExactID
6283138,,undetermined,MapExactMatch
6283138,,undetermined,MapLicenseFamily
6545283,,undetermined,MapNA
6545283,,undetermined,MapExactID
6545283,,undetermined,MapExactMatch
6545283,,undetermined,MapLicenseFamily
4513671,,undetermined,MapNA
4513671,,undetermined,MapExactID
4513671,,undetermined,MapExactMatch
4513671,,undetermined,MapLicenseFamily
2613131,,undetermined,MapNA
2613131,,undetermined,MapExactID
2613131,,undetermined,MapExactMatch
2613131,,undetermined,MapLicenseFamily
2613131,,undetermined,MapFuzzyMatch
515986,,undetermined,MapNA
515986,,undetermined,MapExactID
515986,,undetermined,MapExactMatch
515986,,undetermined,MapLicenseFamily
515986,,undetermined,MapFuzzyMatch
188311,,undetermined,MapNA
188311,,undetermined,MapExactID
188311,,undetermined,MapExactMatch
188311,,undetermined,MapLicenseFamily
319387,,undetermined,MapNA
319387,,undetermined,MapExactID
319387,,undetermined,MapExactMatch
319387,,undetermined,MapLicenseFamily
1761179,,undetermined,MapNA
1761179,,undetermined,MapExactID
1761179,,undetermined,MapExactMatch
1761179,,undetermined,MapLicenseFamily
57248,,undetermined,MapNA
57248,,undetermined,MapExactID
57248,,undetermined,MapExactMatch
57248,,undetermined,MapLicenseFamily
57248,,undetermined,MapFuzzyMatch
2285473,,undetermined,MapNA
2285473,,undetermined,MapExactID
2285473,,undetermined,MapExactMatch
2285473,,undetermined,MapLicenseFamily
6676387,,undetermined,MapNA
6676387,,undetermined,MapExactID
6676387,,undetermined,MapExactMatch
6676387,,undetermined,MapLicenseFamily
2154412,,undetermined,MapNA
2154412,,undetermined,MapExactID
2154412,,undetermined,MapExactMatch
2154412,,undetermined,MapLicenseFamily
516014,,undetermined,MapNA
516014,,undetermined,MapExactID
516014,,undetermined,MapExactMatch
516014,,undetermined,MapLicenseFamily
516014,,undetermined,MapFuzzyMatch
122800,,undetermined,MapNA
122800,,undetermined,MapExactID
122800,,undetermined,MapExactMatch
122800,,undetermined,MapLicenseFamily
122800,,undetermined,MapFuzzyMatch
319408,,undetermined,MapNA
319408,,undetermined,MapExactID
319408,,undetermined,MapExactMatch
319408,,undetermined,MapLicenseFamily
4186040,,undetermined,MapNA
4186040,,undetermined,MapExactID
4186040,,undetermined,MapExactMatch
4186040,,undetermined,MapLicenseFamily
6676408,,undetermined,MapNA
6676408,,undetermined,MapExactID
1761217,,undetermined,MapNA
1761217,,undetermined,MapExactID
1761217,,undetermined,MapExactMatch
1761217,,undetermined,MapLicenseFamily
1761217,,undetermined,MapFuzzyMatch
122818,,undetermined,MapNA
450499,,undetermined,MapNA
450499,,undetermined,MapExactID
450499,,undetermined,MapExactMatch
450499,,undetermined,MapLicenseFamily
7004098,,undetermined,MapNA
7004098,,undetermined,MapExactID
7004098,,undetermined,MapExactMatch
7004098,,undetermined,MapLicenseFamily
3334085,,undetermined,MapNA
3334085,,undetermined,MapExactID
3334085,,undetermined,MapExactMatch
3334085,,undetermined,MapLicenseFamily
57302,,undetermined,MapNA
57302,,undetermined,MapExactID
57302,,undetermined,MapExactMatch
57302,,undetermined,MapLicenseFamily
57303,,undetermined,MapNA
57303,,undetermined,MapExactID
57303,,undetermined,MapExactMatch
57303,,undetermined,MapLicenseFamily
57306,,undetermined,MapNA
57306,,undetermined,MapExactID
57306,,undetermined,MapExactMatch
57306,,undetermined,MapLicenseFamily
1040352,,undetermined,MapNA
1040352,,undetermined,MapExactID
1040352,,undetermined,MapExactMatch
1040352,,undetermined,MapLicenseFamily
7200737,,undetermined,MapNA
7200737,,undetermined,MapExactID
7200737,,undetermined,MapExactMatch
7200737,,undetermined,MapLicenseFamily
6676474,,undetermined,MapNA
6676474,,undetermined,MapExactID
6676474,,undetermined,MapExactMatch
6676474,,undetermined,MapLicenseFamily
2547707,,undetermined,MapNA
2547707,,undetermined,MapExactID
2547707,,undetermined,MapExactMatch
2547707,,undetermined,MapLicenseFamily
2744327,,undetermined,MapNA
2744327,,undetermined,MapExactID
2744327,,undetermined,MapExactMatch
2744327,,undetermined,MapLicenseFamily
5496843,,undetermined,MapNA
5496843,,undetermined,MapExactID
3596309,,undetermined,MapNA
3596309,,undetermined,MapExactID
3596309,,undetermined,MapExactMatch
3596309,,undetermined,MapLicenseFamily
2154520,,undetermined,MapNA
2154520,,undetermined,MapExactID
2154520,,undetermined,MapExactMatch
2154520,,undetermined,MapLicenseFamily
2154520,,undetermined,MapFuzzyMatch
253986,,undetermined,MapNA
253986,,undetermined,MapExactID
253986,,undetermined,MapExactMatch
253986,,undetermined,MapLicenseFamily
3399717,,undetermined,MapNA
3399717,,undetermined,MapExactID
3399717,,undetermined,MapExactMatch
3399717,,undetermined,MapLicenseFamily
5300266,,undetermined,MapNA
5300266,,undetermined,MapExactID
5300266,,undetermined,MapExactMatch
5300266,,undetermined,MapLicenseFamily
5300266,,undetermined,MapFuzzyMatch
1957953,,undetermined,MapNA
1957953,,undetermined,MapExactID
1957953,,undetermined,MapExactMatch
1957953,,undetermined,MapLicenseFamily
1957953,,undetermined,MapFuzzyMatch
2809921,,undetermined,MapNA
2809921,,undetermined,MapExactID
2809921,,undetermined,MapExactMatch
2809921,,undetermined,MapLicenseFamily
843843,,undetermined,MapNA
843843,,undetermined,MapExactID
843843,,undetermined,MapExactMatch
843843,,undetermined,MapLicenseFamily
254020,,undetermined,MapNA
254020,,undetermined,MapExactID
254020,,undetermined,MapExactMatch
254020,,undetermined,MapLicenseFamily
3596360,,undetermined,MapNA
3596360,,undetermined,MapExactID
3596360,,undetermined,MapExactMatch
3596360,,undetermined,MapLicenseFamily
57418,,undetermined,MapNA
57418,,undetermined,MapExactID
57418,,undetermined,MapExactMatch
57418,,undetermined,MapLicenseFamily
3203151,,undetermined,MapNA
3203151,,undetermined,MapExactID
3203151,,undetermined,MapExactMatch
3203151,,undetermined,MapLicenseFamily
3792986,,undetermined,MapNA
3792986,,undetermined,MapExactID
3792986,,undetermined,MapExactMatch
3792986,,undetermined,MapLicenseFamily
4907100,,undetermined,MapNA
4907100,,undetermined,MapExactID
4907100,,undetermined,MapExactMatch
4907100,,undetermined,MapLicenseFamily
3596386,,undetermined,MapNA
3596386,,undetermined,MapExactID
3596386,,undetermined,MapExactMatch
3596386,,undetermined,MapLicenseFamily
3596386,,undetermined,MapFuzzyMatch
2744430,,undetermined,MapNA
2744430,,undetermined,MapExactID
2744430,,undetermined,MapExactMatch
2744430,,undetermined,MapLicenseFamily
778356,,undetermined,MapNA
778356,,undetermined,MapExactID
778356,,undetermined,MapExactMatch
778356,,undetermined,MapLicenseFamily
778356,,undetermined,MapFuzzyMatch
3530879,,undetermined,MapNA
3530879,,undetermined,MapExactID
3530879,,undetermined,MapExactMatch
3530879,,undetermined,MapLicenseFamily
3989635,,undetermined,MapNA
3989635,,undetermined,MapExactID
3989635,,undetermined,MapExactMatch
3989635,,undetermined,MapLicenseFamily
6611081,,undetermined,MapNA
6611081,,undetermined,MapExactID
6611081,,undetermined,MapExactMatch
6611081,,undetermined,MapLicenseFamily
57486,,undetermined,MapNA
57486,,undetermined,MapExactID
57486,,undetermined,MapExactMatch
57486,,undetermined,MapLicenseFamily
2482319,,undetermined,MapNA
2482319,,undetermined,MapExactID
2482319,,undetermined,MapExactMatch
2482319,,undetermined,MapLicenseFamily
2482319,,undetermined,MapFuzzyMatch
516252,,undetermined,MapNA
516252,,undetermined,MapExactID
516252,,undetermined,MapExactMatch
516252,,undetermined,MapLicenseFamily
6611101,,undetermined,MapNA
6611101,,undetermined,MapExactID
6611101,,undetermined,MapExactMatch
6611101,,undetermined,MapLicenseFamily
7004319,,undetermined,MapNA
7004319,,undetermined,MapExactID
7004319,,undetermined,MapExactMatch
7004319,,undetermined,MapLicenseFamily
3465383,,undetermined,MapNA
3465383,,undetermined,MapExactID
3465383,,undetermined,MapExactMatch
3465383,,undetermined,MapLicenseFamily
3465383,,undetermined,MapFuzzyMatch
6545577,,undetermined,MapNA
6545577,,undetermined,MapExactID
6545577,,undetermined,MapExactMatch
6545577,,undetermined,MapLicenseFamily
6152369,,undetermined,MapNA
6152369,,undetermined,MapExactID
6152369,,undetermined,MapExactMatch
6152369,,undetermined,MapLicenseFamily
5234870,,undetermined,MapNA
5234870,,undetermined,MapExactID
5234870,,undetermined,MapExactMatch
5234870,,undetermined,MapLicenseFamily
254141,,undetermined,MapNA
4055233,,undetermined,MapNA
4055233,,undetermined,MapExactID
4055233,,undetermined,MapExactMatch
4055233,,undetermined,MapLicenseFamily
843970,,undetermined,MapNA
843970,,undetermined,MapExactID
843970,,undetermined,MapExactMatch
843970,,undetermined,MapLicenseFamily
516292,,undetermined,MapNA
516292,,undetermined,MapExactID
516292,,undetermined,MapExactMatch
516292,,undetermined,MapLicenseFamily
516293,,undetermined,MapNA
516293,,undetermined,MapExactID
516293,,undetermined,MapExactMatch
516293,,undetermined,MapLicenseFamily
57542,,undetermined,MapNA
57542,,undetermined,MapExactID
57542,,undetermined,MapExactMatch
57542,,undetermined,MapLicenseFamily
57542,,undetermined,MapFuzzyMatch
3793093,,undetermined,MapNA
3793093,,undetermined,MapExactID
3793093,,undetermined,MapExactMatch
3793093,,undetermined,MapLicenseFamily
516300,,undetermined,MapNA
516300,,undetermined,MapExactID
516300,,undetermined,MapExactMatch
516300,,undetermined,MapLicenseFamily
254159,,undetermined,MapNA
254159,,undetermined,MapExactID
254159,,undetermined,MapExactMatch
254159,,undetermined,MapLicenseFamily
2482392,,undetermined,MapNA
2482392,,undetermined,MapExactID
2482392,,undetermined,MapExactMatch
2482392,,undetermined,MapLicenseFamily
6021336,,undetermined,MapNA
6021336,,undetermined,MapExactID
6021336,,undetermined,MapExactMatch
6021336,,undetermined,MapLicenseFamily
6021336,,undetermined,MapFuzzyMatch
254177,,undetermined,MapNA
5562595,,undetermined,MapNA
5562595,,undetermined,MapExactID
5562595,,undetermined,MapExactMatch
5562595,,undetermined,MapLicenseFamily
7200996,,undetermined,MapNA
7200996,,undetermined,MapExactID
7200996,,undetermined,MapExactMatch
7200996,,undetermined,MapLicenseFamily
3465445,,undetermined,MapNA
3465445,,undetermined,MapExactID
3465445,,undetermined,MapExactMatch
3465445,,undetermined,MapLicenseFamily
1958139,,undetermined,MapNA
1958139,,undetermined,MapExactID
1958139,,undetermined,MapExactMatch
1958139,,undetermined,MapLicenseFamily
1958139,,undetermined,MapFuzzyMatch
5955843,,undetermined,MapNA
5955843,,undetermined,MapExactID
5955843,,undetermined,MapExactMatch
5955843,,undetermined,MapLicenseFamily
7463171,,undetermined,MapNA
4120844,,undetermined,MapNA
4120844,,undetermined,MapExactID
4120844,,undetermined,MapExactMatch
4120844,,undetermined,MapLicenseFamily
975119,,undetermined,MapNA
975119,,undetermined,MapExactID
975119,,undetermined,MapExactMatch
975119,,undetermined,MapLicenseFamily
975119,,undetermined,MapFuzzyMatch
3596559,,undetermined,MapNA
3596559,,undetermined,MapExactID
3596559,,undetermined,MapExactMatch
3596559,,undetermined,MapLicenseFamily
319761,,undetermined,MapNA
319761,,undetermined,MapExactID
319761,,undetermined,MapExactMatch
319761,,undetermined,MapLicenseFamily
319761,,undetermined,MapFuzzyMatch
5824784,,undetermined,MapNA
5824784,,undetermined,MapExactID
5824784,,undetermined,MapExactMatch
5824784,,undetermined,MapLicenseFamily
7332115,,undetermined,MapNA
7332115,,undetermined,MapExactID
7332115,,undetermined,MapExactMatch
7332115,,undetermined,MapLicenseFamily
2154781,,undetermined,MapNA
2154781,,undetermined,MapExactID
2154781,,undetermined,MapExactMatch
2154781,,undetermined,MapLicenseFamily
581919,,undetermined,MapNA
581919,,undetermined,MapExactID
581919,,undetermined,MapExactMatch
581919,,undetermined,MapLicenseFamily
581919,,undetermined,MapFuzzyMatch
3858722,,undetermined,MapNA
3858722,,undetermined,MapExactID
3858722,,undetermined,MapExactMatch
3858722,,undetermined,MapLicenseFamily
3137834,,undetermined,MapNA
3137834,,undetermined,MapExactID
3137834,,undetermined,MapExactMatch
3137834,,undetermined,MapLicenseFamily
6611249,,undetermined,MapNA
6611249,,undetermined,MapExactID
6611249,,undetermined,MapExactMatch
6611249,,undetermined,MapLicenseFamily
778550,,undetermined,MapNA
778550,,undetermined,MapExactID
778550,,undetermined,MapExactMatch
778550,,undetermined,MapLicenseFamily
2154808,,undetermined,MapNA
2154808,,undetermined,MapExactID
2154808,,undetermined,MapExactMatch
2154808,,undetermined,MapLicenseFamily
5235017,,undetermined,MapNA
5235017,,undetermined,MapExactID
5235017,,undetermined,MapExactMatch
5235017,,undetermined,MapLicenseFamily
5235017,,undetermined,MapFuzzyMatch
516428,,undetermined,MapNA
516428,,undetermined,MapExactID
516428,,undetermined,MapExactMatch
516428,,undetermined,MapLicenseFamily
516428,,undetermined,MapFuzzyMatch
5300565,,undetermined,MapNA
5300565,,undetermined,MapExactID
5300565,,undetermined,MapExactMatch
5300565,,undetermined,MapLicenseFamily
581974,,undetermined,MapNA
581974,,undetermined,MapExactID
581974,,undetermined,MapExactMatch
581974,,undetermined,MapLicenseFamily
581974,,undetermined,MapFuzzyMatch
6349142,,undetermined,MapNA
6349142,,undetermined,MapExactID
6349142,,undetermined,MapExactMatch
6349142,,undetermined,MapLicenseFamily
6349142,,undetermined,MapFuzzyMatch
5759320,,undetermined,MapNA
5759320,,undetermined,MapExactID
5759320,,undetermined,MapExactMatch
5759320,,undetermined,MapLicenseFamily
975193,,undetermined,MapNA
975193,,undetermined,MapExactID
975193,,undetermined,MapExactMatch
975193,,undetermined,MapLicenseFamily
6218077,,undetermined,MapNA
6218077,,undetermined,MapExactID
6218077,,undetermined,MapExactMatch
6218077,,undetermined,MapLicenseFamily
1696095,,undetermined,MapNA
1696095,,undetermined,MapExactID
1696095,,undetermined,MapExactMatch
1696095,,undetermined,MapLicenseFamily
319852,,undetermined,MapNA
1696113,,undetermined,MapNA
1696113,,undetermined,MapExactID
1696113,,undetermined,MapExactMatch
1696113,,undetermined,MapLicenseFamily
3072369,,undetermined,MapNA
3072369,,undetermined,MapExactID
3072369,,undetermined,MapExactMatch
3072369,,undetermined,MapLicenseFamily
6283639,,undetermined,MapNA
6283639,,undetermined,MapExactID
6283639,,undetermined,MapExactMatch
6283639,,undetermined,MapLicenseFamily
5824892,,undetermined,MapNA
5824892,,undetermined,MapExactID
5824892,,undetermined,MapExactMatch
5824892,,undetermined,MapLicenseFamily
5824892,,undetermined,MapFuzzyMatch
5890429,,undetermined,MapNA
5890429,,undetermined,MapExactID
5890429,,undetermined,MapExactMatch
5890429,,undetermined,MapLicenseFamily
123262,,undetermined,MapNA
123262,,undetermined,MapExactID
123262,,undetermined,MapExactMatch
123262,,undetermined,MapLicenseFamily
123262,,undetermined,MapFuzzyMatch
6218109,,undetermined,MapNA
6218109,,undetermined,MapExactID
6218109,,undetermined,MapExactMatch
6218109,,undetermined,MapLicenseFamily
319872,,undetermined,MapNA
319872,,undetermined,MapExactID
319872,,undetermined,MapExactMatch
319872,,undetermined,MapLicenseFamily
319872,,undetermined,MapFuzzyMatch
2023809,,undetermined,MapNA
2023809,,undetermined,MapExactID
2023809,,undetermined,MapExactMatch
2023809,,undetermined,MapLicenseFamily
6283647,,undetermined,MapNA
6283647,,undetermined,MapExactID
6283647,,undetermined,MapExactMatch
6283647,,undetermined,MapLicenseFamily
7266695,,undetermined,MapNA
7266695,,undetermined,MapExactID
7266695,,undetermined,MapExactMatch
7266695,,undetermined,MapLicenseFamily
2679176,,undetermined,MapNA
2679176,,undetermined,MapExactID
2679176,,undetermined,MapExactMatch
2679176,,undetermined,MapLicenseFamily
123276,,undetermined,MapNA
123276,,undetermined,MapExactID
2154894,,undetermined,MapNA
2154894,,undetermined,MapExactID
2154894,,undetermined,MapExactMatch
2154894,,undetermined,MapLicenseFamily
5104014,,undetermined,MapNA
5104014,,undetermined,MapExactID
5104014,,undetermined,MapExactMatch
5104014,,undetermined,MapLicenseFamily
6283672,,undetermined,MapNA
6283672,,undetermined,MapExactID
6283672,,undetermined,MapExactMatch
6283672,,undetermined,MapLicenseFamily
5300634,,undetermined,MapNA
5300634,,undetermined,MapExactID
5300634,,undetermined,MapExactMatch
5300634,,undetermined,MapLicenseFamily
3596704,,undetermined,MapNA
3596704,,undetermined,MapExactID
3596704,,undetermined,MapExactMatch
3596704,,undetermined,MapLicenseFamily
4579754,,undetermined,MapNA
4579754,,undetermined,MapExactID
4579754,,undetermined,MapExactMatch
4579754,,undetermined,MapLicenseFamily
3596715,,undetermined,MapNA
3596715,,undetermined,MapExactID
3596715,,undetermined,MapExactMatch
3596715,,undetermined,MapLicenseFamily
4514220,,undetermined,MapNA
4514220,,undetermined,MapExactID
4514220,,undetermined,MapExactMatch
4514220,,undetermined,MapLicenseFamily
319917,,undetermined,MapNA
319917,,undetermined,MapExactID
319917,,undetermined,MapExactMatch
319917,,undetermined,MapLicenseFamily
319917,,undetermined,MapFuzzyMatch
5562795,,undetermined,MapNA
5562795,,undetermined,MapExactID
5562795,,undetermined,MapExactMatch
5562795,,undetermined,MapLicenseFamily
5562812,,undetermined,MapNA
5562812,,undetermined,MapExactID
5562812,,undetermined,MapExactMatch
5562812,,undetermined,MapLicenseFamily
2023879,,undetermined,MapNA
2023879,,undetermined,MapExactID
2023879,,undetermined,MapExactMatch
2023879,,undetermined,MapLicenseFamily
2875849,,undetermined,MapNA
2875849,,undetermined,MapExactID
2875849,,undetermined,MapExactMatch
2875849,,undetermined,MapLicenseFamily
2875853,,undetermined,MapNA
2875853,,undetermined,MapExactID
2875853,,undetermined,MapExactMatch
2875853,,undetermined,MapLicenseFamily
2875853,,undetermined,MapFuzzyMatch
1106387,,undetermined,MapNA
1106387,,undetermined,MapExactID
7332326,,undetermined,MapNA
7332326,,undetermined,MapExactID
7332326,,undetermined,MapExactMatch
7332326,,undetermined,MapLicenseFamily
4973034,,undetermined,MapNA
4973034,,undetermined,MapExactID
4973034,,undetermined,MapExactMatch
4973034,,undetermined,MapLicenseFamily
3203563,,undetermined,MapNA
3203563,,undetermined,MapExactID
3203563,,undetermined,MapExactMatch
3203563,,undetermined,MapLicenseFamily
2941435,,undetermined,MapNA
2941435,,undetermined,MapExactID
2941435,,undetermined,MapExactMatch
2941435,,undetermined,MapLicenseFamily
3990015,,undetermined,MapNA
3990015,,undetermined,MapExactID
3990015,,undetermined,MapExactMatch
3990015,,undetermined,MapLicenseFamily
4186627,,undetermined,MapNA
4186627,,undetermined,MapExactID
4186627,,undetermined,MapExactMatch
4186627,,undetermined,MapLicenseFamily
7660039,,undetermined,MapNA
7660039,,undetermined,MapExactID
7660039,,undetermined,MapExactMatch
7660039,,undetermined,MapLicenseFamily
5300746,,undetermined,MapNA
5300746,,undetermined,MapExactID
5300746,,undetermined,MapExactMatch
5300746,,undetermined,MapLicenseFamily
385551,,undetermined,MapNA
385551,,undetermined,MapExactID
385551,,undetermined,MapExactMatch
385551,,undetermined,MapLicenseFamily
3269137,,undetermined,MapNA
3269137,,undetermined,MapExactID
3269137,,undetermined,MapExactMatch
3269137,,undetermined,MapLicenseFamily
1958421,,undetermined,MapNA
1958421,,undetermined,MapExactID
1958421,,undetermined,MapExactMatch
1958421,,undetermined,MapLicenseFamily
2810408,,undetermined,MapNA
2810408,,undetermined,MapExactID
2810408,,undetermined,MapExactMatch
2810408,,undetermined,MapLicenseFamily
7135789,,undetermined,MapNA
7135789,,undetermined,MapExactID
7135789,,undetermined,MapExactMatch
7135789,,undetermined,MapLicenseFamily
3793459,,undetermined,MapNA
3793459,,undetermined,MapExactID
3793459,,undetermined,MapExactMatch
3793459,,undetermined,MapLicenseFamily
6152758,,undetermined,MapNA
6152758,,undetermined,MapExactID
6152758,,undetermined,MapExactMatch
6152758,,undetermined,MapLicenseFamily
6349370,,undetermined,MapNA
6349370,,undetermined,MapExactID
6349370,,undetermined,MapExactMatch
6349370,,undetermined,MapLicenseFamily
3400259,,undetermined,MapNA
3400259,,undetermined,MapExactID
3400259,,undetermined,MapExactMatch
3400259,,undetermined,MapLicenseFamily
3400259,,undetermined,MapFuzzyMatch
713285,,undetermined,MapNA
713285,,undetermined,MapExactID
713285,,undetermined,MapExactMatch
713285,,undetermined,MapLicenseFamily
1040977,,undetermined,MapNA
1040977,,undetermined,MapExactID
1040977,,undetermined,MapExactMatch
1040977,,undetermined,MapLicenseFamily
1040977,,undetermined,MapFuzzyMatch
385618,,undetermined,MapNA
385618,,undetermined,MapExactID
385618,,undetermined,MapExactMatch
385618,,undetermined,MapLicenseFamily
6480474,,undetermined,MapNA
6480474,,undetermined,MapExactID
6480474,,undetermined,MapExactMatch
6480474,,undetermined,MapLicenseFamily
6480478,,undetermined,MapNA
6480478,,undetermined,MapExactID
6480478,,undetermined,MapExactMatch
6480478,,undetermined,MapLicenseFamily
2876010,,undetermined,MapNA
2876010,,undetermined,MapExactID
2876010,,undetermined,MapExactMatch
2876010,,undetermined,MapLicenseFamily
3596913,,undetermined,MapNA
3596913,,undetermined,MapExactID
3596913,,undetermined,MapExactMatch
3596913,,undetermined,MapLicenseFamily
7660151,,undetermined,MapNA
7660151,,undetermined,MapExactID
7660151,,undetermined,MapExactMatch
7660151,,undetermined,MapLicenseFamily
2613881,,undetermined,MapNA
2613881,,undetermined,MapExactID
2613881,,undetermined,MapExactMatch
2613881,,undetermined,MapLicenseFamily
2613881,,undetermined,MapFuzzyMatch
5628538,,undetermined,MapNA
5628538,,undetermined,MapExactID
5628538,,undetermined,MapExactMatch
5628538,,undetermined,MapLicenseFamily
3793536,,undetermined,MapNA
3793536,,undetermined,MapExactID
3793536,,undetermined,MapExactMatch
3793536,,undetermined,MapLicenseFamily
3793550,,undetermined,MapNA
3793550,,undetermined,MapExactID
3793550,,undetermined,MapExactMatch
3793550,,undetermined,MapLicenseFamily
1893013,,undetermined,MapNA
1893013,,undetermined,MapExactID
1893013,,undetermined,MapExactMatch
1893013,,undetermined,MapLicenseFamily
1958551,,undetermined,MapNA
1958551,,undetermined,MapExactID
1958551,,undetermined,MapExactMatch
1958551,,undetermined,MapLicenseFamily
1958551,,undetermined,MapFuzzyMatch
2220696,,undetermined,MapNA
2220696,,undetermined,MapExactID
2220696,,undetermined,MapExactMatch
2220696,,undetermined,MapLicenseFamily
2220696,,undetermined,MapFuzzyMatch
7594650,,undetermined,MapNA
7594650,,undetermined,MapExactID
7594650,,undetermined,MapExactMatch
7594650,,undetermined,MapLicenseFamily
7004827,,undetermined,MapNA
7004827,,undetermined,MapExactID
7004827,,undetermined,MapExactMatch
7004827,,undetermined,MapLicenseFamily
7004827,,undetermined,MapFuzzyMatch
3007135,,undetermined,MapNA
3007135,,undetermined,MapExactID
3007135,,undetermined,MapExactMatch
3007135,,undetermined,MapLicenseFamily
3990176,,undetermined,MapNA
3990176,,undetermined,MapExactID
3990176,,undetermined,MapExactMatch
3990176,,undetermined,MapLicenseFamily
5956255,,undetermined,MapNA
5956255,,undetermined,MapExactID
5956255,,undetermined,MapExactMatch
5956255,,undetermined,MapLicenseFamily
6349476,,undetermined,MapNA
6349476,,undetermined,MapExactID
6349476,,undetermined,MapExactMatch
6349476,,undetermined,MapLicenseFamily
6349476,,undetermined,MapFuzzyMatch
3203757,,undetermined,MapNA
3203757,,undetermined,MapExactID
3203757,,undetermined,MapExactMatch
3203757,,undetermined,MapLicenseFamily
3007155,,undetermined,MapNA
3007155,,undetermined,MapExactID
3007155,,undetermined,MapExactMatch
3007155,,undetermined,MapLicenseFamily
385719,,undetermined,MapNA
385719,,undetermined,MapExactID
385719,,undetermined,MapExactMatch
385719,,undetermined,MapLicenseFamily
58044,,undetermined,MapNA
4580030,,undetermined,MapNA
4580030,,undetermined,MapExactID
4580030,,undetermined,MapExactMatch
4580030,,undetermined,MapLicenseFamily
647879,,undetermined,MapNA
647879,,undetermined,MapExactID
647879,,undetermined,MapExactMatch
647879,,undetermined,MapLicenseFamily
516820,,undetermined,MapNA
516820,,undetermined,MapExactID
516820,,undetermined,MapExactMatch
516820,,undetermined,MapLicenseFamily
516821,,undetermined,MapNA
516821,,undetermined,MapExactID
516821,,undetermined,MapExactMatch
516821,,undetermined,MapLicenseFamily
778967,,undetermined,MapNA
778967,,undetermined,MapExactID
778967,,undetermined,MapExactMatch
778967,,undetermined,MapLicenseFamily
778967,,undetermined,MapFuzzyMatch
4842199,,undetermined,MapNA
4842199,,undetermined,MapExactID
4842199,,undetermined,MapExactMatch
4842199,,undetermined,MapLicenseFamily
58074,,undetermined,MapNA
5169882,,undetermined,MapNA
5169882,,undetermined,MapExactID
5169882,,undetermined,MapExactMatch
5169882,,undetermined,MapLicenseFamily
2155228,,undetermined,MapNA
2155228,,undetermined,MapExactID
2155228,,undetermined,MapExactMatch
2155228,,undetermined,MapLicenseFamily
2941665,,undetermined,MapNA
2941665,,undetermined,MapExactID
2941665,,undetermined,MapExactMatch
2941665,,undetermined,MapLicenseFamily
1762019,,undetermined,MapNA
1762019,,undetermined,MapExactID
1762019,,undetermined,MapExactMatch
1762019,,undetermined,MapLicenseFamily
6284003,,undetermined,MapNA
6284003,,undetermined,MapExactID
6284003,,undetermined,MapExactMatch
6284003,,undetermined,MapLicenseFamily
3203816,,undetermined,MapNA
3203816,,undetermined,MapExactID
3203816,,undetermined,MapExactMatch
3203816,,undetermined,MapLicenseFamily
3203817,,undetermined,MapNA
3203817,,undetermined,MapExactID
3203817,,undetermined,MapExactMatch
3203817,,undetermined,MapLicenseFamily
3990250,,undetermined,MapNA
3990250,,undetermined,MapExactID
3990250,,undetermined,MapExactMatch
3990250,,undetermined,MapLicenseFamily
7070444,,undetermined,MapNA
7070444,,undetermined,MapExactID
7070444,,undetermined,MapExactMatch
7070444,,undetermined,MapLicenseFamily
5890798,,undetermined,MapNA
5890798,,undetermined,MapExactID
5890798,,undetermined,MapExactMatch
5890798,,undetermined,MapLicenseFamily
2024180,,undetermined,MapNA
2024180,,undetermined,MapExactID
2024180,,undetermined,MapExactMatch
2024180,,undetermined,MapLicenseFamily
713461,,undetermined,MapNA
713461,,undetermined,MapExactID
713461,,undetermined,MapExactMatch
713461,,undetermined,MapLicenseFamily
2089733,,undetermined,MapNA
2089733,,undetermined,MapExactID
2089733,,undetermined,MapExactMatch
2089733,,undetermined,MapLicenseFamily
4580113,,undetermined,MapNA
4580113,,undetermined,MapExactID
4580113,,undetermined,MapExactMatch
4580113,,undetermined,MapLicenseFamily
4580114,,undetermined,MapNA
4580114,,undetermined,MapExactID
4580114,,undetermined,MapExactMatch
4580114,,undetermined,MapLicenseFamily
2155286,,undetermined,MapNA
2155286,,undetermined,MapExactID
2155286,,undetermined,MapExactMatch
2155286,,undetermined,MapLicenseFamily
4907801,,undetermined,MapNA
4907801,,undetermined,MapExactID
4907801,,undetermined,MapExactMatch
4907801,,undetermined,MapLicenseFamily
4580122,,undetermined,MapNA
4580122,,undetermined,MapExactID
4580122,,undetermined,MapExactMatch
4580122,,undetermined,MapLicenseFamily
4907804,,undetermined,MapNA
4907804,,undetermined,MapExactID
4907804,,undetermined,MapExactMatch
4907804,,undetermined,MapLicenseFamily
189218,,undetermined,MapNA
189218,,undetermined,MapExactID
189218,,undetermined,MapExactMatch
189218,,undetermined,MapLicenseFamily
189218,,undetermined,MapFuzzyMatch
7136043,,undetermined,MapNA
7136043,,undetermined,MapExactID
7136043,,undetermined,MapExactMatch
7136043,,undetermined,MapLicenseFamily
6349614,,undetermined,MapNA
6349614,,undetermined,MapExactID
6349614,,undetermined,MapExactMatch
6349614,,undetermined,MapLicenseFamily
4580147,,undetermined,MapNA
4580147,,undetermined,MapExactID
4580147,,undetermined,MapExactMatch
4580147,,undetermined,MapLicenseFamily
7332659,,undetermined,MapNA
7332659,,undetermined,MapExactID
7332659,,undetermined,MapExactMatch
7332659,,undetermined,MapLicenseFamily
7594806,,undetermined,MapNA
7594806,,undetermined,MapExactID
7594806,,undetermined,MapExactMatch
7594806,,undetermined,MapLicenseFamily
6480699,,undetermined,MapNA
6480699,,undetermined,MapExactID
6480699,,undetermined,MapExactMatch
6480699,,undetermined,MapLicenseFamily
6480699,,undetermined,MapFuzzyMatch
7267133,,undetermined,MapNA
7267133,,undetermined,MapExactID
7267133,,undetermined,MapExactMatch
7267133,,undetermined,MapLicenseFamily
1041224,,undetermined,MapNA
1041224,,undetermined,MapExactID
1041224,,undetermined,MapExactMatch
1041224,,undetermined,MapLicenseFamily
1041224,,undetermined,MapFuzzyMatch
3924810,,undetermined,MapNA
3924810,,undetermined,MapExactID
3924810,,undetermined,MapExactMatch
3924810,,undetermined,MapLicenseFamily
3924810,,undetermined,MapFuzzyMatch
4121418,,undetermined,MapNA
4121418,,undetermined,MapExactID
4121418,,undetermined,MapExactMatch
4121418,,undetermined,MapLicenseFamily
4121418,,undetermined,MapFuzzyMatch
2614101,,undetermined,MapNA
2614101,,undetermined,MapExactID
2614101,,undetermined,MapExactMatch
2614101,,undetermined,MapLicenseFamily
58200,,undetermined,MapNA
58200,,undetermined,MapExactID
58200,,undetermined,MapExactMatch
58200,,undetermined,MapLicenseFamily
3335002,,undetermined,MapNA
3335002,,undetermined,MapExactID
3335002,,undetermined,MapExactMatch
3335002,,undetermined,MapLicenseFamily
2941791,,undetermined,MapNA
2941791,,undetermined,MapExactID
2941791,,undetermined,MapExactMatch
2941791,,undetermined,MapLicenseFamily
385890,,undetermined,MapNA
385890,,undetermined,MapExactID
385890,,undetermined,MapExactMatch
385890,,undetermined,MapLicenseFamily
58215,,undetermined,MapNA
713580,,undetermined,MapNA
713580,,undetermined,MapExactID
713580,,undetermined,MapExactMatch
713580,,undetermined,MapLicenseFamily
3531629,,undetermined,MapNA
3531629,,undetermined,MapExactID
3531629,,undetermined,MapExactMatch
3531629,,undetermined,MapLicenseFamily
3531629,,undetermined,MapFuzzyMatch
58226,,undetermined,MapNA
58226,,undetermined,MapExactID
58226,,undetermined,MapExactMatch
58226,,undetermined,MapLicenseFamily
5759861,,undetermined,MapNA
5759861,,undetermined,MapExactID
5759861,,undetermined,MapExactMatch
5759861,,undetermined,MapLicenseFamily
5956471,,undetermined,MapNA
5956471,,undetermined,MapExactID
5956471,,undetermined,MapExactMatch
5956471,,undetermined,MapLicenseFamily
844666,,undetermined,MapNA
844666,,undetermined,MapExactID
844666,,undetermined,MapExactMatch
844666,,undetermined,MapLicenseFamily
2548603,,undetermined,MapNA
2548603,,undetermined,MapExactID
2548603,,undetermined,MapExactMatch
2548603,,undetermined,MapLicenseFamily
3793786,,undetermined,MapNA
3793786,,undetermined,MapExactID
3793786,,undetermined,MapExactMatch
3793786,,undetermined,MapLicenseFamily
5694335,,undetermined,MapNA
5694335,,undetermined,MapExactID
5694335,,undetermined,MapExactMatch
5694335,,undetermined,MapLicenseFamily
58245,,undetermined,MapNA
58245,,undetermined,MapExactID
58245,,undetermined,MapExactMatch
58245,,undetermined,MapLicenseFamily
2548613,,undetermined,MapNA
2548613,,undetermined,MapExactID
2548613,,undetermined,MapExactMatch
2548613,,undetermined,MapLicenseFamily
2548613,,undetermined,MapFuzzyMatch
1893255,,undetermined,MapNA
1893255,,undetermined,MapExactID
1893255,,undetermined,MapExactMatch
1893255,,undetermined,MapLicenseFamily
451466,,undetermined,MapNA
451466,,undetermined,MapExactID
451466,,undetermined,MapExactMatch
451466,,undetermined,MapLicenseFamily
451466,,undetermined,MapFuzzyMatch
3531660,,undetermined,MapNA
3531660,,undetermined,MapExactID
3531660,,undetermined,MapExactMatch
3531660,,undetermined,MapLicenseFamily
7070609,,undetermined,MapNA
7070609,,undetermined,MapExactID
7070609,,undetermined,MapExactMatch
7070609,,undetermined,MapLicenseFamily
5563288,,undetermined,MapNA
5563288,,undetermined,MapExactID
5563288,,undetermined,MapExactMatch
5563288,,undetermined,MapLicenseFamily
844711,,undetermined,MapNA
844711,,undetermined,MapExactID
844711,,undetermined,MapExactMatch
844711,,undetermined,MapLicenseFamily
4121512,,undetermined,MapNA
4121512,,undetermined,MapExactID
4121512,,undetermined,MapExactMatch
4121512,,undetermined,MapLicenseFamily
2679723,,undetermined,MapNA
2679723,,undetermined,MapExactID
2679723,,undetermined,MapExactMatch
2679723,,undetermined,MapLicenseFamily
123823,,undetermined,MapNA
123823,,undetermined,MapExactID
123823,,undetermined,MapExactMatch
123823,,undetermined,MapLicenseFamily
6153135,,undetermined,MapNA
6153135,,undetermined,MapExactID
6153135,,undetermined,MapExactMatch
6153135,,undetermined,MapLicenseFamily
6153135,,undetermined,MapFuzzyMatch
7136180,,undetermined,MapNA
7136180,,undetermined,MapExactID
7136180,,undetermined,MapExactMatch
7136180,,undetermined,MapLicenseFamily
5301176,,undetermined,MapNA
5301176,,undetermined,MapExactID
5301176,,undetermined,MapExactMatch
5301176,,undetermined,MapLicenseFamily
123833,,undetermined,MapNA
123833,,undetermined,MapExactID
123833,,undetermined,MapExactMatch
123833,,undetermined,MapLicenseFamily
3728317,,undetermined,MapNA
3728317,,undetermined,MapExactID
3728317,,undetermined,MapExactMatch
3728317,,undetermined,MapLicenseFamily
58302,,undetermined,MapNA
58302,,undetermined,MapExactID
58302,,undetermined,MapExactMatch
58302,,undetermined,MapLicenseFamily
5301183,,undetermined,MapNA
5301183,,undetermined,MapExactID
5301183,,undetermined,MapExactMatch
5301183,,undetermined,MapLicenseFamily
5694401,,undetermined,MapNA
5694401,,undetermined,MapExactID
5694401,,undetermined,MapExactMatch
5694401,,undetermined,MapLicenseFamily
648132,,undetermined,MapNA
648132,,undetermined,MapExactID
648132,,undetermined,MapExactMatch
648132,,undetermined,MapLicenseFamily
6087626,,undetermined,MapNA
6087626,,undetermined,MapExactID
6087626,,undetermined,MapExactMatch
6087626,,undetermined,MapLicenseFamily
386001,,undetermined,MapNA
386001,,undetermined,MapExactID
386001,,undetermined,MapExactMatch
386001,,undetermined,MapLicenseFamily
3269586,,undetermined,MapNA
3269586,,undetermined,MapExactID
3269586,,undetermined,MapExactMatch
3269586,,undetermined,MapLicenseFamily
7201749,,undetermined,MapNA
7201749,,undetermined,MapExactID
7201749,,undetermined,MapExactMatch
7201749,,undetermined,MapLicenseFamily
7201749,,undetermined,MapFuzzyMatch
5104600,,undetermined,MapNA
5104600,,undetermined,MapExactID
5104600,,undetermined,MapExactMatch
5104600,,undetermined,MapLicenseFamily
58330,,undetermined,MapNA
58330,,undetermined,MapExactID
58330,,undetermined,MapExactMatch
58330,,undetermined,MapLicenseFamily
58330,,undetermined,MapFuzzyMatch
517100,,undetermined,MapNA
517100,,undetermined,MapExactID
517100,,undetermined,MapExactMatch
517100,,undetermined,MapLicenseFamily
517100,,undetermined,MapFuzzyMatch
3466224,,undetermined,MapNA
3466224,,undetermined,MapExactID
3466224,,undetermined,MapExactMatch
3466224,,undetermined,MapLicenseFamily
3007475,,undetermined,MapNA
3007475,,undetermined,MapExactID
3007475,,undetermined,MapExactMatch
3007475,,undetermined,MapLicenseFamily
3466229,,undetermined,MapNA
3466229,,undetermined,MapExactID
3466229,,undetermined,MapExactMatch
3466229,,undetermined,MapLicenseFamily
5497847,,undetermined,MapNA
5497847,,undetermined,MapExactID
5497847,,undetermined,MapExactMatch
5497847,,undetermined,MapLicenseFamily
3466233,,undetermined,MapNA
3466233,,undetermined,MapExactID
3466233,,undetermined,MapExactMatch
3466233,,undetermined,MapLicenseFamily
5039103,,undetermined,MapNA
5039103,,undetermined,MapExactID
5039103,,undetermined,MapExactMatch
5039103,,undetermined,MapLicenseFamily
4514824,,undetermined,MapNA
4514824,,undetermined,MapExactID
4514824,,undetermined,MapExactMatch
4514824,,undetermined,MapLicenseFamily
3662857,,undetermined,MapNA
3662857,,undetermined,MapExactID
3662857,,undetermined,MapExactMatch
3662857,,undetermined,MapLicenseFamily
2745356,,undetermined,MapNA
2745356,,undetermined,MapExactID
2745356,,undetermined,MapExactMatch
2745356,,undetermined,MapLicenseFamily
451601,,undetermined,MapNA
451601,,undetermined,MapExactID
451601,,undetermined,MapExactMatch
451601,,undetermined,MapLicenseFamily
3662871,,undetermined,MapNA
3662871,,undetermined,MapExactID
3662871,,undetermined,MapExactMatch
3662871,,undetermined,MapLicenseFamily
5039127,,undetermined,MapNA
5039127,,undetermined,MapExactID
5039127,,undetermined,MapExactMatch
5039127,,undetermined,MapLicenseFamily
3925017,,undetermined,MapNA
3925017,,undetermined,MapExactID
3925017,,undetermined,MapExactMatch
3925017,,undetermined,MapLicenseFamily
6284319,,undetermined,MapNA
6284319,,undetermined,MapExactID
6284319,,undetermined,MapExactMatch
6284319,,undetermined,MapLicenseFamily
1696800,,undetermined,MapNA
2024485,,undetermined,MapNA
2024485,,undetermined,MapExactID
2024485,,undetermined,MapExactMatch
2024485,,undetermined,MapLicenseFamily
648235,,undetermined,MapNA
648235,,undetermined,MapExactID
648235,,undetermined,MapExactMatch
648235,,undetermined,MapLicenseFamily
648235,,undetermined,MapFuzzyMatch
451628,,undetermined,MapNA
451628,,undetermined,MapExactID
451628,,undetermined,MapExactMatch
451628,,undetermined,MapLicenseFamily
451628,,undetermined,MapFuzzyMatch
6022189,,undetermined,MapNA
6022189,,undetermined,MapExactID
6022189,,undetermined,MapExactMatch
6022189,,undetermined,MapLicenseFamily
6218798,,undetermined,MapNA
6218798,,undetermined,MapExactID
6218798,,undetermined,MapExactMatch
6218798,,undetermined,MapLicenseFamily
6218798,,undetermined,MapFuzzyMatch
5825594,,undetermined,MapNA
5825594,,undetermined,MapExactID
5825594,,undetermined,MapExactMatch
5825594,,undetermined,MapLicenseFamily
1762364,,undetermined,MapNA
1762364,,undetermined,MapExactID
1762364,,undetermined,MapExactMatch
1762364,,undetermined,MapLicenseFamily
3204161,,undetermined,MapNA
3204161,,undetermined,MapExactID
3204161,,undetermined,MapExactMatch
3204161,,undetermined,MapLicenseFamily
3728455,,undetermined,MapNA
3728455,,undetermined,MapExactID
3728455,,undetermined,MapExactMatch
3728455,,undetermined,MapLicenseFamily
58455,,undetermined,MapNA
58455,,undetermined,MapExactID
58455,,undetermined,MapExactMatch
58455,,undetermined,MapLicenseFamily
58455,,undetermined,MapFuzzyMatch
2614362,,undetermined,MapNA
2614362,,undetermined,MapExactID
2614362,,undetermined,MapExactMatch
2614362,,undetermined,MapLicenseFamily
386139,,undetermined,MapNA
386139,,undetermined,MapExactID
386139,,undetermined,MapExactMatch
386139,,undetermined,MapLicenseFamily
5760090,,undetermined,MapNA
5760090,,undetermined,MapExactID
5760090,,undetermined,MapExactMatch
5760090,,undetermined,MapLicenseFamily
2614366,,undetermined,MapNA
2614366,,undetermined,MapExactID
2614366,,undetermined,MapExactMatch
2614366,,undetermined,MapLicenseFamily
5760096,,undetermined,MapNA
5760096,,undetermined,MapExactID
5760096,,undetermined,MapExactMatch
5760096,,undetermined,MapLicenseFamily
5760096,,undetermined,MapFuzzyMatch
5825632,,undetermined,MapNA
5825632,,undetermined,MapExactID
5825632,,undetermined,MapExactMatch
5825632,,undetermined,MapLicenseFamily
844910,,undetermined,MapNA
844910,,undetermined,MapExactID
844910,,undetermined,MapExactMatch
844910,,undetermined,MapLicenseFamily
1041521,,undetermined,MapNA
1041521,,undetermined,MapExactID
1041521,,undetermined,MapExactMatch
1041521,,undetermined,MapLicenseFamily
4121723,,undetermined,MapNA
4121723,,undetermined,MapExactID
4121723,,undetermined,MapExactMatch
4121723,,undetermined,MapLicenseFamily
3990652,,undetermined,MapNA
3990652,,undetermined,MapExactID
3990652,,undetermined,MapExactMatch
3990652,,undetermined,MapLicenseFamily
3990652,,undetermined,MapFuzzyMatch
3335293,,undetermined,MapNA
3335293,,undetermined,MapExactID
3335293,,undetermined,MapExactMatch
3335293,,undetermined,MapLicenseFamily
2614403,,undetermined,MapNA
2614403,,undetermined,MapExactID
2614403,,undetermined,MapExactMatch
2614403,,undetermined,MapLicenseFamily
1959057,,undetermined,MapNA
1959057,,undetermined,MapExactID
1959057,,undetermined,MapExactMatch
1959057,,undetermined,MapLicenseFamily
58514,,undetermined,MapNA
58514,,undetermined,MapExactID
58514,,undetermined,MapExactMatch
58514,,undetermined,MapLicenseFamily
1696915,,undetermined,MapNA
1696915,,undetermined,MapExactID
1696915,,undetermined,MapExactMatch
1696915,,undetermined,MapLicenseFamily
5825681,,undetermined,MapNA
5825681,,undetermined,MapExactID
5825681,,undetermined,MapExactMatch
5825681,,undetermined,MapLicenseFamily
7201939,,undetermined,MapNA
7201939,,undetermined,MapExactID
7201939,,undetermined,MapExactMatch
7201939,,undetermined,MapLicenseFamily
6022294,,undetermined,MapNA
6022294,,undetermined,MapExactID
6022294,,undetermined,MapExactMatch
6022294,,undetermined,MapLicenseFamily
6022294,,undetermined,MapFuzzyMatch
779415,,undetermined,MapNA
779415,,undetermined,MapExactID
779415,,undetermined,MapExactMatch
779415,,undetermined,MapLicenseFamily
3925143,,undetermined,MapNA
3925143,,undetermined,MapExactID
3925143,,undetermined,MapExactMatch
3925143,,undetermined,MapLicenseFamily
3925143,,undetermined,MapFuzzyMatch
3138713,,undetermined,MapNA
3138713,,undetermined,MapExactID
3138713,,undetermined,MapExactMatch
3138713,,undetermined,MapLicenseFamily
3138713,,undetermined,MapFuzzyMatch
124065,,undetermined,MapNA
124065,,undetermined,MapExactID
124065,,undetermined,MapExactMatch
124065,,undetermined,MapLicenseFamily
58531,,undetermined,MapNA
58531,,undetermined,MapExactID
58531,,undetermined,MapExactMatch
58531,,undetermined,MapLicenseFamily
5629094,,undetermined,MapNA
5629094,,undetermined,MapExactID
5629094,,undetermined,MapExactMatch
5629094,,undetermined,MapLicenseFamily
5629094,,undetermined,MapFuzzyMatch
2286765,,undetermined,MapNA
2286765,,undetermined,MapExactID
2286765,,undetermined,MapExactMatch
2286765,,undetermined,MapLicenseFamily
3990705,,undetermined,MapNA
3990705,,undetermined,MapExactID
3990705,,undetermined,MapExactMatch
3990705,,undetermined,MapLicenseFamily
3990705,,undetermined,MapFuzzyMatch
3335361,,undetermined,MapNA
3335361,,undetermined,MapExactID
3335361,,undetermined,MapExactMatch
3335361,,undetermined,MapLicenseFamily
1696962,,undetermined,MapNA
1696962,,undetermined,MapExactID
1696962,,undetermined,MapExactMatch
1696962,,undetermined,MapLicenseFamily
2745540,,undetermined,MapNA
2745540,,undetermined,MapExactID
2745540,,undetermined,MapExactMatch
2745540,,undetermined,MapLicenseFamily
6677705,,undetermined,MapNA
6677705,,undetermined,MapExactID
6677705,,undetermined,MapExactMatch
6677705,,undetermined,MapLicenseFamily
6022346,,undetermined,MapNA
6022346,,undetermined,MapExactID
6022346,,undetermined,MapExactMatch
6022346,,undetermined,MapLicenseFamily
3859668,,undetermined,MapNA
3859668,,undetermined,MapExactID
3859668,,undetermined,MapExactMatch
3859668,,undetermined,MapLicenseFamily
1696987,,undetermined,MapNA
1696987,,undetermined,MapExactID
1696987,,undetermined,MapExactMatch
1696987,,undetermined,MapLicenseFamily
1696987,,undetermined,MapFuzzyMatch
6022376,,undetermined,MapNA
6022376,,undetermined,MapExactID
6022376,,undetermined,MapExactMatch
6022376,,undetermined,MapLicenseFamily
4646124,,undetermined,MapNA
4646124,,undetermined,MapExactID
4646124,,undetermined,MapExactMatch
4646124,,undetermined,MapLicenseFamily
58606,,undetermined,MapNA
58606,,undetermined,MapExactID
58606,,undetermined,MapExactMatch
58606,,undetermined,MapLicenseFamily
58606,,undetermined,MapFuzzyMatch
386286,,undetermined,MapNA
386286,,undetermined,MapExactID
386286,,undetermined,MapExactMatch
386286,,undetermined,MapLicenseFamily
386286,,undetermined,MapFuzzyMatch
779502,,undetermined,MapNA
779502,,undetermined,MapExactID
779502,,undetermined,MapExactMatch
779502,,undetermined,MapLicenseFamily
4056304,,undetermined,MapNA
4056304,,undetermined,MapExactID
4056304,,undetermined,MapExactMatch
4056304,,undetermined,MapLicenseFamily
5170417,,undetermined,MapNA
5170417,,undetermined,MapExactID
5170417,,undetermined,MapExactMatch
5170417,,undetermined,MapLicenseFamily
517374,,undetermined,MapNA
517374,,undetermined,MapExactID
6677771,,undetermined,MapNA
6677771,,undetermined,MapExactID
6677771,,undetermined,MapExactMatch
6677771,,undetermined,MapLicenseFamily
3269904,,undetermined,MapNA
3269904,,undetermined,MapExactID
3269904,,undetermined,MapExactMatch
3269904,,undetermined,MapLicenseFamily
3335444,,undetermined,MapNA
3335444,,undetermined,MapExactID
3335444,,undetermined,MapExactMatch
3335444,,undetermined,MapLicenseFamily
2352406,,undetermined,MapNA
2352406,,undetermined,MapExactID
2352406,,undetermined,MapExactMatch
2352406,,undetermined,MapLicenseFamily
5170455,,undetermined,MapNA
5170455,,undetermined,MapExactID
5170455,,undetermined,MapExactMatch
5170455,,undetermined,MapLicenseFamily
2221339,,undetermined,MapNA
2221339,,undetermined,MapExactID
2221339,,undetermined,MapExactMatch
2221339,,undetermined,MapLicenseFamily
2352416,,undetermined,MapNA
2352416,,undetermined,MapExactID
2352416,,undetermined,MapExactMatch
2352416,,undetermined,MapLicenseFamily
5498148,,undetermined,MapNA
5498148,,undetermined,MapExactID
5498148,,undetermined,MapExactMatch
5498148,,undetermined,MapLicenseFamily
3269925,,undetermined,MapNA
3269925,,undetermined,MapExactID
3269925,,undetermined,MapExactMatch
3269925,,undetermined,MapLicenseFamily
386349,,undetermined,MapNA
386349,,undetermined,MapExactID
386349,,undetermined,MapExactMatch
386349,,undetermined,MapLicenseFamily
3007789,,undetermined,MapNA
3007789,,undetermined,MapExactID
3007789,,undetermined,MapExactMatch
3007789,,undetermined,MapLicenseFamily
4187438,,undetermined,MapNA
4187438,,undetermined,MapExactID
4187438,,undetermined,MapExactMatch
4187438,,undetermined,MapLicenseFamily
7202095,,undetermined,MapNA
7202095,,undetermined,MapExactID
7202095,,undetermined,MapExactMatch
7202095,,undetermined,MapLicenseFamily
7202095,,undetermined,MapFuzzyMatch
5760307,,undetermined,MapNA
5760307,,undetermined,MapExactID
5760307,,undetermined,MapExactMatch
5760307,,undetermined,MapLicenseFamily
2352437,,undetermined,MapNA
2352437,,undetermined,MapExactID
2352437,,undetermined,MapExactMatch
2352437,,undetermined,MapLicenseFamily
2417974,,undetermined,MapNA
2417974,,undetermined,MapExactID
2417974,,undetermined,MapExactMatch
2417974,,undetermined,MapLicenseFamily
2417974,,undetermined,MapFuzzyMatch
3401015,,undetermined,MapNA
3401015,,undetermined,MapExactID
3401015,,undetermined,MapExactMatch
3401015,,undetermined,MapLicenseFamily
5301566,,undetermined,MapNA
5301566,,undetermined,MapExactID
5301566,,undetermined,MapExactMatch
5301566,,undetermined,MapLicenseFamily
58688,,undetermined,MapNA
58688,,undetermined,MapExactID
58688,,undetermined,MapExactMatch
58688,,undetermined,MapLicenseFamily
386373,,undetermined,MapNA
386373,,undetermined,MapExactID
386373,,undetermined,MapExactMatch
386373,,undetermined,MapLicenseFamily
5039429,,undetermined,MapNA
5039429,,undetermined,MapExactID
5039429,,undetermined,MapExactMatch
5039429,,undetermined,MapLicenseFamily
5039429,,undetermined,MapFuzzyMatch
6088011,,undetermined,MapNA
6088011,,undetermined,MapExactID
6088011,,undetermined,MapExactMatch
6088011,,undetermined,MapLicenseFamily
3335501,,undetermined,MapNA
3335501,,undetermined,MapExactID
3335501,,undetermined,MapExactMatch
3335501,,undetermined,MapLicenseFamily
7071057,,undetermined,MapNA
7071057,,undetermined,MapExactID
7071057,,undetermined,MapExactMatch
7071057,,undetermined,MapLicenseFamily
2680153,,undetermined,MapNA
2680153,,undetermined,MapExactID
2680153,,undetermined,MapExactMatch
2680153,,undetermined,MapLicenseFamily
7071067,,undetermined,MapNA
7071067,,undetermined,MapExactID
7071067,,undetermined,MapExactMatch
7071067,,undetermined,MapLicenseFamily
2942303,,undetermined,MapNA
2942303,,undetermined,MapExactID
2942303,,undetermined,MapExactMatch
2942303,,undetermined,MapLicenseFamily
7071072,,undetermined,MapNA
7071072,,undetermined,MapExactID
7071072,,undetermined,MapExactMatch
7071072,,undetermined,MapLicenseFamily
1172832,,undetermined,MapNA
1172832,,undetermined,MapExactID
1172832,,undetermined,MapExactMatch
1172832,,undetermined,MapLicenseFamily
1172832,,undetermined,MapFuzzyMatch
648546,,undetermined,MapNA
648546,,undetermined,MapExactID
5563747,,undetermined,MapNA
5563747,,undetermined,MapExactID
5563747,,undetermined,MapExactMatch
5563747,,undetermined,MapLicenseFamily
5432690,,undetermined,MapNA
5432690,,undetermined,MapExactID
5432690,,undetermined,MapExactMatch
5432690,,undetermined,MapLicenseFamily
5432690,,undetermined,MapFuzzyMatch
3925367,,undetermined,MapNA
3925367,,undetermined,MapExactID
3925367,,undetermined,MapExactMatch
3925367,,undetermined,MapLicenseFamily
4187518,,undetermined,MapNA
4187518,,undetermined,MapExactID
4187518,,undetermined,MapExactMatch
4187518,,undetermined,MapLicenseFamily
4908434,,undetermined,MapNA
4908434,,undetermined,MapExactID
4908434,,undetermined,MapExactMatch
4908434,,undetermined,MapLicenseFamily
4908434,,undetermined,MapFuzzyMatch
1697184,,undetermined,MapNA
1697184,,undetermined,MapExactID
1697184,,undetermined,MapExactMatch
1697184,,undetermined,MapLicenseFamily
3532193,,undetermined,MapNA
3532193,,undetermined,MapExactID
3532193,,undetermined,MapExactMatch
3532193,,undetermined,MapLicenseFamily
58786,,undetermined,MapNA
58786,,undetermined,MapExactID
58786,,undetermined,MapExactMatch
58786,,undetermined,MapLicenseFamily
714156,,undetermined,MapNA
714156,,undetermined,MapExactID
714156,,undetermined,MapExactMatch
714156,,undetermined,MapLicenseFamily
452013,,undetermined,MapNA
452013,,undetermined,MapExactID
452013,,undetermined,MapExactMatch
452013,,undetermined,MapLicenseFamily
452013,,undetermined,MapFuzzyMatch
6350264,,undetermined,MapNA
6350264,,undetermined,MapExactID
6350264,,undetermined,MapExactMatch
6350264,,undetermined,MapLicenseFamily
6612418,,undetermined,MapNA
6612418,,undetermined,MapExactID
6612418,,undetermined,MapExactMatch
6612418,,undetermined,MapLicenseFamily
648656,,undetermined,MapNA
648656,,undetermined,MapExactID
648656,,undetermined,MapExactMatch
648656,,undetermined,MapLicenseFamily
5563864,,undetermined,MapNA
5563864,,undetermined,MapExactID
5563864,,undetermined,MapExactMatch
5563864,,undetermined,MapLicenseFamily
6022616,,undetermined,MapNA
6022616,,undetermined,MapExactID
6022616,,undetermined,MapExactMatch
6022616,,undetermined,MapLicenseFamily
6088154,,undetermined,MapNA
6088154,,undetermined,MapExactID
6088154,,undetermined,MapExactMatch
6088154,,undetermined,MapLicenseFamily
58843,,undetermined,MapNA
58843,,undetermined,MapExactID
58843,,undetermined,MapExactMatch
58843,,undetermined,MapLicenseFamily
58843,,undetermined,MapFuzzyMatch
3466716,,undetermined,MapNA
3466716,,undetermined,MapExactID
3466716,,undetermined,MapExactMatch
3466716,,undetermined,MapLicenseFamily
2811362,,undetermined,MapNA
2811362,,undetermined,MapExactID
2811362,,undetermined,MapExactMatch
2811362,,undetermined,MapLicenseFamily
3597808,,undetermined,MapNA
3597808,,undetermined,MapExactID
3597808,,undetermined,MapExactMatch
3597808,,undetermined,MapLicenseFamily
3597808,,undetermined,MapFuzzyMatch
321009,,undetermined,MapNA
321009,,undetermined,MapExactID
321009,,undetermined,MapExactMatch
321009,,undetermined,MapLicenseFamily
386556,,undetermined,MapNA
386556,,undetermined,MapExactID
386556,,undetermined,MapExactMatch
386556,,undetermined,MapLicenseFamily
1697278,,undetermined,MapNA
1697278,,undetermined,MapExactID
1697278,,undetermined,MapExactMatch
1697278,,undetermined,MapLicenseFamily
1697278,,undetermined,MapFuzzyMatch
4515332,,undetermined,MapNA
4515332,,undetermined,MapExactID
4515332,,undetermined,MapExactMatch
4515332,,undetermined,MapLicenseFamily
5105156,,undetermined,MapNA
5105156,,undetermined,MapExactID
5105156,,undetermined,MapExactMatch
5105156,,undetermined,MapLicenseFamily
5105156,,undetermined,MapFuzzyMatch
3466762,,undetermined,MapNA
3466762,,undetermined,MapExactID
3466762,,undetermined,MapExactMatch
3466762,,undetermined,MapLicenseFamily
2876940,,undetermined,MapNA
2876940,,undetermined,MapExactID
2876940,,undetermined,MapExactMatch
2876940,,undetermined,MapLicenseFamily
2876940,,undetermined,MapFuzzyMatch
2811407,,undetermined,MapNA
2811407,,undetermined,MapExactID
2811407,,undetermined,MapExactMatch
2811407,,undetermined,MapLicenseFamily
4580881,,undetermined,MapNA
4580881,,undetermined,MapExactID
4580881,,undetermined,MapExactMatch
4580881,,undetermined,MapLicenseFamily
4580881,,undetermined,MapFuzzyMatch
5694994,,undetermined,MapNA
5694994,,undetermined,MapExactID
5694994,,undetermined,MapExactMatch
5694994,,undetermined,MapLicenseFamily
6612497,,undetermined,MapNA
6612497,,undetermined,MapExactID
6612497,,undetermined,MapExactMatch
6612497,,undetermined,MapLicenseFamily
124438,,undetermined,MapNA
124438,,undetermined,MapExactID
124438,,undetermined,MapExactMatch
124438,,undetermined,MapLicenseFamily
2024983,,undetermined,MapNA
2024983,,undetermined,MapExactID
2024983,,undetermined,MapExactMatch
2024983,,undetermined,MapLicenseFamily
2024983,,undetermined,MapFuzzyMatch
2221597,,undetermined,MapNA
2221597,,undetermined,MapExactID
2221597,,undetermined,MapExactMatch
2221597,,undetermined,MapLicenseFamily
5301790,,undetermined,MapNA
5301790,,undetermined,MapExactID
5301790,,undetermined,MapExactMatch
5301790,,undetermined,MapLicenseFamily
6284832,,undetermined,MapNA
6284832,,undetermined,MapExactID
6284832,,undetermined,MapExactMatch
6284832,,undetermined,MapLicenseFamily
4580902,,undetermined,MapNA
4580902,,undetermined,MapExactID
4580902,,undetermined,MapExactMatch
4580902,,undetermined,MapLicenseFamily
124467,,undetermined,MapNA
124467,,undetermined,MapExactID
124467,,undetermined,MapExactMatch
124467,,undetermined,MapLicenseFamily
124467,,undetermined,MapFuzzyMatch
5039667,,undetermined,MapNA
5039667,,undetermined,MapExactID
5039667,,undetermined,MapExactMatch
5039667,,undetermined,MapLicenseFamily
5760563,,undetermined,MapNA
5760563,,undetermined,MapExactID
5760563,,undetermined,MapExactMatch
5760563,,undetermined,MapLicenseFamily
5236301,,undetermined,MapNA
5236301,,undetermined,MapExactID
5236301,,undetermined,MapExactMatch
5236301,,undetermined,MapLicenseFamily
4187726,,undetermined,MapNA
4187726,,undetermined,MapExactID
4187726,,undetermined,MapExactMatch
4187726,,undetermined,MapLicenseFamily
2287188,,undetermined,MapNA
2287188,,undetermined,MapExactID
2287188,,undetermined,MapExactMatch
2287188,,undetermined,MapLicenseFamily
2287188,,undetermined,MapFuzzyMatch
2680405,,undetermined,MapNA
2680405,,undetermined,MapExactID
2680405,,undetermined,MapExactMatch
2680405,,undetermined,MapLicenseFamily
2680405,,undetermined,MapFuzzyMatch
845398,,undetermined,MapNA
3860062,,undetermined,MapNA
3860062,,undetermined,MapExactID
3860062,,undetermined,MapExactMatch
3860062,,undetermined,MapLicenseFamily
2680419,,undetermined,MapNA
2680419,,undetermined,MapExactID
2680419,,undetermined,MapExactMatch
2680419,,undetermined,MapLicenseFamily
2614889,,undetermined,MapNA
2614889,,undetermined,MapExactID
2614889,,undetermined,MapExactMatch
2614889,,undetermined,MapLicenseFamily
3663472,,undetermined,MapNA
3663472,,undetermined,MapExactID
3663472,,undetermined,MapExactMatch
3663472,,undetermined,MapLicenseFamily
3663472,,undetermined,MapFuzzyMatch
5695093,,undetermined,MapNA
5695093,,undetermined,MapExactID
5695093,,undetermined,MapExactMatch
5695093,,undetermined,MapLicenseFamily
2811520,,undetermined,MapNA
2811520,,undetermined,MapExactID
2811520,,undetermined,MapExactMatch
2811520,,undetermined,MapLicenseFamily
7464579,,undetermined,MapNA
7464579,,undetermined,MapExactID
7464579,,undetermined,MapExactMatch
7464579,,undetermined,MapLicenseFamily
5695115,,undetermined,MapNA
5695115,,undetermined,MapExactID
3335820,,undetermined,MapNA
3335820,,undetermined,MapExactID
3335820,,undetermined,MapExactMatch
3335820,,undetermined,MapLicenseFamily
1107597,,undetermined,MapNA
1107597,,undetermined,MapExactID
1107597,,undetermined,MapExactMatch
1107597,,undetermined,MapLicenseFamily
5564050,,undetermined,MapNA
5564050,,undetermined,MapExactID
5564050,,undetermined,MapExactMatch
5564050,,undetermined,MapLicenseFamily
5498523,,undetermined,MapNA
5498523,,undetermined,MapExactID
5498523,,undetermined,MapExactMatch
5498523,,undetermined,MapLicenseFamily
4122274,,undetermined,MapNA
4122274,,undetermined,MapExactID
4122274,,undetermined,MapExactMatch
4122274,,undetermined,MapLicenseFamily
6088361,,undetermined,MapNA
6088361,,undetermined,MapExactID
6088361,,undetermined,MapExactMatch
6088361,,undetermined,MapLicenseFamily
779947,,undetermined,MapNA
779947,,undetermined,MapExactID
779947,,undetermined,MapExactMatch
779947,,undetermined,MapLicenseFamily
4122283,,undetermined,MapNA
4122283,,undetermined,MapExactID
4122283,,undetermined,MapExactMatch
4122283,,undetermined,MapLicenseFamily
59053,,undetermined,MapNA
59053,,undetermined,MapExactID
59053,,undetermined,MapExactMatch
59053,,undetermined,MapLicenseFamily
5498542,,undetermined,MapNA
5498542,,undetermined,MapExactID
5498542,,undetermined,MapExactMatch
5498542,,undetermined,MapLicenseFamily
6612658,,undetermined,MapNA
6612658,,undetermined,MapExactID
6612658,,undetermined,MapExactMatch
6612658,,undetermined,MapLicenseFamily
3794612,,undetermined,MapNA
3794612,,undetermined,MapExactID
3794612,,undetermined,MapExactMatch
3794612,,undetermined,MapLicenseFamily
2614968,,undetermined,MapNA
2614968,,undetermined,MapExactID
2614968,,undetermined,MapExactMatch
2614968,,undetermined,MapLicenseFamily
517822,,undetermined,MapNA
517822,,undetermined,MapExactID
517822,,undetermined,MapExactMatch
517822,,undetermined,MapLicenseFamily
517822,,undetermined,MapFuzzyMatch
3663550,,undetermined,MapNA
3663550,,undetermined,MapExactID
3663550,,undetermined,MapExactMatch
3663550,,undetermined,MapLicenseFamily
7268032,,undetermined,MapNA
7268032,,undetermined,MapExactID
7268032,,undetermined,MapExactMatch
7268032,,undetermined,MapLicenseFamily
386757,,undetermined,MapNA
386757,,undetermined,MapExactID
386757,,undetermined,MapExactMatch
386757,,undetermined,MapLicenseFamily
386757,,undetermined,MapFuzzyMatch
4122311,,undetermined,MapNA
4122311,,undetermined,MapExactID
4122311,,undetermined,MapExactMatch
4122311,,undetermined,MapLicenseFamily
386760,,undetermined,MapNA
386760,,undetermined,MapExactID
386760,,undetermined,MapExactMatch
386760,,undetermined,MapLicenseFamily
386760,,undetermined,MapFuzzyMatch
4581065,,undetermined,MapNA
4581065,,undetermined,MapExactID
4581065,,undetermined,MapExactMatch
4581065,,undetermined,MapLicenseFamily
4581072,,undetermined,MapNA
4581072,,undetermined,MapExactID
4581072,,undetermined,MapExactMatch
4581072,,undetermined,MapLicenseFamily
3598035,,undetermined,MapNA
3598035,,undetermined,MapExactID
3598035,,undetermined,MapExactMatch
3598035,,undetermined,MapLicenseFamily
5564124,,undetermined,MapNA
5564124,,undetermined,MapExactID
5564124,,undetermined,MapExactMatch
5564124,,undetermined,MapLicenseFamily
5564124,,undetermined,MapFuzzyMatch
5433053,,undetermined,MapNA
5433053,,undetermined,MapExactID
5433053,,undetermined,MapExactMatch
5433053,,undetermined,MapLicenseFamily
5564125,,undetermined,MapNA
5564127,,undetermined,MapNA
5564127,,undetermined,MapExactID
5564127,,undetermined,MapExactMatch
5564127,,undetermined,MapLicenseFamily
7399148,,undetermined,MapNA
7399148,,undetermined,MapExactID
7399148,,undetermined,MapExactMatch
7399148,,undetermined,MapLicenseFamily
3270382,,undetermined,MapNA
3270382,,undetermined,MapExactID
3270382,,undetermined,MapExactMatch
3270382,,undetermined,MapLicenseFamily
3925754,,undetermined,MapNA
3925754,,undetermined,MapExactID
3925754,,undetermined,MapExactMatch
3925754,,undetermined,MapLicenseFamily
6481658,,undetermined,MapNA
6481658,,undetermined,MapExactID
6481658,,undetermined,MapExactMatch
6481658,,undetermined,MapLicenseFamily
3860221,,undetermined,MapNA
3860221,,undetermined,MapExactID
3860221,,undetermined,MapExactMatch
3860221,,undetermined,MapLicenseFamily
3663618,,undetermined,MapNA
3663618,,undetermined,MapExactID
3663618,,undetermined,MapExactMatch
3663618,,undetermined,MapLicenseFamily
3925766,,undetermined,MapNA
3925766,,undetermined,MapExactID
3925766,,undetermined,MapExactMatch
3925766,,undetermined,MapLicenseFamily
2221836,,undetermined,MapNA
2221836,,undetermined,MapExactID
2221836,,undetermined,MapExactMatch
2221836,,undetermined,MapLicenseFamily
2221838,,undetermined,MapNA
2221838,,undetermined,MapExactID
2221838,,undetermined,MapExactMatch
2221838,,undetermined,MapLicenseFamily
5039896,,undetermined,MapNA
5039896,,undetermined,MapExactID
5039896,,undetermined,MapExactMatch
5039896,,undetermined,MapLicenseFamily
1042209,,undetermined,MapNA
1042209,,undetermined,MapExactID
1042209,,undetermined,MapExactMatch
1042209,,undetermined,MapLicenseFamily
2025253,,undetermined,MapNA
2025253,,undetermined,MapExactID
2025253,,undetermined,MapExactMatch
2025253,,undetermined,MapLicenseFamily
6088490,,undetermined,MapNA
6088490,,undetermined,MapExactID
6088490,,undetermined,MapExactMatch
6088490,,undetermined,MapLicenseFamily
6088490,,undetermined,MapFuzzyMatch
649008,,undetermined,MapNA
649008,,undetermined,MapExactID
649008,,undetermined,MapExactMatch
649008,,undetermined,MapLicenseFamily
649013,,undetermined,MapNA
649013,,undetermined,MapExactID
649013,,undetermined,MapExactMatch
649013,,undetermined,MapLicenseFamily
7530294,,undetermined,MapNA
7530294,,undetermined,MapExactID
7530294,,undetermined,MapExactMatch
7530294,,undetermined,MapLicenseFamily
3991358,,undetermined,MapNA
3991358,,undetermined,MapExactID
3991358,,undetermined,MapExactMatch
3991358,,undetermined,MapLicenseFamily
5564225,,undetermined,MapNA
5629761,,undetermined,MapNA
5629761,,undetermined,MapExactID
5629761,,undetermined,MapExactMatch
5629761,,undetermined,MapLicenseFamily
780103,,undetermined,MapNA
780103,,undetermined,MapExactID
780103,,undetermined,MapExactMatch
780103,,undetermined,MapLicenseFamily
1566538,,undetermined,MapNA
1566538,,undetermined,MapExactID
1566538,,undetermined,MapExactMatch
1566538,,undetermined,MapLicenseFamily
1566538,,undetermined,MapFuzzyMatch
5564238,,undetermined,MapNA
5564238,,undetermined,MapExactID
5564238,,undetermined,MapExactMatch
5564238,,undetermined,MapLicenseFamily
6022992,,undetermined,MapNA
6022992,,undetermined,MapExactID
6022992,,undetermined,MapExactMatch
6022992,,undetermined,MapLicenseFamily
2090838,,undetermined,MapNA
2090838,,undetermined,MapExactID
2090838,,undetermined,MapExactMatch
2090838,,undetermined,MapLicenseFamily
7661401,,undetermined,MapNA
7661401,,undetermined,MapExactID
7661401,,undetermined,MapExactMatch
59230,,undetermined,MapNA
59230,,undetermined,MapExactID
59230,,undetermined,MapExactMatch
59230,,undetermined,MapLicenseFamily
59230,,undetermined,MapFuzzyMatch
3729247,,undetermined,MapNA
3729247,,undetermined,MapExactID
3729247,,undetermined,MapExactMatch
3729247,,undetermined,MapLicenseFamily
7399266,,undetermined,MapNA
7399266,,undetermined,MapExactID
7399266,,undetermined,MapExactMatch
7399266,,undetermined,MapLicenseFamily
4515687,,undetermined,MapNA
4515687,,undetermined,MapExactID
4515687,,undetermined,MapExactMatch
4515687,,undetermined,MapLicenseFamily
649064,,undetermined,MapNA
649064,,undetermined,MapExactID
649064,,undetermined,MapExactMatch
649064,,undetermined,MapLicenseFamily
3729256,,undetermined,MapNA
3729256,,undetermined,MapExactID
3729256,,undetermined,MapExactMatch
3729256,,undetermined,MapLicenseFamily
3729256,,undetermined,MapFuzzyMatch
2025326,,undetermined,MapNA
2025326,,undetermined,MapExactID
2025326,,undetermined,MapExactMatch
2025326,,undetermined,MapLicenseFamily
2025326,,undetermined,MapFuzzyMatch
6088558,,undetermined,MapNA
6088558,,undetermined,MapExactID
6088558,,undetermined,MapExactMatch
6088558,,undetermined,MapLicenseFamily
386930,,undetermined,MapNA
386930,,undetermined,MapExactID
386930,,undetermined,MapExactMatch
386930,,undetermined,MapLicenseFamily
386930,,undetermined,MapFuzzyMatch
3925880,,undetermined,MapNA
3925880,,undetermined,MapExactID
3925880,,undetermined,MapExactMatch
3925880,,undetermined,MapLicenseFamily
3532671,,undetermined,MapNA
3532671,,undetermined,MapExactID
3532671,,undetermined,MapExactMatch
3532671,,undetermined,MapLicenseFamily
3336064,,undetermined,MapNA
3336064,,undetermined,MapExactID
3336064,,undetermined,MapExactMatch
3336064,,undetermined,MapLicenseFamily
2877320,,undetermined,MapNA
2877320,,undetermined,MapExactID
2877320,,undetermined,MapExactMatch
2877320,,undetermined,MapLicenseFamily
7595925,,undetermined,MapNA
7595925,,undetermined,MapExactID
7595925,,undetermined,MapExactMatch
7595925,,undetermined,MapLicenseFamily
7595925,,undetermined,MapFuzzyMatch
3336092,,undetermined,MapNA
3336092,,undetermined,MapExactID
3336092,,undetermined,MapExactMatch
3336092,,undetermined,MapLicenseFamily
3336092,,undetermined,MapFuzzyMatch
7071644,,undetermined,MapNA
7071644,,undetermined,MapExactID
7071644,,undetermined,MapExactMatch
7071644,,undetermined,MapLicenseFamily
124832,,undetermined,MapNA
124832,,undetermined,MapExactID
124832,,undetermined,MapExactMatch
124832,,undetermined,MapLicenseFamily
518055,,undetermined,MapNA
518055,,undetermined,MapExactID
518055,,undetermined,MapExactMatch
518055,,undetermined,MapLicenseFamily
1566633,,undetermined,MapNA
1566633,,undetermined,MapExactID
1566633,,undetermined,MapExactMatch
1566633,,undetermined,MapLicenseFamily
1566633,,undetermined,MapFuzzyMatch
5629865,,undetermined,MapNA
5629865,,undetermined,MapExactID
5629865,,undetermined,MapExactMatch
5629865,,undetermined,MapLicenseFamily
5629865,,undetermined,MapFuzzyMatch
5629866,,undetermined,MapNA
5629866,,undetermined,MapExactID
5629866,,undetermined,MapExactMatch
5629866,,undetermined,MapLicenseFamily
5629866,,undetermined,MapFuzzyMatch
5629867,,undetermined,MapNA
5629867,,undetermined,MapExactID
5629867,,undetermined,MapExactMatch
5629867,,undetermined,MapLicenseFamily
5171119,,undetermined,MapNA
5171119,,undetermined,MapExactID
5171119,,undetermined,MapExactMatch
5171119,,undetermined,MapLicenseFamily
5040049,,undetermined,MapNA
5040049,,undetermined,MapExactID
5040049,,undetermined,MapExactMatch
5040049,,undetermined,MapLicenseFamily
6481844,,undetermined,MapNA
6481844,,undetermined,MapExactID
6481844,,undetermined,MapExactMatch
6481844,,undetermined,MapLicenseFamily
5564343,,undetermined,MapNA
5564343,,undetermined,MapExactID
5564343,,undetermined,MapExactMatch
5564343,,undetermined,MapLicenseFamily
2484152,,undetermined,MapNA
2484152,,undetermined,MapExactID
2484152,,undetermined,MapExactMatch
2484152,,undetermined,MapLicenseFamily
6088632,,undetermined,MapNA
6088632,,undetermined,MapExactID
6088632,,undetermined,MapExactMatch
6088632,,undetermined,MapLicenseFamily
7268288,,undetermined,MapNA
7268288,,undetermined,MapExactID
7268288,,undetermined,MapExactMatch
7268288,,undetermined,MapLicenseFamily
5302222,,undetermined,MapNA
5302222,,undetermined,MapExactID
5302222,,undetermined,MapExactMatch
5302222,,undetermined,MapLicenseFamily
6350803,,undetermined,MapNA
6350803,,undetermined,MapExactID
6350803,,undetermined,MapExactMatch
6350803,,undetermined,MapLicenseFamily
3532760,,undetermined,MapNA
3532760,,undetermined,MapExactID
3532760,,undetermined,MapExactMatch
3532760,,undetermined,MapLicenseFamily
2222056,,undetermined,MapNA
2222056,,undetermined,MapExactID
2222056,,undetermined,MapExactMatch
2222056,,undetermined,MapLicenseFamily
2222056,,undetermined,MapFuzzyMatch
5957612,,undetermined,MapNA
5957612,,undetermined,MapExactID
5957612,,undetermined,MapExactMatch
5957612,,undetermined,MapLicenseFamily
5957615,,undetermined,MapNA
5957615,,undetermined,MapExactID
5957615,,undetermined,MapExactMatch
5957615,,undetermined,MapLicenseFamily
2090995,,undetermined,MapNA
2090995,,undetermined,MapExactID
2090995,,undetermined,MapExactMatch
2090995,,undetermined,MapLicenseFamily
6023165,,undetermined,MapNA
6023165,,undetermined,MapExactID
6023165,,undetermined,MapExactMatch
6023165,,undetermined,MapLicenseFamily
5629953,,undetermined,MapNA
5629953,,undetermined,MapExactID
5629953,,undetermined,MapExactMatch
5629953,,undetermined,MapLicenseFamily
3074050,,undetermined,MapNA
3074050,,undetermined,MapExactID
3074050,,undetermined,MapExactMatch
3074050,,undetermined,MapLicenseFamily
1894403,,undetermined,MapNA
1894403,,undetermined,MapExactID
1894403,,undetermined,MapExactMatch
1894403,,undetermined,MapLicenseFamily
1894403,,undetermined,MapFuzzyMatch
321544,,undetermined,MapNA
321544,,undetermined,MapExactID
321544,,undetermined,MapExactMatch
321544,,undetermined,MapLicenseFamily
321544,,undetermined,MapFuzzyMatch
4515851,,undetermined,MapNA
4515851,,undetermined,MapExactID
4515851,,undetermined,MapExactMatch
4515851,,undetermined,MapLicenseFamily
1107982,,undetermined,MapNA
1107982,,undetermined,MapExactID
1107982,,undetermined,MapExactMatch
1107982,,undetermined,MapLicenseFamily
7268367,,undetermined,MapNA
7268367,,undetermined,MapExactID
7268367,,undetermined,MapExactMatch
7268367,,undetermined,MapLicenseFamily
6219802,,undetermined,MapNA
6219802,,undetermined,MapExactID
6219802,,undetermined,MapExactMatch
6219802,,undetermined,MapLicenseFamily
5564444,,undetermined,MapNA
5564444,,undetermined,MapExactID
5564444,,undetermined,MapExactMatch
5564444,,undetermined,MapLicenseFamily
5564444,,undetermined,MapFuzzyMatch
976928,,undetermined,MapNA
976928,,undetermined,MapExactID
976928,,undetermined,MapExactMatch
976928,,undetermined,MapLicenseFamily
2484260,,undetermined,MapNA
2484260,,undetermined,MapExactID
2484260,,undetermined,MapExactMatch
2484260,,undetermined,MapLicenseFamily
452651,,undetermined,MapNA
452651,,undetermined,MapExactID
452651,,undetermined,MapExactMatch
452651,,undetermined,MapLicenseFamily
2287668,,undetermined,MapNA
2287668,,undetermined,MapExactID
2287668,,undetermined,MapExactMatch
2287668,,undetermined,MapLicenseFamily
3401782,,undetermined,MapNA
3401782,,undetermined,MapExactID
3401782,,undetermined,MapExactMatch
3401782,,undetermined,MapLicenseFamily
3401782,,undetermined,MapFuzzyMatch
6219832,,undetermined,MapNA
6219832,,undetermined,MapExactID
6219832,,undetermined,MapExactMatch
6219832,,undetermined,MapLicenseFamily
3467325,,undetermined,MapNA
3467325,,undetermined,MapExactID
3467325,,undetermined,MapExactMatch
3467325,,undetermined,MapLicenseFamily
3467325,,undetermined,MapFuzzyMatch
124990,,undetermined,MapNA
124990,,undetermined,MapExactID
124990,,undetermined,MapExactMatch
124990,,undetermined,MapLicenseFamily
3926102,,undetermined,MapNA
3926102,,undetermined,MapExactID
3926102,,undetermined,MapExactMatch
3926102,,undetermined,MapLicenseFamily
4843607,,undetermined,MapNA
4843607,,undetermined,MapExactID
4843607,,undetermined,MapExactMatch
4843607,,undetermined,MapLicenseFamily
4843607,,undetermined,MapFuzzyMatch
4843608,,undetermined,MapNA
4843608,,undetermined,MapExactID
4843608,,undetermined,MapExactMatch
4843608,,undetermined,MapLicenseFamily
5105753,,undetermined,MapNA
5105753,,undetermined,MapExactID
7530597,,undetermined,MapNA
7530597,,undetermined,MapExactID
7530597,,undetermined,MapExactMatch
7530597,,undetermined,MapLicenseFamily
321640,,undetermined,MapNA
321640,,undetermined,MapExactID
321640,,undetermined,MapExactMatch
321640,,undetermined,MapLicenseFamily
7202929,,undetermined,MapNA
7202929,,undetermined,MapExactID
7202929,,undetermined,MapExactMatch
7202929,,undetermined,MapLicenseFamily
6219891,,undetermined,MapNA
6219891,,undetermined,MapExactID
6219891,,undetermined,MapExactMatch
6219891,,undetermined,MapLicenseFamily
6219891,,undetermined,MapFuzzyMatch
1894519,,undetermined,MapNA
1894519,,undetermined,MapExactID
1894519,,undetermined,MapExactMatch
1894519,,undetermined,MapLicenseFamily
7465091,,undetermined,MapNA
7465091,,undetermined,MapExactID
7465091,,undetermined,MapExactMatch
7465091,,undetermined,MapLicenseFamily
4581509,,undetermined,MapNA
4581509,,undetermined,MapExactID
4581509,,undetermined,MapExactMatch
4581509,,undetermined,MapLicenseFamily
4647051,,undetermined,MapNA
4647051,,undetermined,MapExactID
4647051,,undetermined,MapExactMatch
4647051,,undetermined,MapLicenseFamily
4122781,,undetermined,MapNA
4122781,,undetermined,MapExactID
4122781,,undetermined,MapExactMatch
4122781,,undetermined,MapLicenseFamily
5040289,,undetermined,MapNA
5040289,,undetermined,MapExactID
5040289,,undetermined,MapExactMatch
5040289,,undetermined,MapLicenseFamily
5040292,,undetermined,MapNA
5040292,,undetermined,MapExactID
5040292,,undetermined,MapExactMatch
5040292,,undetermined,MapLicenseFamily
5433513,,undetermined,MapNA
5433513,,undetermined,MapExactID
5433513,,undetermined,MapExactMatch
5433513,,undetermined,MapLicenseFamily
3729585,,undetermined,MapNA
3729585,,undetermined,MapExactID
3729585,,undetermined,MapExactMatch
3729585,,undetermined,MapLicenseFamily
59578,,undetermined,MapNA
59578,,undetermined,MapExactID
59578,,undetermined,MapExactMatch
59578,,undetermined,MapLicenseFamily
5499072,,undetermined,MapNA
5499072,,undetermined,MapExactID
5499072,,undetermined,MapExactMatch
5499072,,undetermined,MapLicenseFamily
5040324,,undetermined,MapNA
5040324,,undetermined,MapExactID
5040324,,undetermined,MapExactMatch
5040324,,undetermined,MapLicenseFamily
5040324,,undetermined,MapFuzzyMatch
452810,,undetermined,MapNA
452810,,undetermined,MapExactID
452810,,undetermined,MapExactMatch
452810,,undetermined,MapLicenseFamily
256208,,undetermined,MapNA
256208,,undetermined,MapExactID
256208,,undetermined,MapExactMatch
256208,,undetermined,MapLicenseFamily
452816,,undetermined,MapNA
452816,,undetermined,MapExactID
452816,,undetermined,MapExactMatch
452816,,undetermined,MapLicenseFamily
5105873,,undetermined,MapNA
5105873,,undetermined,MapExactID
5105873,,undetermined,MapExactMatch
5105873,,undetermined,MapLicenseFamily
3729622,,undetermined,MapNA
3729622,,undetermined,MapExactID
3729622,,undetermined,MapExactMatch
3729622,,undetermined,MapLicenseFamily
5171427,,undetermined,MapNA
5171427,,undetermined,MapExactID
5171427,,undetermined,MapExactMatch
5171427,,undetermined,MapLicenseFamily
2222314,,undetermined,MapNA
2222314,,undetermined,MapExactID
2222314,,undetermined,MapExactMatch
2222314,,undetermined,MapLicenseFamily
2484459,,undetermined,MapNA
2484459,,undetermined,MapExactID
2484459,,undetermined,MapExactMatch
2484459,,undetermined,MapLicenseFamily
7530735,,undetermined,MapNA
7530735,,undetermined,MapExactID
7530735,,undetermined,MapExactMatch
7530735,,undetermined,MapLicenseFamily
7530735,,undetermined,MapFuzzyMatch
3533054,,undetermined,MapNA
3533054,,undetermined,MapExactID
3533054,,undetermined,MapExactMatch
3533054,,undetermined,MapLicenseFamily
3533054,,undetermined,MapFuzzyMatch
2025727,,undetermined,MapNA
2025727,,undetermined,MapExactID
2025727,,undetermined,MapExactMatch
2025727,,undetermined,MapLicenseFamily
2287885,,undetermined,MapNA
2287885,,undetermined,MapExactID
2287885,,undetermined,MapExactMatch
2287885,,undetermined,MapLicenseFamily
2287885,,undetermined,MapFuzzyMatch
6088975,,undetermined,MapNA
6088975,,undetermined,MapExactID
6088975,,undetermined,MapExactMatch
6088975,,undetermined,MapLicenseFamily
846098,,undetermined,MapNA
846098,,undetermined,MapExactID
846098,,undetermined,MapExactMatch
846098,,undetermined,MapLicenseFamily
7203095,,undetermined,MapNA
7203095,,undetermined,MapExactID
7203095,,undetermined,MapExactMatch
7203095,,undetermined,MapLicenseFamily
2746655,,undetermined,MapNA
2746655,,undetermined,MapExactID
2746655,,undetermined,MapExactMatch
2746655,,undetermined,MapLicenseFamily
2746655,,undetermined,MapFuzzyMatch
1829152,,undetermined,MapNA
1829152,,undetermined,MapExactID
1829152,,undetermined,MapExactMatch
1829152,,undetermined,MapLicenseFamily
190761,,undetermined,MapNA
190761,,undetermined,MapExactID
1960235,,undetermined,MapNA
1960235,,undetermined,MapExactID
1960235,,undetermined,MapExactMatch
1960235,,undetermined,MapLicenseFamily
3402028,,undetermined,MapNA
3402028,,undetermined,MapExactID
3402028,,undetermined,MapExactMatch
3402028,,undetermined,MapLicenseFamily
7137594,,undetermined,MapNA
7137594,,undetermined,MapExactID
7137594,,undetermined,MapExactMatch
7137594,,undetermined,MapLicenseFamily
1960253,,undetermined,MapNA
1960253,,undetermined,MapExactID
1960253,,undetermined,MapExactMatch
1960253,,undetermined,MapLicenseFamily
5892422,,undetermined,MapNA
5892422,,undetermined,MapExactID
5892422,,undetermined,MapExactMatch
5892422,,undetermined,MapLicenseFamily
6351175,,undetermined,MapNA
6351175,,undetermined,MapExactID
6351175,,undetermined,MapExactMatch
6351175,,undetermined,MapLicenseFamily
1763658,,undetermined,MapNA
1763658,,undetermined,MapExactID
1763658,,undetermined,MapExactMatch
1763658,,undetermined,MapLicenseFamily
2943307,,undetermined,MapNA
2943307,,undetermined,MapExactID
2943307,,undetermined,MapExactMatch
2943307,,undetermined,MapLicenseFamily
2943307,,undetermined,MapFuzzyMatch
4647247,,undetermined,MapNA
4647247,,undetermined,MapExactID
4647247,,undetermined,MapExactMatch
4647247,,undetermined,MapLicenseFamily
4843866,,undetermined,MapNA
4843866,,undetermined,MapExactID
4843866,,undetermined,MapExactMatch
4843866,,undetermined,MapLicenseFamily
6351195,,undetermined,MapNA
6351195,,undetermined,MapExactID
6351195,,undetermined,MapExactMatch
6351195,,undetermined,MapLicenseFamily
3336546,,undetermined,MapNA
3336546,,undetermined,MapExactID
3336546,,undetermined,MapExactMatch
3336546,,undetermined,MapLicenseFamily
3991909,,undetermined,MapNA
3991909,,undetermined,MapExactID
3991909,,undetermined,MapExactMatch
3991909,,undetermined,MapLicenseFamily
321901,,undetermined,MapNA
321901,,undetermined,MapExactID
321901,,undetermined,MapExactMatch
321901,,undetermined,MapLicenseFamily
5630320,,undetermined,MapNA
5630320,,undetermined,MapExactID
5630320,,undetermined,MapExactMatch
5630320,,undetermined,MapLicenseFamily
5630320,,undetermined,MapFuzzyMatch
518514,,undetermined,MapNA
518514,,undetermined,MapExactID
518514,,undetermined,MapExactMatch
518514,,undetermined,MapLicenseFamily
518514,,undetermined,MapFuzzyMatch
6678906,,undetermined,MapNA
6678906,,undetermined,MapExactID
6678906,,undetermined,MapExactMatch
6678906,,undetermined,MapLicenseFamily
6678906,,undetermined,MapFuzzyMatch
5892482,,undetermined,MapNA
5892482,,undetermined,MapExactID
5892482,,undetermined,MapExactMatch
5892482,,undetermined,MapLicenseFamily
4516240,,undetermined,MapNA
4516240,,undetermined,MapExactID
4516240,,undetermined,MapExactMatch
4516240,,undetermined,MapLicenseFamily
715155,,undetermined,MapNA
715155,,undetermined,MapExactID
715155,,undetermined,MapExactMatch
715155,,undetermined,MapLicenseFamily
6613400,,undetermined,MapNA
6613400,,undetermined,MapExactID
6613400,,undetermined,MapExactMatch
6613400,,undetermined,MapLicenseFamily
125338,,undetermined,MapNA
125338,,undetermined,MapExactID
125338,,undetermined,MapExactMatch
125338,,undetermined,MapLicenseFamily
125339,,undetermined,MapNA
125339,,undetermined,MapExactID
125339,,undetermined,MapExactMatch
125339,,undetermined,MapLicenseFamily
6482333,,undetermined,MapNA
6482333,,undetermined,MapExactID
6482333,,undetermined,MapExactMatch
6482333,,undetermined,MapLicenseFamily
125345,,undetermined,MapNA
125345,,undetermined,MapExactID
125345,,undetermined,MapExactMatch
125345,,undetermined,MapLicenseFamily
125345,,undetermined,MapFuzzyMatch
321954,,undetermined,MapNA
321954,,undetermined,MapExactID
321954,,undetermined,MapExactMatch
321954,,undetermined,MapLicenseFamily
321954,,undetermined,MapFuzzyMatch
190890,,undetermined,MapNA
190890,,undetermined,MapExactID
190890,,undetermined,MapExactMatch
190890,,undetermined,MapLicenseFamily
190890,,undetermined,MapFuzzyMatch
4123056,,undetermined,MapNA
4123056,,undetermined,MapExactID
4123056,,undetermined,MapExactMatch
4123056,,undetermined,MapLicenseFamily
453047,,undetermined,MapNA
453047,,undetermined,MapExactID
453047,,undetermined,MapExactMatch
453047,,undetermined,MapLicenseFamily
453047,,undetermined,MapFuzzyMatch
5171639,,undetermined,MapNA
5171639,,undetermined,MapExactID
5171639,,undetermined,MapExactMatch
5171639,,undetermined,MapLicenseFamily
59833,,undetermined,MapNA
59833,,undetermined,MapExactID
59833,,undetermined,MapExactMatch
59833,,undetermined,MapLicenseFamily
5630393,,undetermined,MapNA
5630393,,undetermined,MapExactID
5630393,,undetermined,MapExactMatch
5630393,,undetermined,MapLicenseFamily
3402174,,undetermined,MapNA
3402174,,undetermined,MapExactID
3402174,,undetermined,MapExactMatch
3402174,,undetermined,MapLicenseFamily
4123082,,undetermined,MapNA
4123082,,undetermined,MapExactID
4123082,,undetermined,MapExactMatch
4123082,,undetermined,MapLicenseFamily
4123082,,undetermined,MapFuzzyMatch
3467731,,undetermined,MapNA
3467731,,undetermined,MapExactID
3467731,,undetermined,MapExactMatch
3467731,,undetermined,MapLicenseFamily
3467731,,undetermined,MapFuzzyMatch
125400,,undetermined,MapNA
125400,,undetermined,MapExactID
125400,,undetermined,MapExactMatch
125400,,undetermined,MapLicenseFamily
4647390,,undetermined,MapNA
4647390,,undetermined,MapExactID
4647390,,undetermined,MapExactMatch
4647390,,undetermined,MapLicenseFamily
5695968,,undetermined,MapNA
5695968,,undetermined,MapExactID
5695968,,undetermined,MapExactMatch
5695968,,undetermined,MapLicenseFamily
7596512,,undetermined,MapNA
7596512,,undetermined,MapExactID
5499363,,undetermined,MapNA
5499363,,undetermined,MapExactID
5499363,,undetermined,MapExactMatch
5499363,,undetermined,MapLicenseFamily
2091492,,undetermined,MapNA
2091492,,undetermined,MapExactID
2091492,,undetermined,MapExactMatch
2091492,,undetermined,MapLicenseFamily
649715,,undetermined,MapNA
649715,,undetermined,MapExactID
649715,,undetermined,MapExactMatch
649715,,undetermined,MapLicenseFamily
5040628,,undetermined,MapNA
5040628,,undetermined,MapExactID
5040628,,undetermined,MapExactMatch
5040628,,undetermined,MapLicenseFamily
5630451,,undetermined,MapNA
5630451,,undetermined,MapExactID
5630451,,undetermined,MapExactMatch
5630451,,undetermined,MapLicenseFamily
1763831,,undetermined,MapNA
1763831,,undetermined,MapExactID
1763831,,undetermined,MapExactMatch
1763831,,undetermined,MapLicenseFamily
190972,,undetermined,MapNA
190972,,undetermined,MapExactID
190972,,undetermined,MapExactMatch
190972,,undetermined,MapLicenseFamily
190972,,undetermined,MapFuzzyMatch
518676,,undetermined,MapNA
518676,,undetermined,MapExactID
518676,,undetermined,MapExactMatch
518676,,undetermined,MapLicenseFamily
3074583,,undetermined,MapNA
3074583,,undetermined,MapExactID
3074583,,undetermined,MapExactMatch
3074583,,undetermined,MapLicenseFamily
1894937,,undetermined,MapNA
1894937,,undetermined,MapExactID
1894937,,undetermined,MapExactMatch
1894937,,undetermined,MapLicenseFamily
7662105,,undetermined,MapNA
7662105,,undetermined,MapExactID
7662105,,undetermined,MapExactMatch
7662105,,undetermined,MapLicenseFamily
59941,,undetermined,MapNA
59941,,undetermined,MapExactID
59941,,undetermined,MapExactMatch
59941,,undetermined,MapLicenseFamily
4909607,,undetermined,MapNA
4909607,,undetermined,MapExactID
4909607,,undetermined,MapExactMatch
4909607,,undetermined,MapLicenseFamily
1894953,,undetermined,MapNA
1894953,,undetermined,MapExactID
1894953,,undetermined,MapExactMatch
1894953,,undetermined,MapLicenseFamily
1763885,,undetermined,MapNA
1763885,,undetermined,MapExactID
1763885,,undetermined,MapExactMatch
1763885,,undetermined,MapLicenseFamily
1763885,,undetermined,MapFuzzyMatch
6023731,,undetermined,MapNA
6023731,,undetermined,MapExactID
6023731,,undetermined,MapExactMatch
6023731,,undetermined,MapLicenseFamily
3074619,,undetermined,MapNA
3074619,,undetermined,MapExactID
3074619,,undetermined,MapExactMatch
3074619,,undetermined,MapLicenseFamily
649788,,undetermined,MapNA
649788,,undetermined,MapExactID
649788,,undetermined,MapExactMatch
649788,,undetermined,MapLicenseFamily
649788,,undetermined,MapFuzzyMatch
3926588,,undetermined,MapNA
3926588,,undetermined,MapExactID
3926588,,undetermined,MapExactMatch
3926588,,undetermined,MapLicenseFamily
2615872,,undetermined,MapNA
2615872,,undetermined,MapExactID
2615872,,undetermined,MapExactMatch
2615872,,undetermined,MapLicenseFamily
387650,,undetermined,MapNA
387650,,undetermined,MapExactID
387650,,undetermined,MapExactMatch
387650,,undetermined,MapLicenseFamily
387650,,undetermined,MapFuzzyMatch
780867,,undetermined,MapNA
780867,,undetermined,MapExactID
780867,,undetermined,MapExactMatch
780867,,undetermined,MapLicenseFamily
4909638,,undetermined,MapNA
4909638,,undetermined,MapExactID
4909638,,undetermined,MapExactMatch
4909638,,undetermined,MapLicenseFamily
322119,,undetermined,MapNA
322119,,undetermined,MapExactID
322119,,undetermined,MapExactMatch
322119,,undetermined,MapLicenseFamily
2812487,,undetermined,MapNA
2812487,,undetermined,MapExactID
2812487,,undetermined,MapExactMatch
2812487,,undetermined,MapLicenseFamily
7400015,,undetermined,MapNA
7400015,,undetermined,MapExactID
7400015,,undetermined,MapExactMatch
7400015,,undetermined,MapLicenseFamily
387673,,undetermined,MapNA
387673,,undetermined,MapExactID
387673,,undetermined,MapExactMatch
387673,,undetermined,MapLicenseFamily
3730010,,undetermined,MapNA
3730010,,undetermined,MapExactID
3730010,,undetermined,MapExactMatch
3730010,,undetermined,MapLicenseFamily
6220379,,undetermined,MapNA
6220379,,undetermined,MapExactID
6220379,,undetermined,MapExactMatch
6220379,,undetermined,MapLicenseFamily
7137881,,undetermined,MapNA
7137881,,undetermined,MapExactID
7137881,,undetermined,MapExactMatch
7137881,,undetermined,MapLicenseFamily
6220384,,undetermined,MapNA
6220384,,undetermined,MapExactID
6220384,,undetermined,MapExactMatch
6220384,,undetermined,MapLicenseFamily
715380,,undetermined,MapNA
715380,,undetermined,MapExactID
715380,,undetermined,MapExactMatch
715380,,undetermined,MapLicenseFamily
715380,,undetermined,MapFuzzyMatch
2026111,,undetermined,MapNA
2026111,,undetermined,MapExactID
2026111,,undetermined,MapExactMatch
2026111,,undetermined,MapLicenseFamily
2026111,,undetermined,MapFuzzyMatch
387715,,undetermined,MapNA
387715,,undetermined,MapExactID
387715,,undetermined,MapExactMatch
387715,,undetermined,MapLicenseFamily
518791,,undetermined,MapNA
518791,,undetermined,MapExactID
518791,,undetermined,MapExactMatch
518791,,undetermined,MapLicenseFamily
518791,,undetermined,MapFuzzyMatch
5171850,,undetermined,MapNA
5171850,,undetermined,MapExactID
5171850,,undetermined,MapExactMatch
5171850,,undetermined,MapLicenseFamily
6482590,,undetermined,MapNA
6482590,,undetermined,MapExactID
6482590,,undetermined,MapExactMatch
6482590,,undetermined,MapLicenseFamily
2091682,,undetermined,MapNA
2091682,,undetermined,MapExactID
2091682,,undetermined,MapExactMatch
2091682,,undetermined,MapLicenseFamily
5171875,,undetermined,MapNA
5171875,,undetermined,MapExactID
5171875,,undetermined,MapExactMatch
5171875,,undetermined,MapLicenseFamily
3140261,,undetermined,MapNA
3140261,,undetermined,MapExactID
3140261,,undetermined,MapExactMatch
3140261,,undetermined,MapLicenseFamily
6679207,,undetermined,MapNA
6679207,,undetermined,MapExactID
6679207,,undetermined,MapExactMatch
6679207,,undetermined,MapLicenseFamily
6679207,,undetermined,MapFuzzyMatch
3074729,,undetermined,MapNA
3074729,,undetermined,MapExactID
3074729,,undetermined,MapExactMatch
3074729,,undetermined,MapLicenseFamily
5302954,,undetermined,MapNA
5302954,,undetermined,MapExactID
5302954,,undetermined,MapExactMatch
5302954,,undetermined,MapLicenseFamily
5302959,,undetermined,MapNA
5302959,,undetermined,MapExactID
5302959,,undetermined,MapExactMatch
5302959,,undetermined,MapLicenseFamily
7400111,,undetermined,MapNA
7400111,,undetermined,MapExactID
7400111,,undetermined,MapExactMatch
7400111,,undetermined,MapLicenseFamily
6613682,,undetermined,MapNA
6613682,,undetermined,MapExactID
6613682,,undetermined,MapExactMatch
6613682,,undetermined,MapLicenseFamily
3861173,,undetermined,MapNA
3861173,,undetermined,MapExactID
3861173,,undetermined,MapExactMatch
3861173,,undetermined,MapLicenseFamily
3861173,,undetermined,MapFuzzyMatch
3336887,,undetermined,MapNA
3336887,,undetermined,MapExactID
3336887,,undetermined,MapExactMatch
3336887,,undetermined,MapLicenseFamily
387779,,undetermined,MapNA
387779,,undetermined,MapExactID
387779,,undetermined,MapExactMatch
387779,,undetermined,MapLicenseFamily
5892808,,undetermined,MapNA
5892808,,undetermined,MapExactID
5892808,,undetermined,MapExactMatch
5892808,,undetermined,MapLicenseFamily
7465672,,undetermined,MapNA
7465672,,undetermined,MapExactID
7465672,,undetermined,MapExactMatch
7465672,,undetermined,MapLicenseFamily
60106,,undetermined,MapNA
60106,,undetermined,MapExactID
60106,,undetermined,MapExactMatch
60106,,undetermined,MapLicenseFamily
2026191,,undetermined,MapNA
2026191,,undetermined,MapExactID
2026191,,undetermined,MapExactMatch
2026191,,undetermined,MapLicenseFamily
977623,,undetermined,MapNA
977623,,undetermined,MapExactID
977623,,undetermined,MapExactMatch
977623,,undetermined,MapLicenseFamily
6482649,,undetermined,MapNA
6482649,,undetermined,MapExactID
6482649,,undetermined,MapExactMatch
6482649,,undetermined,MapLicenseFamily
2812637,,undetermined,MapNA
2812637,,undetermined,MapExactID
2812637,,undetermined,MapExactMatch
2812637,,undetermined,MapLicenseFamily
2812637,,undetermined,MapFuzzyMatch
7465695,,undetermined,MapNA
7465695,,undetermined,MapExactID
7465695,,undetermined,MapExactMatch
7465695,,undetermined,MapLicenseFamily
7465695,,undetermined,MapFuzzyMatch
518880,,undetermined,MapNA
518880,,undetermined,MapExactID
518880,,undetermined,MapExactMatch
518880,,undetermined,MapLicenseFamily
6613728,,undetermined,MapNA
6613728,,undetermined,MapExactID
6613728,,undetermined,MapExactMatch
6613728,,undetermined,MapLicenseFamily
3533539,,undetermined,MapNA
3533539,,undetermined,MapExactID
3533539,,undetermined,MapExactMatch
3533539,,undetermined,MapLicenseFamily
256748,,undetermined,MapNA
256748,,undetermined,MapExactID
256748,,undetermined,MapExactMatch
256748,,undetermined,MapLicenseFamily
5434094,,undetermined,MapNA
5434094,,undetermined,MapExactID
5434094,,undetermined,MapExactMatch
5434094,,undetermined,MapLicenseFamily
6286065,,undetermined,MapNA
6286065,,undetermined,MapExactID
6286065,,undetermined,MapExactMatch
6286065,,undetermined,MapLicenseFamily
256760,,undetermined,MapNA
256760,,undetermined,MapExactID
256760,,undetermined,MapExactMatch
256760,,undetermined,MapLicenseFamily
1895162,,undetermined,MapNA
1895162,,undetermined,MapExactID
1895162,,undetermined,MapExactMatch
1895162,,undetermined,MapLicenseFamily
2288380,,undetermined,MapNA
2288380,,undetermined,MapExactID
2288380,,undetermined,MapExactMatch
2288380,,undetermined,MapLicenseFamily
7269129,,undetermined,MapNA
7269129,,undetermined,MapExactID
7269129,,undetermined,MapExactMatch
7269129,,undetermined,MapLicenseFamily
7269129,,undetermined,MapFuzzyMatch
2026261,,undetermined,MapNA
2026261,,undetermined,MapExactID
2026261,,undetermined,MapExactMatch
2026261,,undetermined,MapLicenseFamily
5303071,,undetermined,MapNA
5303071,,undetermined,MapExactID
5303071,,undetermined,MapExactMatch
5303071,,undetermined,MapLicenseFamily
1043236,,undetermined,MapNA
1043236,,undetermined,MapExactID
1043236,,undetermined,MapExactMatch
1043236,,undetermined,MapLicenseFamily
4647718,,undetermined,MapNA
4647718,,undetermined,MapExactID
4647718,,undetermined,MapExactMatch
4647718,,undetermined,MapLicenseFamily
1960745,,undetermined,MapNA
1960745,,undetermined,MapExactID
1960745,,undetermined,MapExactMatch
1960745,,undetermined,MapLicenseFamily
387891,,undetermined,MapNA
387891,,undetermined,MapExactID
387891,,undetermined,MapExactMatch
387891,,undetermined,MapLicenseFamily
2943796,,undetermined,MapNA
2943796,,undetermined,MapExactID
2943796,,undetermined,MapExactMatch
2943796,,undetermined,MapLicenseFamily
6548275,,undetermined,MapNA
6548275,,undetermined,MapExactID
6548275,,undetermined,MapExactMatch
6548275,,undetermined,MapLicenseFamily
1698614,,undetermined,MapNA
1698614,,undetermined,MapExactID
1698614,,undetermined,MapExactMatch
1698614,,undetermined,MapLicenseFamily
3140415,,undetermined,MapNA
3140415,,undetermined,MapExactID
3140415,,undetermined,MapExactMatch
3140415,,undetermined,MapLicenseFamily
5172033,,undetermined,MapNA
5172033,,undetermined,MapExactID
6089540,,undetermined,MapNA
6089540,,undetermined,MapExactID
6089540,,undetermined,MapExactMatch
6089540,,undetermined,MapLicenseFamily
6286148,,undetermined,MapNA
6286148,,undetermined,MapExactID
6286148,,undetermined,MapExactMatch
6286148,,undetermined,MapLicenseFamily
2943814,,undetermined,MapNA
2943814,,undetermined,MapExactID
2943814,,undetermined,MapExactMatch
2943814,,undetermined,MapLicenseFamily
1043272,,undetermined,MapNA
1043272,,undetermined,MapExactID
1043272,,undetermined,MapExactMatch
1043272,,undetermined,MapLicenseFamily
1698633,,undetermined,MapNA
1698633,,undetermined,MapExactID
1698633,,undetermined,MapExactMatch
1698633,,undetermined,MapLicenseFamily
1698633,,undetermined,MapFuzzyMatch
6286154,,undetermined,MapNA
6286154,,undetermined,MapExactID
6286154,,undetermined,MapExactMatch
6286154,,undetermined,MapLicenseFamily
7400267,,undetermined,MapNA
7400267,,undetermined,MapExactID
7400267,,undetermined,MapExactMatch
7400267,,undetermined,MapLicenseFamily
7400267,,undetermined,MapFuzzyMatch
3009358,,undetermined,MapNA
3009358,,undetermined,MapExactID
3009358,,undetermined,MapExactMatch
3009358,,undetermined,MapLicenseFamily
125776,,undetermined,MapNA
125776,,undetermined,MapExactID
125776,,undetermined,MapExactMatch
125776,,undetermined,MapLicenseFamily
125776,,undetermined,MapFuzzyMatch
1108816,,undetermined,MapNA
1108816,,undetermined,MapExactID
1108816,,undetermined,MapExactMatch
1108816,,undetermined,MapLicenseFamily
1108816,,undetermined,MapFuzzyMatch
650077,,undetermined,MapNA
650077,,undetermined,MapExactID
650077,,undetermined,MapExactMatch
650077,,undetermined,MapLicenseFamily
650077,,undetermined,MapFuzzyMatch
3140447,,undetermined,MapNA
3140447,,undetermined,MapExactID
3140447,,undetermined,MapExactMatch
3140447,,undetermined,MapLicenseFamily
1764193,,undetermined,MapNA
1764193,,undetermined,MapExactID
1764193,,undetermined,MapExactMatch
1764193,,undetermined,MapLicenseFamily
2091889,,undetermined,MapNA
2091889,,undetermined,MapExactID
2091889,,undetermined,MapExactMatch
2091889,,undetermined,MapLicenseFamily
4582259,,undetermined,MapNA
4582259,,undetermined,MapExactID
4582259,,undetermined,MapExactMatch
4582259,,undetermined,MapLicenseFamily
7662453,,undetermined,MapNA
7662453,,undetermined,MapExactID
7662453,,undetermined,MapExactMatch
7662453,,undetermined,MapLicenseFamily
781177,,undetermined,MapNA
781177,,undetermined,MapExactID
781177,,undetermined,MapExactMatch
781177,,undetermined,MapLicenseFamily
7662467,,undetermined,MapNA
7662467,,undetermined,MapExactID
7662467,,undetermined,MapExactMatch
7662467,,undetermined,MapLicenseFamily
1698693,,undetermined,MapNA
1698693,,undetermined,MapExactID
1698693,,undetermined,MapExactMatch
1698693,,undetermined,MapLicenseFamily
5237640,,undetermined,MapNA
5237640,,undetermined,MapExactID
5237640,,undetermined,MapExactMatch
5237640,,undetermined,MapLicenseFamily
5565321,,undetermined,MapNA
5565321,,undetermined,MapExactID
5565321,,undetermined,MapExactMatch
5565321,,undetermined,MapLicenseFamily
3140497,,undetermined,MapNA
3140497,,undetermined,MapExactID
3140497,,undetermined,MapExactMatch
3140497,,undetermined,MapLicenseFamily
3140497,,undetermined,MapFuzzyMatch
4516754,,undetermined,MapNA
4516754,,undetermined,MapExactID
4516754,,undetermined,MapExactMatch
4516754,,undetermined,MapLicenseFamily
256922,,undetermined,MapNA
256922,,undetermined,MapExactID
256922,,undetermined,MapExactMatch
256922,,undetermined,MapLicenseFamily
5893021,,undetermined,MapNA
5893021,,undetermined,MapExactID
5893021,,undetermined,MapExactMatch
5893021,,undetermined,MapLicenseFamily
715678,,undetermined,MapNA
715678,,undetermined,MapExactID
715678,,undetermined,MapExactMatch
715678,,undetermined,MapLicenseFamily
977822,,undetermined,MapNA
977822,,undetermined,MapExactID
977822,,undetermined,MapExactMatch
977822,,undetermined,MapLicenseFamily
2747298,,undetermined,MapNA
2747298,,undetermined,MapExactID
2747298,,undetermined,MapExactMatch
2747298,,undetermined,MapLicenseFamily
3664804,,undetermined,MapNA
3664804,,undetermined,MapExactID
3664804,,undetermined,MapExactMatch
3664804,,undetermined,MapLicenseFamily
3009448,,undetermined,MapNA
3009448,,undetermined,MapExactID
3009448,,undetermined,MapExactMatch
3009448,,undetermined,MapLicenseFamily
715692,,undetermined,MapNA
715692,,undetermined,MapExactID
715692,,undetermined,MapExactMatch
715692,,undetermined,MapLicenseFamily
191410,,undetermined,MapNA
191410,,undetermined,MapExactID
191410,,undetermined,MapExactMatch
191410,,undetermined,MapLicenseFamily
191410,,undetermined,MapFuzzyMatch
3861430,,undetermined,MapNA
3861430,,undetermined,MapExactID
3861430,,undetermined,MapExactMatch
3861430,,undetermined,MapLicenseFamily
256951,,undetermined,MapNA
256951,,undetermined,MapExactID
256951,,undetermined,MapExactMatch
256951,,undetermined,MapLicenseFamily
977848,,undetermined,MapNA
977848,,undetermined,MapExactID
977848,,undetermined,MapExactMatch
977848,,undetermined,MapLicenseFamily
1043384,,undetermined,MapNA
1043384,,undetermined,MapExactID
1043384,,undetermined,MapExactMatch
1043384,,undetermined,MapLicenseFamily
3533756,,undetermined,MapNA
3533756,,undetermined,MapExactID
3533756,,undetermined,MapExactMatch
3533756,,undetermined,MapLicenseFamily
977856,,undetermined,MapNA
977856,,undetermined,MapExactID
977856,,undetermined,MapExactMatch
977856,,undetermined,MapLicenseFamily
2616260,,undetermined,MapNA
2616260,,undetermined,MapExactID
2616260,,undetermined,MapExactMatch
2616260,,undetermined,MapLicenseFamily
125893,,undetermined,MapNA
125893,,undetermined,MapExactID
125893,,undetermined,MapExactMatch
125893,,undetermined,MapLicenseFamily
125893,,undetermined,MapFuzzyMatch
1043400,,undetermined,MapNA
1043400,,undetermined,MapExactID
1043400,,undetermined,MapExactMatch
1043400,,undetermined,MapLicenseFamily
3140555,,undetermined,MapNA
3140555,,undetermined,MapExactID
3140555,,undetermined,MapExactMatch
3140555,,undetermined,MapLicenseFamily
191437,,undetermined,MapNA
191437,,undetermined,MapExactID
191437,,undetermined,MapExactMatch
191437,,undetermined,MapLicenseFamily
5630925,,undetermined,MapNA
5630925,,undetermined,MapExactID
5630925,,undetermined,MapExactMatch
2288591,,undetermined,MapNA
2288591,,undetermined,MapExactID
2288591,,undetermined,MapExactMatch
2288591,,undetermined,MapLicenseFamily
3533783,,undetermined,MapNA
3533783,,undetermined,MapExactID
3533783,,undetermined,MapExactMatch
3533783,,undetermined,MapLicenseFamily
191454,,undetermined,MapNA
191454,,undetermined,MapExactID
191454,,undetermined,MapExactMatch
191454,,undetermined,MapLicenseFamily
191454,,undetermined,MapFuzzyMatch
1895390,,undetermined,MapNA
1895390,,undetermined,MapExactID
1895390,,undetermined,MapExactMatch
1895390,,undetermined,MapLicenseFamily
60388,,undetermined,MapNA
60388,,undetermined,MapExactID
60388,,undetermined,MapExactMatch
60388,,undetermined,MapLicenseFamily
60388,,undetermined,MapFuzzyMatch
2223077,,undetermined,MapNA
2223077,,undetermined,MapExactID
2223077,,undetermined,MapExactMatch
2223077,,undetermined,MapLicenseFamily
2223077,,undetermined,MapFuzzyMatch
7203817,,undetermined,MapNA
7203817,,undetermined,MapExactID
7203817,,undetermined,MapExactMatch
7203817,,undetermined,MapLicenseFamily
6351850,,undetermined,MapNA
6351850,,undetermined,MapExactID
6351850,,undetermined,MapExactMatch
6351850,,undetermined,MapLicenseFamily
125937,,undetermined,MapNA
125937,,undetermined,MapExactID
125937,,undetermined,MapExactMatch
125937,,undetermined,MapLicenseFamily
125937,,undetermined,MapFuzzyMatch
3402747,,undetermined,MapNA
3402747,,undetermined,MapExactID
3402747,,undetermined,MapExactMatch
3402747,,undetermined,MapLicenseFamily
191489,,undetermined,MapNA
191489,,undetermined,MapExactID
191489,,undetermined,MapExactMatch
191489,,undetermined,MapLicenseFamily
7007239,,undetermined,MapNA
7007239,,undetermined,MapExactID
7007239,,undetermined,MapExactMatch
7007239,,undetermined,MapLicenseFamily
7072789,,undetermined,MapNA
7072789,,undetermined,MapExactID
7072789,,undetermined,MapExactMatch
7072789,,undetermined,MapLicenseFamily
3337251,,undetermined,MapNA
3337251,,undetermined,MapExactID
3337251,,undetermined,MapExactMatch
3337251,,undetermined,MapLicenseFamily
7072808,,undetermined,MapNA
7072808,,undetermined,MapExactID
7072808,,undetermined,MapExactMatch
7072808,,undetermined,MapLicenseFamily
3337257,,undetermined,MapNA
3337257,,undetermined,MapExactID
3337257,,undetermined,MapExactMatch
3337257,,undetermined,MapLicenseFamily
3599401,,undetermined,MapNA
3599401,,undetermined,MapExactID
3599401,,undetermined,MapExactMatch
3599401,,undetermined,MapLicenseFamily
7203890,,undetermined,MapNA
7203890,,undetermined,MapExactID
7203890,,undetermined,MapExactMatch
7203890,,undetermined,MapLicenseFamily
1829941,,undetermined,MapNA
1829941,,undetermined,MapExactID
1829941,,undetermined,MapExactMatch
1829941,,undetermined,MapLicenseFamily
846909,,undetermined,MapNA
846909,,undetermined,MapExactID
846909,,undetermined,MapExactMatch
846909,,undetermined,MapLicenseFamily
2288701,,undetermined,MapNA
2288701,,undetermined,MapExactID
2288701,,undetermined,MapExactMatch
2288701,,undetermined,MapLicenseFamily
257090,,undetermined,MapNA
257090,,undetermined,MapExactID
257090,,undetermined,MapExactMatch
257090,,undetermined,MapLicenseFamily
2812994,,undetermined,MapNA
2812994,,undetermined,MapExactID
2812994,,undetermined,MapExactMatch
2812994,,undetermined,MapLicenseFamily
7203908,,undetermined,MapNA
7203908,,undetermined,MapExactID
7203908,,undetermined,MapExactMatch
7203908,,undetermined,MapLicenseFamily
322631,,undetermined,MapNA
322631,,undetermined,MapExactID
322631,,undetermined,MapExactMatch
322631,,undetermined,MapLicenseFamily
846924,,undetermined,MapNA
846924,,undetermined,MapExactID
846924,,undetermined,MapExactMatch
846924,,undetermined,MapLicenseFamily
2288720,,undetermined,MapNA
2288720,,undetermined,MapExactID
2288720,,undetermined,MapExactMatch
2288720,,undetermined,MapLicenseFamily
2288720,,undetermined,MapFuzzyMatch
191572,,undetermined,MapNA
191572,,undetermined,MapExactID
191572,,undetermined,MapExactMatch
191572,,undetermined,MapLicenseFamily
191572,,undetermined,MapFuzzyMatch
60501,,undetermined,MapNA
60501,,undetermined,MapExactID
60501,,undetermined,MapExactMatch
60501,,undetermined,MapLicenseFamily
60501,,undetermined,MapFuzzyMatch
5762149,,undetermined,MapNA
5762149,,undetermined,MapExactID
5762149,,undetermined,MapExactMatch
5762149,,undetermined,MapLicenseFamily
5762149,,undetermined,MapFuzzyMatch
3533926,,undetermined,MapNA
3533926,,undetermined,MapExactID
3533926,,undetermined,MapExactMatch
4516970,,undetermined,MapNA
4516970,,undetermined,MapExactID
4516970,,undetermined,MapExactMatch
4516970,,undetermined,MapLicenseFamily
126066,,undetermined,MapNA
126066,,undetermined,MapExactID
126066,,undetermined,MapExactMatch
126066,,undetermined,MapLicenseFamily
1895539,,undetermined,MapNA
1895539,,undetermined,MapExactID
1895539,,undetermined,MapExactMatch
1895539,,undetermined,MapLicenseFamily
257140,,undetermined,MapNA
257140,,undetermined,MapExactID
257140,,undetermined,MapExactMatch
257140,,undetermined,MapLicenseFamily
191614,,undetermined,MapNA
191614,,undetermined,MapExactID
191614,,undetermined,MapExactMatch
191614,,undetermined,MapLicenseFamily
2485375,,undetermined,MapNA
2485375,,undetermined,MapExactID
2485375,,undetermined,MapExactMatch
2485375,,undetermined,MapLicenseFamily
4058250,,undetermined,MapNA
4058250,,undetermined,MapExactID
4058250,,undetermined,MapExactMatch
4058250,,undetermined,MapLicenseFamily
4058250,,undetermined,MapFuzzyMatch
2026651,,undetermined,MapNA
2026651,,undetermined,MapExactID
2026651,,undetermined,MapExactMatch
2026651,,undetermined,MapLicenseFamily
3992732,,undetermined,MapNA
3992732,,undetermined,MapExactID
3992732,,undetermined,MapExactMatch
3992732,,undetermined,MapLicenseFamily
3992732,,undetermined,MapFuzzyMatch
5106847,,undetermined,MapNA
5106847,,undetermined,MapExactID
5106847,,undetermined,MapExactMatch
5106847,,undetermined,MapLicenseFamily
7335076,,undetermined,MapNA
7335076,,undetermined,MapExactID
7335076,,undetermined,MapExactMatch
7335076,,undetermined,MapLicenseFamily
2026661,,undetermined,MapNA
2026661,,undetermined,MapExactID
2026661,,undetermined,MapExactMatch
2026661,,undetermined,MapLicenseFamily
5106855,,undetermined,MapNA
5106855,,undetermined,MapExactID
5106855,,undetermined,MapExactMatch
5106855,,undetermined,MapLicenseFamily
3992749,,undetermined,MapNA
3992749,,undetermined,MapExactID
3992749,,undetermined,MapExactMatch
3992749,,undetermined,MapLicenseFamily
1764538,,undetermined,MapNA
1764538,,undetermined,MapExactID
1764538,,undetermined,MapExactMatch
1764538,,undetermined,MapLicenseFamily
3337415,,undetermined,MapNA
3337415,,undetermined,MapExactID
3337415,,undetermined,MapExactMatch
3337415,,undetermined,MapLicenseFamily
978121,,undetermined,MapNA
978121,,undetermined,MapExactID
978121,,undetermined,MapExactMatch
978121,,undetermined,MapLicenseFamily
2092237,,undetermined,MapNA
2092237,,undetermined,MapExactID
2092237,,undetermined,MapExactMatch
2092237,,undetermined,MapLicenseFamily
2485457,,undetermined,MapNA
2485457,,undetermined,MapExactID
2485457,,undetermined,MapExactMatch
2485457,,undetermined,MapLicenseFamily
388313,,undetermined,MapNA
388313,,undetermined,MapExactID
388313,,undetermined,MapExactMatch
388313,,undetermined,MapLicenseFamily
2944219,,undetermined,MapNA
2944219,,undetermined,MapExactID
2944219,,undetermined,MapExactMatch
2944219,,undetermined,MapLicenseFamily
650463,,undetermined,MapNA
650463,,undetermined,MapExactID
650463,,undetermined,MapExactMatch
650463,,undetermined,MapLicenseFamily
388324,,undetermined,MapNA
388324,,undetermined,MapExactID
388324,,undetermined,MapExactMatch
388324,,undetermined,MapLicenseFamily
3927269,,undetermined,MapNA
3927269,,undetermined,MapExactID
3927269,,undetermined,MapExactMatch
3927269,,undetermined,MapLicenseFamily
5893348,,undetermined,MapNA
5893348,,undetermined,MapExactID
5893348,,undetermined,MapExactMatch
5893348,,undetermined,MapLicenseFamily
5893348,,undetermined,MapFuzzyMatch
2026729,,undetermined,MapNA
2026729,,undetermined,MapExactID
2026729,,undetermined,MapExactMatch
2026729,,undetermined,MapLicenseFamily
2747629,,undetermined,MapNA
2747629,,undetermined,MapExactID
2747629,,undetermined,MapExactMatch
2747629,,undetermined,MapLicenseFamily
6024432,,undetermined,MapNA
6024432,,undetermined,MapExactID
6024432,,undetermined,MapExactMatch
6024432,,undetermined,MapLicenseFamily
7531764,,undetermined,MapNA
7531764,,undetermined,MapExactID
7531764,,undetermined,MapExactMatch
7531764,,undetermined,MapLicenseFamily
5303547,,undetermined,MapNA
5303547,,undetermined,MapExactID
5303547,,undetermined,MapExactMatch
5303547,,undetermined,MapLicenseFamily
3599614,,undetermined,MapNA
3599614,,undetermined,MapExactID
3599614,,undetermined,MapExactMatch
3599614,,undetermined,MapLicenseFamily
3599614,,undetermined,MapFuzzyMatch
3861771,,undetermined,MapNA
3861771,,undetermined,MapExactID
3861771,,undetermined,MapExactMatch
3861771,,undetermined,MapLicenseFamily
3861771,,undetermined,MapFuzzyMatch
5303564,,undetermined,MapNA
5303564,,undetermined,MapExactID
5303564,,undetermined,MapExactMatch
5303564,,undetermined,MapLicenseFamily
5958925,,undetermined,MapNA
5958925,,undetermined,MapExactID
5958925,,undetermined,MapExactMatch
5958925,,undetermined,MapLicenseFamily
5106960,,undetermined,MapNA
5106960,,undetermined,MapExactID
5106960,,undetermined,MapExactMatch
5106960,,undetermined,MapLicenseFamily
5106964,,undetermined,MapNA
5106964,,undetermined,MapExactID
5106964,,undetermined,MapExactMatch
5106964,,undetermined,MapLicenseFamily
3927317,,undetermined,MapNA
3927317,,undetermined,MapExactID
3927317,,undetermined,MapExactMatch
3927317,,undetermined,MapLicenseFamily
4910369,,undetermined,MapNA
4910369,,undetermined,MapExactID
4910369,,undetermined,MapExactMatch
4910369,,undetermined,MapLicenseFamily
191779,,undetermined,MapNA
191779,,undetermined,MapExactID
191779,,undetermined,MapExactMatch
191779,,undetermined,MapLicenseFamily
3075366,,undetermined,MapNA
3075366,,undetermined,MapExactID
3075366,,undetermined,MapExactMatch
3075366,,undetermined,MapLicenseFamily
3861800,,undetermined,MapNA
3861800,,undetermined,MapExactID
3861800,,undetermined,MapExactMatch
3861800,,undetermined,MapLicenseFamily
3075369,,undetermined,MapNA
3075369,,undetermined,MapExactID
3075369,,undetermined,MapExactMatch
3075369,,undetermined,MapLicenseFamily
3861801,,undetermined,MapNA
3861801,,undetermined,MapExactID
3861801,,undetermined,MapExactMatch
3861801,,undetermined,MapLicenseFamily
4975912,,undetermined,MapNA
4975912,,undetermined,MapExactID
4975912,,undetermined,MapExactMatch
4975912,,undetermined,MapLicenseFamily
4189484,,undetermined,MapNA
4189484,,undetermined,MapExactID
4189484,,undetermined,MapExactMatch
4189484,,undetermined,MapLicenseFamily
7597359,,undetermined,MapNA
7597359,,undetermined,MapExactID
7597359,,undetermined,MapExactMatch
7597359,,undetermined,MapLicenseFamily
2092348,,undetermined,MapNA
2092348,,undetermined,MapExactID
2092348,,undetermined,MapExactMatch
2092348,,undetermined,MapLicenseFamily
3599679,,undetermined,MapNA
3599679,,undetermined,MapExactID
3599679,,undetermined,MapExactMatch
3599679,,undetermined,MapLicenseFamily
191809,,undetermined,MapNA
191809,,undetermined,MapExactID
191809,,undetermined,MapExactMatch
191809,,undetermined,MapLicenseFamily
781634,,undetermined,MapNA
781634,,undetermined,MapExactID
781634,,undetermined,MapExactMatch
781634,,undetermined,MapLicenseFamily
7269703,,undetermined,MapNA
7269703,,undetermined,MapExactID
7269703,,undetermined,MapExactMatch
7269703,,undetermined,MapLicenseFamily
3140936,,undetermined,MapNA
3140936,,undetermined,MapExactID
3140936,,undetermined,MapExactMatch
3140936,,undetermined,MapLicenseFamily
126282,,undetermined,MapNA
126282,,undetermined,MapExactID
126282,,undetermined,MapExactMatch
126282,,undetermined,MapLicenseFamily
126282,,undetermined,MapFuzzyMatch
322897,,undetermined,MapNA
322897,,undetermined,MapExactID
322897,,undetermined,MapExactMatch
322897,,undetermined,MapLicenseFamily
453970,,undetermined,MapNA
453970,,undetermined,MapExactID
453970,,undetermined,MapExactMatch
453970,,undetermined,MapLicenseFamily
322899,,undetermined,MapNA
322899,,undetermined,MapExactID
322899,,undetermined,MapExactMatch
322899,,undetermined,MapLicenseFamily
322899,,undetermined,MapFuzzyMatch
453971,,undetermined,MapNA
453971,,undetermined,MapExactID
453971,,undetermined,MapExactMatch
453971,,undetermined,MapLicenseFamily
7204182,,undetermined,MapNA
7204182,,undetermined,MapExactID
7204182,,undetermined,MapExactMatch
7204182,,undetermined,MapLicenseFamily
7204182,,undetermined,MapFuzzyMatch
3730776,,undetermined,MapNA
3730776,,undetermined,MapExactID
3730776,,undetermined,MapExactMatch
3730776,,undetermined,MapLicenseFamily
453983,,undetermined,MapNA
453983,,undetermined,MapExactID
453983,,undetermined,MapExactMatch
453983,,undetermined,MapLicenseFamily
60768,,undetermined,MapNA
4844896,,undetermined,MapNA
4844896,,undetermined,MapExactID
4844896,,undetermined,MapExactMatch
4844896,,undetermined,MapLicenseFamily
978278,,undetermined,MapNA
978278,,undetermined,MapExactID
978278,,undetermined,MapExactMatch
978278,,undetermined,MapLicenseFamily
3796332,,undetermined,MapNA
3796332,,undetermined,MapExactID
3796332,,undetermined,MapExactMatch
3796332,,undetermined,MapLicenseFamily
4189550,,undetermined,MapNA
4189550,,undetermined,MapExactID
4189550,,undetermined,MapExactMatch
4189550,,undetermined,MapLicenseFamily
4648306,,undetermined,MapNA
4648306,,undetermined,MapExactID
4648306,,undetermined,MapExactMatch
4648306,,undetermined,MapLicenseFamily
5959028,,undetermined,MapNA
5959028,,undetermined,MapExactID
5959028,,undetermined,MapExactMatch
5959028,,undetermined,MapLicenseFamily
2944376,,undetermined,MapNA
2944376,,undetermined,MapExactID
1764733,,undetermined,MapNA
1764733,,undetermined,MapExactID
1764733,,undetermined,MapExactMatch
1764733,,undetermined,MapLicenseFamily
1764733,,undetermined,MapFuzzyMatch
1830269,,undetermined,MapNA
1830269,,undetermined,MapExactID
1830269,,undetermined,MapExactMatch
1830269,,undetermined,MapLicenseFamily
7531902,,undetermined,MapNA
7531902,,undetermined,MapExactID
7531902,,undetermined,MapExactMatch
7531902,,undetermined,MapLicenseFamily
60809,,undetermined,MapNA
60809,,undetermined,MapExactID
60809,,undetermined,MapExactMatch
60809,,undetermined,MapLicenseFamily
60809,,undetermined,MapFuzzyMatch
3009929,,undetermined,MapNA
3009929,,undetermined,MapExactID
3009929,,undetermined,MapExactMatch
3009929,,undetermined,MapLicenseFamily
781710,,undetermined,MapNA
781710,,undetermined,MapExactID
781710,,undetermined,MapExactMatch
781710,,undetermined,MapLicenseFamily
716175,,undetermined,MapNA
716175,,undetermined,MapExactID
716175,,undetermined,MapExactMatch
716175,,undetermined,MapLicenseFamily
2289049,,undetermined,MapNA
2289049,,undetermined,MapExactID
2289049,,undetermined,MapExactMatch
2289049,,undetermined,MapLicenseFamily
2289049,,undetermined,MapFuzzyMatch
4844956,,undetermined,MapNA
4844956,,undetermined,MapExactID
4844956,,undetermined,MapExactMatch
4844956,,undetermined,MapLicenseFamily
4844956,,undetermined,MapFuzzyMatch
6548906,,undetermined,MapNA
6548906,,undetermined,MapExactID
6548906,,undetermined,MapExactMatch
6548906,,undetermined,MapLicenseFamily
6548906,,undetermined,MapFuzzyMatch
781741,,undetermined,MapNA
781741,,undetermined,MapExactID
781741,,undetermined,MapExactMatch
781741,,undetermined,MapLicenseFamily
126392,,undetermined,MapNA
126392,,undetermined,MapExactID
126392,,undetermined,MapExactMatch
126392,,undetermined,MapLicenseFamily
519611,,undetermined,MapNA
519611,,undetermined,MapExactID
519611,,undetermined,MapExactMatch
519611,,undetermined,MapLicenseFamily
2551227,,undetermined,MapNA
2551227,,undetermined,MapExactID
1830336,,undetermined,MapNA
1830336,,undetermined,MapExactID
1830336,,undetermined,MapExactMatch
1830336,,undetermined,MapLicenseFamily
1568196,,undetermined,MapNA
1568196,,undetermined,MapExactID
1568196,,undetermined,MapExactMatch
1568196,,undetermined,MapLicenseFamily
1568196,,undetermined,MapFuzzyMatch
716231,,undetermined,MapNA
716231,,undetermined,MapExactID
716231,,undetermined,MapExactMatch
716231,,undetermined,MapLicenseFamily
1830346,,undetermined,MapNA
1830346,,undetermined,MapExactID
1830346,,undetermined,MapExactMatch
1830346,,undetermined,MapLicenseFamily
7007692,,undetermined,MapNA
7007692,,undetermined,MapExactID
7007692,,undetermined,MapExactMatch
7007692,,undetermined,MapLicenseFamily
6483411,,undetermined,MapNA
6483411,,undetermined,MapExactID
6483411,,undetermined,MapExactMatch
6483411,,undetermined,MapLicenseFamily
4058580,,undetermined,MapNA
4058580,,undetermined,MapExactID
4058580,,undetermined,MapExactMatch
4058580,,undetermined,MapLicenseFamily
1830362,,undetermined,MapNA
1830362,,undetermined,MapExactID
1830362,,undetermined,MapExactMatch
1830362,,undetermined,MapLicenseFamily
3403242,,undetermined,MapNA
3403242,,undetermined,MapExactID
3403242,,undetermined,MapExactMatch
3403242,,undetermined,MapLicenseFamily
1043956,,undetermined,MapNA
1043956,,undetermined,MapExactID
1043956,,undetermined,MapExactMatch
1043956,,undetermined,MapLicenseFamily
2813429,,undetermined,MapNA
2813429,,undetermined,MapExactID
2813429,,undetermined,MapExactMatch
2813429,,undetermined,MapLicenseFamily
5041655,,undetermined,MapNA
5041655,,undetermined,MapExactID
5041655,,undetermined,MapExactMatch
5041655,,undetermined,MapLicenseFamily
5041669,,undetermined,MapNA
5041669,,undetermined,MapExactID
5041669,,undetermined,MapExactMatch
5041669,,undetermined,MapLicenseFamily
4648458,,undetermined,MapNA
4648458,,undetermined,MapExactID
4648458,,undetermined,MapExactMatch
4648458,,undetermined,MapLicenseFamily
2354699,,undetermined,MapNA
2354699,,undetermined,MapExactID
2354699,,undetermined,MapExactMatch
2354699,,undetermined,MapLicenseFamily
2354706,,undetermined,MapNA
2354706,,undetermined,MapExactID
2354706,,undetermined,MapExactMatch
2354706,,undetermined,MapLicenseFamily
2354706,,undetermined,MapFuzzyMatch
3730963,,undetermined,MapNA
3730963,,undetermined,MapExactID
3730963,,undetermined,MapExactMatch
3730963,,undetermined,MapLicenseFamily
3730963,,undetermined,MapFuzzyMatch
5303826,,undetermined,MapNA
5303826,,undetermined,MapExactID
5303826,,undetermined,MapExactMatch
5303826,,undetermined,MapLicenseFamily
3730965,,undetermined,MapNA
3730965,,undetermined,MapExactID
3730965,,undetermined,MapExactMatch
3730965,,undetermined,MapLicenseFamily
3730965,,undetermined,MapFuzzyMatch
5303829,,undetermined,MapNA
5303829,,undetermined,MapExactID
5303829,,undetermined,MapExactMatch
5303829,,undetermined,MapLicenseFamily
2551319,,undetermined,MapNA
2551319,,undetermined,MapExactID
2551319,,undetermined,MapExactMatch
2551319,,undetermined,MapLicenseFamily
7466517,,undetermined,MapNA
7466517,,undetermined,MapExactID
7466517,,undetermined,MapExactMatch
7466517,,undetermined,MapLicenseFamily
2092574,,undetermined,MapNA
2092574,,undetermined,MapExactID
2092574,,undetermined,MapExactMatch
2092574,,undetermined,MapLicenseFamily
7597601,,undetermined,MapNA
7597601,,undetermined,MapExactID
7597601,,undetermined,MapExactMatch
7597601,,undetermined,MapLicenseFamily
4845093,,undetermined,MapNA
4845093,,undetermined,MapExactID
4845093,,undetermined,MapExactMatch
4845093,,undetermined,MapLicenseFamily
7597608,,undetermined,MapNA
7597608,,undetermined,MapExactID
7597608,,undetermined,MapExactMatch
7597608,,undetermined,MapLicenseFamily
1961513,,undetermined,MapNA
1961513,,undetermined,MapExactID
1961513,,undetermined,MapExactMatch
1961513,,undetermined,MapLicenseFamily
1961513,,undetermined,MapFuzzyMatch
3010092,,undetermined,MapNA
3010092,,undetermined,MapExactID
3010092,,undetermined,MapExactMatch
3010092,,undetermined,MapLicenseFamily
1044014,,undetermined,MapNA
1044014,,undetermined,MapExactID
1044014,,undetermined,MapExactMatch
1044014,,undetermined,MapLicenseFamily
3403316,,undetermined,MapNA
3403316,,undetermined,MapExactID
3403316,,undetermined,MapExactMatch
3403316,,undetermined,MapLicenseFamily
3403316,,undetermined,MapFuzzyMatch
2813494,,undetermined,MapNA
2813494,,undetermined,MapExactID
2813494,,undetermined,MapExactMatch
2813494,,undetermined,MapLicenseFamily
4189750,,undetermined,MapNA
4189750,,undetermined,MapExactID
4189750,,undetermined,MapExactMatch
4189750,,undetermined,MapLicenseFamily
3141181,,undetermined,MapNA
3141181,,undetermined,MapExactID
3141181,,undetermined,MapExactMatch
3141181,,undetermined,MapLicenseFamily
3141181,,undetermined,MapFuzzyMatch
1044034,,undetermined,MapNA
1044034,,undetermined,MapExactID
1044034,,undetermined,MapExactMatch
1044034,,undetermined,MapLicenseFamily
3665475,,undetermined,MapNA
3665475,,undetermined,MapExactID
3665475,,undetermined,MapExactMatch
3665475,,undetermined,MapLicenseFamily
1896010,,undetermined,MapNA
1896010,,undetermined,MapExactID
1896010,,undetermined,MapExactMatch
1896010,,undetermined,MapLicenseFamily
3665482,,undetermined,MapNA
3665482,,undetermined,MapExactID
3665482,,undetermined,MapExactMatch
3665482,,undetermined,MapLicenseFamily
2485839,,undetermined,MapNA
2485839,,undetermined,MapExactID
2485839,,undetermined,MapExactMatch
2485839,,undetermined,MapLicenseFamily
4845138,,undetermined,MapNA
4845138,,undetermined,MapExactID
4845138,,undetermined,MapExactMatch
4845138,,undetermined,MapLicenseFamily
4845138,,undetermined,MapFuzzyMatch
5762644,,undetermined,MapNA
5762644,,undetermined,MapExactID
5762644,,undetermined,MapExactMatch
5762644,,undetermined,MapLicenseFamily
388693,,undetermined,MapNA
1568346,,undetermined,MapNA
1568346,,undetermined,MapExactID
1568346,,undetermined,MapExactMatch
1568346,,undetermined,MapLicenseFamily
3534446,,undetermined,MapNA
3534446,,undetermined,MapExactID
3534446,,undetermined,MapExactMatch
3534446,,undetermined,MapLicenseFamily
1044079,,undetermined,MapNA
1044079,,undetermined,MapExactID
1044079,,undetermined,MapExactMatch
1044079,,undetermined,MapLicenseFamily
1044079,,undetermined,MapFuzzyMatch
4517487,,undetermined,MapNA
4517487,,undetermined,MapExactID
4517487,,undetermined,MapExactMatch
4517487,,undetermined,MapLicenseFamily
7663217,,undetermined,MapNA
7663217,,undetermined,MapExactID
7663217,,undetermined,MapExactMatch
7663217,,undetermined,MapLicenseFamily
7663217,,undetermined,MapFuzzyMatch
5697142,,undetermined,MapNA
5697142,,undetermined,MapExactID
5697142,,undetermined,MapExactMatch
5697142,,undetermined,MapLicenseFamily
5697142,,undetermined,MapFuzzyMatch
3796602,,undetermined,MapNA
3796602,,undetermined,MapExactID
3796602,,undetermined,MapExactMatch
3796602,,undetermined,MapLicenseFamily
2092669,,undetermined,MapNA
2092669,,undetermined,MapExactID
2092669,,undetermined,MapExactMatch
2092669,,undetermined,MapLicenseFamily
5041791,,undetermined,MapNA
5041791,,undetermined,MapExactID
5041791,,undetermined,MapExactMatch
5041791,,undetermined,MapLicenseFamily
5172864,,undetermined,MapNA
5172864,,undetermined,MapExactID
5172864,,undetermined,MapExactMatch
5172864,,undetermined,MapLicenseFamily
5238401,,undetermined,MapNA
5238401,,undetermined,MapExactID
5238401,,undetermined,MapExactMatch
5238401,,undetermined,MapLicenseFamily
5500550,,undetermined,MapNA
5500550,,undetermined,MapExactID
5500550,,undetermined,MapExactMatch
5500550,,undetermined,MapLicenseFamily
3862157,,undetermined,MapNA
3862157,,undetermined,MapExactID
3862157,,undetermined,MapExactMatch
3862157,,undetermined,MapLicenseFamily
1044110,,undetermined,MapNA
1044110,,undetermined,MapExactID
1044110,,undetermined,MapExactMatch
1044110,,undetermined,MapLicenseFamily
1044110,,undetermined,MapFuzzyMatch
454289,,undetermined,MapNA
454289,,undetermined,MapExactID
454289,,undetermined,MapExactMatch
454289,,undetermined,MapLicenseFamily
2092690,,undetermined,MapNA
2092690,,undetermined,MapExactID
2092690,,undetermined,MapExactMatch
2092690,,undetermined,MapLicenseFamily
3141267,,undetermined,MapNA
3141267,,undetermined,MapExactID
3141267,,undetermined,MapExactMatch
3141267,,undetermined,MapLicenseFamily
5172885,,undetermined,MapNA
5172885,,undetermined,MapExactID
5172885,,undetermined,MapExactMatch
5172885,,undetermined,MapLicenseFamily
2092706,,undetermined,MapNA
2092706,,undetermined,MapExactID
2092706,,undetermined,MapExactMatch
2092706,,undetermined,MapLicenseFamily
650923,,undetermined,MapNA
650923,,undetermined,MapExactID
650923,,undetermined,MapExactMatch
650923,,undetermined,MapLicenseFamily
3796652,,undetermined,MapNA
3796652,,undetermined,MapExactID
3796652,,undetermined,MapExactMatch
3796652,,undetermined,MapLicenseFamily
1765037,,undetermined,MapNA
1765037,,undetermined,MapExactID
1765037,,undetermined,MapExactMatch
1765037,,undetermined,MapLicenseFamily
3010222,,undetermined,MapNA
3010222,,undetermined,MapExactID
3010222,,undetermined,MapExactMatch
3010222,,undetermined,MapLicenseFamily
3010224,,undetermined,MapNA
3010224,,undetermined,MapExactID
3010224,,undetermined,MapExactMatch
3010224,,undetermined,MapLicenseFamily
4517552,,undetermined,MapNA
4517552,,undetermined,MapExactID
4517552,,undetermined,MapExactMatch
4517552,,undetermined,MapLicenseFamily
4517552,,undetermined,MapFuzzyMatch
6614706,,undetermined,MapNA
6614706,,undetermined,MapExactID
6614706,,undetermined,MapExactMatch
6614706,,undetermined,MapLicenseFamily
192180,,undetermined,MapNA
192180,,undetermined,MapExactID
192180,,undetermined,MapExactMatch
192180,,undetermined,MapLicenseFamily
192180,,undetermined,MapFuzzyMatch
3796661,,undetermined,MapNA
3796661,,undetermined,MapExactID
3796661,,undetermined,MapExactMatch
3796661,,undetermined,MapLicenseFamily
4583095,,undetermined,MapNA
4583095,,undetermined,MapExactID
4583095,,undetermined,MapExactMatch
4583095,,undetermined,MapLicenseFamily
4583095,,undetermined,MapFuzzyMatch
61112,,undetermined,MapNA
61112,,undetermined,MapExactID
61112,,undetermined,MapExactMatch
61112,,undetermined,MapLicenseFamily
2551486,,undetermined,MapNA
2551486,,undetermined,MapExactID
2551486,,undetermined,MapExactMatch
2551486,,undetermined,MapLicenseFamily
3796671,,undetermined,MapNA
3796671,,undetermined,MapExactID
3796671,,undetermined,MapExactMatch
3796671,,undetermined,MapLicenseFamily
519874,,undetermined,MapNA
519874,,undetermined,MapExactID
519874,,undetermined,MapExactMatch
519874,,undetermined,MapLicenseFamily
519874,,undetermined,MapFuzzyMatch
782021,,undetermined,MapNA
782021,,undetermined,MapExactID
782021,,undetermined,MapExactMatch
782021,,undetermined,MapLicenseFamily
650953,,undetermined,MapNA
650953,,undetermined,MapExactID
650953,,undetermined,MapExactMatch
650953,,undetermined,MapLicenseFamily
4452045,,undetermined,MapNA
4452045,,undetermined,MapExactID
4452045,,undetermined,MapExactMatch
4452045,,undetermined,MapLicenseFamily
1371857,,undetermined,MapNA
1371857,,undetermined,MapExactID
1371857,,undetermined,MapExactMatch
1371857,,undetermined,MapLicenseFamily
1371858,,undetermined,MapNA
1371858,,undetermined,MapExactID
1371858,,undetermined,MapExactMatch
1371858,,undetermined,MapLicenseFamily
1371858,,undetermined,MapFuzzyMatch
3403476,,undetermined,MapNA
3403476,,undetermined,MapExactID
3403476,,undetermined,MapExactMatch
3403476,,undetermined,MapLicenseFamily
3403476,,undetermined,MapFuzzyMatch
3010261,,undetermined,MapNA
3010261,,undetermined,MapExactID
3010261,,undetermined,MapExactMatch
3010261,,undetermined,MapLicenseFamily
1371862,,undetermined,MapNA
1371862,,undetermined,MapExactID
1830614,,undetermined,MapNA
1830614,,undetermined,MapExactID
1830614,,undetermined,MapExactMatch
1830614,,undetermined,MapLicenseFamily
5238490,,undetermined,MapNA
5238490,,undetermined,MapExactID
5238490,,undetermined,MapExactMatch
5238490,,undetermined,MapLicenseFamily
1896156,,undetermined,MapNA
1896156,,undetermined,MapExactID
1896156,,undetermined,MapExactMatch
1896156,,undetermined,MapLicenseFamily
3010270,,undetermined,MapNA
3010270,,undetermined,MapExactID
3010270,,undetermined,MapExactMatch
3010270,,undetermined,MapLicenseFamily
388835,,undetermined,MapNA
388835,,undetermined,MapExactID
388835,,undetermined,MapExactMatch
388835,,undetermined,MapLicenseFamily
388836,,undetermined,MapNA
388836,,undetermined,MapExactID
388836,,undetermined,MapExactMatch
388836,,undetermined,MapLicenseFamily
1830628,,undetermined,MapNA
1830628,,undetermined,MapExactID
1830628,,undetermined,MapExactMatch
1830628,,undetermined,MapLicenseFamily
1830628,,undetermined,MapFuzzyMatch
5172972,,undetermined,MapNA
5172972,,undetermined,MapExactID
5172972,,undetermined,MapExactMatch
5172972,,undetermined,MapLicenseFamily
2748141,,undetermined,MapNA
2748141,,undetermined,MapExactID
2748141,,undetermined,MapExactMatch
2748141,,undetermined,MapLicenseFamily
257782,,undetermined,MapNA
257782,,undetermined,MapExactID
257782,,undetermined,MapExactMatch
257782,,undetermined,MapLicenseFamily
2092801,,undetermined,MapNA
2092801,,undetermined,MapExactID
2092801,,undetermined,MapExactMatch
2092801,,undetermined,MapLicenseFamily
2092801,,undetermined,MapFuzzyMatch
6024965,,undetermined,MapNA
6024965,,undetermined,MapExactID
6024965,,undetermined,MapExactMatch
6024965,,undetermined,MapLicenseFamily
7466761,,undetermined,MapNA
7466761,,undetermined,MapExactID
7466761,,undetermined,MapExactMatch
7466761,,undetermined,MapLicenseFamily
454413,,undetermined,MapNA
454413,,undetermined,MapExactID
454413,,undetermined,MapExactMatch
454413,,undetermined,MapLicenseFamily
454414,,undetermined,MapNA
454414,,undetermined,MapExactID
454414,,undetermined,MapExactMatch
454414,,undetermined,MapLicenseFamily
5828366,,undetermined,MapNA
5828366,,undetermined,MapExactID
5828366,,undetermined,MapExactMatch
5828366,,undetermined,MapLicenseFamily
4845329,,undetermined,MapNA
4845329,,undetermined,MapExactID
4845329,,undetermined,MapExactMatch
4845329,,undetermined,MapLicenseFamily
6024983,,undetermined,MapNA
6024983,,undetermined,MapExactID
6024983,,undetermined,MapExactMatch
6024983,,undetermined,MapLicenseFamily
2879256,,undetermined,MapNA
2879256,,undetermined,MapExactID
2879256,,undetermined,MapExactMatch
2879256,,undetermined,MapLicenseFamily
126749,,undetermined,MapNA
126749,,undetermined,MapExactID
126749,,undetermined,MapExactMatch
126749,,undetermined,MapLicenseFamily
2944801,,undetermined,MapNA
2944801,,undetermined,MapExactID
2944801,,undetermined,MapExactMatch
2944801,,undetermined,MapLicenseFamily
2944801,,undetermined,MapFuzzyMatch
4452130,,undetermined,MapNA
4452130,,undetermined,MapExactID
4452130,,undetermined,MapExactMatch
4452130,,undetermined,MapLicenseFamily
5697317,,undetermined,MapNA
5697317,,undetermined,MapExactID
5697317,,undetermined,MapExactMatch
5697317,,undetermined,MapLicenseFamily
1961769,,undetermined,MapNA
1961769,,undetermined,MapExactID
1961769,,undetermined,MapExactMatch
1961769,,undetermined,MapLicenseFamily
1961769,,undetermined,MapFuzzyMatch
6352690,,undetermined,MapNA
6352690,,undetermined,MapExactID
6352690,,undetermined,MapExactMatch
6352690,,undetermined,MapLicenseFamily
3600180,,undetermined,MapNA
3600180,,undetermined,MapExactID
3600180,,undetermined,MapExactMatch
3600180,,undetermined,MapLicenseFamily
3600180,,undetermined,MapFuzzyMatch
5762873,,undetermined,MapNA
3665722,,undetermined,MapNA
3665722,,undetermined,MapExactID
3665722,,undetermined,MapExactMatch
3665722,,undetermined,MapLicenseFamily
3665722,,undetermined,MapFuzzyMatch
1044285,,undetermined,MapNA
1044285,,undetermined,MapExactID
1044285,,undetermined,MapExactMatch
1044285,,undetermined,MapLicenseFamily
5500737,,undetermined,MapNA
5500737,,undetermined,MapExactID
5500737,,undetermined,MapExactMatch
5500737,,undetermined,MapLicenseFamily
847692,,undetermined,MapNA
847692,,undetermined,MapExactID
847692,,undetermined,MapExactMatch
847692,,undetermined,MapLicenseFamily
782158,,undetermined,MapNA
782158,,undetermined,MapExactID
782158,,undetermined,MapExactMatch
782158,,undetermined,MapLicenseFamily
4583246,,undetermined,MapNA
4583246,,undetermined,MapExactID
4583246,,undetermined,MapExactMatch
4583246,,undetermined,MapLicenseFamily
4583246,,undetermined,MapFuzzyMatch
5697358,,undetermined,MapNA
5697358,,undetermined,MapExactID
5697358,,undetermined,MapExactMatch
5697358,,undetermined,MapLicenseFamily
4648787,,undetermined,MapNA
4648787,,undetermined,MapExactID
4648787,,undetermined,MapExactMatch
4648787,,undetermined,MapLicenseFamily
4648787,,undetermined,MapFuzzyMatch
1044319,,undetermined,MapNA
1044319,,undetermined,MapExactID
1044319,,undetermined,MapExactMatch
1044319,,undetermined,MapLicenseFamily
2289503,,undetermined,MapNA
2289503,,undetermined,MapExactID
2289503,,undetermined,MapExactMatch
2289503,,undetermined,MapLicenseFamily
5042016,,undetermined,MapNA
5042016,,undetermined,MapExactID
5042016,,undetermined,MapExactMatch
5042016,,undetermined,MapLicenseFamily
5697380,,undetermined,MapNA
5697380,,undetermined,MapExactID
5697380,,undetermined,MapExactMatch
5697380,,undetermined,MapLicenseFamily
1830757,,undetermined,MapNA
1830757,,undetermined,MapExactID
1830757,,undetermined,MapExactMatch
1830757,,undetermined,MapLicenseFamily
1830757,,undetermined,MapFuzzyMatch
2944869,,undetermined,MapNA
2944869,,undetermined,MapExactID
2944869,,undetermined,MapExactMatch
2944869,,undetermined,MapLicenseFamily
323439,,undetermined,MapNA
323439,,undetermined,MapExactID
323439,,undetermined,MapExactMatch
323439,,undetermined,MapLicenseFamily
323439,,undetermined,MapFuzzyMatch
3469167,,undetermined,MapNA
3469167,,undetermined,MapExactID
3469167,,undetermined,MapExactMatch
3469167,,undetermined,MapLicenseFamily
4190066,,undetermined,MapNA
4190066,,undetermined,MapExactID
4190066,,undetermined,MapExactMatch
4190066,,undetermined,MapLicenseFamily
2355061,,undetermined,MapNA
2355061,,undetermined,MapExactID
2355061,,undetermined,MapExactMatch
2355061,,undetermined,MapLicenseFamily
3075958,,undetermined,MapNA
3075958,,undetermined,MapExactID
3075958,,undetermined,MapExactMatch
3075958,,undetermined,MapLicenseFamily
3796856,,undetermined,MapNA
3796856,,undetermined,MapExactID
3796856,,undetermined,MapExactMatch
3796856,,undetermined,MapLicenseFamily
5500792,,undetermined,MapNA
5500792,,undetermined,MapExactID
5500792,,undetermined,MapExactMatch
5500792,,undetermined,MapLicenseFamily
6156155,,undetermined,MapNA
6156155,,undetermined,MapExactID
6156155,,undetermined,MapExactMatch
6156155,,undetermined,MapLicenseFamily
6352764,,undetermined,MapNA
6352764,,undetermined,MapExactID
6352764,,undetermined,MapExactMatch
6352764,,undetermined,MapLicenseFamily
6549372,,undetermined,MapNA
6549372,,undetermined,MapExactID
6549372,,undetermined,MapExactMatch
6549372,,undetermined,MapLicenseFamily
1109887,,undetermined,MapNA
1109887,,undetermined,MapExactID
1109887,,undetermined,MapExactMatch
1109887,,undetermined,MapLicenseFamily
1109887,,undetermined,MapFuzzyMatch
2223999,,undetermined,MapNA
2223999,,undetermined,MapExactID
2223999,,undetermined,MapExactMatch
2223999,,undetermined,MapLicenseFamily
2158465,,undetermined,MapNA
2158465,,undetermined,MapExactID
2158465,,undetermined,MapExactMatch
2158465,,undetermined,MapLicenseFamily
3796868,,undetermined,MapNA
3796868,,undetermined,MapExactID
3796868,,undetermined,MapExactMatch
3796868,,undetermined,MapLicenseFamily
2682757,,undetermined,MapNA
2682757,,undetermined,MapExactID
2682757,,undetermined,MapExactMatch
2682757,,undetermined,MapLicenseFamily
3862405,,undetermined,MapNA
4845444,,undetermined,MapNA
4845444,,undetermined,MapExactID
4845444,,undetermined,MapExactMatch
4845444,,undetermined,MapLicenseFamily
5762949,,undetermined,MapNA
5762949,,undetermined,MapExactID
5762949,,undetermined,MapExactMatch
5762949,,undetermined,MapLicenseFamily
2551690,,undetermined,MapNA
2551690,,undetermined,MapExactID
2551690,,undetermined,MapExactMatch
2551690,,undetermined,MapLicenseFamily
2551690,,undetermined,MapFuzzyMatch
3010446,,undetermined,MapNA
3010446,,undetermined,MapExactID
3010446,,undetermined,MapExactMatch
3010446,,undetermined,MapLicenseFamily
5500828,,undetermined,MapNA
5500828,,undetermined,MapExactID
5500828,,undetermined,MapExactMatch
5500828,,undetermined,MapLicenseFamily
61342,,undetermined,MapNA
2551719,,undetermined,MapNA
2551719,,undetermined,MapExactID
2551719,,undetermined,MapExactMatch
2551719,,undetermined,MapLicenseFamily
6156201,,undetermined,MapNA
6156201,,undetermined,MapExactID
6156201,,undetermined,MapExactMatch
6156201,,undetermined,MapLicenseFamily
6156201,,undetermined,MapFuzzyMatch
3927978,,undetermined,MapNA
3927978,,undetermined,MapExactID
3927978,,undetermined,MapExactMatch
3927978,,undetermined,MapLicenseFamily
4452268,,undetermined,MapNA
4452268,,undetermined,MapExactID
4452268,,undetermined,MapExactMatch
4452268,,undetermined,MapLicenseFamily
2879413,,undetermined,MapNA
2879413,,undetermined,MapExactID
2879413,,undetermined,MapExactMatch
2879413,,undetermined,MapLicenseFamily
454589,,undetermined,MapNA
454589,,undetermined,MapExactID
454589,,undetermined,MapExactMatch
454589,,undetermined,MapLicenseFamily
6156229,,undetermined,MapNA
6156229,,undetermined,MapExactID
6156229,,undetermined,MapExactMatch
6156229,,undetermined,MapLicenseFamily
4059078,,undetermined,MapNA
4059078,,undetermined,MapExactID
4059078,,undetermined,MapExactMatch
4059078,,undetermined,MapLicenseFamily
5828552,,undetermined,MapNA
5828552,,undetermined,MapExactID
5828552,,undetermined,MapExactMatch
5828552,,undetermined,MapLicenseFamily
5828552,,undetermined,MapFuzzyMatch
3403736,,undetermined,MapNA
3403736,,undetermined,MapExactID
3403736,,undetermined,MapExactMatch
3403736,,undetermined,MapLicenseFamily
3796959,,undetermined,MapNA
3796959,,undetermined,MapExactID
3796959,,undetermined,MapExactMatch
3796959,,undetermined,MapLicenseFamily
3403744,,undetermined,MapNA
3403744,,undetermined,MapExactID
3403744,,undetermined,MapExactMatch
3403744,,undetermined,MapLicenseFamily
3534816,,undetermined,MapNA
3534816,,undetermined,MapExactID
3534816,,undetermined,MapExactMatch
3534816,,undetermined,MapLicenseFamily
7270378,,undetermined,MapNA
7270378,,undetermined,MapExactID
7270378,,undetermined,MapExactMatch
7270378,,undetermined,MapLicenseFamily
258033,,undetermined,MapNA
258033,,undetermined,MapExactID
258033,,undetermined,MapExactMatch
258033,,undetermined,MapLicenseFamily
1765362,,undetermined,MapNA
1765362,,undetermined,MapExactID
1765362,,undetermined,MapExactMatch
1765362,,undetermined,MapLicenseFamily
389108,,undetermined,MapNA
389108,,undetermined,MapExactID
389108,,undetermined,MapExactMatch
389108,,undetermined,MapLicenseFamily
389108,,undetermined,MapFuzzyMatch
389109,,undetermined,MapNA
389109,,undetermined,MapExactID
389109,,undetermined,MapExactMatch
389109,,undetermined,MapLicenseFamily
1830902,,undetermined,MapNA
1830902,,undetermined,MapExactID
1830902,,undetermined,MapExactMatch
1830902,,undetermined,MapLicenseFamily
5697529,,undetermined,MapNA
5697529,,undetermined,MapExactID
5697529,,undetermined,MapExactMatch
5697529,,undetermined,MapLicenseFamily
7073789,,undetermined,MapNA
7073789,,undetermined,MapExactID
7073789,,undetermined,MapExactMatch
7073789,,undetermined,MapLicenseFamily
2093060,,undetermined,MapNA
2093060,,undetermined,MapExactID
2093060,,undetermined,MapExactMatch
2093060,,undetermined,MapLicenseFamily
2093060,,undetermined,MapFuzzyMatch
5632006,,undetermined,MapNA
5632006,,undetermined,MapExactID
5632006,,undetermined,MapExactMatch
5632006,,undetermined,MapLicenseFamily
2617352,,undetermined,MapNA
2617352,,undetermined,MapExactID
2617352,,undetermined,MapExactMatch
2617352,,undetermined,MapLicenseFamily
2224150,,undetermined,MapNA
2224150,,undetermined,MapExactID
2224150,,undetermined,MapExactMatch
2224150,,undetermined,MapLicenseFamily
389146,,undetermined,MapNA
389146,,undetermined,MapExactID
389146,,undetermined,MapExactMatch
389146,,undetermined,MapLicenseFamily
3600411,,undetermined,MapNA
3600411,,undetermined,MapExactID
3600411,,undetermined,MapExactMatch
3600411,,undetermined,MapLicenseFamily
6352924,,undetermined,MapNA
6352924,,undetermined,MapExactID
6352924,,undetermined,MapExactMatch
6352924,,undetermined,MapLicenseFamily
7139355,,undetermined,MapNA
7139355,,undetermined,MapExactID
7139355,,undetermined,MapExactMatch
7139355,,undetermined,MapLicenseFamily
3600416,,undetermined,MapNA
3600416,,undetermined,MapExactID
3600416,,undetermined,MapExactMatch
3600416,,undetermined,MapLicenseFamily
5173284,,undetermined,MapNA
5173284,,undetermined,MapExactID
5173284,,undetermined,MapExactMatch
5173284,,undetermined,MapLicenseFamily
5697572,,undetermined,MapNA
5697572,,undetermined,MapExactID
5697572,,undetermined,MapExactMatch
5697572,,undetermined,MapLicenseFamily
520239,,undetermined,MapNA
520239,,undetermined,MapExactID
520239,,undetermined,MapExactMatch
520239,,undetermined,MapLicenseFamily
4059184,,undetermined,MapNA
4059184,,undetermined,MapExactID
4059184,,undetermined,MapExactMatch
4059184,,undetermined,MapLicenseFamily
4059184,,undetermined,MapFuzzyMatch
4583472,,undetermined,MapNA
4583472,,undetermined,MapExactID
4583472,,undetermined,MapExactMatch
4583472,,undetermined,MapLicenseFamily
6221873,,undetermined,MapNA
6221873,,undetermined,MapExactID
6221873,,undetermined,MapExactMatch
6221873,,undetermined,MapLicenseFamily
6221873,,undetermined,MapFuzzyMatch
6287417,,undetermined,MapNA
6287417,,undetermined,MapExactID
6287417,,undetermined,MapExactMatch
6287417,,undetermined,MapLicenseFamily
1110079,,undetermined,MapNA
1110079,,undetermined,MapExactID
1110079,,undetermined,MapExactMatch
1110079,,undetermined,MapLicenseFamily
5959748,,undetermined,MapNA
5959748,,undetermined,MapExactID
5959748,,undetermined,MapExactMatch
5959748,,undetermined,MapLicenseFamily
2748492,,undetermined,MapNA
2748492,,undetermined,MapExactID
2748492,,undetermined,MapExactMatch
2748492,,undetermined,MapLicenseFamily
7270491,,undetermined,MapNA
979037,,undetermined,MapNA
979037,,undetermined,MapExactID
979037,,undetermined,MapExactMatch
979037,,undetermined,MapLicenseFamily
2355294,,undetermined,MapNA
2355294,,undetermined,MapExactID
2355294,,undetermined,MapExactMatch
2355294,,undetermined,MapLicenseFamily
2355294,,undetermined,MapFuzzyMatch
1831007,,undetermined,MapNA
1831007,,undetermined,MapExactID
1831007,,undetermined,MapExactMatch
1831007,,undetermined,MapLicenseFamily
1831007,,undetermined,MapFuzzyMatch
3010663,,undetermined,MapNA
3010663,,undetermined,MapExactID
3010663,,undetermined,MapExactMatch
3010663,,undetermined,MapLicenseFamily
5894252,,undetermined,MapNA
5894252,,undetermined,MapExactID
5894252,,undetermined,MapExactMatch
5894252,,undetermined,MapLicenseFamily
2814064,,undetermined,MapNA
2814064,,undetermined,MapExactID
2814064,,undetermined,MapExactMatch
2814064,,undetermined,MapLicenseFamily
3862641,,undetermined,MapNA
3862641,,undetermined,MapExactID
3862641,,undetermined,MapExactMatch
3862641,,undetermined,MapLicenseFamily
3272818,,undetermined,MapNA
3272818,,undetermined,MapExactID
3272818,,undetermined,MapExactMatch
3272818,,undetermined,MapLicenseFamily
716915,,undetermined,MapNA
716915,,undetermined,MapExactID
716915,,undetermined,MapExactMatch
716915,,undetermined,MapLicenseFamily
389237,,undetermined,MapNA
389237,,undetermined,MapExactID
389237,,undetermined,MapExactMatch
389237,,undetermined,MapLicenseFamily
5697657,,undetermined,MapNA
5697657,,undetermined,MapExactID
5697657,,undetermined,MapExactMatch
5697657,,undetermined,MapLicenseFamily
3862652,,undetermined,MapNA
3862652,,undetermined,MapExactID
3862652,,undetermined,MapExactMatch
3862652,,undetermined,MapLicenseFamily
3862652,,undetermined,MapFuzzyMatch
4059262,,undetermined,MapNA
4059262,,undetermined,MapExactID
4059262,,undetermined,MapExactMatch
4059262,,undetermined,MapLicenseFamily
4518017,,undetermined,MapNA
4518017,,undetermined,MapExactID
4518017,,undetermined,MapExactMatch
4518017,,undetermined,MapLicenseFamily
4518022,,undetermined,MapNA
4518022,,undetermined,MapExactID
4518022,,undetermined,MapExactMatch
4518022,,undetermined,MapLicenseFamily
6680710,,undetermined,MapNA
6680710,,undetermined,MapExactID
6680710,,undetermined,MapExactMatch
6680710,,undetermined,MapLicenseFamily
6680710,,undetermined,MapFuzzyMatch
2158730,,undetermined,MapNA
2158730,,undetermined,MapExactID
2158730,,undetermined,MapExactMatch
2158730,,undetermined,MapLicenseFamily
2158730,,undetermined,MapFuzzyMatch
323725,,undetermined,MapNA
323725,,undetermined,MapExactID
323725,,undetermined,MapExactMatch
323725,,undetermined,MapLicenseFamily
4452494,,undetermined,MapNA
4452494,,undetermined,MapExactID
4452494,,undetermined,MapExactMatch
4452494,,undetermined,MapLicenseFamily
6680719,,undetermined,MapNA
6680719,,undetermined,MapExactID
6680719,,undetermined,MapExactMatch
6680719,,undetermined,MapLicenseFamily
6615186,,undetermined,MapNA
6615186,,undetermined,MapExactID
6615186,,undetermined,MapExactMatch
6615186,,undetermined,MapLicenseFamily
6615186,,undetermined,MapFuzzyMatch
6680728,,undetermined,MapNA
6680728,,undetermined,MapExactID
6680728,,undetermined,MapExactMatch
6680728,,undetermined,MapLicenseFamily
7598237,,undetermined,MapNA
7598237,,undetermined,MapExactID
7598237,,undetermined,MapExactMatch
7598237,,undetermined,MapLicenseFamily
7598238,,undetermined,MapNA
7598238,,undetermined,MapExactID
7598238,,undetermined,MapExactMatch
7598238,,undetermined,MapLicenseFamily
7598238,,undetermined,MapFuzzyMatch
6680736,,undetermined,MapNA
6680736,,undetermined,MapExactID
6680736,,undetermined,MapExactMatch
6680736,,undetermined,MapLicenseFamily
5632180,,undetermined,MapNA
5632180,,undetermined,MapExactID
5632180,,undetermined,MapExactMatch
5632180,,undetermined,MapLicenseFamily
5697717,,undetermined,MapNA
5697717,,undetermined,MapExactID
5697717,,undetermined,MapExactMatch
5697717,,undetermined,MapLicenseFamily
3862711,,undetermined,MapNA
3862711,,undetermined,MapExactID
3862711,,undetermined,MapExactMatch
3862711,,undetermined,MapLicenseFamily
3862711,,undetermined,MapFuzzyMatch
5959870,,undetermined,MapNA
5959870,,undetermined,MapExactID
5959870,,undetermined,MapExactMatch
5959870,,undetermined,MapLicenseFamily
5959870,,undetermined,MapFuzzyMatch
2289856,,undetermined,MapNA
2289856,,undetermined,MapExactID
2289856,,undetermined,MapExactMatch
2289856,,undetermined,MapLicenseFamily
2289856,,undetermined,MapFuzzyMatch
2617536,,undetermined,MapNA
2617536,,undetermined,MapExactID
2617536,,undetermined,MapExactMatch
2617536,,undetermined,MapLicenseFamily
5632197,,undetermined,MapNA
5632197,,undetermined,MapExactID
5632197,,undetermined,MapExactMatch
5632197,,undetermined,MapLicenseFamily
4124871,,undetermined,MapNA
4124871,,undetermined,MapExactID
4124871,,undetermined,MapExactMatch
4124871,,undetermined,MapLicenseFamily
4452552,,undetermined,MapNA
4452552,,undetermined,MapExactID
4452552,,undetermined,MapExactMatch
4452552,,undetermined,MapLicenseFamily
2945227,,undetermined,MapNA
2945227,,undetermined,MapExactID
2945227,,undetermined,MapExactMatch
2945227,,undetermined,MapLicenseFamily
6680780,,undetermined,MapNA
6680780,,undetermined,MapExactID
6680780,,undetermined,MapExactMatch
6680780,,undetermined,MapLicenseFamily
979155,,undetermined,MapNA
979155,,undetermined,MapExactID
979155,,undetermined,MapExactMatch
979155,,undetermined,MapLicenseFamily
3731667,,undetermined,MapNA
3731667,,undetermined,MapExactID
3731667,,undetermined,MapExactMatch
3731667,,undetermined,MapLicenseFamily
2617559,,undetermined,MapNA
2617559,,undetermined,MapExactID
2617559,,undetermined,MapExactMatch
61656,,undetermined,MapNA
61656,,undetermined,MapExactID
61656,,undetermined,MapExactMatch
61656,,undetermined,MapLicenseFamily
61664,,undetermined,MapNA
61664,,undetermined,MapExactID
61664,,undetermined,MapExactMatch
61664,,undetermined,MapLicenseFamily
2355426,,undetermined,MapNA
2355426,,undetermined,MapExactID
2355426,,undetermined,MapExactMatch
2355426,,undetermined,MapLicenseFamily
6090982,,undetermined,MapNA
6090982,,undetermined,MapExactID
6090982,,undetermined,MapExactMatch
6090982,,undetermined,MapLicenseFamily
5173481,,undetermined,MapNA
5173481,,undetermined,MapExactID
5173481,,undetermined,MapExactMatch
5173481,,undetermined,MapLicenseFamily
192749,,undetermined,MapNA
192749,,undetermined,MapExactID
192749,,undetermined,MapExactMatch
192749,,undetermined,MapLicenseFamily
6090991,,undetermined,MapNA
6090991,,undetermined,MapExactID
6090991,,undetermined,MapExactMatch
6090991,,undetermined,MapLicenseFamily
61680,,undetermined,MapNA
61680,,undetermined,MapExactID
61680,,undetermined,MapExactMatch
61680,,undetermined,MapLicenseFamily
61680,,undetermined,MapFuzzyMatch
61685,,undetermined,MapNA
61685,,undetermined,MapExactID
61685,,undetermined,MapExactMatch
61685,,undetermined,MapLicenseFamily
61685,,undetermined,MapFuzzyMatch
2420984,,undetermined,MapNA
2420984,,undetermined,MapExactID
2420984,,undetermined,MapExactMatch
2420984,,undetermined,MapLicenseFamily
2420984,,undetermined,MapFuzzyMatch
2945273,,undetermined,MapNA
2945273,,undetermined,MapExactID
2945273,,undetermined,MapExactMatch
2945273,,undetermined,MapLicenseFamily
3797240,,undetermined,MapNA
3797240,,undetermined,MapExactID
3797240,,undetermined,MapExactMatch
3797240,,undetermined,MapLicenseFamily
3272959,,undetermined,MapNA
3272959,,undetermined,MapExactID
3272959,,undetermined,MapExactMatch
3272959,,undetermined,MapLicenseFamily
3535107,,undetermined,MapNA
3535107,,undetermined,MapExactID
3535107,,undetermined,MapExactMatch
3535107,,undetermined,MapLicenseFamily
1765642,,undetermined,MapNA
1765642,,undetermined,MapExactID
1765642,,undetermined,MapExactMatch
1765642,,undetermined,MapLicenseFamily
3010829,,undetermined,MapNA
3010829,,undetermined,MapExactID
3010829,,undetermined,MapExactMatch
3010829,,undetermined,MapLicenseFamily
520464,,undetermined,MapNA
520464,,undetermined,MapExactID
520464,,undetermined,MapExactMatch
520464,,undetermined,MapLicenseFamily
520464,,undetermined,MapFuzzyMatch
2814228,,undetermined,MapNA
2814228,,undetermined,MapExactID
2814228,,undetermined,MapExactMatch
2814228,,undetermined,MapLicenseFamily
3338517,,undetermined,MapNA
3338517,,undetermined,MapExactID
3338517,,undetermined,MapExactMatch
3338517,,undetermined,MapLicenseFamily
7074070,,undetermined,MapNA
7074070,,undetermined,MapExactID
7074070,,undetermined,MapExactMatch
7074070,,undetermined,MapLicenseFamily
3797272,,undetermined,MapNA
3797272,,undetermined,MapExactID
3797272,,undetermined,MapExactMatch
3797272,,undetermined,MapLicenseFamily
3338526,,undetermined,MapNA
3338526,,undetermined,MapExactID
3338526,,undetermined,MapExactMatch
3338526,,undetermined,MapLicenseFamily
61727,,undetermined,MapNA
61727,,undetermined,MapExactID
61727,,undetermined,MapExactMatch
61727,,undetermined,MapLicenseFamily
61727,,undetermined,MapFuzzyMatch
7139614,,undetermined,MapNA
7139614,,undetermined,MapExactID
7139614,,undetermined,MapExactMatch
7139614,,undetermined,MapLicenseFamily
2879781,,undetermined,MapNA
2879781,,undetermined,MapExactID
2879781,,undetermined,MapExactMatch
2879781,,undetermined,MapLicenseFamily
2879781,,undetermined,MapFuzzyMatch
6287662,,undetermined,MapNA
6287662,,undetermined,MapExactID
6287662,,undetermined,MapExactMatch
6287662,,undetermined,MapLicenseFamily
6287662,,undetermined,MapFuzzyMatch
323894,,undetermined,MapNA
323894,,undetermined,MapExactID
323894,,undetermined,MapExactMatch
323894,,undetermined,MapLicenseFamily
6353208,,undetermined,MapNA
6353208,,undetermined,MapExactID
6353208,,undetermined,MapExactMatch
6353208,,undetermined,MapLicenseFamily
6353208,,undetermined,MapFuzzyMatch
2421057,,undetermined,MapNA
2945351,,undetermined,MapNA
2945351,,undetermined,MapExactID
2945351,,undetermined,MapExactMatch
2945351,,undetermined,MapLicenseFamily
61771,,undetermined,MapNA
61771,,undetermined,MapExactID
61771,,undetermined,MapExactMatch
61771,,undetermined,MapLicenseFamily
1110365,,undetermined,MapNA
1110365,,undetermined,MapExactID
1110365,,undetermined,MapExactMatch
1110365,,undetermined,MapLicenseFamily
1110368,,undetermined,MapNA
1110368,,undetermined,MapExactID
1110368,,undetermined,MapExactMatch
1110368,,undetermined,MapLicenseFamily
5697891,,undetermined,MapNA
5697891,,undetermined,MapExactID
5697891,,undetermined,MapExactMatch
5697891,,undetermined,MapLicenseFamily
4845927,,undetermined,MapNA
4845927,,undetermined,MapExactID
4845927,,undetermined,MapExactMatch
4845927,,undetermined,MapLicenseFamily
717161,,undetermined,MapNA
717161,,undetermined,MapExactID
717161,,undetermined,MapExactMatch
717161,,undetermined,MapLicenseFamily
6287722,,undetermined,MapNA
6287722,,undetermined,MapExactID
6287722,,undetermined,MapExactMatch
6287722,,undetermined,MapLicenseFamily
258416,,undetermined,MapNA
258416,,undetermined,MapExactID
258416,,undetermined,MapExactMatch
258416,,undetermined,MapLicenseFamily
258416,,undetermined,MapFuzzyMatch
3797362,,undetermined,MapNA
3797362,,undetermined,MapExactID
3797362,,undetermined,MapExactMatch
3797362,,undetermined,MapLicenseFamily
717179,,undetermined,MapNA
717179,,undetermined,MapExactID
717179,,undetermined,MapExactMatch
717179,,undetermined,MapLicenseFamily
3797373,,undetermined,MapNA
3797373,,undetermined,MapExactID
3797373,,undetermined,MapExactMatch
3797373,,undetermined,MapLicenseFamily
3797373,,undetermined,MapFuzzyMatch
1896830,,undetermined,MapNA
1896830,,undetermined,MapExactID
1896830,,undetermined,MapExactMatch
1896830,,undetermined,MapLicenseFamily
3273087,,undetermined,MapNA
3273087,,undetermined,MapExactID
3273087,,undetermined,MapExactMatch
3273087,,undetermined,MapLicenseFamily
61824,,undetermined,MapNA
61824,,undetermined,MapExactID
61824,,undetermined,MapExactMatch
61824,,undetermined,MapLicenseFamily
5435775,,undetermined,MapNA
5435775,,undetermined,MapExactID
5435775,,undetermined,MapExactMatch
5435775,,undetermined,MapLicenseFamily
6680957,,undetermined,MapNA
6680957,,undetermined,MapExactID
6680957,,undetermined,MapExactMatch
6680957,,undetermined,MapLicenseFamily
3535237,,undetermined,MapNA
3535237,,undetermined,MapExactID
3535237,,undetermined,MapExactMatch
3535237,,undetermined,MapLicenseFamily
3535237,,undetermined,MapFuzzyMatch
5304710,,undetermined,MapNA
5304710,,undetermined,MapExactID
5304710,,undetermined,MapExactMatch
5304710,,undetermined,MapLicenseFamily
2486664,,undetermined,MapNA
2486664,,undetermined,MapExactID
2486664,,undetermined,MapExactMatch
2486664,,undetermined,MapLicenseFamily
2486664,,undetermined,MapFuzzyMatch
2421129,,undetermined,MapNA
2421129,,undetermined,MapExactID
2421129,,undetermined,MapExactMatch
2421129,,undetermined,MapLicenseFamily
5829000,,undetermined,MapNA
5829000,,undetermined,MapExactID
5829000,,undetermined,MapExactMatch
5829000,,undetermined,MapLicenseFamily
5829000,,undetermined,MapFuzzyMatch
1896843,,undetermined,MapNA
1896843,,undetermined,MapExactID
1896843,,undetermined,MapExactMatch
1896843,,undetermined,MapLicenseFamily
2421134,,undetermined,MapNA
2421134,,undetermined,MapExactID
2421134,,undetermined,MapExactMatch
2421134,,undetermined,MapLicenseFamily
1765778,,undetermined,MapNA
1765778,,undetermined,MapExactID
1765778,,undetermined,MapExactMatch
1765778,,undetermined,MapLicenseFamily
3076500,,undetermined,MapNA
3076500,,undetermined,MapExactID
3076500,,undetermined,MapExactMatch
3076500,,undetermined,MapLicenseFamily
258456,,undetermined,MapNA
258456,,undetermined,MapExactID
258456,,undetermined,MapExactMatch
258456,,undetermined,MapLicenseFamily
258456,,undetermined,MapFuzzyMatch
5763485,,undetermined,MapNA
5763485,,undetermined,MapExactID
5763485,,undetermined,MapExactMatch
5763485,,undetermined,MapLicenseFamily
5239198,,undetermined,MapNA
5239198,,undetermined,MapExactID
5239198,,undetermined,MapExactMatch
5239198,,undetermined,MapLicenseFamily
2159012,,undetermined,MapNA
2159012,,undetermined,MapExactID
2159012,,undetermined,MapExactMatch
2159012,,undetermined,MapLicenseFamily
5632422,,undetermined,MapNA
5632422,,undetermined,MapExactID
5632422,,undetermined,MapExactMatch
5632422,,undetermined,MapLicenseFamily
3797418,,undetermined,MapNA
3797418,,undetermined,MapExactID
3797418,,undetermined,MapExactMatch
3797418,,undetermined,MapLicenseFamily
2814382,,undetermined,MapNA
2814382,,undetermined,MapExactID
2814382,,undetermined,MapExactMatch
2814382,,undetermined,MapLicenseFamily
5304767,,undetermined,MapNA
5304767,,undetermined,MapExactID
5304767,,undetermined,MapExactMatch
5304767,,undetermined,MapLicenseFamily
5304767,,undetermined,MapFuzzyMatch
3797441,,undetermined,MapNA
3797441,,undetermined,MapExactID
3797441,,undetermined,MapExactMatch
3797441,,undetermined,MapLicenseFamily
3797442,,undetermined,MapNA
3797442,,undetermined,MapExactID
3797442,,undetermined,MapExactMatch
3797442,,undetermined,MapLicenseFamily
3797442,,undetermined,MapFuzzyMatch
3469764,,undetermined,MapNA
3469764,,undetermined,MapExactID
3469764,,undetermined,MapExactMatch
3469764,,undetermined,MapLicenseFamily
3469764,,undetermined,MapFuzzyMatch
127432,,undetermined,MapNA
127432,,undetermined,MapExactID
127432,,undetermined,MapExactMatch
127432,,undetermined,MapLicenseFamily
5632457,,undetermined,MapNA
5632457,,undetermined,MapExactID
5632457,,undetermined,MapExactMatch
5632457,,undetermined,MapLicenseFamily
1110475,,undetermined,MapNA
1110475,,undetermined,MapExactID
1110475,,undetermined,MapExactMatch
1110475,,undetermined,MapLicenseFamily
1110475,,undetermined,MapFuzzyMatch
3469775,,undetermined,MapNA
3469775,,undetermined,MapExactID
3469775,,undetermined,MapExactMatch
3469775,,undetermined,MapLicenseFamily
3469775,,undetermined,MapFuzzyMatch
5829073,,undetermined,MapNA
5829073,,undetermined,MapExactID
6156753,,undetermined,MapNA
6156753,,undetermined,MapExactID
6156753,,undetermined,MapExactMatch
6156753,,undetermined,MapLicenseFamily
4059606,,undetermined,MapNA
4059606,,undetermined,MapExactID
4059606,,undetermined,MapExactMatch
4059606,,undetermined,MapLicenseFamily
6287831,,undetermined,MapNA
6287831,,undetermined,MapExactID
6287831,,undetermined,MapExactMatch
6287831,,undetermined,MapLicenseFamily
7270871,,undetermined,MapNA
7270871,,undetermined,MapExactID
7270871,,undetermined,MapExactMatch
7270871,,undetermined,MapLicenseFamily
5501402,,undetermined,MapNA
5501402,,undetermined,MapExactID
3928540,,undetermined,MapNA
3928540,,undetermined,MapExactID
3928540,,undetermined,MapExactMatch
3928540,,undetermined,MapLicenseFamily
7139810,,undetermined,MapNA
2945508,,undetermined,MapNA
2945508,,undetermined,MapExactID
2945508,,undetermined,MapExactMatch
2945508,,undetermined,MapLicenseFamily
389605,,undetermined,MapNA
389605,,undetermined,MapExactID
389605,,undetermined,MapExactMatch
389605,,undetermined,MapLicenseFamily
3928549,,undetermined,MapNA
3928549,,undetermined,MapExactID
3928549,,undetermined,MapExactMatch
3928549,,undetermined,MapLicenseFamily
1896935,,undetermined,MapNA
1896935,,undetermined,MapExactID
1896935,,undetermined,MapExactMatch
1896935,,undetermined,MapLicenseFamily
258536,,undetermined,MapNA
258536,,undetermined,MapExactID
258536,,undetermined,MapExactMatch
258536,,undetermined,MapLicenseFamily
258536,,undetermined,MapFuzzyMatch
3469801,,undetermined,MapNA
3469801,,undetermined,MapExactID
3469801,,undetermined,MapExactMatch
3469801,,undetermined,MapLicenseFamily
6156778,,undetermined,MapNA
6156778,,undetermined,MapExactID
6156778,,undetermined,MapExactMatch
6156778,,undetermined,MapLicenseFamily
6156778,,undetermined,MapFuzzyMatch
1896939,,undetermined,MapNA
1896939,,undetermined,MapExactID
1896939,,undetermined,MapExactMatch
1896939,,undetermined,MapLicenseFamily
3338731,,undetermined,MapNA
3338731,,undetermined,MapExactID
3338731,,undetermined,MapExactMatch
3338731,,undetermined,MapLicenseFamily
7270896,,undetermined,MapNA
7270896,,undetermined,MapExactID
7270896,,undetermined,MapExactMatch
7270896,,undetermined,MapLicenseFamily
848377,,undetermined,MapNA
848377,,undetermined,MapExactID
848377,,undetermined,MapExactMatch
848377,,undetermined,MapLicenseFamily
848377,,undetermined,MapFuzzyMatch
2224637,,undetermined,MapNA
2224637,,undetermined,MapExactID
2224637,,undetermined,MapExactMatch
2224637,,undetermined,MapLicenseFamily
2224637,,undetermined,MapFuzzyMatch
2814465,,undetermined,MapNA
2814465,,undetermined,MapExactID
2814465,,undetermined,MapExactMatch
2814465,,undetermined,MapLicenseFamily
3469829,,undetermined,MapNA
3469829,,undetermined,MapExactID
3469829,,undetermined,MapExactMatch
3469829,,undetermined,MapLicenseFamily
3469829,,undetermined,MapFuzzyMatch
61958,,undetermined,MapNA
61958,,undetermined,MapExactID
61958,,undetermined,MapExactMatch
61958,,undetermined,MapLicenseFamily
5501445,,undetermined,MapNA
5501445,,undetermined,MapExactID
5501445,,undetermined,MapExactMatch
5501445,,undetermined,MapLicenseFamily
5501445,,undetermined,MapFuzzyMatch
2290185,,undetermined,MapNA
2290185,,undetermined,MapExactID
2290185,,undetermined,MapExactMatch
2290185,,undetermined,MapLicenseFamily
2486794,,undetermined,MapNA
2486794,,undetermined,MapExactID
2486794,,undetermined,MapExactMatch
2486794,,undetermined,MapLicenseFamily
2486794,,undetermined,MapFuzzyMatch
61970,,undetermined,MapNA
61970,,undetermined,MapExactID
61970,,undetermined,MapExactMatch
61970,,undetermined,MapLicenseFamily
61970,,undetermined,MapFuzzyMatch
3338771,,undetermined,MapNA
3338771,,undetermined,MapExactID
3338771,,undetermined,MapExactMatch
3338771,,undetermined,MapLicenseFamily
1765912,,undetermined,MapNA
1765912,,undetermined,MapExactID
1765912,,undetermined,MapExactMatch
1765912,,undetermined,MapLicenseFamily
5501466,,undetermined,MapNA
5501466,,undetermined,MapExactID
5501466,,undetermined,MapExactMatch
5501466,,undetermined,MapLicenseFamily
2880029,,undetermined,MapNA
2880029,,undetermined,MapExactID
2880029,,undetermined,MapExactMatch
2880029,,undetermined,MapLicenseFamily
2880029,,undetermined,MapFuzzyMatch
1831458,,undetermined,MapNA
1831458,,undetermined,MapExactID
1831458,,undetermined,MapExactMatch
1831458,,undetermined,MapLicenseFamily
1831458,,undetermined,MapFuzzyMatch
5108259,,undetermined,MapNA
5108259,,undetermined,MapExactID
5108259,,undetermined,MapExactMatch
5108259,,undetermined,MapLicenseFamily
127529,,undetermined,MapNA
127529,,undetermined,MapExactID
127529,,undetermined,MapExactMatch
127529,,undetermined,MapLicenseFamily
127529,,undetermined,MapFuzzyMatch
6222386,,undetermined,MapNA
6222386,,undetermined,MapExactID
6222386,,undetermined,MapExactMatch
6222386,,undetermined,MapLicenseFamily
389686,,undetermined,MapNA
389686,,undetermined,MapExactID
389686,,undetermined,MapExactMatch
389686,,undetermined,MapLicenseFamily
2355767,,undetermined,MapNA
2355767,,undetermined,MapExactID
2355767,,undetermined,MapExactMatch
2355767,,undetermined,MapLicenseFamily
5698107,,undetermined,MapNA
5698107,,undetermined,MapExactID
5698107,,undetermined,MapExactMatch
5698107,,undetermined,MapLicenseFamily
4583997,,undetermined,MapNA
4583997,,undetermined,MapExactID
4583997,,undetermined,MapExactMatch
4583997,,undetermined,MapLicenseFamily
4518469,,undetermined,MapNA
4518469,,undetermined,MapExactID
4518469,,undetermined,MapExactMatch
4518469,,undetermined,MapLicenseFamily
4518476,,undetermined,MapNA
4518476,,undetermined,MapExactID
4518476,,undetermined,MapExactMatch
4518476,,undetermined,MapLicenseFamily
2617934,,undetermined,MapNA
2617934,,undetermined,MapExactID
2617934,,undetermined,MapExactMatch
2617934,,undetermined,MapLicenseFamily
2945614,,undetermined,MapNA
2945614,,undetermined,MapExactID
2945614,,undetermined,MapExactMatch
2945614,,undetermined,MapLicenseFamily
1962576,,undetermined,MapNA
1962576,,undetermined,MapExactID
1962576,,undetermined,MapExactMatch
1962576,,undetermined,MapLicenseFamily
848469,,undetermined,MapNA
848469,,undetermined,MapExactID
848469,,undetermined,MapExactMatch
848469,,undetermined,MapLicenseFamily
848469,,undetermined,MapFuzzyMatch
3928663,,undetermined,MapNA
3928663,,undetermined,MapExactID
3928663,,undetermined,MapExactMatch
3928663,,undetermined,MapLicenseFamily
1897053,,undetermined,MapNA
1897053,,undetermined,MapExactID
1897053,,undetermined,MapExactMatch
1897053,,undetermined,MapLicenseFamily
5108318,,undetermined,MapNA
5108318,,undetermined,MapExactID
5108318,,undetermined,MapExactMatch
5108318,,undetermined,MapLicenseFamily
5108318,,undetermined,MapFuzzyMatch
4125279,,undetermined,MapNA
4125279,,undetermined,MapExactID
4125279,,undetermined,MapExactMatch
4125279,,undetermined,MapLicenseFamily
389728,,undetermined,MapNA
389728,,undetermined,MapExactID
5436004,,undetermined,MapNA
5436004,,undetermined,MapExactID
5436004,,undetermined,MapExactMatch
5436004,,undetermined,MapLicenseFamily
2355813,,undetermined,MapNA
2355813,,undetermined,MapExactID
2355813,,undetermined,MapExactMatch
2355813,,undetermined,MapLicenseFamily
1962601,,undetermined,MapNA
1962601,,undetermined,MapExactID
1962601,,undetermined,MapExactMatch
1962601,,undetermined,MapLicenseFamily
7598701,,undetermined,MapNA
7598701,,undetermined,MapExactID
7598701,,undetermined,MapExactMatch
7598701,,undetermined,MapLicenseFamily
7598701,,undetermined,MapFuzzyMatch
520817,,undetermined,MapNA
520817,,undetermined,MapExactID
520817,,undetermined,MapExactMatch
520817,,undetermined,MapLicenseFamily
1700466,,undetermined,MapNA
1700466,,undetermined,MapExactID
1700466,,undetermined,MapExactMatch
1700466,,undetermined,MapLicenseFamily
1700466,,undetermined,MapFuzzyMatch
2224753,,undetermined,MapNA
2224753,,undetermined,MapExactID
2224753,,undetermined,MapExactMatch
2224753,,undetermined,MapLicenseFamily
193142,,undetermined,MapNA
193142,,undetermined,MapExactID
193142,,undetermined,MapExactMatch
193142,,undetermined,MapLicenseFamily
782975,,undetermined,MapNA
782975,,undetermined,MapExactID
782975,,undetermined,MapExactMatch
782975,,undetermined,MapLicenseFamily
258688,,undetermined,MapNA
258688,,undetermined,MapExactID
258688,,undetermined,MapExactMatch
258688,,undetermined,MapLicenseFamily
3994242,,undetermined,MapNA
3994242,,undetermined,MapExactID
3994242,,undetermined,MapExactMatch
3994242,,undetermined,MapLicenseFamily
258691,,undetermined,MapNA
258691,,undetermined,MapExactID
258691,,undetermined,MapExactMatch
258691,,undetermined,MapLicenseFamily
1897096,,undetermined,MapNA
1897096,,undetermined,MapExactID
1897096,,undetermined,MapExactMatch
1897096,,undetermined,MapLicenseFamily
2814600,,undetermined,MapNA
2814600,,undetermined,MapExactID
2814600,,undetermined,MapExactMatch
2814600,,undetermined,MapLicenseFamily
7402122,,undetermined,MapNA
7402122,,undetermined,MapExactID
7402122,,undetermined,MapExactMatch
7402122,,undetermined,MapLicenseFamily
7402122,,undetermined,MapFuzzyMatch
62099,,undetermined,MapNA
62099,,undetermined,MapExactID
62099,,undetermined,MapExactMatch
62099,,undetermined,MapLicenseFamily
62099,,undetermined,MapFuzzyMatch
3273364,,undetermined,MapNA
3273364,,undetermined,MapExactID
3273364,,undetermined,MapExactMatch
3273364,,undetermined,MapLicenseFamily
1372821,,undetermined,MapNA
1372821,,undetermined,MapExactID
1372821,,undetermined,MapExactMatch
1372821,,undetermined,MapLicenseFamily
3994260,,undetermined,MapNA
3994260,,undetermined,MapExactID
3994260,,undetermined,MapExactMatch
3994260,,undetermined,MapLicenseFamily
3994260,,undetermined,MapFuzzyMatch
3076761,,undetermined,MapNA
3076761,,undetermined,MapExactID
3076761,,undetermined,MapExactMatch
3076761,,undetermined,MapLicenseFamily
193179,,undetermined,MapNA
193179,,undetermined,MapExactID
193179,,undetermined,MapExactMatch
193179,,undetermined,MapLicenseFamily
193179,,undetermined,MapFuzzyMatch
6288027,,undetermined,MapNA
6288027,,undetermined,MapExactID
6288027,,undetermined,MapExactMatch
6288027,,undetermined,MapLicenseFamily
6288027,,undetermined,MapFuzzyMatch
2355871,,undetermined,MapNA
2355871,,undetermined,MapExactID
2355871,,undetermined,MapExactMatch
2355871,,undetermined,MapLicenseFamily
6353568,,undetermined,MapNA
6353568,,undetermined,MapExactID
6353568,,undetermined,MapExactMatch
6353568,,undetermined,MapLicenseFamily
193189,,undetermined,MapNA
193189,,undetermined,MapExactID
193189,,undetermined,MapExactMatch
193189,,undetermined,MapLicenseFamily
3928746,,undetermined,MapNA
3928746,,undetermined,MapExactID
3928746,,undetermined,MapExactMatch
3928746,,undetermined,MapLicenseFamily
7598764,,undetermined,MapNA
7598764,,undetermined,MapExactID
7598764,,undetermined,MapExactMatch
7598764,,undetermined,MapLicenseFamily
455340,,undetermined,MapNA
455340,,undetermined,MapExactID
455340,,undetermined,MapExactMatch
455340,,undetermined,MapLicenseFamily
6484652,,undetermined,MapNA
6484652,,undetermined,MapExactID
6484652,,undetermined,MapExactMatch
6484652,,undetermined,MapLicenseFamily
6484652,,undetermined,MapFuzzyMatch
1110706,,undetermined,MapNA
1110706,,undetermined,MapExactID
1110706,,undetermined,MapExactMatch
1110706,,undetermined,MapLicenseFamily
7467707,,undetermined,MapNA
7467707,,undetermined,MapExactID
7467707,,undetermined,MapExactMatch
7467707,,undetermined,MapLicenseFamily
4518588,,undetermined,MapNA
4518588,,undetermined,MapExactID
1766079,,undetermined,MapNA
1766079,,undetermined,MapExactID
1766079,,undetermined,MapExactMatch
1766079,,undetermined,MapLicenseFamily
3732162,,undetermined,MapNA
3732162,,undetermined,MapExactID
3732162,,undetermined,MapExactMatch
3732162,,undetermined,MapLicenseFamily
7467715,,undetermined,MapNA
7467715,,undetermined,MapExactID
7467715,,undetermined,MapExactMatch
7467715,,undetermined,MapLicenseFamily
5436100,,undetermined,MapNA
5436100,,undetermined,MapExactID
5436100,,undetermined,MapExactMatch
5436100,,undetermined,MapLicenseFamily
7533258,,undetermined,MapNA
7533258,,undetermined,MapExactID
7533258,,undetermined,MapExactMatch
7533258,,undetermined,MapLicenseFamily
3797707,,undetermined,MapNA
3797707,,undetermined,MapExactID
3797707,,undetermined,MapExactMatch
3797707,,undetermined,MapLicenseFamily
3928781,,undetermined,MapNA
3928781,,undetermined,MapExactID
3928781,,undetermined,MapExactMatch
3928781,,undetermined,MapLicenseFamily
520916,,undetermined,MapNA
520916,,undetermined,MapExactID
520916,,undetermined,MapExactMatch
520916,,undetermined,MapLicenseFamily
2749144,,undetermined,MapNA
5436122,,undetermined,MapNA
5436122,,undetermined,MapExactID
5436122,,undetermined,MapExactMatch
5436122,,undetermined,MapLicenseFamily
1831651,,undetermined,MapNA
1831651,,undetermined,MapExactID
1831651,,undetermined,MapExactMatch
1831651,,undetermined,MapLicenseFamily
2880227,,undetermined,MapNA
2880227,,undetermined,MapExactID
2880227,,undetermined,MapExactMatch
2880227,,undetermined,MapLicenseFamily
2880227,,undetermined,MapFuzzyMatch
7664362,,undetermined,MapNA
7664362,,undetermined,MapExactID
7664362,,undetermined,MapExactMatch
7664362,,undetermined,MapLicenseFamily
7664362,,undetermined,MapFuzzyMatch
193259,,undetermined,MapNA
193259,,undetermined,MapExactID
193259,,undetermined,MapExactMatch
193259,,undetermined,MapLicenseFamily
62189,,undetermined,MapNA
2159354,,undetermined,MapNA
2159354,,undetermined,MapExactID
2159354,,undetermined,MapExactMatch
2159354,,undetermined,MapLicenseFamily
193275,,undetermined,MapNA
193275,,undetermined,MapExactID
193275,,undetermined,MapExactMatch
193275,,undetermined,MapLicenseFamily
6288123,,undetermined,MapNA
6288123,,undetermined,MapExactID
6288123,,undetermined,MapExactMatch
6288123,,undetermined,MapLicenseFamily
2159357,,undetermined,MapNA
2159357,,undetermined,MapExactID
2159357,,undetermined,MapExactMatch
2159357,,undetermined,MapLicenseFamily
2159357,,undetermined,MapFuzzyMatch
324350,,undetermined,MapNA
324350,,undetermined,MapExactID
324350,,undetermined,MapExactMatch
324350,,undetermined,MapLicenseFamily
7533307,,undetermined,MapNA
7533307,,undetermined,MapExactID
7533307,,undetermined,MapExactMatch
7533307,,undetermined,MapLicenseFamily
62211,,undetermined,MapNA
62211,,undetermined,MapExactID
62211,,undetermined,MapExactMatch
62211,,undetermined,MapLicenseFamily
7074564,,undetermined,MapNA
7074564,,undetermined,MapExactID
7074564,,undetermined,MapExactMatch
7074564,,undetermined,MapLicenseFamily
3732229,,undetermined,MapNA
3732229,,undetermined,MapExactID
3732229,,undetermined,MapExactMatch
3732229,,undetermined,MapLicenseFamily
3732229,,undetermined,MapFuzzyMatch
62215,,undetermined,MapNA
62215,,undetermined,MapExactID
62215,,undetermined,MapExactMatch
62215,,undetermined,MapLicenseFamily
6550283,,undetermined,MapNA
6550283,,undetermined,MapExactID
6550283,,undetermined,MapExactMatch
6550283,,undetermined,MapLicenseFamily
2552591,,undetermined,MapNA
2552591,,undetermined,MapExactID
2552591,,undetermined,MapExactMatch
2552591,,undetermined,MapLicenseFamily
5174035,,undetermined,MapNA
5174035,,undetermined,MapExactID
5174035,,undetermined,MapExactMatch
5174035,,undetermined,MapLicenseFamily
5567251,,undetermined,MapNA
5567251,,undetermined,MapExactID
5567251,,undetermined,MapExactMatch
5567251,,undetermined,MapLicenseFamily
5829398,,undetermined,MapNA
5829398,,undetermined,MapExactID
5829398,,undetermined,MapExactMatch
5829398,,undetermined,MapLicenseFamily
1045274,,undetermined,MapNA
1045274,,undetermined,MapExactID
1045274,,undetermined,MapExactMatch
1045274,,undetermined,MapLicenseFamily
7074587,,undetermined,MapNA
7074587,,undetermined,MapExactID
7074587,,undetermined,MapExactMatch
7074587,,undetermined,MapLicenseFamily
7598875,,undetermined,MapNA
7598875,,undetermined,MapExactID
7598875,,undetermined,MapExactMatch
7598875,,undetermined,MapLicenseFamily
520990,,undetermined,MapNA
520990,,undetermined,MapExactID
520990,,undetermined,MapExactMatch
520990,,undetermined,MapLicenseFamily
389920,,undetermined,MapNA
389920,,undetermined,MapExactID
389920,,undetermined,MapExactMatch
389920,,undetermined,MapLicenseFamily
389920,,undetermined,MapFuzzyMatch
848672,,undetermined,MapNA
848672,,undetermined,MapExactID
848672,,undetermined,MapExactMatch
848672,,undetermined,MapLicenseFamily
3076898,,undetermined,MapNA
3076898,,undetermined,MapExactID
3076898,,undetermined,MapExactMatch
3076898,,undetermined,MapLicenseFamily
389925,,undetermined,MapNA
389925,,undetermined,MapExactID
389925,,undetermined,MapExactMatch
389925,,undetermined,MapLicenseFamily
7336751,,undetermined,MapNA
7336751,,undetermined,MapExactID
7336751,,undetermined,MapExactMatch
7336751,,undetermined,MapLicenseFamily
7598898,,undetermined,MapNA
7598898,,undetermined,MapExactID
7598898,,undetermined,MapExactMatch
7598898,,undetermined,MapLicenseFamily
6484790,,undetermined,MapNA
6484790,,undetermined,MapExactID
6484790,,undetermined,MapExactMatch
6484790,,undetermined,MapLicenseFamily
2618169,,undetermined,MapNA
2618169,,undetermined,MapExactID
2618169,,undetermined,MapExactMatch
2618169,,undetermined,MapLicenseFamily
2093891,,undetermined,MapNA
2093891,,undetermined,MapExactID
2093891,,undetermined,MapExactMatch
2093891,,undetermined,MapLicenseFamily
1700676,,undetermined,MapNA
1700676,,undetermined,MapExactID
1700676,,undetermined,MapExactMatch
1700676,,undetermined,MapLicenseFamily
389958,,undetermined,MapNA
389958,,undetermined,MapExactID
389958,,undetermined,MapExactMatch
389958,,undetermined,MapLicenseFamily
2880326,,undetermined,MapNA
2880326,,undetermined,MapExactID
2880326,,undetermined,MapExactMatch
2880326,,undetermined,MapLicenseFamily
6157127,,undetermined,MapNA
6157127,,undetermined,MapExactID
6157127,,undetermined,MapExactMatch
6157127,,undetermined,MapLicenseFamily
455501,,undetermined,MapNA
455501,,undetermined,MapExactID
455501,,undetermined,MapExactMatch
455501,,undetermined,MapLicenseFamily
1373005,,undetermined,MapNA
1373005,,undetermined,MapExactID
1373005,,undetermined,MapExactMatch
1373005,,undetermined,MapLicenseFamily
2618193,,undetermined,MapNA
2618193,,undetermined,MapExactID
2618193,,undetermined,MapExactMatch
2618193,,undetermined,MapLicenseFamily
4518737,,undetermined,MapNA
4518737,,undetermined,MapExactID
4518737,,undetermined,MapExactMatch
4518737,,undetermined,MapLicenseFamily
5174100,,undetermined,MapNA
5174100,,undetermined,MapExactID
5174100,,undetermined,MapExactMatch
5174100,,undetermined,MapLicenseFamily
1045347,,undetermined,MapNA
1045347,,undetermined,MapExactID
1045347,,undetermined,MapExactMatch
1045347,,undetermined,MapLicenseFamily
1045347,,undetermined,MapFuzzyMatch
7074667,,undetermined,MapNA
7074667,,undetermined,MapExactID
7074667,,undetermined,MapExactMatch
7074667,,undetermined,MapLicenseFamily
7074667,,undetermined,MapFuzzyMatch
6222699,,undetermined,MapNA
6222699,,undetermined,MapExactID
6222699,,undetermined,MapExactMatch
6222699,,undetermined,MapLicenseFamily
6222699,,undetermined,MapFuzzyMatch
4649839,,undetermined,MapNA
4649839,,undetermined,MapExactID
4649839,,undetermined,MapExactMatch
4649839,,undetermined,MapLicenseFamily
7271281,,undetermined,MapNA
7271281,,undetermined,MapExactID
7271281,,undetermined,MapExactMatch
7271281,,undetermined,MapLicenseFamily
5763953,,undetermined,MapNA
5763953,,undetermined,MapExactID
5763953,,undetermined,MapExactMatch
5763953,,undetermined,MapLicenseFamily
7271283,,undetermined,MapNA
7271283,,undetermined,MapExactID
7271283,,undetermined,MapExactMatch
7271283,,undetermined,MapLicenseFamily
1373047,,undetermined,MapNA
1373047,,undetermined,MapExactID
1373047,,undetermined,MapExactMatch
1373047,,undetermined,MapLicenseFamily
1373047,,undetermined,MapFuzzyMatch
3339132,,undetermined,MapNA
3339132,,undetermined,MapExactID
3339132,,undetermined,MapExactMatch
3339132,,undetermined,MapLicenseFamily
1700736,,undetermined,MapNA
1700736,,undetermined,MapExactID
1700736,,undetermined,MapExactMatch
1700736,,undetermined,MapLicenseFamily
1700736,,undetermined,MapFuzzyMatch
3142530,,undetermined,MapNA
3142530,,undetermined,MapExactID
3142530,,undetermined,MapExactMatch
3142530,,undetermined,MapLicenseFamily
6222727,,undetermined,MapNA
6222727,,undetermined,MapExactID
6222727,,undetermined,MapExactMatch
6222727,,undetermined,MapLicenseFamily
6222727,,undetermined,MapFuzzyMatch
5239691,,undetermined,MapNA
5239691,,undetermined,MapExactID
5239691,,undetermined,MapExactMatch
5239691,,undetermined,MapLicenseFamily
5239691,,undetermined,MapFuzzyMatch
5763985,,undetermined,MapNA
5763985,,undetermined,MapExactID
5763985,,undetermined,MapExactMatch
5763985,,undetermined,MapLicenseFamily
4518806,,undetermined,MapNA
4518806,,undetermined,MapExactID
4518806,,undetermined,MapExactMatch
4518806,,undetermined,MapLicenseFamily
4584343,,undetermined,MapNA
4584343,,undetermined,MapExactID
4584343,,undetermined,MapExactMatch
4584343,,undetermined,MapLicenseFamily
1045402,,undetermined,MapNA
1045402,,undetermined,MapExactID
1045402,,undetermined,MapExactMatch
1045402,,undetermined,MapLicenseFamily
979874,,undetermined,MapNA
979874,,undetermined,MapExactID
979874,,undetermined,MapExactMatch
979874,,undetermined,MapLicenseFamily
2290594,,undetermined,MapNA
2290594,,undetermined,MapExactID
2290594,,undetermined,MapExactMatch
2290594,,undetermined,MapLicenseFamily
6222756,,undetermined,MapNA
6222756,,undetermined,MapExactID
6222756,,undetermined,MapExactMatch
6222756,,undetermined,MapLicenseFamily
4191146,,undetermined,MapNA
4191146,,undetermined,MapExactID
4191146,,undetermined,MapExactMatch
4191146,,undetermined,MapLicenseFamily
5698476,,undetermined,MapNA
5698476,,undetermined,MapExactID
5698476,,undetermined,MapExactMatch
5698476,,undetermined,MapLicenseFamily
1176501,,undetermined,MapNA
1176501,,undetermined,MapExactID
1176501,,undetermined,MapExactMatch
1176501,,undetermined,MapLicenseFamily
3929013,,undetermined,MapNA
3929013,,undetermined,MapExactID
3929013,,undetermined,MapExactMatch
3929013,,undetermined,MapLicenseFamily
3929013,,undetermined,MapFuzzyMatch
521143,,undetermined,MapNA
521143,,undetermined,MapExactID
521143,,undetermined,MapExactMatch
521143,,undetermined,MapLicenseFamily
7599036,,undetermined,MapNA
7599036,,undetermined,MapExactID
7599036,,undetermined,MapExactMatch
7599036,,undetermined,MapLicenseFamily
2356162,,undetermined,MapNA
2356162,,undetermined,MapExactID
2356162,,undetermined,MapExactMatch
2356162,,undetermined,MapLicenseFamily
5043138,,undetermined,MapNA
5043138,,undetermined,MapExactID
5043138,,undetermined,MapExactMatch
5043138,,undetermined,MapLicenseFamily
7074758,,undetermined,MapNA
7074758,,undetermined,MapExactID
7074758,,undetermined,MapExactMatch
7074758,,undetermined,MapLicenseFamily
3470280,,undetermined,MapNA
3470280,,undetermined,MapExactID
3470280,,undetermined,MapExactMatch
3470280,,undetermined,MapLicenseFamily
4584399,,undetermined,MapNA
4584399,,undetermined,MapExactID
4584399,,undetermined,MapExactMatch
4584399,,undetermined,MapLicenseFamily
6157264,,undetermined,MapNA
6157264,,undetermined,MapExactID
6157264,,undetermined,MapExactMatch
6157264,,undetermined,MapLicenseFamily
1569748,,undetermined,MapNA
1569748,,undetermined,MapExactID
1569748,,undetermined,MapExactMatch
1569748,,undetermined,MapLicenseFamily
1110999,,undetermined,MapNA
1110999,,undetermined,MapExactID
127962,,undetermined,MapNA
127962,,undetermined,MapExactID
127962,,undetermined,MapExactMatch
127962,,undetermined,MapLicenseFamily
1111003,,undetermined,MapNA
1111003,,undetermined,MapExactID
1111003,,undetermined,MapExactMatch
1111003,,undetermined,MapLicenseFamily
5764060,,undetermined,MapNA
5764060,,undetermined,MapExactID
5764060,,undetermined,MapExactMatch
5764060,,undetermined,MapLicenseFamily
5764060,,undetermined,MapFuzzyMatch
521183,,undetermined,MapNA
521183,,undetermined,MapExactID
521183,,undetermined,MapExactMatch
521183,,undetermined,MapLicenseFamily
5764063,,undetermined,MapNA
5764063,,undetermined,MapExactID
5764063,,undetermined,MapExactMatch
5764063,,undetermined,MapLicenseFamily
5043171,,undetermined,MapNA
5043171,,undetermined,MapExactID
5043171,,undetermined,MapExactMatch
5043171,,undetermined,MapLicenseFamily
717799,,undetermined,MapNA
717799,,undetermined,MapExactID
717799,,undetermined,MapExactMatch
717799,,undetermined,MapLicenseFamily
1766376,,undetermined,MapNA
1766376,,undetermined,MapExactID
1766376,,undetermined,MapExactMatch
1766376,,undetermined,MapLicenseFamily
5698536,,undetermined,MapNA
5698536,,undetermined,MapExactID
5698536,,undetermined,MapExactMatch
5698536,,undetermined,MapLicenseFamily
3797999,,undetermined,MapNA
3797999,,undetermined,MapExactID
3797999,,undetermined,MapExactMatch
3797999,,undetermined,MapLicenseFamily
5239792,,undetermined,MapNA
5239792,,undetermined,MapExactID
5239792,,undetermined,MapExactMatch
5239792,,undetermined,MapLicenseFamily
1962994,,undetermined,MapNA
1962994,,undetermined,MapExactID
1962994,,undetermined,MapExactMatch
1962994,,undetermined,MapLicenseFamily
1962994,,undetermined,MapFuzzyMatch
3535861,,undetermined,MapNA
3535861,,undetermined,MapExactID
3535861,,undetermined,MapExactMatch
3535861,,undetermined,MapLicenseFamily
2487293,,undetermined,MapNA
2487293,,undetermined,MapExactID
2487293,,undetermined,MapExactMatch
2487293,,undetermined,MapLicenseFamily
2356224,,undetermined,MapNA
2356224,,undetermined,MapExactID
2356224,,undetermined,MapExactMatch
2356224,,undetermined,MapLicenseFamily
5567489,,undetermined,MapNA
5567489,,undetermined,MapExactID
5567489,,undetermined,MapExactMatch
5567489,,undetermined,MapLicenseFamily
2159619,,undetermined,MapNA
2159619,,undetermined,MapExactID
2159619,,undetermined,MapExactMatch
2159619,,undetermined,MapLicenseFamily
2683907,,undetermined,MapNA
2683907,,undetermined,MapExactID
2683907,,undetermined,MapExactMatch
2683907,,undetermined,MapLicenseFamily
455694,,undetermined,MapNA
455694,,undetermined,MapExactID
455694,,undetermined,MapExactMatch
455694,,undetermined,MapLicenseFamily
521236,,undetermined,MapNA
521236,,undetermined,MapExactID
521236,,undetermined,MapExactMatch
521236,,undetermined,MapLicenseFamily
5436443,,undetermined,MapNA
5436443,,undetermined,MapExactID
5436443,,undetermined,MapExactMatch
5436443,,undetermined,MapLicenseFamily
521247,,undetermined,MapNA
1831975,,undetermined,MapNA
1831975,,undetermined,MapExactID
1831975,,undetermined,MapExactMatch
1831975,,undetermined,MapLicenseFamily
128043,,undetermined,MapNA
128043,,undetermined,MapExactID
128043,,undetermined,MapExactMatch
128043,,undetermined,MapLicenseFamily
1700910,,undetermined,MapNA
1700910,,undetermined,MapExactID
1700910,,undetermined,MapExactMatch
1700910,,undetermined,MapLicenseFamily
1700910,,undetermined,MapFuzzyMatch
6026287,,undetermined,MapNA
6026287,,undetermined,MapExactID
6026287,,undetermined,MapExactMatch
6026287,,undetermined,MapLicenseFamily
6026287,,undetermined,MapFuzzyMatch
6157359,,undetermined,MapNA
6157359,,undetermined,MapExactID
6157359,,undetermined,MapExactMatch
6157359,,undetermined,MapLicenseFamily
324656,,undetermined,MapNA
324656,,undetermined,MapExactID
324656,,undetermined,MapExactMatch
324656,,undetermined,MapLicenseFamily
521265,,undetermined,MapNA
521265,,undetermined,MapExactID
521265,,undetermined,MapExactMatch
521265,,undetermined,MapLicenseFamily
1766450,,undetermined,MapNA
1766450,,undetermined,MapExactID
1766450,,undetermined,MapExactMatch
1766450,,undetermined,MapLicenseFamily
1766451,,undetermined,MapNA
1766451,,undetermined,MapExactID
1766451,,undetermined,MapExactMatch
1766451,,undetermined,MapLicenseFamily
2356277,,undetermined,MapNA
2356277,,undetermined,MapExactID
2356277,,undetermined,MapExactMatch
2356277,,undetermined,MapLicenseFamily
2356277,,undetermined,MapFuzzyMatch
2159670,,undetermined,MapNA
2159670,,undetermined,MapExactID
2159670,,undetermined,MapExactMatch
2159670,,undetermined,MapLicenseFamily
1700924,,undetermined,MapNA
1700924,,undetermined,MapExactID
1700924,,undetermined,MapExactMatch
1700924,,undetermined,MapLicenseFamily
3535937,,undetermined,MapNA
3535937,,undetermined,MapExactID
3535937,,undetermined,MapExactMatch
3535937,,undetermined,MapLicenseFamily
7468097,,undetermined,MapNA
7468097,,undetermined,MapExactID
7468097,,undetermined,MapExactMatch
7468097,,undetermined,MapLicenseFamily
7468097,,undetermined,MapFuzzyMatch
3404869,,undetermined,MapNA
3404869,,undetermined,MapExactID
3404869,,undetermined,MapExactMatch
3404869,,undetermined,MapLicenseFamily
3404869,,undetermined,MapFuzzyMatch
2225222,,undetermined,MapNA
2225222,,undetermined,MapExactID
2225222,,undetermined,MapExactMatch
2225222,,undetermined,MapLicenseFamily
2946118,,undetermined,MapNA
2946118,,undetermined,MapExactID
2946118,,undetermined,MapExactMatch
2946118,,undetermined,MapLicenseFamily
3339335,,undetermined,MapNA
3339335,,undetermined,MapExactID
3339335,,undetermined,MapExactMatch
3339335,,undetermined,MapLicenseFamily
7337031,,undetermined,MapNA
7337031,,undetermined,MapExactID
7337031,,undetermined,MapExactMatch
7337031,,undetermined,MapLicenseFamily
6157388,,undetermined,MapNA
6157388,,undetermined,MapExactID
6157388,,undetermined,MapExactMatch
6157388,,undetermined,MapLicenseFamily
7533644,,undetermined,MapNA
7533644,,undetermined,MapExactID
7533644,,undetermined,MapExactMatch
7533644,,undetermined,MapLicenseFamily
3339345,,undetermined,MapNA
3339345,,undetermined,MapExactID
3339345,,undetermined,MapExactMatch
3339345,,undetermined,MapLicenseFamily
4650068,,undetermined,MapNA
4650068,,undetermined,MapExactID
4650068,,undetermined,MapExactMatch
4650068,,undetermined,MapLicenseFamily
3339352,,undetermined,MapNA
3339352,,undetermined,MapExactID
3339352,,undetermined,MapExactMatch
3339352,,undetermined,MapLicenseFamily
6288480,,undetermined,MapNA
6288480,,undetermined,MapExactID
6288480,,undetermined,MapExactMatch
6288480,,undetermined,MapLicenseFamily
6288480,,undetermined,MapFuzzyMatch
7271521,,undetermined,MapNA
7271521,,undetermined,MapExactID
7271521,,undetermined,MapExactMatch
7271521,,undetermined,MapLicenseFamily
7271521,,undetermined,MapFuzzyMatch
2946146,,undetermined,MapNA
2946146,,undetermined,MapExactID
2946146,,undetermined,MapExactMatch
2946146,,undetermined,MapLicenseFamily
4125794,,undetermined,MapNA
4125794,,undetermined,MapExactID
4125794,,undetermined,MapExactMatch
4125794,,undetermined,MapLicenseFamily
5502051,,undetermined,MapNA
5502051,,undetermined,MapExactID
5502051,,undetermined,MapExactMatch
5502051,,undetermined,MapLicenseFamily
3273829,,undetermined,MapNA
3273829,,undetermined,MapExactID
3273829,,undetermined,MapExactMatch
3273829,,undetermined,MapLicenseFamily
1766502,,undetermined,MapNA
1766502,,undetermined,MapExactID
1766502,,undetermined,MapExactMatch
1766502,,undetermined,MapLicenseFamily
3470439,,undetermined,MapNA
3470439,,undetermined,MapExactID
3470439,,undetermined,MapExactMatch
3470439,,undetermined,MapLicenseFamily
6026352,,undetermined,MapNA
6026352,,undetermined,MapExactID
6026352,,undetermined,MapExactMatch
6026352,,undetermined,MapLicenseFamily
6026357,,undetermined,MapNA
6026357,,undetermined,MapExactID
6026357,,undetermined,MapExactMatch
6026357,,undetermined,MapLicenseFamily
6616186,,undetermined,MapNA
6616186,,undetermined,MapExactID
6616186,,undetermined,MapExactMatch
6616186,,undetermined,MapLicenseFamily
5633159,,undetermined,MapNA
5633159,,undetermined,MapExactID
5633159,,undetermined,MapExactMatch
5633159,,undetermined,MapLicenseFamily
1832076,,undetermined,MapNA
1832076,,undetermined,MapExactID
1832076,,undetermined,MapExactMatch
1832076,,undetermined,MapLicenseFamily
3339404,,undetermined,MapNA
3339404,,undetermined,MapExactID
3339404,,undetermined,MapExactMatch
3339404,,undetermined,MapLicenseFamily
3339404,,undetermined,MapFuzzyMatch
5698705,,undetermined,MapNA
5698705,,undetermined,MapExactID
5698705,,undetermined,MapExactMatch
5698705,,undetermined,MapLicenseFamily
7599249,,undetermined,MapNA
7599249,,undetermined,MapExactID
7599249,,undetermined,MapExactMatch
7599249,,undetermined,MapLicenseFamily
7599249,,undetermined,MapFuzzyMatch
2159766,,undetermined,MapNA
2159766,,undetermined,MapExactID
2159766,,undetermined,MapExactMatch
2159766,,undetermined,MapLicenseFamily
3798166,,undetermined,MapNA
3798166,,undetermined,MapExactID
3798166,,undetermined,MapExactMatch
3798166,,undetermined,MapLicenseFamily
4453539,,undetermined,MapNA
4453539,,undetermined,MapExactID
4453539,,undetermined,MapExactMatch
4453539,,undetermined,MapLicenseFamily
7074980,,undetermined,MapNA
7074980,,undetermined,MapExactID
7074980,,undetermined,MapExactMatch
7074980,,undetermined,MapLicenseFamily
7074980,,undetermined,MapFuzzyMatch
7599271,,undetermined,MapNA
7599271,,undetermined,MapExactID
7599271,,undetermined,MapExactMatch
7599271,,undetermined,MapLicenseFamily
586921,,undetermined,MapNA
586921,,undetermined,MapExactID
586921,,undetermined,MapExactMatch
586921,,undetermined,MapLicenseFamily
586921,,undetermined,MapFuzzyMatch
7140522,,undetermined,MapNA
7140522,,undetermined,MapExactID
7140522,,undetermined,MapExactMatch
7140522,,undetermined,MapLicenseFamily
5436587,,undetermined,MapNA
5436587,,undetermined,MapExactID
5436587,,undetermined,MapExactMatch
5436587,,undetermined,MapLicenseFamily
1766572,,undetermined,MapNA
1766572,,undetermined,MapExactID
1766572,,undetermined,MapExactMatch
1766572,,undetermined,MapLicenseFamily
1373358,,undetermined,MapNA
1373358,,undetermined,MapExactID
1373358,,undetermined,MapExactMatch
1373358,,undetermined,MapLicenseFamily
2225341,,undetermined,MapNA
2225341,,undetermined,MapExactID
2225341,,undetermined,MapExactMatch
2225341,,undetermined,MapLicenseFamily
390336,,undetermined,MapNA
390336,,undetermined,MapExactID
390336,,undetermined,MapExactMatch
390336,,undetermined,MapLicenseFamily
718020,,undetermined,MapNA
718020,,undetermined,MapExactID
718020,,undetermined,MapExactMatch
718020,,undetermined,MapLicenseFamily
718020,,undetermined,MapFuzzyMatch
1766602,,undetermined,MapNA
1766602,,undetermined,MapExactID
1766602,,undetermined,MapExactMatch
1766602,,undetermined,MapLicenseFamily
3142858,,undetermined,MapNA
3142858,,undetermined,MapExactID
3142858,,undetermined,MapExactMatch
3142858,,undetermined,MapLicenseFamily
3732683,,undetermined,MapNA
3732683,,undetermined,MapExactID
3732683,,undetermined,MapExactMatch
3732683,,undetermined,MapLicenseFamily
3863755,,undetermined,MapNA
3863755,,undetermined,MapExactID
3863755,,undetermined,MapExactMatch
3863755,,undetermined,MapLicenseFamily
5108949,,undetermined,MapNA
5108949,,undetermined,MapExactID
5108949,,undetermined,MapExactMatch
5108949,,undetermined,MapLicenseFamily
6157532,,undetermined,MapNA
6157532,,undetermined,MapExactID
6157532,,undetermined,MapExactMatch
6157532,,undetermined,MapLicenseFamily
6157532,,undetermined,MapFuzzyMatch
2684125,,undetermined,MapNA
2684125,,undetermined,MapExactID
2684125,,undetermined,MapExactMatch
2684125,,undetermined,MapLicenseFamily
2421983,,undetermined,MapNA
2421983,,undetermined,MapExactID
2421983,,undetermined,MapExactMatch
2421983,,undetermined,MapLicenseFamily
2421983,,undetermined,MapFuzzyMatch
5633247,,undetermined,MapNA
5633247,,undetermined,MapExactID
5633247,,undetermined,MapExactMatch
5633247,,undetermined,MapLicenseFamily
390369,,undetermined,MapNA
390369,,undetermined,MapExactID
390369,,undetermined,MapExactMatch
390369,,undetermined,MapLicenseFamily
1963237,,undetermined,MapNA
1963237,,undetermined,MapExactID
1963237,,undetermined,MapExactMatch
1963237,,undetermined,MapLicenseFamily
4060393,,undetermined,MapNA
4060393,,undetermined,MapExactID
4060393,,undetermined,MapExactMatch
4060393,,undetermined,MapLicenseFamily
3077363,,undetermined,MapNA
3077363,,undetermined,MapExactID
3077363,,undetermined,MapExactMatch
3077363,,undetermined,MapLicenseFamily
521461,,undetermined,MapNA
521461,,undetermined,MapExactID
521461,,undetermined,MapExactMatch
521461,,undetermined,MapLicenseFamily
7337209,,undetermined,MapNA
7337209,,undetermined,MapExactID
7337209,,undetermined,MapExactMatch
7337209,,undetermined,MapLicenseFamily
7337209,,undetermined,MapFuzzyMatch
1766652,,undetermined,MapNA
1766652,,undetermined,MapExactID
1766652,,undetermined,MapExactMatch
1766652,,undetermined,MapLicenseFamily
5764350,,undetermined,MapNA
5764350,,undetermined,MapExactID
5764350,,undetermined,MapExactMatch
5764350,,undetermined,MapLicenseFamily
5764350,,undetermined,MapFuzzyMatch
1111295,,undetermined,MapNA
1111295,,undetermined,MapExactID
1111295,,undetermined,MapExactMatch
1111295,,undetermined,MapLicenseFamily
1897732,,undetermined,MapNA
1897732,,undetermined,MapExactID
1897732,,undetermined,MapExactMatch
1897732,,undetermined,MapLicenseFamily
1897732,,undetermined,MapFuzzyMatch
4191499,,undetermined,MapNA
4191499,,undetermined,MapExactID
4191499,,undetermined,MapExactMatch
4191499,,undetermined,MapLicenseFamily
4191499,,undetermined,MapFuzzyMatch
5633301,,undetermined,MapNA
5633301,,undetermined,MapExactID
5633301,,undetermined,MapExactMatch
5633301,,undetermined,MapLicenseFamily
5698839,,undetermined,MapNA
5698839,,undetermined,MapExactID
5698839,,undetermined,MapExactMatch
5698839,,undetermined,MapLicenseFamily
1897752,,undetermined,MapNA
1897752,,undetermined,MapExactID
1897752,,undetermined,MapExactMatch
1897752,,undetermined,MapLicenseFamily
2618648,,undetermined,MapNA
2618648,,undetermined,MapExactID
2618648,,undetermined,MapExactMatch
2618648,,undetermined,MapLicenseFamily
62747,,undetermined,MapNA
62747,,undetermined,MapExactID
62747,,undetermined,MapExactMatch
62747,,undetermined,MapLicenseFamily
587037,,undetermined,MapNA
587037,,undetermined,MapExactID
587037,,undetermined,MapExactMatch
587037,,undetermined,MapLicenseFamily
3077406,,undetermined,MapNA
3077406,,undetermined,MapExactID
3077406,,undetermined,MapExactMatch
3077406,,undetermined,MapLicenseFamily
2684194,,undetermined,MapNA
2684194,,undetermined,MapExactID
2684194,,undetermined,MapExactMatch
2684194,,undetermined,MapLicenseFamily
2684194,,undetermined,MapFuzzyMatch
1111337,,undetermined,MapNA
1111337,,undetermined,MapExactID
1111337,,undetermined,MapExactMatch
1111337,,undetermined,MapLicenseFamily
5829931,,undetermined,MapNA
5829931,,undetermined,MapExactID
5829931,,undetermined,MapExactMatch
5829931,,undetermined,MapLicenseFamily
5829931,,undetermined,MapFuzzyMatch
5764398,,undetermined,MapNA
5764398,,undetermined,MapExactID
5764398,,undetermined,MapExactMatch
5764398,,undetermined,MapLicenseFamily
5764398,,undetermined,MapFuzzyMatch
2225456,,undetermined,MapNA
2225456,,undetermined,MapExactID
2225456,,undetermined,MapExactMatch
2225456,,undetermined,MapLicenseFamily
2225456,,undetermined,MapFuzzyMatch
3208507,,undetermined,MapNA
3208507,,undetermined,MapExactID
3208507,,undetermined,MapExactMatch
3208507,,undetermined,MapLicenseFamily
2815292,,undetermined,MapNA
2815292,,undetermined,MapExactID
2815292,,undetermined,MapExactMatch
2815292,,undetermined,MapLicenseFamily
4519227,,undetermined,MapNA
4519227,,undetermined,MapExactID
4519227,,undetermined,MapExactMatch
4519227,,undetermined,MapLicenseFamily
6616381,,undetermined,MapNA
6616381,,undetermined,MapExactID
6616381,,undetermined,MapExactMatch
6616381,,undetermined,MapLicenseFamily
587072,,undetermined,MapNA
587072,,undetermined,MapExactID
587072,,undetermined,MapExactMatch
587072,,undetermined,MapLicenseFamily
521537,,undetermined,MapNA
521537,,undetermined,MapExactID
521537,,undetermined,MapExactMatch
521537,,undetermined,MapLicenseFamily
7271755,,undetermined,MapNA
7271755,,undetermined,MapExactID
7271755,,undetermined,MapExactMatch
7271755,,undetermined,MapLicenseFamily
521549,,undetermined,MapNA
521549,,undetermined,MapExactID
521549,,undetermined,MapExactMatch
521549,,undetermined,MapLicenseFamily
521549,,undetermined,MapFuzzyMatch
3798354,,undetermined,MapNA
3798354,,undetermined,MapExactID
3798354,,undetermined,MapExactMatch
3798354,,undetermined,MapLicenseFamily
849238,,undetermined,MapNA
849238,,undetermined,MapExactID
849238,,undetermined,MapExactMatch
849238,,undetermined,MapLicenseFamily
849238,,undetermined,MapFuzzyMatch
4191575,,undetermined,MapNA
4191575,,undetermined,MapExactID
4191575,,undetermined,MapExactMatch
4191575,,undetermined,MapLicenseFamily
2225496,,undetermined,MapNA
2225496,,undetermined,MapExactID
2225496,,undetermined,MapExactMatch
2225496,,undetermined,MapLicenseFamily
5305689,,undetermined,MapNA
5305689,,undetermined,MapExactID
5305689,,undetermined,MapExactMatch
5305689,,undetermined,MapLicenseFamily
3208542,,undetermined,MapNA
3208542,,undetermined,MapExactID
3208542,,undetermined,MapExactMatch
3208542,,undetermined,MapLicenseFamily
5043552,,undetermined,MapNA
5043552,,undetermined,MapExactID
5043552,,undetermined,MapExactMatch
5043552,,undetermined,MapLicenseFamily
2815347,,undetermined,MapNA
2815347,,undetermined,MapExactID
2815347,,undetermined,MapExactMatch
2815347,,undetermined,MapLicenseFamily
2815347,,undetermined,MapFuzzyMatch
3143027,,undetermined,MapNA
3143027,,undetermined,MapExactID
3143027,,undetermined,MapExactMatch
3143027,,undetermined,MapLicenseFamily
5174644,,undetermined,MapNA
5174644,,undetermined,MapExactID
5174644,,undetermined,MapExactMatch
5174644,,undetermined,MapLicenseFamily
5174644,,undetermined,MapFuzzyMatch
4453751,,undetermined,MapNA
4453751,,undetermined,MapExactID
4453751,,undetermined,MapExactMatch
4453751,,undetermined,MapLicenseFamily
4126072,,undetermined,MapNA
4126072,,undetermined,MapExactID
4126072,,undetermined,MapExactMatch
4126072,,undetermined,MapLicenseFamily
4519290,,undetermined,MapNA
4519290,,undetermined,MapExactID
4519290,,undetermined,MapExactMatch
4519290,,undetermined,MapLicenseFamily
6485373,,undetermined,MapNA
6485373,,undetermined,MapExactID
6485373,,undetermined,MapExactMatch
6485373,,undetermined,MapLicenseFamily
2618751,,undetermined,MapNA
2618751,,undetermined,MapExactID
2618751,,undetermined,MapExactMatch
2618751,,undetermined,MapLicenseFamily
3995009,,undetermined,MapNA
3995009,,undetermined,MapExactID
3995009,,undetermined,MapExactMatch
3995009,,undetermined,MapLicenseFamily
6681985,,undetermined,MapNA
6681985,,undetermined,MapExactID
6681985,,undetermined,MapExactMatch
6681985,,undetermined,MapLicenseFamily
2225548,,undetermined,MapNA
2225548,,undetermined,MapExactID
2225548,,undetermined,MapExactMatch
2225548,,undetermined,MapLicenseFamily
4126092,,undetermined,MapNA
4126092,,undetermined,MapExactID
4126092,,undetermined,MapExactMatch
4126092,,undetermined,MapLicenseFamily
4126093,,undetermined,MapNA
4126093,,undetermined,MapExactID
4126093,,undetermined,MapExactMatch
4126093,,undetermined,MapLicenseFamily
3798429,,undetermined,MapNA
3798429,,undetermined,MapExactID
3798429,,undetermined,MapExactMatch
3798429,,undetermined,MapLicenseFamily
3798429,,undetermined,MapFuzzyMatch
4847019,,undetermined,MapNA
4847019,,undetermined,MapExactID
4847019,,undetermined,MapExactMatch
4847019,,undetermined,MapLicenseFamily
3732909,,undetermined,MapNA
3732909,,undetermined,MapExactID
3732909,,undetermined,MapExactMatch
3732909,,undetermined,MapLicenseFamily
1897907,,undetermined,MapNA
1897907,,undetermined,MapExactID
1897907,,undetermined,MapExactMatch
1897907,,undetermined,MapLicenseFamily
7206324,,undetermined,MapNA
7206324,,undetermined,MapExactID
7206324,,undetermined,MapExactMatch
7206324,,undetermined,MapLicenseFamily
1570232,,undetermined,MapNA
1570232,,undetermined,MapExactID
1570232,,undetermined,MapExactMatch
1570232,,undetermined,MapLicenseFamily
4847034,,undetermined,MapNA
4847034,,undetermined,MapExactID
4847034,,undetermined,MapExactMatch
4847034,,undetermined,MapLicenseFamily
193984,,undetermined,MapNA
193984,,undetermined,MapExactID
193984,,undetermined,MapExactMatch
193984,,undetermined,MapLicenseFamily
5633475,,undetermined,MapNA
5633475,,undetermined,MapExactID
5633475,,undetermined,MapExactMatch
5633475,,undetermined,MapLicenseFamily
5764547,,undetermined,MapNA
5764547,,undetermined,MapExactID
5764547,,undetermined,MapExactMatch
5764547,,undetermined,MapLicenseFamily
7599555,,undetermined,MapNA
7599555,,undetermined,MapExactID
7599555,,undetermined,MapExactMatch
7599555,,undetermined,MapLicenseFamily
7599555,,undetermined,MapFuzzyMatch
6157774,,undetermined,MapNA
6157774,,undetermined,MapExactID
6157774,,undetermined,MapExactMatch
6157774,,undetermined,MapLicenseFamily
5109202,,undetermined,MapNA
5109202,,undetermined,MapExactID
5109202,,undetermined,MapExactMatch
5109202,,undetermined,MapLicenseFamily
6288853,,undetermined,MapNA
6288853,,undetermined,MapExactID
6288853,,undetermined,MapExactMatch
6288853,,undetermined,MapLicenseFamily
6288853,,undetermined,MapFuzzyMatch
3143128,,undetermined,MapNA
3143128,,undetermined,MapExactID
3143128,,undetermined,MapExactMatch
3143128,,undetermined,MapLicenseFamily
2487772,,undetermined,MapNA
2487772,,undetermined,MapExactID
2487772,,undetermined,MapExactMatch
2487772,,undetermined,MapLicenseFamily
1045981,,undetermined,MapNA
1045981,,undetermined,MapExactID
1045981,,undetermined,MapExactMatch
1045981,,undetermined,MapLicenseFamily
521700,,undetermined,MapNA
521700,,undetermined,MapExactID
521700,,undetermined,MapExactMatch
521700,,undetermined,MapLicenseFamily
5109220,,undetermined,MapNA
5109220,,undetermined,MapExactID
5109220,,undetermined,MapExactMatch
5109220,,undetermined,MapLicenseFamily
1701353,,undetermined,MapNA
1701353,,undetermined,MapExactID
1701353,,undetermined,MapExactMatch
1701353,,undetermined,MapLicenseFamily
1701353,,undetermined,MapFuzzyMatch
5240305,,undetermined,MapNA
5240305,,undetermined,MapExactID
5240305,,undetermined,MapExactMatch
5240305,,undetermined,MapLicenseFamily
6288881,,undetermined,MapNA
6288881,,undetermined,MapExactID
6288881,,undetermined,MapExactMatch
6288881,,undetermined,MapLicenseFamily
718326,,undetermined,MapNA
718326,,undetermined,MapExactID
718326,,undetermined,MapExactMatch
718326,,undetermined,MapLicenseFamily
521721,,undetermined,MapNA
521721,,undetermined,MapExactID
521721,,undetermined,MapExactMatch
521721,,undetermined,MapLicenseFamily
2684411,,undetermined,MapNA
2684411,,undetermined,MapExactID
2684411,,undetermined,MapExactMatch
2684411,,undetermined,MapLicenseFamily
2684414,,undetermined,MapNA
2684414,,undetermined,MapExactID
2684414,,undetermined,MapExactMatch
2684414,,undetermined,MapLicenseFamily
456191,,undetermined,MapNA
456191,,undetermined,MapExactID
456191,,undetermined,MapExactMatch
456191,,undetermined,MapLicenseFamily
456191,,undetermined,MapFuzzyMatch
5830144,,undetermined,MapNA
5830144,,undetermined,MapExactID
5830144,,undetermined,MapExactMatch
5830144,,undetermined,MapLicenseFamily
718345,,undetermined,MapNA
718345,,undetermined,MapExactID
718345,,undetermined,MapExactMatch
718345,,undetermined,MapLicenseFamily
718345,,undetermined,MapFuzzyMatch
2291213,,undetermined,MapNA
2291213,,undetermined,MapExactID
2291213,,undetermined,MapExactMatch
2291213,,undetermined,MapLicenseFamily
128535,,undetermined,MapNA
128535,,undetermined,MapExactID
128535,,undetermined,MapExactMatch
128535,,undetermined,MapLicenseFamily
7206425,,undetermined,MapNA
7206425,,undetermined,MapExactID
7206425,,undetermined,MapExactMatch
7206425,,undetermined,MapLicenseFamily
7206425,,undetermined,MapFuzzyMatch
194078,,undetermined,MapNA
194078,,undetermined,MapExactID
194078,,undetermined,MapExactMatch
194078,,undetermined,MapLicenseFamily
5043745,,undetermined,MapNA
5043745,,undetermined,MapExactID
5043745,,undetermined,MapExactMatch
5043745,,undetermined,MapLicenseFamily
3864100,,undetermined,MapNA
3864100,,undetermined,MapExactID
3864100,,undetermined,MapExactMatch
3864100,,undetermined,MapLicenseFamily
1963557,,undetermined,MapNA
1963557,,undetermined,MapExactID
1963557,,undetermined,MapExactMatch
1963557,,undetermined,MapLicenseFamily
7075366,,undetermined,MapNA
7075366,,undetermined,MapExactID
7075366,,undetermined,MapExactMatch
7075366,,undetermined,MapLicenseFamily
456237,,undetermined,MapNA
456237,,undetermined,MapExactID
456237,,undetermined,MapExactMatch
456237,,undetermined,MapLicenseFamily
456237,,undetermined,MapFuzzyMatch
3929645,,undetermined,MapNA
3929645,,undetermined,MapExactID
3929645,,undetermined,MapExactMatch
3929645,,undetermined,MapLicenseFamily
3929645,,undetermined,MapFuzzyMatch
5240369,,undetermined,MapNA
5240369,,undetermined,MapExactID
5240369,,undetermined,MapExactMatch
5240369,,undetermined,MapLicenseFamily
2684466,,undetermined,MapNA
2684466,,undetermined,MapExactID
2684466,,undetermined,MapExactMatch
2684466,,undetermined,MapLicenseFamily
7206450,,undetermined,MapNA
7206450,,undetermined,MapExactID
7206450,,undetermined,MapExactMatch
7206450,,undetermined,MapLicenseFamily
7206450,,undetermined,MapFuzzyMatch
587317,,undetermined,MapNA
587317,,undetermined,MapExactID
5830198,,undetermined,MapNA
5830198,,undetermined,MapExactID
5830198,,undetermined,MapExactMatch
5830198,,undetermined,MapLicenseFamily
5830198,,undetermined,MapFuzzyMatch
5240375,,undetermined,MapNA
5240375,,undetermined,MapExactID
5240375,,undetermined,MapExactMatch
5240375,,undetermined,MapLicenseFamily
1766968,,undetermined,MapNA
1766968,,undetermined,MapExactID
1766968,,undetermined,MapExactMatch
1766968,,undetermined,MapLicenseFamily
5240376,,undetermined,MapNA
5240376,,undetermined,MapExactID
5240376,,undetermined,MapExactMatch
5240376,,undetermined,MapLicenseFamily
5240377,,undetermined,MapNA
5240377,,undetermined,MapExactID
5240377,,undetermined,MapExactMatch
5240377,,undetermined,MapLicenseFamily
5240378,,undetermined,MapNA
5240378,,undetermined,MapExactID
5240378,,undetermined,MapExactMatch
5240378,,undetermined,MapLicenseFamily
5240379,,undetermined,MapNA
5240379,,undetermined,MapExactID
5240379,,undetermined,MapExactMatch
5240379,,undetermined,MapLicenseFamily
5240380,,undetermined,MapNA
5240380,,undetermined,MapExactID
5240380,,undetermined,MapExactMatch
5240380,,undetermined,MapLicenseFamily
5240382,,undetermined,MapNA
5240382,,undetermined,MapExactID
5240382,,undetermined,MapExactMatch
5240382,,undetermined,MapLicenseFamily
5240384,,undetermined,MapNA
5240384,,undetermined,MapExactID
5240384,,undetermined,MapExactMatch
5240384,,undetermined,MapLicenseFamily
5240385,,undetermined,MapNA
5240385,,undetermined,MapExactID
5240385,,undetermined,MapExactMatch
5240385,,undetermined,MapLicenseFamily
718403,,undetermined,MapNA
718403,,undetermined,MapExactID
718403,,undetermined,MapExactMatch
718403,,undetermined,MapLicenseFamily
3536455,,undetermined,MapNA
3536455,,undetermined,MapExactID
3536455,,undetermined,MapExactMatch
3536455,,undetermined,MapLicenseFamily
521800,,undetermined,MapNA
521800,,undetermined,MapExactID
521800,,undetermined,MapExactMatch
521800,,undetermined,MapLicenseFamily
5240393,,undetermined,MapNA
5240393,,undetermined,MapExactID
5240393,,undetermined,MapExactMatch
5240393,,undetermined,MapLicenseFamily
5240393,,undetermined,MapFuzzyMatch
2422346,,undetermined,MapNA
2422346,,undetermined,MapExactID
2422346,,undetermined,MapExactMatch
2422346,,undetermined,MapLicenseFamily
5568073,,undetermined,MapNA
5568073,,undetermined,MapExactID
5568073,,undetermined,MapExactMatch
5568073,,undetermined,MapLicenseFamily
6092361,,undetermined,MapNA
6092361,,undetermined,MapExactID
6092361,,undetermined,MapExactMatch
6092361,,undetermined,MapLicenseFamily
4585039,,undetermined,MapNA
4585039,,undetermined,MapExactID
4585039,,undetermined,MapExactMatch
4585039,,undetermined,MapLicenseFamily
6551120,,undetermined,MapNA
6551120,,undetermined,MapExactID
6551120,,undetermined,MapExactMatch
6551120,,undetermined,MapLicenseFamily
6551120,,undetermined,MapFuzzyMatch
6551121,,undetermined,MapNA
6551121,,undetermined,MapExactID
6551121,,undetermined,MapExactMatch
6551121,,undetermined,MapLicenseFamily
6551121,,undetermined,MapFuzzyMatch
3602006,,undetermined,MapNA
3602006,,undetermined,MapExactID
3602006,,undetermined,MapExactMatch
3602006,,undetermined,MapLicenseFamily
1046103,,undetermined,MapNA
1046103,,undetermined,MapExactID
1046103,,undetermined,MapExactMatch
1046103,,undetermined,MapLicenseFamily
4126294,,undetermined,MapNA
4126294,,undetermined,MapExactID
4126294,,undetermined,MapExactMatch
4126294,,undetermined,MapLicenseFamily
783963,,undetermined,MapNA
783963,,undetermined,MapExactID
783963,,undetermined,MapExactMatch
783963,,undetermined,MapLicenseFamily
783963,,undetermined,MapFuzzyMatch
2618976,,undetermined,MapNA
2618976,,undetermined,MapExactID
2618976,,undetermined,MapExactMatch
2618976,,undetermined,MapLicenseFamily
2881121,,undetermined,MapNA
2881121,,undetermined,MapExactID
2881121,,undetermined,MapExactMatch
2881121,,undetermined,MapLicenseFamily
7272039,,undetermined,MapNA
7272039,,undetermined,MapExactID
7272039,,undetermined,MapExactMatch
7272039,,undetermined,MapLicenseFamily
7272039,,undetermined,MapFuzzyMatch
3798635,,undetermined,MapNA
3798635,,undetermined,MapExactID
3798635,,undetermined,MapExactMatch
3798635,,undetermined,MapLicenseFamily
5699182,,undetermined,MapNA
5699182,,undetermined,MapExactID
5699182,,undetermined,MapExactMatch
5699182,,undetermined,MapLicenseFamily
587379,,undetermined,MapNA
587379,,undetermined,MapExactID
587379,,undetermined,MapExactMatch
587379,,undetermined,MapLicenseFamily
5109364,,undetermined,MapNA
5109364,,undetermined,MapExactID
5109364,,undetermined,MapExactMatch
5109364,,undetermined,MapLicenseFamily
521845,,undetermined,MapNA
521845,,undetermined,MapExactID
521845,,undetermined,MapExactMatch
521845,,undetermined,MapLicenseFamily
2553463,,undetermined,MapNA
2553463,,undetermined,MapExactID
2553463,,undetermined,MapExactMatch
2553463,,undetermined,MapLicenseFamily
3995259,,undetermined,MapNA
3995259,,undetermined,MapExactID
3995259,,undetermined,MapExactMatch
3995259,,undetermined,MapLicenseFamily
3798652,,undetermined,MapNA
390786,,undetermined,MapNA
390786,,undetermined,MapExactID
390786,,undetermined,MapExactMatch
390786,,undetermined,MapLicenseFamily
4585093,,undetermined,MapNA
4585093,,undetermined,MapExactID
4585093,,undetermined,MapExactMatch
4585093,,undetermined,MapLicenseFamily
4585093,,undetermined,MapFuzzyMatch
6354565,,undetermined,MapNA
6354565,,undetermined,MapExactID
6354565,,undetermined,MapExactMatch
6354565,,undetermined,MapLicenseFamily
1832584,,undetermined,MapNA
1832584,,undetermined,MapExactID
1832584,,undetermined,MapExactMatch
1832584,,undetermined,MapLicenseFamily
2553482,,undetermined,MapNA
2553482,,undetermined,MapExactID
2553482,,undetermined,MapExactMatch
2553482,,undetermined,MapLicenseFamily
3733138,,undetermined,MapNA
3733138,,undetermined,MapExactID
3733138,,undetermined,MapExactMatch
3733138,,undetermined,MapLicenseFamily
5699225,,undetermined,MapNA
5699225,,undetermined,MapExactID
5699225,,undetermined,MapExactMatch
5699225,,undetermined,MapLicenseFamily
63132,,undetermined,MapNA
63132,,undetermined,MapExactID
63132,,undetermined,MapExactMatch
63132,,undetermined,MapLicenseFamily
63132,,undetermined,MapFuzzyMatch
1767069,,undetermined,MapNA
1767069,,undetermined,MapExactID
1767069,,undetermined,MapExactMatch
1767069,,undetermined,MapLicenseFamily
2422428,,undetermined,MapNA
2422428,,undetermined,MapExactID
2422428,,undetermined,MapExactMatch
2422428,,undetermined,MapLicenseFamily
2422428,,undetermined,MapFuzzyMatch
456353,,undetermined,MapNA
456353,,undetermined,MapExactID
456353,,undetermined,MapExactMatch
456353,,undetermined,MapLicenseFamily
456353,,undetermined,MapFuzzyMatch
784036,,undetermined,MapNA
784036,,undetermined,MapExactID
784036,,undetermined,MapExactMatch
784036,,undetermined,MapLicenseFamily
784036,,undetermined,MapFuzzyMatch
1701546,,undetermined,MapNA
1701546,,undetermined,MapExactID
1701546,,undetermined,MapExactMatch
1701546,,undetermined,MapLicenseFamily
7599793,,undetermined,MapNA
3798707,,undetermined,MapNA
3798707,,undetermined,MapExactID
3798707,,undetermined,MapExactMatch
3798707,,undetermined,MapLicenseFamily
456375,,undetermined,MapNA
456375,,undetermined,MapExactID
456375,,undetermined,MapExactMatch
456375,,undetermined,MapLicenseFamily
2291383,,undetermined,MapNA
2291383,,undetermined,MapExactID
2291383,,undetermined,MapExactMatch
2291383,,undetermined,MapLicenseFamily
325322,,undetermined,MapNA
325322,,undetermined,MapExactID
325322,,undetermined,MapExactMatch
325322,,undetermined,MapLicenseFamily
3733194,,undetermined,MapNA
3733194,,undetermined,MapExactID
3733194,,undetermined,MapExactMatch
3733194,,undetermined,MapLicenseFamily
3733198,,undetermined,MapNA
3733198,,undetermined,MapExactID
3733198,,undetermined,MapExactMatch
3733198,,undetermined,MapLicenseFamily
7468758,,undetermined,MapNA
7468758,,undetermined,MapExactID
7468758,,undetermined,MapExactMatch
7468758,,undetermined,MapLicenseFamily
5699290,,undetermined,MapNA
5699290,,undetermined,MapExactID
5699290,,undetermined,MapExactMatch
5699290,,undetermined,MapLicenseFamily
5043937,,undetermined,MapNA
5043937,,undetermined,MapExactID
5043937,,undetermined,MapExactMatch
5043937,,undetermined,MapLicenseFamily
521957,,undetermined,MapNA
521957,,undetermined,MapExactID
521957,,undetermined,MapExactMatch
521957,,undetermined,MapLicenseFamily
3536615,,undetermined,MapNA
3536615,,undetermined,MapExactID
3536615,,undetermined,MapExactMatch
3536615,,undetermined,MapLicenseFamily
194282,,undetermined,MapNA
194282,,undetermined,MapExactID
194282,,undetermined,MapExactMatch
194282,,undetermined,MapLicenseFamily
1898219,,undetermined,MapNA
1898219,,undetermined,MapExactID
1898219,,undetermined,MapExactMatch
1898219,,undetermined,MapLicenseFamily
1898226,,undetermined,MapNA
1898226,,undetermined,MapExactID
1898226,,undetermined,MapExactMatch
1898226,,undetermined,MapLicenseFamily
1570551,,undetermined,MapNA
1570551,,undetermined,MapExactID
1570551,,undetermined,MapExactMatch
1570551,,undetermined,MapLicenseFamily
7075577,,undetermined,MapNA
7075577,,undetermined,MapExactID
7075577,,undetermined,MapExactMatch
7075577,,undetermined,MapLicenseFamily
7075577,,undetermined,MapFuzzyMatch
1898235,,undetermined,MapNA
1898235,,undetermined,MapExactID
1898235,,undetermined,MapExactMatch
1898235,,undetermined,MapLicenseFamily
4912893,,undetermined,MapNA
4912893,,undetermined,MapExactID
4912893,,undetermined,MapExactMatch
4912893,,undetermined,MapLicenseFamily
4912893,,undetermined,MapFuzzyMatch
653055,,undetermined,MapNA
653055,,undetermined,MapExactID
653055,,undetermined,MapExactMatch
653055,,undetermined,MapLicenseFamily
1898239,,undetermined,MapNA
1898239,,undetermined,MapExactID
1898239,,undetermined,MapExactMatch
1898239,,undetermined,MapLicenseFamily
6223621,,undetermined,MapNA
6223621,,undetermined,MapExactID
6223621,,undetermined,MapExactMatch
6223621,,undetermined,MapLicenseFamily
4126470,,undetermined,MapNA
4126470,,undetermined,MapExactID
4126470,,undetermined,MapExactMatch
4126470,,undetermined,MapLicenseFamily
4126470,,undetermined,MapFuzzyMatch
3602190,,undetermined,MapNA
3602190,,undetermined,MapExactID
3602190,,undetermined,MapExactMatch
3602190,,undetermined,MapLicenseFamily
2946839,,undetermined,MapNA
2946839,,undetermined,MapExactID
2946839,,undetermined,MapExactMatch
2946839,,undetermined,MapLicenseFamily
390936,,undetermined,MapNA
390936,,undetermined,MapExactID
390936,,undetermined,MapExactMatch
390936,,undetermined,MapLicenseFamily
390936,,undetermined,MapFuzzyMatch
2488097,,undetermined,MapNA
2488097,,undetermined,MapExactID
2488097,,undetermined,MapExactMatch
2488097,,undetermined,MapLicenseFamily
2488097,,undetermined,MapFuzzyMatch
4126497,,undetermined,MapNA
4126497,,undetermined,MapExactID
4126497,,undetermined,MapExactMatch
4126497,,undetermined,MapLicenseFamily
3995427,,undetermined,MapNA
3995427,,undetermined,MapExactID
3995427,,undetermined,MapExactMatch
3995427,,undetermined,MapLicenseFamily
3143461,,undetermined,MapNA
3143461,,undetermined,MapExactID
3143461,,undetermined,MapExactMatch
3143461,,undetermined,MapLicenseFamily
1570599,,undetermined,MapNA
1570599,,undetermined,MapExactID
1570599,,undetermined,MapExactMatch
1570599,,undetermined,MapLicenseFamily
4126504,,undetermined,MapNA
4126504,,undetermined,MapExactID
4126504,,undetermined,MapExactMatch
4126504,,undetermined,MapLicenseFamily
5568299,,undetermined,MapNA
1898286,,undetermined,MapNA
1898286,,undetermined,MapExactID
1898286,,undetermined,MapExactMatch
1898286,,undetermined,MapLicenseFamily
1898286,,undetermined,MapFuzzyMatch
5633846,,undetermined,MapNA
5633846,,undetermined,MapExactID
5633846,,undetermined,MapExactMatch
5633846,,undetermined,MapLicenseFamily
5109563,,undetermined,MapNA
5109563,,undetermined,MapExactID
5109563,,undetermined,MapExactMatch
5109563,,undetermined,MapLicenseFamily
4192069,,undetermined,MapNA
4192069,,undetermined,MapExactID
4192069,,undetermined,MapExactMatch
4192069,,undetermined,MapLicenseFamily
4126544,,undetermined,MapNA
4126544,,undetermined,MapExactID
4126544,,undetermined,MapExactMatch
4126544,,undetermined,MapLicenseFamily
3798867,,undetermined,MapNA
5240659,,undetermined,MapNA
5240659,,undetermined,MapExactID
5240659,,undetermined,MapExactMatch
5240659,,undetermined,MapLicenseFamily
7075672,,undetermined,MapNA
7075672,,undetermined,MapExactID
7075672,,undetermined,MapExactMatch
7075672,,undetermined,MapLicenseFamily
4061031,,undetermined,MapNA
4061031,,undetermined,MapExactID
4061031,,undetermined,MapExactMatch
4061031,,undetermined,MapLicenseFamily
194410,,undetermined,MapNA
194410,,undetermined,MapExactID
194410,,undetermined,MapExactMatch
194410,,undetermined,MapLicenseFamily
1111917,,undetermined,MapNA
1111917,,undetermined,MapExactID
1111917,,undetermined,MapExactMatch
1111917,,undetermined,MapLicenseFamily
2946927,,undetermined,MapNA
2946927,,undetermined,MapExactID
2946927,,undetermined,MapExactMatch
2946927,,undetermined,MapLicenseFamily
849786,,undetermined,MapNA
849786,,undetermined,MapExactID
849786,,undetermined,MapExactMatch
849786,,undetermined,MapLicenseFamily
4192124,,undetermined,MapNA
4192124,,undetermined,MapExactID
4192124,,undetermined,MapExactMatch
4192124,,undetermined,MapLicenseFamily
4061057,,undetermined,MapNA
4061057,,undetermined,MapExactID
4061057,,undetermined,MapExactMatch
4061057,,undetermined,MapLicenseFamily
4061057,,undetermined,MapFuzzyMatch
6485903,,undetermined,MapNA
6485903,,undetermined,MapExactID
6485903,,undetermined,MapExactMatch
6485903,,undetermined,MapLicenseFamily
6485903,,undetermined,MapFuzzyMatch
4192147,,undetermined,MapNA
4192147,,undetermined,MapExactID
4192147,,undetermined,MapExactMatch
4192147,,undetermined,MapLicenseFamily
4192149,,undetermined,MapNA
4192149,,undetermined,MapExactID
4192149,,undetermined,MapExactMatch
4192149,,undetermined,MapLicenseFamily
2553754,,undetermined,MapNA
2553754,,undetermined,MapExactID
2553754,,undetermined,MapExactMatch
2553754,,undetermined,MapLicenseFamily
3995550,,undetermined,MapNA
3995550,,undetermined,MapExactID
3995550,,undetermined,MapExactMatch
3995550,,undetermined,MapLicenseFamily
3995550,,undetermined,MapFuzzyMatch
3209123,,undetermined,MapNA
3209123,,undetermined,MapExactID
3209123,,undetermined,MapExactMatch
3209123,,undetermined,MapLicenseFamily
3209123,,undetermined,MapFuzzyMatch
3209143,,undetermined,MapNA
3209143,,undetermined,MapExactID
3209143,,undetermined,MapExactMatch
3209143,,undetermined,MapLicenseFamily
7403454,,undetermined,MapNA
7403454,,undetermined,MapExactID
7403454,,undetermined,MapExactMatch
7403454,,undetermined,MapLicenseFamily
7403454,,undetermined,MapFuzzyMatch
4978638,,undetermined,MapNA
4978638,,undetermined,MapExactID
4978638,,undetermined,MapExactMatch
4978638,,undetermined,MapLicenseFamily
1767380,,undetermined,MapNA
1767380,,undetermined,MapExactID
1767380,,undetermined,MapExactMatch
1767380,,undetermined,MapLicenseFamily
4192214,,undetermined,MapNA
4192214,,undetermined,MapExactID
4192214,,undetermined,MapExactMatch
4192214,,undetermined,MapLicenseFamily
5240802,,undetermined,MapNA
5240802,,undetermined,MapExactID
5240802,,undetermined,MapExactMatch
5240802,,undetermined,MapLicenseFamily
5240802,,undetermined,MapFuzzyMatch
849899,,undetermined,MapNA
849899,,undetermined,MapExactID
849899,,undetermined,MapExactMatch
849899,,undetermined,MapLicenseFamily
6158329,,undetermined,MapNA
6158329,,undetermined,MapExactID
6158329,,undetermined,MapExactMatch
6158329,,undetermined,MapLicenseFamily
194554,,undetermined,MapNA
194554,,undetermined,MapExactID
194554,,undetermined,MapExactMatch
194554,,undetermined,MapLicenseFamily
3864571,,undetermined,MapNA
3864571,,undetermined,MapExactID
3864571,,undetermined,MapExactMatch
3864571,,undetermined,MapLicenseFamily
849920,,undetermined,MapNA
849920,,undetermined,MapExactID
849920,,undetermined,MapExactMatch
849920,,undetermined,MapLicenseFamily
7337986,,undetermined,MapNA
7337986,,undetermined,MapExactID
7337986,,undetermined,MapExactMatch
7337986,,undetermined,MapLicenseFamily
849938,,undetermined,MapNA
849938,,undetermined,MapExactID
849938,,undetermined,MapExactMatch
849938,,undetermined,MapLicenseFamily
1898514,,undetermined,MapNA
1898514,,undetermined,MapExactID
1898514,,undetermined,MapExactMatch
1898514,,undetermined,MapLicenseFamily
1374231,,undetermined,MapNA
1374231,,undetermined,MapExactID
1374231,,undetermined,MapExactMatch
1374231,,undetermined,MapLicenseFamily
5044250,,undetermined,MapNA
5044250,,undetermined,MapExactID
5044250,,undetermined,MapExactMatch
5044250,,undetermined,MapLicenseFamily
5568540,,undetermined,MapNA
5568540,,undetermined,MapExactID
5568540,,undetermined,MapExactMatch
5568540,,undetermined,MapLicenseFamily
2553891,,undetermined,MapNA
2553891,,undetermined,MapExactID
2553891,,undetermined,MapExactMatch
2553891,,undetermined,MapLicenseFamily
6617126,,undetermined,MapNA
6617126,,undetermined,MapExactID
6617126,,undetermined,MapExactMatch
6617126,,undetermined,MapLicenseFamily
3209255,,undetermined,MapNA
3209255,,undetermined,MapExactID
3209255,,undetermined,MapExactMatch
3209255,,undetermined,MapLicenseFamily
5503017,,undetermined,MapNA
5503017,,undetermined,MapExactID
5503017,,undetermined,MapExactMatch
5503017,,undetermined,MapLicenseFamily
3733548,,undetermined,MapNA
3733548,,undetermined,MapExactID
3733548,,undetermined,MapExactMatch
3733548,,undetermined,MapLicenseFamily
5634092,,undetermined,MapNA
5634092,,undetermined,MapExactID
5634092,,undetermined,MapExactMatch
5634092,,undetermined,MapLicenseFamily
6223920,,undetermined,MapNA
6223920,,undetermined,MapExactID
6223920,,undetermined,MapExactMatch
6223920,,undetermined,MapLicenseFamily
4192310,,undetermined,MapNA
4192310,,undetermined,MapExactID
4192310,,undetermined,MapExactMatch
4192310,,undetermined,MapLicenseFamily
587834,,undetermined,MapNA
587834,,undetermined,MapExactID
587834,,undetermined,MapExactMatch
587834,,undetermined,MapLicenseFamily
1898555,,undetermined,MapNA
1898555,,undetermined,MapExactID
1898555,,undetermined,MapExactMatch
1898555,,undetermined,MapLicenseFamily
4192314,,undetermined,MapNA
4192314,,undetermined,MapExactID
4192314,,undetermined,MapExactMatch
4192314,,undetermined,MapLicenseFamily
4192316,,undetermined,MapNA
4192316,,undetermined,MapExactID
4192316,,undetermined,MapExactMatch
4192316,,undetermined,MapLicenseFamily
5896250,,undetermined,MapNA
5896250,,undetermined,MapExactID
5896250,,undetermined,MapExactMatch
5896250,,undetermined,MapLicenseFamily
5896250,,undetermined,MapFuzzyMatch
63553,,undetermined,MapNA
63553,,undetermined,MapExactID
63553,,undetermined,MapExactMatch
63553,,undetermined,MapLicenseFamily
4192324,,undetermined,MapNA
4192324,,undetermined,MapExactID
4192324,,undetermined,MapExactMatch
4192324,,undetermined,MapLicenseFamily
4192326,,undetermined,MapNA
4192326,,undetermined,MapExactID
4192326,,undetermined,MapExactMatch
4192326,,undetermined,MapLicenseFamily
391239,,undetermined,MapNA
391239,,undetermined,MapExactID
391239,,undetermined,MapExactMatch
391239,,undetermined,MapLicenseFamily
6092871,,undetermined,MapNA
6092871,,undetermined,MapExactID
6092871,,undetermined,MapExactMatch
6092871,,undetermined,MapLicenseFamily
4192330,,undetermined,MapNA
4192330,,undetermined,MapExactID
4192330,,undetermined,MapExactMatch
4192330,,undetermined,MapLicenseFamily
2226255,,undetermined,MapNA
2226255,,undetermined,MapExactID
2226255,,undetermined,MapExactMatch
2226255,,undetermined,MapLicenseFamily
2226255,,undetermined,MapFuzzyMatch
3930192,,undetermined,MapNA
3930192,,undetermined,MapExactID
3930192,,undetermined,MapExactMatch
3930192,,undetermined,MapLicenseFamily
2488410,,undetermined,MapNA
2488410,,undetermined,MapExactID
2488410,,undetermined,MapExactMatch
2488410,,undetermined,MapLicenseFamily
325725,,undetermined,MapNA
325725,,undetermined,MapExactID
325725,,undetermined,MapExactMatch
325725,,undetermined,MapLicenseFamily
4454495,,undetermined,MapNA
4454495,,undetermined,MapExactID
4454495,,undetermined,MapExactMatch
4454495,,undetermined,MapLicenseFamily
5568613,,undetermined,MapNA
5568613,,undetermined,MapExactID
5568613,,undetermined,MapExactMatch
5568613,,undetermined,MapLicenseFamily
4192362,,undetermined,MapNA
4192362,,undetermined,MapExactID
4192362,,undetermined,MapExactMatch
4192362,,undetermined,MapLicenseFamily
129132,,undetermined,MapNA
129132,,undetermined,MapExactID
129132,,undetermined,MapExactMatch
129132,,undetermined,MapLicenseFamily
587888,,undetermined,MapNA
587888,,undetermined,MapExactID
587888,,undetermined,MapExactMatch
587888,,undetermined,MapLicenseFamily
5109874,,undetermined,MapNA
5109874,,undetermined,MapExactID
5109874,,undetermined,MapExactMatch
5109874,,undetermined,MapLicenseFamily
7207036,,undetermined,MapNA
7207036,,undetermined,MapExactID
7207036,,undetermined,MapExactMatch
7207036,,undetermined,MapLicenseFamily
3143811,,undetermined,MapNA
3143811,,undetermined,MapExactID
3143811,,undetermined,MapExactMatch
3143811,,undetermined,MapLicenseFamily
4651139,,undetermined,MapNA
4651139,,undetermined,MapExactID
4651139,,undetermined,MapExactMatch
4651139,,undetermined,MapLicenseFamily
4454535,,undetermined,MapNA
4454535,,undetermined,MapExactID
4454535,,undetermined,MapExactMatch
4454535,,undetermined,MapLicenseFamily
6289543,,undetermined,MapNA
6289543,,undetermined,MapExactID
6289543,,undetermined,MapExactMatch
6289543,,undetermined,MapLicenseFamily
3864716,,undetermined,MapNA
3864716,,undetermined,MapExactID
3864716,,undetermined,MapExactMatch
3864716,,undetermined,MapLicenseFamily
3864716,,undetermined,MapFuzzyMatch
5896341,,undetermined,MapNA
5896341,,undetermined,MapExactID
5896341,,undetermined,MapExactMatch
5896341,,undetermined,MapLicenseFamily
5896341,,undetermined,MapFuzzyMatch
5896342,,undetermined,MapNA
5896342,,undetermined,MapExactID
5896342,,undetermined,MapExactMatch
5896342,,undetermined,MapLicenseFamily
5896342,,undetermined,MapFuzzyMatch
5896346,,undetermined,MapNA
5896346,,undetermined,MapExactID
5896346,,undetermined,MapExactMatch
5896346,,undetermined,MapLicenseFamily
5896346,,undetermined,MapFuzzyMatch
5896347,,undetermined,MapNA
5896347,,undetermined,MapExactID
5896347,,undetermined,MapExactMatch
5896347,,undetermined,MapLicenseFamily
5896347,,undetermined,MapFuzzyMatch
7207068,,undetermined,MapNA
7207068,,undetermined,MapExactID
7207068,,undetermined,MapExactMatch
7207068,,undetermined,MapLicenseFamily
7207068,,undetermined,MapFuzzyMatch
5306526,,undetermined,MapNA
5306526,,undetermined,MapExactID
5306526,,undetermined,MapExactMatch
5306526,,undetermined,MapLicenseFamily
5896351,,undetermined,MapNA
5896351,,undetermined,MapExactID
5896351,,undetermined,MapExactMatch
5896351,,undetermined,MapLicenseFamily
5896351,,undetermined,MapFuzzyMatch
5896356,,undetermined,MapNA
5896356,,undetermined,MapExactID
5896356,,undetermined,MapExactMatch
5896356,,undetermined,MapLicenseFamily
5896356,,undetermined,MapFuzzyMatch
5896359,,undetermined,MapNA
5896359,,undetermined,MapExactID
5896359,,undetermined,MapExactMatch
5896359,,undetermined,MapLicenseFamily
5896359,,undetermined,MapFuzzyMatch
4978856,,undetermined,MapNA
4978856,,undetermined,MapExactID
4978856,,undetermined,MapExactMatch
4978856,,undetermined,MapLicenseFamily
981164,,undetermined,MapNA
981164,,undetermined,MapExactID
981164,,undetermined,MapExactMatch
981164,,undetermined,MapLicenseFamily
522413,,undetermined,MapNA
522413,,undetermined,MapExactID
522413,,undetermined,MapExactMatch
522413,,undetermined,MapLicenseFamily
2226351,,undetermined,MapNA
2226351,,undetermined,MapExactID
2226351,,undetermined,MapExactMatch
2226351,,undetermined,MapLicenseFamily
2226351,,undetermined,MapFuzzyMatch
4192431,,undetermined,MapNA
4192431,,undetermined,MapExactID
4192431,,undetermined,MapExactMatch
4192431,,undetermined,MapLicenseFamily
7141559,,undetermined,MapNA
7141559,,undetermined,MapExactID
7141559,,undetermined,MapExactMatch
7141559,,undetermined,MapLicenseFamily
7141559,,undetermined,MapFuzzyMatch
981175,,undetermined,MapNA
981175,,undetermined,MapExactID
981175,,undetermined,MapExactMatch
981175,,undetermined,MapLicenseFamily
981175,,undetermined,MapFuzzyMatch
5896376,,undetermined,MapNA
5896376,,undetermined,MapExactID
5896376,,undetermined,MapExactMatch
5896376,,undetermined,MapLicenseFamily
5896376,,undetermined,MapFuzzyMatch
63673,,undetermined,MapNA
4192441,,undetermined,MapNA
4192441,,undetermined,MapExactID
6486204,,undetermined,MapNA
6486204,,undetermined,MapExactID
6486204,,undetermined,MapExactMatch
6486204,,undetermined,MapLicenseFamily
6486204,,undetermined,MapFuzzyMatch
7272637,,undetermined,MapNA
7272637,,undetermined,MapExactID
7272637,,undetermined,MapExactMatch
7272637,,undetermined,MapLicenseFamily
653502,,undetermined,MapNA
653502,,undetermined,MapExactID
653502,,undetermined,MapExactMatch
653502,,undetermined,MapLicenseFamily
2488510,,undetermined,MapNA
2488510,,undetermined,MapExactID
2488510,,undetermined,MapExactMatch
2488510,,undetermined,MapLicenseFamily
6486208,,undetermined,MapNA
6486208,,undetermined,MapExactID
6486208,,undetermined,MapExactMatch
6486208,,undetermined,MapLicenseFamily
5896385,,undetermined,MapNA
5896385,,undetermined,MapExactID
5896385,,undetermined,MapExactMatch
5896385,,undetermined,MapLicenseFamily
5896385,,undetermined,MapFuzzyMatch
2488512,,undetermined,MapNA
2488512,,undetermined,MapExactID
2488512,,undetermined,MapExactMatch
2488512,,undetermined,MapLicenseFamily
2554046,,undetermined,MapNA
2554046,,undetermined,MapExactID
2554046,,undetermined,MapExactMatch
2554046,,undetermined,MapLicenseFamily
5830853,,undetermined,MapNA
5830853,,undetermined,MapExactID
5830853,,undetermined,MapExactMatch
5830853,,undetermined,MapLicenseFamily
6224070,,undetermined,MapNA
6224070,,undetermined,MapExactID
6224070,,undetermined,MapExactMatch
6224070,,undetermined,MapLicenseFamily
719046,,undetermined,MapNA
719046,,undetermined,MapExactID
719046,,undetermined,MapExactMatch
719046,,undetermined,MapLicenseFamily
719046,,undetermined,MapFuzzyMatch
719047,,undetermined,MapNA
981192,,undetermined,MapNA
981192,,undetermined,MapExactID
981192,,undetermined,MapExactMatch
981192,,undetermined,MapLicenseFamily
2488518,,undetermined,MapNA
2488518,,undetermined,MapExactID
2488518,,undetermined,MapExactMatch
2488518,,undetermined,MapLicenseFamily
5044422,,undetermined,MapNA
5044422,,undetermined,MapExactID
5044422,,undetermined,MapExactMatch
5044422,,undetermined,MapLicenseFamily
2488523,,undetermined,MapNA
2488523,,undetermined,MapExactID
2488523,,undetermined,MapExactMatch
2488523,,undetermined,MapLicenseFamily
2488524,,undetermined,MapNA
2488524,,undetermined,MapExactID
2488524,,undetermined,MapExactMatch
2488524,,undetermined,MapLicenseFamily
5896393,,undetermined,MapNA
5896393,,undetermined,MapExactID
5896393,,undetermined,MapExactMatch
5896393,,undetermined,MapLicenseFamily
5896393,,undetermined,MapFuzzyMatch
6158542,,undetermined,MapNA
6158542,,undetermined,MapExactID
6158542,,undetermined,MapExactMatch
6158542,,undetermined,MapLicenseFamily
6617290,,undetermined,MapNA
6617290,,undetermined,MapExactID
6617290,,undetermined,MapExactMatch
6617290,,undetermined,MapLicenseFamily
6682829,,undetermined,MapNA
6682829,,undetermined,MapExactID
6682829,,undetermined,MapExactMatch
6682829,,undetermined,MapLicenseFamily
6158549,,undetermined,MapNA
6158549,,undetermined,MapExactID
6158549,,undetermined,MapExactMatch
6158549,,undetermined,MapLicenseFamily
4978902,,undetermined,MapNA
4978902,,undetermined,MapExactID
4978902,,undetermined,MapExactMatch
4978902,,undetermined,MapLicenseFamily
3733728,,undetermined,MapNA
3733728,,undetermined,MapExactID
3733728,,undetermined,MapExactMatch
3733728,,undetermined,MapLicenseFamily
5896417,,undetermined,MapNA
5896417,,undetermined,MapExactID
5896417,,undetermined,MapExactMatch
5896417,,undetermined,MapLicenseFamily
5896417,,undetermined,MapFuzzyMatch
2488546,,undetermined,MapNA
2488546,,undetermined,MapExactID
2488546,,undetermined,MapExactMatch
2488546,,undetermined,MapLicenseFamily
4651234,,undetermined,MapNA
4651234,,undetermined,MapExactID
4651234,,undetermined,MapExactMatch
4651234,,undetermined,MapLicenseFamily
4192484,,undetermined,MapNA
4192484,,undetermined,MapExactID
4192484,,undetermined,MapExactMatch
4192484,,undetermined,MapLicenseFamily
5896422,,undetermined,MapNA
5896422,,undetermined,MapExactID
5896422,,undetermined,MapExactMatch
5896422,,undetermined,MapLicenseFamily
5896422,,undetermined,MapFuzzyMatch
63728,,undetermined,MapNA
63728,,undetermined,MapExactID
63728,,undetermined,MapExactMatch
63728,,undetermined,MapLicenseFamily
1898737,,undetermined,MapNA
1898737,,undetermined,MapExactID
1898737,,undetermined,MapExactMatch
1898737,,undetermined,MapLicenseFamily
6682867,,undetermined,MapNA
6682867,,undetermined,MapExactID
6682867,,undetermined,MapExactMatch
6682867,,undetermined,MapLicenseFamily
850167,,undetermined,MapNA
850167,,undetermined,MapExactID
850167,,undetermined,MapExactMatch
850167,,undetermined,MapLicenseFamily
5634298,,undetermined,MapNA
5634298,,undetermined,MapExactID
5634298,,undetermined,MapExactMatch
5634298,,undetermined,MapLicenseFamily
391419,,undetermined,MapNA
391419,,undetermined,MapExactID
391419,,undetermined,MapExactMatch
391419,,undetermined,MapLicenseFamily
391419,,undetermined,MapFuzzyMatch
3209468,,undetermined,MapNA
3209468,,undetermined,MapExactID
3209468,,undetermined,MapExactMatch
3209468,,undetermined,MapLicenseFamily
3209468,,undetermined,MapFuzzyMatch
4192510,,undetermined,MapNA
4192510,,undetermined,MapExactID
4192510,,undetermined,MapExactMatch
4192510,,undetermined,MapLicenseFamily
653567,,undetermined,MapNA
653567,,undetermined,MapExactID
653567,,undetermined,MapExactMatch
653567,,undetermined,MapLicenseFamily
4192514,,undetermined,MapNA
4192514,,undetermined,MapExactID
4192514,,undetermined,MapExactMatch
4192514,,undetermined,MapLicenseFamily
3143943,,undetermined,MapNA
3143943,,undetermined,MapExactID
3143943,,undetermined,MapExactMatch
3143943,,undetermined,MapLicenseFamily
4520203,,undetermined,MapNA
4520203,,undetermined,MapExactID
4520203,,undetermined,MapExactMatch
4520203,,undetermined,MapLicenseFamily
4126990,,undetermined,MapNA
4126990,,undetermined,MapExactID
4126990,,undetermined,MapExactMatch
4126990,,undetermined,MapLicenseFamily
3799319,,undetermined,MapNA
3799319,,undetermined,MapExactID
3799319,,undetermined,MapExactMatch
3799319,,undetermined,MapLicenseFamily
5830937,,undetermined,MapNA
5830937,,undetermined,MapExactID
5830937,,undetermined,MapExactMatch
5830937,,undetermined,MapLicenseFamily
2095390,,undetermined,MapNA
2095390,,undetermined,MapExactID
2095390,,undetermined,MapExactMatch
2095390,,undetermined,MapLicenseFamily
2095390,,undetermined,MapFuzzyMatch
4192543,,undetermined,MapNA
4192543,,undetermined,MapExactID
4192543,,undetermined,MapExactMatch
4192543,,undetermined,MapLicenseFamily
784673,,undetermined,MapNA
784673,,undetermined,MapExactID
784673,,undetermined,MapExactMatch
784673,,undetermined,MapLicenseFamily
784673,,undetermined,MapFuzzyMatch
5830947,,undetermined,MapNA
5830947,,undetermined,MapExactID
5830947,,undetermined,MapExactMatch
5830947,,undetermined,MapLicenseFamily
2619684,,undetermined,MapNA
2619684,,undetermined,MapExactID
2619684,,undetermined,MapExactMatch
2619684,,undetermined,MapLicenseFamily
1046821,,undetermined,MapNA
1046821,,undetermined,MapExactID
1046821,,undetermined,MapExactMatch
1046821,,undetermined,MapLicenseFamily
588074,,undetermined,MapNA
588074,,undetermined,MapExactID
588074,,undetermined,MapExactMatch
588074,,undetermined,MapLicenseFamily
1767722,,undetermined,MapNA
1767722,,undetermined,MapExactID
1767722,,undetermined,MapExactMatch
1767722,,undetermined,MapLicenseFamily
1374514,,undetermined,MapNA
1374514,,undetermined,MapExactID
1374514,,undetermined,MapExactMatch
1374514,,undetermined,MapLicenseFamily
194868,,undetermined,MapNA
194868,,undetermined,MapExactID
194868,,undetermined,MapExactMatch
194868,,undetermined,MapLicenseFamily
3930421,,undetermined,MapNA
3930421,,undetermined,MapExactID
3930421,,undetermined,MapExactMatch
3930421,,undetermined,MapLicenseFamily
2292024,,undetermined,MapNA
2292024,,undetermined,MapExactID
2292024,,undetermined,MapExactMatch
2292024,,undetermined,MapLicenseFamily
1046845,,undetermined,MapNA
1046845,,undetermined,MapExactID
1046845,,undetermined,MapExactMatch
1046845,,undetermined,MapLicenseFamily
7141700,,undetermined,MapNA
7141700,,undetermined,MapExactID
7141700,,undetermined,MapExactMatch
7141700,,undetermined,MapLicenseFamily
5699915,,undetermined,MapNA
5699915,,undetermined,MapExactID
5699915,,undetermined,MapExactMatch
5699915,,undetermined,MapLicenseFamily
588109,,undetermined,MapNA
588109,,undetermined,MapExactID
588109,,undetermined,MapExactMatch
588109,,undetermined,MapLicenseFamily
4520269,,undetermined,MapNA
4520269,,undetermined,MapExactID
4520269,,undetermined,MapExactMatch
4520269,,undetermined,MapLicenseFamily
7141713,,undetermined,MapNA
7141713,,undetermined,MapExactID
7141713,,undetermined,MapExactMatch
7141713,,undetermined,MapLicenseFamily
3209556,,undetermined,MapNA
3209556,,undetermined,MapExactID
3209556,,undetermined,MapExactMatch
3209556,,undetermined,MapLicenseFamily
4651350,,undetermined,MapNA
4651350,,undetermined,MapExactID
4651350,,undetermined,MapExactMatch
4651350,,undetermined,MapLicenseFamily
3930458,,undetermined,MapNA
3930458,,undetermined,MapExactID
3930458,,undetermined,MapExactMatch
3930458,,undetermined,MapLicenseFamily
1046875,,undetermined,MapNA
1046875,,undetermined,MapExactID
1046875,,undetermined,MapExactMatch
1046875,,undetermined,MapLicenseFamily
4913506,,undetermined,MapNA
4913506,,undetermined,MapExactID
4913506,,undetermined,MapExactMatch
4913506,,undetermined,MapLicenseFamily
5699938,,undetermined,MapNA
5699938,,undetermined,MapExactID
5699938,,undetermined,MapExactMatch
5699938,,undetermined,MapLicenseFamily
5699938,,undetermined,MapFuzzyMatch
7141734,,undetermined,MapNA
7141734,,undetermined,MapExactID
7141734,,undetermined,MapExactMatch
7141734,,undetermined,MapLicenseFamily
1374567,,undetermined,MapNA
1374567,,undetermined,MapExactID
1374567,,undetermined,MapExactMatch
1374567,,undetermined,MapLicenseFamily
7141737,,undetermined,MapNA
7141737,,undetermined,MapExactID
7141737,,undetermined,MapExactMatch
7141737,,undetermined,MapLicenseFamily
2095466,,undetermined,MapNA
2095466,,undetermined,MapExactID
2095466,,undetermined,MapExactMatch
2095466,,undetermined,MapLicenseFamily
2095466,,undetermined,MapFuzzyMatch
7403883,,undetermined,MapNA
7403883,,undetermined,MapExactID
7403883,,undetermined,MapExactMatch
7403883,,undetermined,MapLicenseFamily
325997,,undetermined,MapNA
325997,,undetermined,MapExactID
325997,,undetermined,MapExactMatch
325997,,undetermined,MapLicenseFamily
2554225,,undetermined,MapNA
2554225,,undetermined,MapExactID
2554225,,undetermined,MapExactMatch
2554225,,undetermined,MapLicenseFamily
1833330,,undetermined,MapNA
1833330,,undetermined,MapExactID
1833330,,undetermined,MapExactMatch
1833330,,undetermined,MapLicenseFamily
1833330,,undetermined,MapFuzzyMatch
129405,,undetermined,MapNA
129405,,undetermined,MapExactID
129405,,undetermined,MapExactMatch
129405,,undetermined,MapLicenseFamily
63870,,undetermined,MapNA
63870,,undetermined,MapExactID
1833343,,undetermined,MapNA
1833343,,undetermined,MapExactID
1833343,,undetermined,MapExactMatch
1833343,,undetermined,MapLicenseFamily
1833343,,undetermined,MapFuzzyMatch
3406213,,undetermined,MapNA
3406213,,undetermined,MapExactID
3406213,,undetermined,MapExactMatch
3406213,,undetermined,MapLicenseFamily
3406213,,undetermined,MapFuzzyMatch
1374598,,undetermined,MapNA
1374598,,undetermined,MapExactID
1374598,,undetermined,MapExactMatch
1374598,,undetermined,MapLicenseFamily
3930504,,undetermined,MapNA
3930504,,undetermined,MapExactID
3930504,,undetermined,MapExactMatch
3930504,,undetermined,MapLicenseFamily
4192652,,undetermined,MapNA
4192652,,undetermined,MapExactID
4192652,,undetermined,MapExactMatch
4192652,,undetermined,MapLicenseFamily
3537295,,undetermined,MapNA
3537295,,undetermined,MapExactID
3537295,,undetermined,MapExactMatch
3537295,,undetermined,MapLicenseFamily
7076241,,undetermined,MapNA
7076241,,undetermined,MapExactID
7076241,,undetermined,MapExactMatch
7076241,,undetermined,MapLicenseFamily
7076241,,undetermined,MapFuzzyMatch
5503379,,undetermined,MapNA
3537301,,undetermined,MapNA
3537301,,undetermined,MapExactID
3537301,,undetermined,MapExactMatch
3537301,,undetermined,MapLicenseFamily
1112472,,undetermined,MapNA
1112472,,undetermined,MapExactID
1112472,,undetermined,MapExactMatch
1112472,,undetermined,MapLicenseFamily
4913560,,undetermined,MapNA
4913560,,undetermined,MapExactID
4913560,,undetermined,MapExactMatch
4913560,,undetermined,MapLicenseFamily
4520346,,undetermined,MapNA
4520346,,undetermined,MapExactID
4520346,,undetermined,MapExactMatch
4520346,,undetermined,MapLicenseFamily
4520346,,undetermined,MapFuzzyMatch
194971,,undetermined,MapNA
194971,,undetermined,MapExactID
194971,,undetermined,MapExactMatch
194971,,undetermined,MapLicenseFamily
5044634,,undetermined,MapNA
5044634,,undetermined,MapExactID
5044634,,undetermined,MapExactMatch
5044634,,undetermined,MapLicenseFamily
194977,,undetermined,MapNA
4979117,,undetermined,MapNA
4979117,,undetermined,MapExactID
4979117,,undetermined,MapExactMatch
4979117,,undetermined,MapLicenseFamily
2554286,,undetermined,MapNA
2554286,,undetermined,MapExactID
2554286,,undetermined,MapExactMatch
2554286,,undetermined,MapLicenseFamily
6093234,,undetermined,MapNA
6093234,,undetermined,MapExactID
6093234,,undetermined,MapExactMatch
6093234,,undetermined,MapLicenseFamily
6551988,,undetermined,MapNA
6551988,,undetermined,MapExactID
6551988,,undetermined,MapExactMatch
6551988,,undetermined,MapLicenseFamily
6486454,,undetermined,MapNA
6486454,,undetermined,MapExactID
6486454,,undetermined,MapExactMatch
6486454,,undetermined,MapLicenseFamily
4061634,,undetermined,MapNA
4061634,,undetermined,MapExactID
4061634,,undetermined,MapExactMatch
4061634,,undetermined,MapLicenseFamily
1374663,,undetermined,MapNA
1374663,,undetermined,MapExactID
1374663,,undetermined,MapExactMatch
1374663,,undetermined,MapLicenseFamily
1374663,,undetermined,MapFuzzyMatch
1898951,,undetermined,MapNA
1898951,,undetermined,MapExactID
1898951,,undetermined,MapExactMatch
1898951,,undetermined,MapLicenseFamily
5241290,,undetermined,MapNA
5241290,,undetermined,MapExactID
5241290,,undetermined,MapExactMatch
5241290,,undetermined,MapLicenseFamily
5306827,,undetermined,MapNA
5306827,,undetermined,MapExactID
5306827,,undetermined,MapExactMatch
5306827,,undetermined,MapLicenseFamily
5241292,,undetermined,MapNA
5241292,,undetermined,MapExactID
5241292,,undetermined,MapExactMatch
5241292,,undetermined,MapLicenseFamily
7141839,,undetermined,MapNA
7141839,,undetermined,MapExactID
7141839,,undetermined,MapExactMatch
7141839,,undetermined,MapLicenseFamily
981461,,undetermined,MapNA
981461,,undetermined,MapExactID
981461,,undetermined,MapExactMatch
981461,,undetermined,MapLicenseFamily
2685397,,undetermined,MapNA
2685397,,undetermined,MapExactID
2685397,,undetermined,MapExactMatch
2685397,,undetermined,MapLicenseFamily
981463,,undetermined,MapNA
981463,,undetermined,MapExactID
981463,,undetermined,MapExactMatch
981463,,undetermined,MapLicenseFamily
2488799,,undetermined,MapNA
2488799,,undetermined,MapExactID
2488799,,undetermined,MapExactMatch
2488799,,undetermined,MapLicenseFamily
1374695,,undetermined,MapNA
1374695,,undetermined,MapExactID
1374695,,undetermined,MapExactMatch
1374695,,undetermined,MapLicenseFamily
4454902,,undetermined,MapNA
4454902,,undetermined,MapExactID
4454902,,undetermined,MapExactMatch
4454902,,undetermined,MapLicenseFamily
3602935,,undetermined,MapNA
3602935,,undetermined,MapExactID
3406328,,undetermined,MapNA
3406328,,undetermined,MapExactID
3406328,,undetermined,MapExactMatch
3406328,,undetermined,MapLicenseFamily
3406328,,undetermined,MapFuzzyMatch
7404025,,undetermined,MapNA
7404025,,undetermined,MapExactID
7404025,,undetermined,MapExactMatch
7404025,,undetermined,MapLicenseFamily
7404025,,undetermined,MapFuzzyMatch
2685438,,undetermined,MapNA
2685438,,undetermined,MapExactID
2685438,,undetermined,MapExactMatch
2685438,,undetermined,MapLicenseFamily
6027787,,undetermined,MapNA
6027787,,undetermined,MapExactID
6027787,,undetermined,MapExactMatch
6027787,,undetermined,MapLicenseFamily
5044749,,undetermined,MapNA
5044749,,undetermined,MapExactID
5044749,,undetermined,MapExactMatch
5044749,,undetermined,MapLicenseFamily
3668499,,undetermined,MapNA
64021,,undetermined,MapNA
64021,,undetermined,MapExactID
64021,,undetermined,MapExactMatch
64021,,undetermined,MapLicenseFamily
1767959,,undetermined,MapNA
1899033,,undetermined,MapNA
1899033,,undetermined,MapExactID
1899033,,undetermined,MapExactMatch
1899033,,undetermined,MapLicenseFamily
3406362,,undetermined,MapNA
3406362,,undetermined,MapExactID
3406362,,undetermined,MapExactMatch
3406362,,undetermined,MapLicenseFamily
3406362,,undetermined,MapFuzzyMatch
129562,,undetermined,MapNA
129562,,undetermined,MapExactID
129562,,undetermined,MapExactMatch
129562,,undetermined,MapLicenseFamily
522780,,undetermined,MapNA
522780,,undetermined,MapExactID
522780,,undetermined,MapExactMatch
522780,,undetermined,MapLicenseFamily
1899036,,undetermined,MapNA
1899036,,undetermined,MapExactID
1899036,,undetermined,MapExactMatch
1899036,,undetermined,MapLicenseFamily
588318,,undetermined,MapNA
588318,,undetermined,MapExactID
588318,,undetermined,MapExactMatch
588318,,undetermined,MapLicenseFamily
588318,,undetermined,MapFuzzyMatch
1374751,,undetermined,MapNA
1374751,,undetermined,MapExactID
1374751,,undetermined,MapExactMatch
1374751,,undetermined,MapLicenseFamily
1571360,,undetermined,MapNA
1571360,,undetermined,MapExactID
1571360,,undetermined,MapExactMatch
1571360,,undetermined,MapLicenseFamily
3406371,,undetermined,MapNA
3406371,,undetermined,MapExactID
3406371,,undetermined,MapExactMatch
3406371,,undetermined,MapLicenseFamily
3406371,,undetermined,MapFuzzyMatch
5569059,,undetermined,MapNA
5569059,,undetermined,MapExactID
5569059,,undetermined,MapExactMatch
5569059,,undetermined,MapLicenseFamily
457257,,undetermined,MapNA
457257,,undetermined,MapExactID
457257,,undetermined,MapExactMatch
457257,,undetermined,MapLicenseFamily
5503531,,undetermined,MapNA
5503531,,undetermined,MapExactID
5503531,,undetermined,MapExactMatch
5503531,,undetermined,MapLicenseFamily
5503532,,undetermined,MapNA
5503532,,undetermined,MapExactID
5503532,,undetermined,MapExactMatch
5503532,,undetermined,MapLicenseFamily
6552108,,undetermined,MapNA
6552108,,undetermined,MapExactID
6552108,,undetermined,MapExactMatch
6552108,,undetermined,MapLicenseFamily
3144239,,undetermined,MapNA
3144239,,undetermined,MapExactID
3144239,,undetermined,MapExactMatch
3144239,,undetermined,MapLicenseFamily
3144239,,undetermined,MapFuzzyMatch
4848182,,undetermined,MapNA
4848182,,undetermined,MapExactID
4848182,,undetermined,MapExactMatch
4848182,,undetermined,MapLicenseFamily
7535160,,undetermined,MapNA
7535160,,undetermined,MapExactID
7535160,,undetermined,MapExactMatch
7535160,,undetermined,MapLicenseFamily
391737,,undetermined,MapNA
391737,,undetermined,MapExactID
391737,,undetermined,MapExactMatch
391737,,undetermined,MapLicenseFamily
391737,,undetermined,MapFuzzyMatch
6224442,,undetermined,MapNA
6224442,,undetermined,MapExactID
6224442,,undetermined,MapExactMatch
6224442,,undetermined,MapLicenseFamily
3537467,,undetermined,MapNA
3537467,,undetermined,MapExactID
3537467,,undetermined,MapExactMatch
3537467,,undetermined,MapLicenseFamily
5634621,,undetermined,MapNA
5634621,,undetermined,MapExactID
5634621,,undetermined,MapExactMatch
5634621,,undetermined,MapLicenseFamily
6224446,,undetermined,MapNA
6224446,,undetermined,MapExactID
6224446,,undetermined,MapExactMatch
6224446,,undetermined,MapLicenseFamily
64067,,undetermined,MapNA
64067,,undetermined,MapExactID
64067,,undetermined,MapExactMatch
64067,,undetermined,MapLicenseFamily
2292291,,undetermined,MapNA
2292291,,undetermined,MapExactID
2292291,,undetermined,MapExactMatch
2292291,,undetermined,MapLicenseFamily
4520517,,undetermined,MapNA
4520517,,undetermined,MapExactID
4520517,,undetermined,MapExactMatch
4520517,,undetermined,MapLicenseFamily
5241415,,undetermined,MapNA
5241415,,undetermined,MapExactID
5241415,,undetermined,MapExactMatch
5241415,,undetermined,MapLicenseFamily
5569097,,undetermined,MapNA
5569097,,undetermined,MapExactID
5569097,,undetermined,MapExactMatch
5569097,,undetermined,MapLicenseFamily
5306957,,undetermined,MapNA
5306957,,undetermined,MapExactID
5306957,,undetermined,MapExactMatch
5306957,,undetermined,MapLicenseFamily
5503565,,undetermined,MapNA
5503565,,undetermined,MapExactID
5503565,,undetermined,MapExactMatch
5503565,,undetermined,MapLicenseFamily
981583,,undetermined,MapNA
981583,,undetermined,MapExactID
981583,,undetermined,MapExactMatch
981583,,undetermined,MapLicenseFamily
981583,,undetermined,MapFuzzyMatch
522833,,undetermined,MapNA
522833,,undetermined,MapExactID
522833,,undetermined,MapExactMatch
522833,,undetermined,MapLicenseFamily
1112658,,undetermined,MapNA
1112658,,undetermined,MapExactID
1112658,,undetermined,MapExactMatch
1112658,,undetermined,MapLicenseFamily
653907,,undetermined,MapNA
653907,,undetermined,MapExactID
653907,,undetermined,MapExactMatch
653907,,undetermined,MapLicenseFamily
326231,,undetermined,MapNA
326231,,undetermined,MapExactID
326231,,undetermined,MapExactMatch
326231,,undetermined,MapLicenseFamily
2488925,,undetermined,MapNA
2488925,,undetermined,MapExactID
2488925,,undetermined,MapExactMatch
2488925,,undetermined,MapLicenseFamily
4520550,,undetermined,MapNA
4520550,,undetermined,MapExactID
4520550,,undetermined,MapExactMatch
4520550,,undetermined,MapLicenseFamily
1112680,,undetermined,MapNA
1112680,,undetermined,MapExactID
1112680,,undetermined,MapExactMatch
1112680,,undetermined,MapLicenseFamily
5044842,,undetermined,MapNA
5044842,,undetermined,MapExactID
5044842,,undetermined,MapExactMatch
5044842,,undetermined,MapLicenseFamily
1112683,,undetermined,MapNA
1112683,,undetermined,MapExactID
1112683,,undetermined,MapExactMatch
1112683,,undetermined,MapLicenseFamily
4061807,,undetermined,MapNA
4061807,,undetermined,MapExactID
4061807,,undetermined,MapExactMatch
4061807,,undetermined,MapLicenseFamily
653936,,undetermined,MapNA
653936,,undetermined,MapExactID
653936,,undetermined,MapExactMatch
653936,,undetermined,MapLicenseFamily
2095730,,undetermined,MapNA
2095730,,undetermined,MapExactID
2095730,,undetermined,MapExactMatch
2095730,,undetermined,MapLicenseFamily
391797,,undetermined,MapNA
391797,,undetermined,MapExactID
391797,,undetermined,MapExactMatch
391797,,undetermined,MapLicenseFamily
391797,,undetermined,MapFuzzyMatch
5044856,,undetermined,MapNA
5044856,,undetermined,MapExactID
5044856,,undetermined,MapExactMatch
5044856,,undetermined,MapLicenseFamily
588409,,undetermined,MapNA
588409,,undetermined,MapExactID
588409,,undetermined,MapExactMatch
588409,,undetermined,MapLicenseFamily
3799685,,undetermined,MapNA
3799685,,undetermined,MapExactID
3799685,,undetermined,MapExactMatch
3799685,,undetermined,MapLicenseFamily
1768076,,undetermined,MapNA
1768076,,undetermined,MapExactID
1768076,,undetermined,MapExactMatch
1768076,,undetermined,MapLicenseFamily
3406477,,undetermined,MapNA
3406477,,undetermined,MapExactID
3406477,,undetermined,MapExactMatch
3406477,,undetermined,MapLicenseFamily
7600782,,undetermined,MapNA
7600782,,undetermined,MapExactID
7600782,,undetermined,MapExactMatch
7600782,,undetermined,MapLicenseFamily
7338639,,undetermined,MapNA
7338639,,undetermined,MapExactID
7338639,,undetermined,MapExactMatch
7338639,,undetermined,MapLicenseFamily
7338639,,undetermined,MapFuzzyMatch
653971,,undetermined,MapNA
653971,,undetermined,MapExactID
653971,,undetermined,MapExactMatch
653971,,undetermined,MapLicenseFamily
653971,,undetermined,MapFuzzyMatch
2554515,,undetermined,MapNA
2554515,,undetermined,MapExactID
2554515,,undetermined,MapExactMatch
2554515,,undetermined,MapLicenseFamily
2620052,,undetermined,MapNA
2423448,,undetermined,MapNA
2423448,,undetermined,MapExactID
2423448,,undetermined,MapExactMatch
2423448,,undetermined,MapLicenseFamily
2947738,,undetermined,MapNA
2947738,,undetermined,MapExactID
2947738,,undetermined,MapExactMatch
2947738,,undetermined,MapLicenseFamily
64155,,undetermined,MapNA
64155,,undetermined,MapExactID
64155,,undetermined,MapExactMatch
64155,,undetermined,MapLicenseFamily
4127393,,undetermined,MapNA
4127393,,undetermined,MapExactID
4127393,,undetermined,MapExactMatch
4127393,,undetermined,MapLicenseFamily
1112742,,undetermined,MapNA
1112742,,undetermined,MapExactID
1112742,,undetermined,MapExactMatch
1112742,,undetermined,MapLicenseFamily
3799720,,undetermined,MapNA
3799720,,undetermined,MapExactID
3799720,,undetermined,MapExactMatch
3799720,,undetermined,MapLicenseFamily
4520617,,undetermined,MapNA
4520617,,undetermined,MapExactID
4520617,,undetermined,MapExactMatch
4520617,,undetermined,MapLicenseFamily
6027944,,undetermined,MapNA
6027944,,undetermined,MapExactID
6027944,,undetermined,MapExactMatch
6027944,,undetermined,MapLicenseFamily
3406507,,undetermined,MapNA
3406507,,undetermined,MapExactID
3406507,,undetermined,MapExactMatch
3406507,,undetermined,MapLicenseFamily
6290096,,undetermined,MapNA
6290096,,undetermined,MapExactID
6290096,,undetermined,MapExactMatch
6290096,,undetermined,MapLicenseFamily
7404210,,undetermined,MapNA
7404210,,undetermined,MapExactID
7404210,,undetermined,MapExactMatch
7404210,,undetermined,MapLicenseFamily
1112757,,undetermined,MapNA
1112757,,undetermined,MapExactID
6093493,,undetermined,MapNA
6093493,,undetermined,MapExactID
6093493,,undetermined,MapExactMatch
6093493,,undetermined,MapLicenseFamily
522936,,undetermined,MapNA
522936,,undetermined,MapExactID
522936,,undetermined,MapExactMatch
522936,,undetermined,MapLicenseFamily
3799746,,undetermined,MapNA
3799746,,undetermined,MapExactID
3799746,,undetermined,MapExactMatch
3799746,,undetermined,MapLicenseFamily
4061890,,undetermined,MapNA
4061890,,undetermined,MapExactID
4061890,,undetermined,MapExactMatch
4061890,,undetermined,MapLicenseFamily
2620110,,undetermined,MapNA
2620110,,undetermined,MapExactID
2620110,,undetermined,MapExactMatch
2620110,,undetermined,MapLicenseFamily
6093524,,undetermined,MapNA
6093524,,undetermined,MapExactID
6093524,,undetermined,MapExactMatch
6093524,,undetermined,MapLicenseFamily
3668698,,undetermined,MapNA
3668698,,undetermined,MapExactID
3668698,,undetermined,MapExactMatch
3668698,,undetermined,MapLicenseFamily
5110490,,undetermined,MapNA
5110490,,undetermined,MapExactID
5110490,,undetermined,MapExactMatch
5110490,,undetermined,MapLicenseFamily
5896925,,undetermined,MapNA
5896925,,undetermined,MapExactID
5896925,,undetermined,MapExactMatch
5896925,,undetermined,MapLicenseFamily
2489059,,undetermined,MapNA
2489059,,undetermined,MapExactID
2489059,,undetermined,MapExactMatch
2489059,,undetermined,MapLicenseFamily
5896938,,undetermined,MapNA
5896938,,undetermined,MapExactID
5896938,,undetermined,MapExactMatch
5896938,,undetermined,MapLicenseFamily
2292460,,undetermined,MapNA
2292460,,undetermined,MapExactID
2292460,,undetermined,MapExactMatch
2292460,,undetermined,MapLicenseFamily
2292462,,undetermined,MapNA
2292462,,undetermined,MapExactID
2292462,,undetermined,MapExactMatch
2292462,,undetermined,MapLicenseFamily
588533,,undetermined,MapNA
588533,,undetermined,MapExactID
588533,,undetermined,MapExactMatch
588533,,undetermined,MapLicenseFamily
588533,,undetermined,MapFuzzyMatch
6421239,,undetermined,MapNA
6421239,,undetermined,MapExactID
6421239,,undetermined,MapExactMatch
6421239,,undetermined,MapLicenseFamily
64250,,undetermined,MapNA
64250,,undetermined,MapExactID
64250,,undetermined,MapExactMatch
64250,,undetermined,MapLicenseFamily
3013371,,undetermined,MapNA
3013371,,undetermined,MapExactID
3013371,,undetermined,MapExactMatch
3013371,,undetermined,MapLicenseFamily
4127482,,undetermined,MapNA
4127482,,undetermined,MapExactID
4127482,,undetermined,MapExactMatch
4127482,,undetermined,MapLicenseFamily
3799805,,undetermined,MapNA
3799805,,undetermined,MapExactID
3799805,,undetermined,MapExactMatch
3799805,,undetermined,MapLicenseFamily
3799805,,undetermined,MapFuzzyMatch
3930880,,undetermined,MapNA
3930880,,undetermined,MapExactID
5044992,,undetermined,MapNA
5044992,,undetermined,MapExactID
5044992,,undetermined,MapExactMatch
5044992,,undetermined,MapLicenseFamily
5044992,,undetermined,MapFuzzyMatch
326404,,undetermined,MapNA
326404,,undetermined,MapExactID
326404,,undetermined,MapExactMatch
326404,,undetermined,MapLicenseFamily
326404,,undetermined,MapFuzzyMatch
2489093,,undetermined,MapNA
2489093,,undetermined,MapExactID
2489093,,undetermined,MapExactMatch
2489093,,undetermined,MapLicenseFamily
5241616,,undetermined,MapNA
5241616,,undetermined,MapExactID
5241616,,undetermined,MapExactMatch
5241616,,undetermined,MapLicenseFamily
2554644,,undetermined,MapNA
2554644,,undetermined,MapExactID
2554644,,undetermined,MapExactMatch
2554644,,undetermined,MapLicenseFamily
7338778,,undetermined,MapNA
7338778,,undetermined,MapExactID
7338778,,undetermined,MapExactMatch
7338778,,undetermined,MapLicenseFamily
6552353,,undetermined,MapNA
6552353,,undetermined,MapExactID
6552353,,undetermined,MapExactMatch
6552353,,undetermined,MapLicenseFamily
7338788,,undetermined,MapNA
7338788,,undetermined,MapExactID
7338788,,undetermined,MapExactMatch
7338788,,undetermined,MapLicenseFamily
7404333,,undetermined,MapNA
7404333,,undetermined,MapExactID
7404333,,undetermined,MapExactMatch
7404333,,undetermined,MapLicenseFamily
6486832,,undetermined,MapNA
6486832,,undetermined,MapExactID
6486832,,undetermined,MapExactMatch
6486832,,undetermined,MapLicenseFamily
3078961,,undetermined,MapNA
3078961,,undetermined,MapExactID
3078961,,undetermined,MapExactMatch
3078961,,undetermined,MapLicenseFamily
3537720,,undetermined,MapNA
3537720,,undetermined,MapExactID
3537720,,undetermined,MapExactMatch
3537720,,undetermined,MapLicenseFamily
6552382,,undetermined,MapNA
6552382,,undetermined,MapExactID
6552382,,undetermined,MapExactMatch
6552382,,undetermined,MapLicenseFamily
523075,,undetermined,MapNA
523075,,undetermined,MapExactID
523075,,undetermined,MapExactMatch
523075,,undetermined,MapLicenseFamily
195397,,undetermined,MapNA
195397,,undetermined,MapExactID
195397,,undetermined,MapExactMatch
195397,,undetermined,MapLicenseFamily
195397,,undetermined,MapFuzzyMatch
6290246,,undetermined,MapNA
6290246,,undetermined,MapExactID
6290246,,undetermined,MapExactMatch
6290246,,undetermined,MapLicenseFamily
6290246,,undetermined,MapFuzzyMatch
6290257,,undetermined,MapNA
6290257,,undetermined,MapExactID
6290257,,undetermined,MapExactMatch
6290257,,undetermined,MapLicenseFamily
3603296,,undetermined,MapNA
3603296,,undetermined,MapExactID
3603296,,undetermined,MapExactMatch
3603296,,undetermined,MapLicenseFamily
64363,,undetermined,MapNA
64363,,undetermined,MapExactID
64363,,undetermined,MapExactMatch
64363,,undetermined,MapLicenseFamily
4520811,,undetermined,MapNA
4520811,,undetermined,MapExactID
4520811,,undetermined,MapExactMatch
4520811,,undetermined,MapLicenseFamily
4520811,,undetermined,MapFuzzyMatch
64368,,undetermined,MapNA
64368,,undetermined,MapExactID
64368,,undetermined,MapExactMatch
64368,,undetermined,MapLicenseFamily
4979579,,undetermined,MapNA
4979579,,undetermined,MapExactID
4979579,,undetermined,MapExactMatch
4979579,,undetermined,MapLicenseFamily
4979579,,undetermined,MapFuzzyMatch
1768317,,undetermined,MapNA
1768317,,undetermined,MapExactID
1768317,,undetermined,MapExactMatch
5241729,,undetermined,MapNA
5241729,,undetermined,MapExactID
5241729,,undetermined,MapExactMatch
5241729,,undetermined,MapLicenseFamily
523138,,undetermined,MapNA
523138,,undetermined,MapExactID
5241730,,undetermined,MapNA
5241730,,undetermined,MapExactID
5241730,,undetermined,MapExactMatch
5241730,,undetermined,MapLicenseFamily
2554760,,undetermined,MapNA
2554760,,undetermined,MapExactID
2554760,,undetermined,MapExactMatch
2554760,,undetermined,MapLicenseFamily
5045128,,undetermined,MapNA
5045128,,undetermined,MapExactID
5045128,,undetermined,MapExactMatch
5045128,,undetermined,MapLicenseFamily
6159243,,undetermined,MapNA
6159243,,undetermined,MapExactID
6159243,,undetermined,MapExactMatch
6159243,,undetermined,MapLicenseFamily
2685836,,undetermined,MapNA
2685836,,undetermined,MapExactID
2685836,,undetermined,MapExactMatch
2685836,,undetermined,MapLicenseFamily
5897109,,undetermined,MapNA
5897109,,undetermined,MapExactID
5897109,,undetermined,MapExactMatch
5897109,,undetermined,MapLicenseFamily
5897109,,undetermined,MapFuzzyMatch
7142296,,undetermined,MapNA
7142296,,undetermined,MapExactID
7142296,,undetermined,MapExactMatch
7142296,,undetermined,MapLicenseFamily
1964953,,undetermined,MapNA
1964953,,undetermined,MapExactID
1964953,,undetermined,MapExactMatch
1964953,,undetermined,MapLicenseFamily
1964953,,undetermined,MapFuzzyMatch
5634973,,undetermined,MapNA
5634973,,undetermined,MapExactID
5634973,,undetermined,MapExactMatch
5634973,,undetermined,MapLicenseFamily
1047480,,undetermined,MapNA
1047480,,undetermined,MapExactID
1047480,,undetermined,MapExactMatch
1047480,,undetermined,MapLicenseFamily
7142336,,undetermined,MapNA
7142336,,undetermined,MapExactID
7142336,,undetermined,MapExactMatch
7142336,,undetermined,MapLicenseFamily
654276,,undetermined,MapNA
654276,,undetermined,MapExactID
654276,,undetermined,MapExactMatch
654276,,undetermined,MapLicenseFamily
654276,,undetermined,MapFuzzyMatch
5241798,,undetermined,MapNA
5241798,,undetermined,MapExactID
5241798,,undetermined,MapExactMatch
5241798,,undetermined,MapLicenseFamily
7535562,,undetermined,MapNA
7535562,,undetermined,MapExactID
7535562,,undetermined,MapExactMatch
7535562,,undetermined,MapLicenseFamily
5045195,,undetermined,MapNA
5045195,,undetermined,MapExactID
5045195,,undetermined,MapExactMatch
5045195,,undetermined,MapLicenseFamily
1702860,,undetermined,MapNA
1702860,,undetermined,MapExactID
1702860,,undetermined,MapExactMatch
1702860,,undetermined,MapLicenseFamily
1702860,,undetermined,MapFuzzyMatch
2096079,,undetermined,MapNA
2096079,,undetermined,MapExactID
2096079,,undetermined,MapExactMatch
2096079,,undetermined,MapLicenseFamily
2358244,,undetermined,MapNA
2358244,,undetermined,MapExactID
2358244,,undetermined,MapExactMatch
2358244,,undetermined,MapLicenseFamily
4586471,,undetermined,MapNA
4586471,,undetermined,MapExactID
4586471,,undetermined,MapExactMatch
4586471,,undetermined,MapLicenseFamily
3144681,,undetermined,MapNA
3144681,,undetermined,MapExactID
3144681,,undetermined,MapExactMatch
3144681,,undetermined,MapLicenseFamily
4193264,,undetermined,MapNA
4193264,,undetermined,MapExactID
4193264,,undetermined,MapExactMatch
4193264,,undetermined,MapLicenseFamily
2227191,,undetermined,MapNA
2227191,,undetermined,MapExactID
2227191,,undetermined,MapExactMatch
2227191,,undetermined,MapLicenseFamily
392185,,undetermined,MapNA
392185,,undetermined,MapExactID
392185,,undetermined,MapExactMatch
392185,,undetermined,MapLicenseFamily
2489337,,undetermined,MapNA
2489337,,undetermined,MapExactID
2489337,,undetermined,MapExactMatch
2489337,,undetermined,MapLicenseFamily
4127738,,undetermined,MapNA
4127738,,undetermined,MapExactID
4127738,,undetermined,MapExactMatch
4127738,,undetermined,MapLicenseFamily
588797,,undetermined,MapNA
588797,,undetermined,MapExactID
588797,,undetermined,MapExactMatch
588797,,undetermined,MapLicenseFamily
588797,,undetermined,MapFuzzyMatch
5635079,,undetermined,MapNA
5635079,,undetermined,MapExactID
5635079,,undetermined,MapExactMatch
5635079,,undetermined,MapLicenseFamily
5635079,,undetermined,MapFuzzyMatch
3865620,,undetermined,MapNA
3865620,,undetermined,MapExactID
3865620,,undetermined,MapExactMatch
3865620,,undetermined,MapLicenseFamily
195605,,undetermined,MapNA
195605,,undetermined,MapExactID
195605,,undetermined,MapExactMatch
195605,,undetermined,MapLicenseFamily
64538,,undetermined,MapNA
785444,,undetermined,MapNA
785444,,undetermined,MapExactID
785444,,undetermined,MapExactMatch
785444,,undetermined,MapLicenseFamily
654374,,undetermined,MapNA
654374,,undetermined,MapExactID
654374,,undetermined,MapExactMatch
654374,,undetermined,MapLicenseFamily
654374,,undetermined,MapFuzzyMatch
6945831,,undetermined,MapNA
6945831,,undetermined,MapExactID
6945831,,undetermined,MapExactMatch
6945831,,undetermined,MapLicenseFamily
5700648,,undetermined,MapNA
5700648,,undetermined,MapExactID
5700648,,undetermined,MapExactMatch
5700648,,undetermined,MapLicenseFamily
5569581,,undetermined,MapNA
5569581,,undetermined,MapExactID
5569581,,undetermined,MapExactMatch
5569581,,undetermined,MapLicenseFamily
64565,,undetermined,MapNA
64565,,undetermined,MapExactID
64565,,undetermined,MapExactMatch
64565,,undetermined,MapLicenseFamily
64565,,undetermined,MapFuzzyMatch
7273525,,undetermined,MapNA
7273525,,undetermined,MapExactID
7273525,,undetermined,MapExactMatch
7273525,,undetermined,MapLicenseFamily
64572,,undetermined,MapNA
64572,,undetermined,MapExactID
64572,,undetermined,MapExactMatch
64572,,undetermined,MapLicenseFamily
2948156,,undetermined,MapNA
2948156,,undetermined,MapExactID
2948156,,undetermined,MapExactMatch
2948156,,undetermined,MapLicenseFamily
4979774,,undetermined,MapNA
4979774,,undetermined,MapExactID
4979774,,undetermined,MapExactMatch
4979774,,undetermined,MapLicenseFamily
4127809,,undetermined,MapNA
4127809,,undetermined,MapExactID
719941,,undetermined,MapNA
719941,,undetermined,MapExactID
719941,,undetermined,MapExactMatch
719941,,undetermined,MapLicenseFamily
4521029,,undetermined,MapNA
4521030,,undetermined,MapNA
4521030,,undetermined,MapExactID
4521030,,undetermined,MapExactMatch
4521030,,undetermined,MapLicenseFamily
4521030,,undetermined,MapFuzzyMatch
2948171,,undetermined,MapNA
2948171,,undetermined,MapExactID
2948171,,undetermined,MapExactMatch
2948171,,undetermined,MapLicenseFamily
3144788,,undetermined,MapNA
3144788,,undetermined,MapExactID
3144788,,undetermined,MapExactMatch
3144788,,undetermined,MapLicenseFamily
3079263,,undetermined,MapNA
3079263,,undetermined,MapExactID
3079263,,undetermined,MapExactMatch
3079263,,undetermined,MapLicenseFamily
2686053,,undetermined,MapNA
2686053,,undetermined,MapExactID
2686053,,undetermined,MapExactMatch
2686053,,undetermined,MapLicenseFamily
326765,,undetermined,MapNA
326765,,undetermined,MapExactID
326765,,undetermined,MapExactMatch
326765,,undetermined,MapLicenseFamily
3996782,,undetermined,MapNA
3996782,,undetermined,MapExactID
3996782,,undetermined,MapExactMatch
3996782,,undetermined,MapLicenseFamily
3079279,,undetermined,MapNA
3079279,,undetermined,MapExactID
3079279,,undetermined,MapExactMatch
3079279,,undetermined,MapLicenseFamily
5831793,,undetermined,MapNA
5831793,,undetermined,MapExactID
5831793,,undetermined,MapExactMatch
5831793,,undetermined,MapLicenseFamily
2227314,,undetermined,MapNA
2227314,,undetermined,MapExactID
2227314,,undetermined,MapExactMatch
2227314,,undetermined,MapLicenseFamily
6421625,,undetermined,MapNA
6421625,,undetermined,MapExactID
6421625,,undetermined,MapExactMatch
6421625,,undetermined,MapLicenseFamily
6421625,,undetermined,MapFuzzyMatch
2423945,,undetermined,MapNA
2423945,,undetermined,MapExactID
2423945,,undetermined,MapExactMatch
2423945,,undetermined,MapLicenseFamily
64653,,undetermined,MapNA
64653,,undetermined,MapExactID
64653,,undetermined,MapExactMatch
64653,,undetermined,MapLicenseFamily
64653,,undetermined,MapFuzzyMatch
4193424,,undetermined,MapNA
4193424,,undetermined,MapExactID
4193424,,undetermined,MapExactMatch
4193424,,undetermined,MapLicenseFamily
3144852,,undetermined,MapNA
3144852,,undetermined,MapExactID
3144852,,undetermined,MapExactMatch
3144852,,undetermined,MapLicenseFamily
3144852,,undetermined,MapFuzzyMatch
4062358,,undetermined,MapNA
4062358,,undetermined,MapExactID
4062358,,undetermined,MapExactMatch
4062358,,undetermined,MapLicenseFamily
3407005,,undetermined,MapNA
3407005,,undetermined,MapExactID
3407005,,undetermined,MapExactMatch
3407005,,undetermined,MapLicenseFamily
1375391,,undetermined,MapNA
1375391,,undetermined,MapExactID
1375391,,undetermined,MapExactMatch
1375391,,undetermined,MapLicenseFamily
1375391,,undetermined,MapFuzzyMatch
5110944,,undetermined,MapNA
5110944,,undetermined,MapExactID
5110944,,undetermined,MapExactMatch
5110944,,undetermined,MapLicenseFamily
6159524,,undetermined,MapNA
6159524,,undetermined,MapExactID
6159524,,undetermined,MapExactMatch
6159524,,undetermined,MapLicenseFamily
6159524,,undetermined,MapFuzzyMatch
1113253,,undetermined,MapNA
1113253,,undetermined,MapExactID
1113253,,undetermined,MapExactMatch
1113253,,undetermined,MapLicenseFamily
5569703,,undetermined,MapNA
5569703,,undetermined,MapExactID
5569703,,undetermined,MapExactMatch
5569703,,undetermined,MapLicenseFamily
3865778,,undetermined,MapNA
3865778,,undetermined,MapExactID
3865778,,undetermined,MapExactMatch
3865778,,undetermined,MapLicenseFamily
6290612,,undetermined,MapNA
6290612,,undetermined,MapExactID
6290612,,undetermined,MapExactMatch
6290612,,undetermined,MapLicenseFamily
6290612,,undetermined,MapFuzzyMatch
1572022,,undetermined,MapNA
1113276,,undetermined,MapNA
1113276,,undetermined,MapExactID
1113276,,undetermined,MapExactMatch
1113276,,undetermined,MapLicenseFamily
2489533,,undetermined,MapNA
2489533,,undetermined,MapExactID
2489533,,undetermined,MapExactMatch
2489533,,undetermined,MapLicenseFamily
392382,,undetermined,MapNA
392382,,undetermined,MapExactID
392382,,undetermined,MapExactMatch
392382,,undetermined,MapLicenseFamily
7077055,,undetermined,MapNA
7077055,,undetermined,MapExactID
7077055,,undetermined,MapExactMatch
7077055,,undetermined,MapLicenseFamily
7077055,,undetermined,MapFuzzyMatch
457919,,undetermined,MapNA
457919,,undetermined,MapExactID
457919,,undetermined,MapExactMatch
457919,,undetermined,MapLicenseFamily
785600,,undetermined,MapNA
785600,,undetermined,MapExactID
785600,,undetermined,MapExactMatch
785600,,undetermined,MapLicenseFamily
7077059,,undetermined,MapNA
7077059,,undetermined,MapExactID
7077059,,undetermined,MapExactMatch
7077059,,undetermined,MapLicenseFamily
5766340,,undetermined,MapNA
5766340,,undetermined,MapExactID
5766340,,undetermined,MapExactMatch
5766340,,undetermined,MapLicenseFamily
392390,,undetermined,MapNA
392390,,undetermined,MapExactID
392390,,undetermined,MapExactMatch
392390,,undetermined,MapLicenseFamily
2555078,,undetermined,MapNA
2555078,,undetermined,MapExactID
2555078,,undetermined,MapExactMatch
2555078,,undetermined,MapLicenseFamily
2555078,,undetermined,MapFuzzyMatch
6094023,,undetermined,MapNA
6094023,,undetermined,MapExactID
6094023,,undetermined,MapExactMatch
6094023,,undetermined,MapLicenseFamily
7208135,,undetermined,MapNA
7208135,,undetermined,MapExactID
7208135,,undetermined,MapExactMatch
7208135,,undetermined,MapLicenseFamily
3407050,,undetermined,MapNA
3407050,,undetermined,MapExactID
3407050,,undetermined,MapExactMatch
3407050,,undetermined,MapLicenseFamily
3407050,,undetermined,MapFuzzyMatch
3407052,,undetermined,MapNA
3407052,,undetermined,MapExactID
3407052,,undetermined,MapExactMatch
3407052,,undetermined,MapLicenseFamily
2948309,,undetermined,MapNA
2948309,,undetermined,MapExactID
2948309,,undetermined,MapExactMatch
2948309,,undetermined,MapLicenseFamily
4193499,,undetermined,MapNA
4193499,,undetermined,MapExactID
4193499,,undetermined,MapExactMatch
4193499,,undetermined,MapLicenseFamily
5569755,,undetermined,MapNA
5569755,,undetermined,MapExactID
5569755,,undetermined,MapExactMatch
5569755,,undetermined,MapLicenseFamily
5569755,,undetermined,MapFuzzyMatch
7404763,,undetermined,MapNA
7404763,,undetermined,MapExactID
7404763,,undetermined,MapExactMatch
7404763,,undetermined,MapLicenseFamily
7404763,,undetermined,MapFuzzyMatch
392416,,undetermined,MapNA
392416,,undetermined,MapExactID
392416,,undetermined,MapExactMatch
392416,,undetermined,MapLicenseFamily
2555107,,undetermined,MapNA
2555107,,undetermined,MapExactID
2555107,,undetermined,MapExactMatch
2555107,,undetermined,MapLicenseFamily
1768680,,undetermined,MapNA
1768680,,undetermined,MapExactID
1768680,,undetermined,MapExactMatch
1768680,,undetermined,MapLicenseFamily
7535849,,undetermined,MapNA
7535849,,undetermined,MapExactID
7535849,,undetermined,MapExactMatch
7535849,,undetermined,MapLicenseFamily
7535849,,undetermined,MapFuzzyMatch
64746,,undetermined,MapNA
64746,,undetermined,MapExactID
785650,,undetermined,MapNA
785650,,undetermined,MapExactID
785650,,undetermined,MapExactMatch
785650,,undetermined,MapLicenseFamily
1572082,,undetermined,MapNA
1572082,,undetermined,MapExactID
1572082,,undetermined,MapExactMatch
1572082,,undetermined,MapLicenseFamily
4586742,,undetermined,MapNA
4586742,,undetermined,MapExactID
4586742,,undetermined,MapExactMatch
4586742,,undetermined,MapLicenseFamily
5766390,,undetermined,MapNA
5766390,,undetermined,MapExactID
5766390,,undetermined,MapExactMatch
5766390,,undetermined,MapLicenseFamily
64767,,undetermined,MapNA
64767,,undetermined,MapExactID
64767,,undetermined,MapExactMatch
64767,,undetermined,MapLicenseFamily
7404802,,undetermined,MapNA
7404802,,undetermined,MapExactID
7404802,,undetermined,MapExactMatch
7404802,,undetermined,MapLicenseFamily
7404802,,undetermined,MapFuzzyMatch
2292996,,undetermined,MapNA
2292996,,undetermined,MapExactID
2292996,,undetermined,MapExactMatch
2292996,,undetermined,MapLicenseFamily
589062,,undetermined,MapNA
589062,,undetermined,MapExactID
7339280,,undetermined,MapNA
7339280,,undetermined,MapExactID
7339280,,undetermined,MapExactMatch
7339280,,undetermined,MapLicenseFamily
589075,,undetermined,MapNA
589075,,undetermined,MapExactID
589075,,undetermined,MapExactMatch
589075,,undetermined,MapLicenseFamily
589075,,undetermined,MapFuzzyMatch
7470365,,undetermined,MapNA
7470365,,undetermined,MapExactID
7470365,,undetermined,MapExactMatch
7470365,,undetermined,MapLicenseFamily
7470365,,undetermined,MapFuzzyMatch
4979998,,undetermined,MapNA
4979998,,undetermined,MapExactID
4979998,,undetermined,MapExactMatch
4979998,,undetermined,MapLicenseFamily
326945,,undetermined,MapNA
326945,,undetermined,MapExactID
326945,,undetermined,MapExactMatch
326945,,undetermined,MapLicenseFamily
2489636,,undetermined,MapNA
2489636,,undetermined,MapExactID
2489636,,undetermined,MapExactMatch
2489636,,undetermined,MapLicenseFamily
3996966,,undetermined,MapNA
3996966,,undetermined,MapExactID
3996966,,undetermined,MapExactMatch
3996966,,undetermined,MapLicenseFamily
64807,,undetermined,MapNA
64807,,undetermined,MapExactID
64807,,undetermined,MapExactMatch
64807,,undetermined,MapLicenseFamily
5242153,,undetermined,MapNA
5242153,,undetermined,MapExactID
5242153,,undetermined,MapExactMatch
5242153,,undetermined,MapLicenseFamily
5242153,,undetermined,MapFuzzyMatch
2948396,,undetermined,MapNA
2948396,,undetermined,MapExactID
2948396,,undetermined,MapExactMatch
2948396,,undetermined,MapLicenseFamily
1572155,,undetermined,MapNA
3603771,,undetermined,MapNA
3603771,,undetermined,MapExactID
3603771,,undetermined,MapExactMatch
3603771,,undetermined,MapLicenseFamily
6356286,,undetermined,MapNA
6356286,,undetermined,MapExactID
6356286,,undetermined,MapExactMatch
6356286,,undetermined,MapLicenseFamily
3276096,,undetermined,MapNA
3276096,,undetermined,MapExactID
3276096,,undetermined,MapExactMatch
3276096,,undetermined,MapLicenseFamily
5045569,,undetermined,MapNA
5045569,,undetermined,MapExactID
5045569,,undetermined,MapExactMatch
5045569,,undetermined,MapLicenseFamily
3276098,,undetermined,MapNA
3276098,,undetermined,MapExactID
3276098,,undetermined,MapExactMatch
3276098,,undetermined,MapLicenseFamily
6356292,,undetermined,MapNA
6356292,,undetermined,MapExactID
6356292,,undetermined,MapExactMatch
6356292,,undetermined,MapLicenseFamily
130374,,undetermined,MapNA
130374,,undetermined,MapExactID
130374,,undetermined,MapExactMatch
130374,,undetermined,MapLicenseFamily
3276104,,undetermined,MapNA
3276104,,undetermined,MapExactID
3276104,,undetermined,MapExactMatch
3276104,,undetermined,MapLicenseFamily
589129,,undetermined,MapNA
589129,,undetermined,MapExactID
589129,,undetermined,MapExactMatch
589129,,undetermined,MapLicenseFamily
2227529,,undetermined,MapNA
2227529,,undetermined,MapExactID
2227529,,undetermined,MapExactMatch
2227529,,undetermined,MapLicenseFamily
2882890,,undetermined,MapNA
2882890,,undetermined,MapExactID
2882890,,undetermined,MapExactMatch
2882890,,undetermined,MapLicenseFamily
392526,,undetermined,MapNA
392526,,undetermined,MapExactID
392526,,undetermined,MapExactMatch
392526,,undetermined,MapLicenseFamily
5045585,,undetermined,MapNA
5045585,,undetermined,MapExactID
5045585,,undetermined,MapExactMatch
5045585,,undetermined,MapLicenseFamily
1113431,,undetermined,MapNA
1113431,,undetermined,MapExactID
1113431,,undetermined,MapExactMatch
1113431,,undetermined,MapLicenseFamily
3931487,,undetermined,MapNA
3931487,,undetermined,MapExactID
3931487,,undetermined,MapExactMatch
3931487,,undetermined,MapLicenseFamily
3079522,,undetermined,MapNA
3079522,,undetermined,MapExactID
3079522,,undetermined,MapExactMatch
3079522,,undetermined,MapLicenseFamily
327011,,undetermined,MapNA
327011,,undetermined,MapExactID
327011,,undetermined,MapExactMatch
327011,,undetermined,MapLicenseFamily
327011,,undetermined,MapFuzzyMatch
6159724,,undetermined,MapNA
6159724,,undetermined,MapExactID
6159724,,undetermined,MapExactMatch
6159724,,undetermined,MapLicenseFamily
6159724,,undetermined,MapFuzzyMatch
3603824,,undetermined,MapNA
3603824,,undetermined,MapExactID
3603824,,undetermined,MapExactMatch
3603824,,undetermined,MapLicenseFamily
1375607,,undetermined,MapNA
1375607,,undetermined,MapExactID
1375607,,undetermined,MapExactMatch
1375607,,undetermined,MapLicenseFamily
3931512,,undetermined,MapNA
3931512,,undetermined,MapExactID
3931512,,undetermined,MapExactMatch
3931512,,undetermined,MapLicenseFamily
4521347,,undetermined,MapNA
4521347,,undetermined,MapExactID
4521347,,undetermined,MapExactMatch
4521347,,undetermined,MapLicenseFamily
392580,,undetermined,MapNA
392580,,undetermined,MapExactID
392580,,undetermined,MapExactMatch
392580,,undetermined,MapLicenseFamily
261518,,undetermined,MapNA
261518,,undetermined,MapExactID
261518,,undetermined,MapExactMatch
261518,,undetermined,MapLicenseFamily
261518,,undetermined,MapFuzzyMatch
7273871,,undetermined,MapNA
7273871,,undetermined,MapExactID
7273871,,undetermined,MapExactMatch
7273871,,undetermined,MapLicenseFamily
4586907,,undetermined,MapNA
4586907,,undetermined,MapExactID
4586907,,undetermined,MapExactMatch
4586907,,undetermined,MapLicenseFamily
1965472,,undetermined,MapNA
1965472,,undetermined,MapExactID
1965472,,undetermined,MapExactMatch
1965472,,undetermined,MapLicenseFamily
1965472,,undetermined,MapFuzzyMatch
1834403,,undetermined,MapNA
1834403,,undetermined,MapExactID
1834403,,undetermined,MapExactMatch
1834403,,undetermined,MapLicenseFamily
2620837,,undetermined,MapNA
2620837,,undetermined,MapExactID
2620837,,undetermined,MapExactMatch
2620837,,undetermined,MapLicenseFamily
3603879,,undetermined,MapNA
3603879,,undetermined,MapExactID
3603879,,undetermined,MapExactMatch
3603879,,undetermined,MapLicenseFamily
3603892,,undetermined,MapNA
3603892,,undetermined,MapExactID
3603892,,undetermined,MapExactMatch
3603892,,undetermined,MapLicenseFamily
2686398,,undetermined,MapNA
2686398,,undetermined,MapExactID
2686398,,undetermined,MapExactMatch
2686398,,undetermined,MapLicenseFamily
7470532,,undetermined,MapNA
7470532,,undetermined,MapExactID
7470532,,undetermined,MapExactMatch
7470532,,undetermined,MapLicenseFamily
1113555,,undetermined,MapNA
1113555,,undetermined,MapExactID
1113555,,undetermined,MapExactMatch
1113555,,undetermined,MapLicenseFamily
1113565,,undetermined,MapNA
1113565,,undetermined,MapExactID
1113565,,undetermined,MapExactMatch
1113565,,undetermined,MapLicenseFamily
2162152,,undetermined,MapNA
2162152,,undetermined,MapExactID
2162152,,undetermined,MapExactMatch
2162152,,undetermined,MapLicenseFamily
5045744,,undetermined,MapNA
5045744,,undetermined,MapExactID
5045744,,undetermined,MapExactMatch
5045744,,undetermined,MapLicenseFamily
5045744,,undetermined,MapFuzzyMatch
4521481,,undetermined,MapNA
4521481,,undetermined,MapExactID
4521481,,undetermined,MapExactMatch
4521481,,undetermined,MapLicenseFamily
4521481,,undetermined,MapFuzzyMatch
65048,,undetermined,MapNA
65048,,undetermined,MapExactID
65048,,undetermined,MapExactMatch
65048,,undetermined,MapLicenseFamily
65048,,undetermined,MapFuzzyMatch
5766688,,undetermined,MapNA
5766688,,undetermined,MapExactID
5766688,,undetermined,MapExactMatch
5766688,,undetermined,MapLicenseFamily
4521506,,undetermined,MapNA
4521506,,undetermined,MapExactID
4521506,,undetermined,MapExactMatch
4521506,,undetermined,MapLicenseFamily
4521506,,undetermined,MapFuzzyMatch
720419,,undetermined,MapNA
720419,,undetermined,MapExactID
720419,,undetermined,MapExactMatch
720419,,undetermined,MapLicenseFamily
7470627,,undetermined,MapNA
7470627,,undetermined,MapExactID
7470627,,undetermined,MapExactMatch
7470627,,undetermined,MapLicenseFamily
3997224,,undetermined,MapNA
4193832,,undetermined,MapNA
4193832,,undetermined,MapExactID
4193832,,undetermined,MapExactMatch
4193832,,undetermined,MapLicenseFamily
5307946,,undetermined,MapNA
5307946,,undetermined,MapExactID
5307946,,undetermined,MapExactMatch
5307946,,undetermined,MapLicenseFamily
6356530,,undetermined,MapNA
6356530,,undetermined,MapExactID
6356530,,undetermined,MapExactMatch
6356530,,undetermined,MapLicenseFamily
5307959,,undetermined,MapNA
5307959,,undetermined,MapExactID
5307959,,undetermined,MapExactMatch
5307959,,undetermined,MapLicenseFamily
1769023,,undetermined,MapNA
1769023,,undetermined,MapExactID
1769023,,undetermined,MapExactMatch
1769023,,undetermined,MapLicenseFamily
6159963,,undetermined,MapNA
6159963,,undetermined,MapExactID
6159963,,undetermined,MapExactMatch
6159963,,undetermined,MapLicenseFamily
65117,,undetermined,MapNA
65117,,undetermined,MapExactID
65117,,undetermined,MapExactMatch
65117,,undetermined,MapLicenseFamily
65117,,undetermined,MapFuzzyMatch
65122,,undetermined,MapNA
65122,,undetermined,MapExactID
65122,,undetermined,MapExactMatch
65122,,undetermined,MapLicenseFamily
4980327,,undetermined,MapNA
4980327,,undetermined,MapExactID
4980327,,undetermined,MapExactMatch
4980327,,undetermined,MapLicenseFamily
7667304,,undetermined,MapNA
7667304,,undetermined,MapExactID
7667304,,undetermined,MapExactMatch
7667304,,undetermined,MapLicenseFamily
2096746,,undetermined,MapNA
2096746,,undetermined,MapExactID
2096746,,undetermined,MapExactMatch
2096746,,undetermined,MapLicenseFamily
3407474,,undetermined,MapNA
3407474,,undetermined,MapExactID
3407474,,undetermined,MapExactMatch
3407474,,undetermined,MapLicenseFamily
4128374,,undetermined,MapNA
4128374,,undetermined,MapExactID
4128374,,undetermined,MapExactMatch
4128374,,undetermined,MapLicenseFamily
7667318,,undetermined,MapNA
7667318,,undetermined,MapExactID
7667318,,undetermined,MapExactMatch
7667318,,undetermined,MapLicenseFamily
7601784,,undetermined,MapNA
7601784,,undetermined,MapExactID
7601784,,undetermined,MapExactMatch
7601784,,undetermined,MapLicenseFamily
6159993,,undetermined,MapNA
6159993,,undetermined,MapExactID
6159993,,undetermined,MapExactMatch
6159993,,undetermined,MapLicenseFamily
3014268,,undetermined,MapNA
3014268,,undetermined,MapExactID
3014268,,undetermined,MapExactMatch
3014268,,undetermined,MapLicenseFamily
6159999,,undetermined,MapNA
6159999,,undetermined,MapExactID
6159999,,undetermined,MapExactMatch
6159999,,undetermined,MapLicenseFamily
7536255,,undetermined,MapNA
7536255,,undetermined,MapExactID
7536255,,undetermined,MapExactMatch
7536255,,undetermined,MapLicenseFamily
720513,,undetermined,MapNA
720513,,undetermined,MapExactID
720513,,undetermined,MapExactMatch
720513,,undetermined,MapLicenseFamily
1113729,,undetermined,MapNA
1113729,,undetermined,MapExactID
1113729,,undetermined,MapExactMatch
1113729,,undetermined,MapLicenseFamily
3735172,,undetermined,MapNA
3735172,,undetermined,MapExactID
3735172,,undetermined,MapExactMatch
3735172,,undetermined,MapLicenseFamily
5766806,,undetermined,MapNA
5766806,,undetermined,MapExactID
5766806,,undetermined,MapExactMatch
5766806,,undetermined,MapLicenseFamily
5766806,,undetermined,MapFuzzyMatch
1900183,,undetermined,MapNA
1900183,,undetermined,MapExactID
1900183,,undetermined,MapExactMatch
1900183,,undetermined,MapLicenseFamily
6487707,,undetermined,MapNA
6487707,,undetermined,MapExactID
6487707,,undetermined,MapExactMatch
6487707,,undetermined,MapLicenseFamily
4652701,,undetermined,MapNA
4652701,,undetermined,MapExactID
4652701,,undetermined,MapExactMatch
4652701,,undetermined,MapLicenseFamily
7208607,,undetermined,MapNA
7208607,,undetermined,MapExactID
7208607,,undetermined,MapExactMatch
7208607,,undetermined,MapLicenseFamily
7208607,,undetermined,MapFuzzyMatch
523940,,undetermined,MapNA
523940,,undetermined,MapExactID
523940,,undetermined,MapExactMatch
523940,,undetermined,MapLicenseFamily
65192,,undetermined,MapNA
65192,,undetermined,MapExactID
65192,,undetermined,MapExactMatch
65192,,undetermined,MapLicenseFamily
65192,,undetermined,MapFuzzyMatch
6422184,,undetermined,MapNA
6422184,,undetermined,MapExactID
6422184,,undetermined,MapExactMatch
6422184,,undetermined,MapLicenseFamily
523946,,undetermined,MapNA
523946,,undetermined,MapExactID
523946,,undetermined,MapExactMatch
523946,,undetermined,MapLicenseFamily
65203,,undetermined,MapNA
65203,,undetermined,MapExactID
65203,,undetermined,MapExactMatch
65203,,undetermined,MapLicenseFamily
6946486,,undetermined,MapNA
6946486,,undetermined,MapExactID
6946486,,undetermined,MapExactMatch
6946486,,undetermined,MapLicenseFamily
2227908,,undetermined,MapNA
2227908,,undetermined,MapExactID
2227908,,undetermined,MapExactMatch
2227908,,undetermined,MapLicenseFamily
5045969,,undetermined,MapNA
5045969,,undetermined,MapExactID
5045969,,undetermined,MapExactMatch
5045969,,undetermined,MapLicenseFamily
65234,,undetermined,MapNA
65234,,undetermined,MapExactID
65234,,undetermined,MapExactMatch
65234,,undetermined,MapLicenseFamily
2555605,,undetermined,MapNA
2555605,,undetermined,MapExactID
2555605,,undetermined,MapExactMatch
2555605,,undetermined,MapLicenseFamily
2555605,,undetermined,MapFuzzyMatch
458455,,undetermined,MapNA
458455,,undetermined,MapExactID
458455,,undetermined,MapExactMatch
458455,,undetermined,MapLicenseFamily
523996,,undetermined,MapNA
523996,,undetermined,MapExactID
523996,,undetermined,MapExactMatch
523996,,undetermined,MapLicenseFamily
523998,,undetermined,MapNA
523998,,undetermined,MapExactID
523998,,undetermined,MapExactMatch
523998,,undetermined,MapLicenseFamily
2096873,,undetermined,MapNA
2096873,,undetermined,MapExactID
2096873,,undetermined,MapExactMatch
2096873,,undetermined,MapLicenseFamily
2096873,,undetermined,MapFuzzyMatch
1834730,,undetermined,MapNA
1834730,,undetermined,MapExactID
1834730,,undetermined,MapExactMatch
1834730,,undetermined,MapLicenseFamily
2359019,,undetermined,MapNA
2359019,,undetermined,MapExactID
2359019,,undetermined,MapExactMatch
2359019,,undetermined,MapLicenseFamily
130796,,undetermined,MapNA
130796,,undetermined,MapExactID
130796,,undetermined,MapExactMatch
130796,,undetermined,MapLicenseFamily
1572588,,undetermined,MapNA
1572588,,undetermined,MapExactID
1572588,,undetermined,MapExactMatch
1572588,,undetermined,MapLicenseFamily
6291180,,undetermined,MapNA
6291180,,undetermined,MapExactID
6291180,,undetermined,MapExactMatch
6291180,,undetermined,MapLicenseFamily
7208683,,undetermined,MapNA
7208683,,undetermined,MapExactID
7208683,,undetermined,MapExactMatch
7208683,,undetermined,MapLicenseFamily
2883313,,undetermined,MapNA
2883313,,undetermined,MapExactID
2883313,,undetermined,MapExactMatch
2883313,,undetermined,MapLicenseFamily
3735296,,undetermined,MapNA
3735296,,undetermined,MapExactID
3735296,,undetermined,MapExactMatch
3735296,,undetermined,MapLicenseFamily
2293506,,undetermined,MapNA
2293506,,undetermined,MapExactID
2293506,,undetermined,MapExactMatch
2293506,,undetermined,MapLicenseFamily
7274242,,undetermined,MapNA
7274242,,undetermined,MapExactID
7274242,,undetermined,MapExactMatch
7274242,,undetermined,MapLicenseFamily
5308167,,undetermined,MapNA
5504777,,undetermined,MapNA
5504777,,undetermined,MapExactID
5504777,,undetermined,MapExactMatch
5504777,,undetermined,MapLicenseFamily
5504777,,undetermined,MapFuzzyMatch
2686731,,undetermined,MapNA
2686731,,undetermined,MapExactID
2686731,,undetermined,MapExactMatch
2686731,,undetermined,MapLicenseFamily
4456205,,undetermined,MapNA
4456205,,undetermined,MapExactID
4456205,,undetermined,MapExactMatch
4456205,,undetermined,MapLicenseFamily
3735311,,undetermined,MapNA
3735311,,undetermined,MapExactID
3735311,,undetermined,MapExactMatch
3735311,,undetermined,MapLicenseFamily
392977,,undetermined,MapNA
392977,,undetermined,MapExactID
392977,,undetermined,MapExactMatch
392977,,undetermined,MapLicenseFamily
2883346,,undetermined,MapNA
2883346,,undetermined,MapExactID
2883346,,undetermined,MapExactMatch
2883346,,undetermined,MapLicenseFamily
1769240,,undetermined,MapNA
1769240,,undetermined,MapExactID
1769240,,undetermined,MapExactMatch
1769240,,undetermined,MapLicenseFamily
1769240,,undetermined,MapFuzzyMatch
720667,,undetermined,MapNA
720667,,undetermined,MapExactID
720667,,undetermined,MapExactMatch
720667,,undetermined,MapLicenseFamily
720667,,undetermined,MapFuzzyMatch
5766941,,undetermined,MapNA
5766941,,undetermined,MapExactID
5766941,,undetermined,MapExactMatch
5766941,,undetermined,MapLicenseFamily
3800862,,undetermined,MapNA
3800862,,undetermined,MapExactID
3800862,,undetermined,MapExactMatch
3800862,,undetermined,MapLicenseFamily
3800862,,undetermined,MapFuzzyMatch
4456223,,undetermined,MapNA
4456223,,undetermined,MapExactID
4456223,,undetermined,MapExactMatch
4456223,,undetermined,MapLicenseFamily
4456223,,undetermined,MapFuzzyMatch
5898013,,undetermined,MapNA
5898013,,undetermined,MapExactID
5898013,,undetermined,MapExactMatch
5898013,,undetermined,MapLicenseFamily
2228001,,undetermined,MapNA
2228001,,undetermined,MapExactID
2228001,,undetermined,MapExactMatch
2228001,,undetermined,MapLicenseFamily
4456238,,undetermined,MapNA
4456238,,undetermined,MapExactID
4456238,,undetermined,MapExactMatch
4456238,,undetermined,MapLicenseFamily
2883377,,undetermined,MapNA
2883377,,undetermined,MapExactID
2883377,,undetermined,MapExactMatch
2883377,,undetermined,MapLicenseFamily
3014454,,undetermined,MapNA
3014454,,undetermined,MapExactID
3014454,,undetermined,MapExactMatch
3014454,,undetermined,MapLicenseFamily
2948920,,undetermined,MapNA
2948920,,undetermined,MapExactID
2948920,,undetermined,MapExactMatch
2948920,,undetermined,MapLicenseFamily
1376059,,undetermined,MapNA
1376059,,undetermined,MapExactID
1376059,,undetermined,MapExactMatch
1376059,,undetermined,MapLicenseFamily
65343,,undetermined,MapNA
65343,,undetermined,MapExactID
65343,,undetermined,MapExactMatch
65343,,undetermined,MapLicenseFamily
5635907,,undetermined,MapNA
5635907,,undetermined,MapExactID
5635907,,undetermined,MapExactMatch
5635907,,undetermined,MapLicenseFamily
2883403,,undetermined,MapNA
2883403,,undetermined,MapExactID
2883403,,undetermined,MapExactMatch
2883403,,undetermined,MapLicenseFamily
5111632,,undetermined,MapNA
5111632,,undetermined,MapExactID
5111632,,undetermined,MapExactMatch
5111632,,undetermined,MapLicenseFamily
5111632,,undetermined,MapFuzzyMatch
4194129,,undetermined,MapNA
4194129,,undetermined,MapExactID
4194129,,undetermined,MapExactMatch
4194129,,undetermined,MapLicenseFamily
1703763,,undetermined,MapNA
3080024,,undetermined,MapNA
3080024,,undetermined,MapExactID
3080024,,undetermined,MapExactMatch
3080024,,undetermined,MapLicenseFamily
4980568,,undetermined,MapNA
4980568,,undetermined,MapExactID
4980568,,undetermined,MapExactMatch
4980568,,undetermined,MapLicenseFamily
6618974,,undetermined,MapNA
6618974,,undetermined,MapExactID
6618974,,undetermined,MapExactMatch
6618974,,undetermined,MapLicenseFamily
1900390,,undetermined,MapNA
1900390,,undetermined,MapExactID
1900390,,undetermined,MapExactMatch
1900390,,undetermined,MapLicenseFamily
5701481,,undetermined,MapNA
5701481,,undetermined,MapExactID
5701481,,undetermined,MapExactMatch
5701481,,undetermined,MapLicenseFamily
6618985,,undetermined,MapNA
6618985,,undetermined,MapExactID
6618985,,undetermined,MapExactMatch
6618985,,undetermined,MapLicenseFamily
65388,,undetermined,MapNA
65388,,undetermined,MapExactID
65388,,undetermined,MapExactMatch
65388,,undetermined,MapLicenseFamily
65388,,undetermined,MapFuzzyMatch
2555759,,undetermined,MapNA
2555759,,undetermined,MapExactID
2555759,,undetermined,MapExactMatch
2555759,,undetermined,MapLicenseFamily
2359153,,undetermined,MapNA
2359153,,undetermined,MapExactID
2359153,,undetermined,MapExactMatch
2359153,,undetermined,MapLicenseFamily
2555768,,undetermined,MapNA
2555768,,undetermined,MapExactID
2555768,,undetermined,MapExactMatch
2555768,,undetermined,MapLicenseFamily
655228,,undetermined,MapNA
655228,,undetermined,MapExactID
655228,,undetermined,MapExactMatch
655228,,undetermined,MapLicenseFamily
3407749,,undetermined,MapNA
3407749,,undetermined,MapExactID
3407749,,undetermined,MapExactMatch
3407749,,undetermined,MapLicenseFamily
4194181,,undetermined,MapNA
4194181,,undetermined,MapExactID
4194181,,undetermined,MapExactMatch
4194181,,undetermined,MapLicenseFamily
5242758,,undetermined,MapNA
5242758,,undetermined,MapExactID
5242758,,undetermined,MapExactMatch
5242758,,undetermined,MapLicenseFamily
3538828,,undetermined,MapNA
3538828,,undetermined,MapExactID
3538828,,undetermined,MapExactMatch
3538828,,undetermined,MapLicenseFamily
393102,,undetermined,MapNA
393102,,undetermined,MapExactID
393102,,undetermined,MapExactMatch
393102,,undetermined,MapLicenseFamily
393102,,undetermined,MapFuzzyMatch
3538831,,undetermined,MapNA
3538831,,undetermined,MapExactID
3538831,,undetermined,MapExactMatch
3538831,,undetermined,MapLicenseFamily
3538831,,undetermined,MapFuzzyMatch
7405454,,undetermined,MapNA
7405454,,undetermined,MapExactID
7405454,,undetermined,MapExactMatch
7405454,,undetermined,MapLicenseFamily
7143313,,undetermined,MapNA
7143313,,undetermined,MapExactID
7143313,,undetermined,MapExactMatch
7143313,,undetermined,MapLicenseFamily
7143313,,undetermined,MapFuzzyMatch
4587419,,undetermined,MapNA
4587419,,undetermined,MapExactID
4587419,,undetermined,MapExactMatch
4587419,,undetermined,MapLicenseFamily
2686877,,undetermined,MapNA
2686877,,undetermined,MapExactID
2686877,,undetermined,MapExactMatch
2686877,,undetermined,MapLicenseFamily
2883486,,undetermined,MapNA
2883486,,undetermined,MapExactID
2883486,,undetermined,MapExactMatch
2883486,,undetermined,MapLicenseFamily
7274411,,undetermined,MapNA
7274411,,undetermined,MapExactID
7274411,,undetermined,MapExactMatch
7274411,,undetermined,MapLicenseFamily
4915118,,undetermined,MapNA
4915118,,undetermined,MapExactID
4915118,,undetermined,MapExactMatch
4915118,,undetermined,MapLicenseFamily
2555829,,undetermined,MapNA
2555829,,undetermined,MapExactID
2555829,,undetermined,MapExactMatch
2555829,,undetermined,MapLicenseFamily
3801017,,undetermined,MapNA
3801017,,undetermined,MapExactID
3801017,,undetermined,MapExactMatch
3801017,,undetermined,MapLicenseFamily
7667642,,undetermined,MapNA
7667642,,undetermined,MapExactID
7667642,,undetermined,MapExactMatch
7667642,,undetermined,MapLicenseFamily
589757,,undetermined,MapNA
589757,,undetermined,MapExactID
589757,,undetermined,MapExactMatch
589757,,undetermined,MapLicenseFamily
589757,,undetermined,MapFuzzyMatch
3997631,,undetermined,MapNA
3997631,,undetermined,MapExactID
3997631,,undetermined,MapExactMatch
3997631,,undetermined,MapLicenseFamily
3997631,,undetermined,MapFuzzyMatch
2686913,,undetermined,MapNA
2686913,,undetermined,MapExactID
2686913,,undetermined,MapExactMatch
2686913,,undetermined,MapLicenseFamily
2686913,,undetermined,MapFuzzyMatch
6225859,,undetermined,MapNA
6225859,,undetermined,MapExactID
6225859,,undetermined,MapExactMatch
6225859,,undetermined,MapLicenseFamily
2359236,,undetermined,MapNA
2359236,,undetermined,MapExactID
2359236,,undetermined,MapExactMatch
2359236,,undetermined,MapLicenseFamily
2949062,,undetermined,MapNA
2949062,,undetermined,MapExactID
2949062,,undetermined,MapExactMatch
2949062,,undetermined,MapLicenseFamily
1769416,,undetermined,MapNA
1769416,,undetermined,MapExactID
1769416,,undetermined,MapExactMatch
1769416,,undetermined,MapLicenseFamily
3735500,,undetermined,MapNA
3735500,,undetermined,MapExactID
3735500,,undetermined,MapExactMatch
3735500,,undetermined,MapLicenseFamily
2949077,,undetermined,MapNA
2949077,,undetermined,MapExactID
2949077,,undetermined,MapExactMatch
2949077,,undetermined,MapLicenseFamily
2949077,,undetermined,MapFuzzyMatch
2555872,,undetermined,MapNA
2555872,,undetermined,MapExactID
2555872,,undetermined,MapExactMatch
2555872,,undetermined,MapLicenseFamily
7667680,,undetermined,MapNA
7667680,,undetermined,MapExactID
7667680,,undetermined,MapExactMatch
7667680,,undetermined,MapLicenseFamily
65509,,undetermined,MapNA
3080166,,undetermined,MapNA
3080166,,undetermined,MapExactID
3080166,,undetermined,MapExactMatch
3080166,,undetermined,MapLicenseFamily
6225895,,undetermined,MapNA
6225895,,undetermined,MapExactID
6225895,,undetermined,MapExactMatch
6225895,,undetermined,MapLicenseFamily
3014636,,undetermined,MapNA
3014636,,undetermined,MapExactID
3014636,,undetermined,MapExactMatch
3014636,,undetermined,MapLicenseFamily
2949102,,undetermined,MapNA
2949102,,undetermined,MapExactID
2949102,,undetermined,MapExactMatch
2949102,,undetermined,MapLicenseFamily
3276783,,undetermined,MapNA
3276783,,undetermined,MapExactID
3276783,,undetermined,MapExactMatch
3276783,,undetermined,MapLicenseFamily
131058,,undetermined,MapNA
131058,,undetermined,MapExactID
327668,,undetermined,MapNA
327668,,undetermined,MapExactID
327668,,undetermined,MapExactMatch
327668,,undetermined,MapLicenseFamily
327668,,undetermined,MapFuzzyMatch
327670,,undetermined,MapNA
327670,,undetermined,MapExactID
327670,,undetermined,MapExactMatch
327670,,undetermined,MapLicenseFamily
327670,,undetermined,MapFuzzyMatch
3342328,,undetermined,MapNA
3342328,,undetermined,MapExactID
3342328,,undetermined,MapExactMatch
3342328,,undetermined,MapLicenseFamily
6094844,,undetermined,MapNA
6094844,,undetermined,MapExactID
6094844,,undetermined,MapExactMatch
6094844,,undetermined,MapLicenseFamily
