idx,license,mapping_type,map_name
0,MIT,spdx_id,MapExactID
1,Apache-2.0,spdx_id,MapExactID
2949130,ISO-permission,spdx_id,MapFuzzyMatch
2555918,CC0-1.0,spdx_id,MapFuzzyMatch
15,GPL-3.0,spdx_id,MapExactID
16,,unknown,MapNA
3538962,Apache-1.0,spdx_id,MapFuzzyMatch
21,BSD-3-Clause-No-Nuclear-License,spdx_id,MapFuzzyMatch
34,MIT,spdx_id,MapFuzzyMatch
5701671,MIT,spdx_id,MapFuzzyMatch
3735596,ISO-permission,spdx_id,MapFuzzyMatch
2293811,ISO-permission,spdx_id,MapFuzzyMatch
2162743,ISO-permission,spdx_id,MapFuzzyMatch
2687036,MIT,spdx_id,MapFuzzyMatch
65,Apache-1.1,spdx_id,MapFuzzyMatch
76,AGPL,license_family,MapLicenseFamily
1441870,GD,spdx_id,MapFuzzyMatch
5570638,ISO-permission,spdx_id,MapFuzzyMatch
5898320,MIT,spdx_id,MapFuzzyMatch
6094927,Apache-1.0,spdx_id,MapFuzzyMatch
1441882,MIT,spdx_id,MapFuzzyMatch
720991,MIT,spdx_id,MapFuzzyMatch
5308513,copyleft-next-0.3.0,spdx_id,MapFuzzyMatch
2359399,BUSL-1.1,spdx_id,MapFuzzyMatch
4128871,ISO-permission,spdx_id,MapFuzzyMatch
5439602,MIT,spdx_id,MapFuzzyMatch
655476,NIST-Software,spdx_id,MapFuzzyMatch
3735671,MIT,spdx_id,MapFuzzyMatch
6160506,MIT,spdx_id,MapFuzzyMatch
123,,unknown,MapNA
6160507,BSD-1-Clause,spdx_id,MapFuzzyMatch
3080320,BSD-3-Clause,spdx_id,MapFuzzyMatch
196739,,unknown,MapNA
2490506,Apache-1.0,spdx_id,MapFuzzyMatch
2556044,LGPL-2.1,spdx_id,MapFuzzyMatch
327822,MIT,spdx_id,MapFuzzyMatch
2490513,MIT,spdx_id,MapFuzzyMatch
2883731,MIT,spdx_id,MapFuzzyMatch
3276951,MIT,spdx_id,MapFuzzyMatch
327833,MIT,spdx_id,MapFuzzyMatch
2359452,BUSL-1.1,spdx_id,MapFuzzyMatch
6291612,MIT,spdx_id,MapFuzzyMatch
3080350,ISO-permission,spdx_id,MapFuzzyMatch
1048736,MIT,spdx_id,MapFuzzyMatch
1441952,MIT,spdx_id,MapFuzzyMatch
5439646,MIT,spdx_id,MapFuzzyMatch
5439649,MIT,spdx_id,MapFuzzyMatch
5898401,QPL-1.0,spdx_id,MapFuzzyMatch
6488225,MIT,spdx_id,MapFuzzyMatch
2228394,MIT,spdx_id,MapFuzzyMatch
5439658,ISO-permission,spdx_id,MapFuzzyMatch
3276988,MIT,spdx_id,MapFuzzyMatch
2162878,BUSL-1.1,spdx_id,MapFuzzyMatch
6619328,BSD-1-Clause,spdx_id,MapFuzzyMatch
200,BSD-2-Clause,spdx_id,MapExactID
203,GPL-3.0,spdx_id,MapExactID
5701837,MIT,spdx_id,MapFuzzyMatch
1048783,GPL-2.0,spdx_id,MapFuzzyMatch
1442001,Apache-2.0,spdx_id,MapFuzzyMatch
4456658,MIT,spdx_id,MapFuzzyMatch
5439698,MIT,spdx_id,MapFuzzyMatch
327894,MIT,spdx_id,MapFuzzyMatch
2293978,ISO-permission,spdx_id,MapFuzzyMatch
7405796,MIT,spdx_id,MapFuzzyMatch
196840,MIT,spdx_id,MapFuzzyMatch
393449,MIT,spdx_id,MapFuzzyMatch
5505261,ISO-permission,spdx_id,MapFuzzyMatch
65779,MIT,spdx_id,MapFuzzyMatch
5439732,ISO-permission,spdx_id,MapFuzzyMatch
65790,MIT,spdx_id,MapFuzzyMatch
6488324,MIT,spdx_id,MapFuzzyMatch
2621702,MIT,spdx_id,MapFuzzyMatch
3670285,MIT,spdx_id,MapFuzzyMatch
4522278,MIT,spdx_id,MapFuzzyMatch
2621735,MIT,spdx_id,MapFuzzyMatch
298,BSD-3-Clause-No-Nuclear-License,spdx_id,MapFuzzyMatch
300,Apache-2.0,spdx_id,MapExactID
7143725,ISO-permission,spdx_id,MapFuzzyMatch
1442097,NIST-Software,spdx_id,MapFuzzyMatch
196914,Mup,spdx_id,MapFuzzyMatch
316,MIT,spdx_id,MapExactMatch
2097469,LGPL-3.0,spdx_id,MapFuzzyMatch
2490686,MIT,spdx_id,MapFuzzyMatch
325,MIT,spdx_id,MapFuzzyMatch
5898565,MIT,spdx_id,MapFuzzyMatch
327,OGTSL,spdx_id,MapFuzzyMatch
1376584,Apache-2.0,spdx_id,MapFuzzyMatch
5898567,LGPL-2.0,spdx_id,MapExactID
7209290,MIT,spdx_id,MapFuzzyMatch
6291787,MIT,spdx_id,MapFuzzyMatch
332,BSD-1-Clause,spdx_id,MapFuzzyMatch
6553937,MIT,spdx_id,MapFuzzyMatch
393566,MIT,spdx_id,MapFuzzyMatch
3735907,MIT,spdx_id,MapFuzzyMatch
5505384,ISO-permission,spdx_id,MapFuzzyMatch
2359672,MIT,spdx_id,MapFuzzyMatch
382,MIT,spdx_id,MapExactID
4850055,MIT,spdx_id,MapFuzzyMatch
328073,BSD-3-Clause-Clear,spdx_id,MapExactID
7471499,Apache-1.0,spdx_id,MapFuzzyMatch
4587923,MIT,spdx_id,MapFuzzyMatch
1442197,Apache-2.0,spdx_id,MapFuzzyMatch
4587928,MIT,spdx_id,MapFuzzyMatch
4587929,MIT,spdx_id,MapFuzzyMatch
6947226,MIT,spdx_id,MapFuzzyMatch
3342753,MIT,spdx_id,MapFuzzyMatch
5046699,MIT,spdx_id,MapFuzzyMatch
5046709,MIT,spdx_id,MapFuzzyMatch
655798,ISO-permission,spdx_id,MapFuzzyMatch
2884024,ISO-permission,spdx_id,MapFuzzyMatch
3736000,MIT,spdx_id,MapFuzzyMatch
2949570,MIT,spdx_id,MapFuzzyMatch
4129220,MIT,spdx_id,MapFuzzyMatch
2884038,MIT,spdx_id,MapFuzzyMatch
459217,Fair,spdx_id,MapFuzzyMatch
7209431,ISO-permission,spdx_id,MapFuzzyMatch
7012836,MIT,spdx_id,MapFuzzyMatch
2163173,MIT,spdx_id,MapFuzzyMatch
6357486,MIT,spdx_id,MapFuzzyMatch
2163197,MIT,spdx_id,MapFuzzyMatch
3801600,GPL-3.0,spdx_id,MapFuzzyMatch
2753029,MIT,spdx_id,MapFuzzyMatch
2163208,LGPL-2.0,spdx_id,MapFuzzyMatch
6226458,Apache-1.0,spdx_id,MapFuzzyMatch
4981275,Apache-1.0,spdx_id,MapFuzzyMatch
4981280,copyleft-next-0.3.0,spdx_id,MapFuzzyMatch
2228769,MIT,spdx_id,MapFuzzyMatch
655910,Apache-1.0,spdx_id,MapFuzzyMatch
5308966,MIT,spdx_id,MapFuzzyMatch
3867181,MIT,spdx_id,MapFuzzyMatch
4981293,copyleft-next-0.3.0,spdx_id,MapFuzzyMatch
3801647,ISO-permission,spdx_id,MapFuzzyMatch
4063791,MIT,spdx_id,MapFuzzyMatch
5702192,MIT,spdx_id,MapFuzzyMatch
563,Apache-2.0,spdx_id,MapExactMatch
570,BSD,license_family,MapLicenseFamily
4981318,MIT,spdx_id,MapFuzzyMatch
2753095,MIT,spdx_id,MapFuzzyMatch
459337,MIT,spdx_id,MapFuzzyMatch
5046872,MIT,spdx_id,MapFuzzyMatch
6292061,MIT,spdx_id,MapFuzzyMatch
2163295,NIST-Software,spdx_id,MapFuzzyMatch
655969,MIT,spdx_id,MapFuzzyMatch
7209570,MIT,spdx_id,MapFuzzyMatch
7275108,MIT,spdx_id,MapFuzzyMatch
6488679,BUSL-1.1,spdx_id,MapFuzzyMatch
4063855,MIT,spdx_id,MapFuzzyMatch
1442416,Apache-2.0,spdx_id,MapFuzzyMatch
2228848,ISO-permission,spdx_id,MapFuzzyMatch
6619760,ISO-permission,spdx_id,MapFuzzyMatch
524915,MIT,spdx_id,MapFuzzyMatch
1049210,MIT,spdx_id,MapFuzzyMatch
4194939,BSD-1-Clause,spdx_id,MapFuzzyMatch
5243518,MIT,spdx_id,MapFuzzyMatch
7078529,GPL-1.0,spdx_id,MapFuzzyMatch
7340678,MIT,spdx_id,MapFuzzyMatch
5309066,Apache-1.0,spdx_id,MapFuzzyMatch
459410,ISO-permission,spdx_id,MapFuzzyMatch
6423188,Apache-1.0,spdx_id,MapFuzzyMatch
4063903,Apache-1.0,spdx_id,MapFuzzyMatch
7340713,MIT,spdx_id,MapFuzzyMatch
3539637,MIT,spdx_id,MapFuzzyMatch
5898933,copyleft-next-0.3.0,spdx_id,MapFuzzyMatch
3277501,MIT,spdx_id,MapFuzzyMatch
2753218,Python-2.0,spdx_id,MapFuzzyMatch
1835719,LGPL-2.1,spdx_id,MapFuzzyMatch
4457164,ISO-permission,spdx_id,MapFuzzyMatch
4129485,MIT,spdx_id,MapFuzzyMatch
6423256,FTL,spdx_id,MapFuzzyMatch
3408601,NIST-Software,spdx_id,MapFuzzyMatch
4981473,APSL-2.0,spdx_id,MapFuzzyMatch
131812,MIT,spdx_id,MapFuzzyMatch
3408618,MIT,spdx_id,MapFuzzyMatch
6292209,GPL-2.0,spdx_id,MapFuzzyMatch
328438,Apache-1.0,spdx_id,MapFuzzyMatch
393975,GPL-3.0,spdx_id,MapFuzzyMatch
7209726,copyleft-next-0.3.0,spdx_id,MapFuzzyMatch
1114880,MIT,spdx_id,MapFuzzyMatch
1049345,GPL-1.0,spdx_id,MapFuzzyMatch
2228992,MIT,spdx_id,MapFuzzyMatch
5440260,MIT,spdx_id,MapFuzzyMatch
525063,MIT,spdx_id,MapFuzzyMatch
1835785,ISO-permission,spdx_id,MapFuzzyMatch
66318,EUPL-1.2,spdx_id,MapExactID
4981524,MIT,spdx_id,MapFuzzyMatch
6554391,ISO-permission,spdx_id,MapFuzzyMatch
6619933,AML,spdx_id,MapFuzzyMatch
1835806,MIT,spdx_id,MapFuzzyMatch
2753318,MIT,spdx_id,MapFuzzyMatch
5571377,AGPL-1.0,spdx_id,MapFuzzyMatch
7602998,PPL,spdx_id,MapFuzzyMatch
4457276,GPL-3.0,spdx_id,MapFuzzyMatch
6161215,ISO-permission,spdx_id,MapFuzzyMatch
7209794,MIT,spdx_id,MapFuzzyMatch
7603011,MIT,spdx_id,MapFuzzyMatch
7668546,BSD-1-Clause,spdx_id,MapFuzzyMatch
4522824,MIT,spdx_id,MapFuzzyMatch
6161229,ISO-permission,spdx_id,MapFuzzyMatch
3801943,ISO-permission,spdx_id,MapFuzzyMatch
7144286,MIT,spdx_id,MapFuzzyMatch
866,AGPL-3.0,spdx_id,MapExactID
3343211,Apache-1.1,spdx_id,MapFuzzyMatch
2360190,MIT,spdx_id,MapFuzzyMatch
4195198,MIT,spdx_id,MapFuzzyMatch
525186,MIT,spdx_id,MapFuzzyMatch
2884482,Apache-1.0,spdx_id,MapFuzzyMatch
900,AGPL,license_family,MapLicenseFamily
2950021,ISO-permission,spdx_id,MapFuzzyMatch
910,EPL-2.0,spdx_id,MapExactMatch
4195214,MIT,spdx_id,MapFuzzyMatch
525203,MIT,spdx_id,MapFuzzyMatch
5309332,ISO-permission,spdx_id,MapFuzzyMatch
6357907,MIT,spdx_id,MapFuzzyMatch
525206,MIT,spdx_id,MapFuzzyMatch
525207,Apache-2.0,spdx_id,MapFuzzyMatch
3343258,MIT,spdx_id,MapFuzzyMatch
7472028,Apache-1.0,spdx_id,MapFuzzyMatch
7144352,BSD-1-Clause,spdx_id,MapFuzzyMatch
3998626,MIT,spdx_id,MapFuzzyMatch
5309347,MIT,spdx_id,MapFuzzyMatch
2556837,MIT,spdx_id,MapFuzzyMatch
2556842,MIT,spdx_id,MapFuzzyMatch
3408815,MIT,spdx_id,MapFuzzyMatch
721841,MIT,spdx_id,MapFuzzyMatch
2753459,BSD-1-Clause,spdx_id,MapFuzzyMatch
4457404,NetCDF,spdx_id,MapFuzzyMatch
721856,ISO-permission,spdx_id,MapFuzzyMatch
1901508,GPL-3.0,spdx_id,MapFuzzyMatch
6620110,MIT,spdx_id,MapFuzzyMatch
2753492,CC-BY-1.0,spdx_id,MapFuzzyMatch
3277785,MIT,spdx_id,MapFuzzyMatch
3802073,MIT,spdx_id,MapFuzzyMatch
1442780,CECILL-1.1,spdx_id,MapFuzzyMatch
4195297,MIT,spdx_id,MapFuzzyMatch
6161380,BSD-Source-Code,spdx_id,MapFuzzyMatch
197605,AFL-1.1,spdx_id,MapFuzzyMatch
6489060,Apache-2.0,spdx_id,MapFuzzyMatch
7472113,MIT,spdx_id,MapFuzzyMatch
3539955,MIT,spdx_id,MapFuzzyMatch
5833716,copyleft-next-0.3.0,spdx_id,MapFuzzyMatch
656382,MIT,spdx_id,MapFuzzyMatch
3343360,MIT,spdx_id,MapFuzzyMatch
3736578,Apache-2.0,spdx_id,MapFuzzyMatch
1032,GPL,license_family,MapLicenseFamily
2163722,MIT,spdx_id,MapFuzzyMatch
7472149,MIT,spdx_id,MapFuzzyMatch
3998742,MIT,spdx_id,MapFuzzyMatch
2950168,MIT,spdx_id,MapFuzzyMatch
5047328,MIT,spdx_id,MapFuzzyMatch
6489121,MIT,spdx_id,MapFuzzyMatch
3474467,,unknown,MapNA
1836070,MIT,spdx_id,MapFuzzyMatch
7210023,MIT,spdx_id,MapFuzzyMatch
1836072,MIT,spdx_id,MapFuzzyMatch
7210024,MIT,spdx_id,MapFuzzyMatch
7472168,MIT,spdx_id,MapFuzzyMatch
1377325,AGPL-3.0,spdx_id,MapFuzzyMatch
3015726,NIST-Software,spdx_id,MapFuzzyMatch
2884657,GPL-3.0,spdx_id,MapFuzzyMatch
4850739,MIT,spdx_id,MapFuzzyMatch
3933236,copyleft-next-0.3.0,spdx_id,MapFuzzyMatch
6292536,ISO-permission,spdx_id,MapFuzzyMatch
7472187,MIT,spdx_id,MapFuzzyMatch
5440573,WTFPL,spdx_id,MapExactMatch
2360388,MIT,spdx_id,MapFuzzyMatch
525392,MIT,spdx_id,MapFuzzyMatch
1105,MIT,spdx_id,MapFuzzyMatch
3605585,MIT,spdx_id,MapFuzzyMatch
5243987,CC-BY-4.0,spdx_id,MapFuzzyMatch
525400,MIT,spdx_id,MapFuzzyMatch
3540063,Apache-1.0,spdx_id,MapFuzzyMatch
6358116,ISO-permission,spdx_id,MapFuzzyMatch
1049701,Apache-2.0,spdx_id,MapFuzzyMatch
2229352,MIT,spdx_id,MapFuzzyMatch
525422,MIT,spdx_id,MapFuzzyMatch
6554733,MIT,spdx_id,MapFuzzyMatch
3998847,copyleft-next-0.3.0,spdx_id,MapFuzzyMatch
2557065,Apache-1.0,spdx_id,MapFuzzyMatch
3409034,BSD-1-Clause,spdx_id,MapFuzzyMatch
197772,AGPL-3.0,spdx_id,MapFuzzyMatch
3605647,Apache-1.0,spdx_id,MapFuzzyMatch
3015824,Unlicense,spdx_id,MapFuzzyMatch
4850835,BSD-Protection,spdx_id,MapFuzzyMatch
2229410,ISO-permission,spdx_id,MapFuzzyMatch
5112994,BSD-1-Clause,spdx_id,MapFuzzyMatch
5244068,MIT,spdx_id,MapFuzzyMatch
3409068,ISO-permission,spdx_id,MapFuzzyMatch
5440691,ISO-permission,spdx_id,MapFuzzyMatch
5637299,MIT,spdx_id,MapFuzzyMatch
7275704,MIT,spdx_id,MapFuzzyMatch
5768379,MIT,spdx_id,MapFuzzyMatch
2819260,MIT,spdx_id,MapFuzzyMatch
591037,MIT,spdx_id,MapFuzzyMatch
2950332,ISO-permission,spdx_id,MapFuzzyMatch
2294975,MIT,spdx_id,MapFuzzyMatch
3933376,BSD-1-Clause,spdx_id,MapFuzzyMatch
7210172,MIT,spdx_id,MapFuzzyMatch
7275710,GPL-2.0,spdx_id,MapFuzzyMatch
4195523,MIT,spdx_id,MapFuzzyMatch
2426054,MIT,spdx_id,MapFuzzyMatch
3671239,Apache-2.0,spdx_id,MapExactMatch
7341256,MIT,spdx_id,MapFuzzyMatch
4130000,MIT,spdx_id,MapFuzzyMatch
6292689,MIT,spdx_id,MapFuzzyMatch
3671262,MIT,spdx_id,MapFuzzyMatch
525535,ISO-permission,spdx_id,MapFuzzyMatch
5113054,AGPL-3.0,spdx_id,MapFuzzyMatch
1253,MIT,spdx_id,MapExactMatch
2950374,OSL-1.1,spdx_id,MapFuzzyMatch
1257,WTFPL,spdx_id,MapExactID
591082,ISO-permission,spdx_id,MapFuzzyMatch
3933433,MIT,spdx_id,MapFuzzyMatch
2557181,Apache-2.0,spdx_id,MapExactMatch
4457744,BSD-1-Clause,spdx_id,MapFuzzyMatch
4457747,ISO-permission,spdx_id,MapFuzzyMatch
5637399,MIT,spdx_id,MapFuzzyMatch
591129,MIT,spdx_id,MapFuzzyMatch
591130,ISO-permission,spdx_id,MapFuzzyMatch
328987,BSD-1-Clause,spdx_id,MapFuzzyMatch
3474716,BSD-1-Clause,spdx_id,MapFuzzyMatch
3474717,BSD-1-Clause,spdx_id,MapFuzzyMatch
3933467,MIT,spdx_id,MapFuzzyMatch
5506334,ANTLR-PD,spdx_id,MapFuzzyMatch
4457761,GPL-2.0-or-later,spdx_id,MapFuzzyMatch
2753827,MIT,spdx_id,MapFuzzyMatch
4457766,Apache-1.1,spdx_id,MapFuzzyMatch
6096168,MIT,spdx_id,MapFuzzyMatch
4523305,BSD-Source-Code,spdx_id,MapFuzzyMatch
5899561,Apache-2.0,spdx_id,MapFuzzyMatch
1330,ISO-permission,spdx_id,MapFuzzyMatch
3736882,MIT,spdx_id,MapFuzzyMatch
5637434,ISO-permission,spdx_id,MapFuzzyMatch
3736893,MIT,spdx_id,MapFuzzyMatch
2819394,CC-BY-3.0,spdx_id,MapFuzzyMatch
4457800,Apache-1.0,spdx_id,MapFuzzyMatch
329034,MIT,spdx_id,MapFuzzyMatch
4457814,Apache-1.0,spdx_id,MapFuzzyMatch
4457818,Apache-1.0,spdx_id,MapFuzzyMatch
329051,ISO-permission,spdx_id,MapFuzzyMatch
1378,MIT,spdx_id,MapFuzzyMatch
263523,MIT,spdx_id,MapFuzzyMatch
6096235,AGPL-3.0,spdx_id,MapFuzzyMatch
1390,MPL-2.0,spdx_id,MapExactID
2884976,MIT,spdx_id,MapFuzzyMatch
4457842,Apache-1.0,spdx_id,MapFuzzyMatch
656759,Apache-2.0,spdx_id,MapFuzzyMatch
4523387,MIT,spdx_id,MapFuzzyMatch
3933564,MIT,spdx_id,MapFuzzyMatch
3999107,LGPL-3.0,spdx_id,MapFuzzyMatch
6948239,MIT,spdx_id,MapFuzzyMatch
7603601,Apache-2.0,spdx_id,MapExactMatch
5113241,MIT,spdx_id,MapFuzzyMatch
66977,BSD-3-Clause-No-Nuclear-License,spdx_id,MapFuzzyMatch
1967532,BSD-3-Clause,spdx_id,MapExactMatch
4982190,MIT,spdx_id,MapFuzzyMatch
3671474,MulanPSL-1.0,spdx_id,MapFuzzyMatch
1967546,MIT,spdx_id,MapFuzzyMatch
1050048,APSL-2.0,spdx_id,MapFuzzyMatch
67010,MIT,spdx_id,MapFuzzyMatch
5440970,ISO-permission,spdx_id,MapFuzzyMatch
2819534,Apache-1.0,spdx_id,MapFuzzyMatch
2164175,MIT,spdx_id,MapFuzzyMatch
7603668,MIT,spdx_id,MapFuzzyMatch
3999192,MIT,spdx_id,MapFuzzyMatch
2295261,MIT,spdx_id,MapFuzzyMatch
6620638,MIT,spdx_id,MapFuzzyMatch
132591,CC0,license_family,MapLicenseFamily
7210483,MPL-2.0-no-copyleft-exception,spdx_id,MapExactMatch
67065,MIT,spdx_id,MapFuzzyMatch
67068,MIT,spdx_id,MapFuzzyMatch
2164224,MIT,spdx_id,MapFuzzyMatch
198150,MIT,spdx_id,MapFuzzyMatch
1544,Apache-2.0,spdx_id,MapFuzzyMatch
263693,PSF-2.0,spdx_id,MapFuzzyMatch
394765,AGPL-3.0,spdx_id,MapFuzzyMatch
1967634,SMAIL-GPL,spdx_id,MapFuzzyMatch
656916,CC0,license_family,MapLicenseFamily
329240,ISO-permission,spdx_id,MapFuzzyMatch
525848,CC-BY-4.0,spdx_id,MapFuzzyMatch
3474979,MIT,spdx_id,MapFuzzyMatch
6293027,MIT,spdx_id,MapFuzzyMatch
5834278,MIT,spdx_id,MapFuzzyMatch
1575,MPL-2.0,spdx_id,MapExactID
525866,MIT,spdx_id,MapFuzzyMatch
2426410,MIT,spdx_id,MapFuzzyMatch
5113394,LPD-document,spdx_id,MapFuzzyMatch
5572148,Apache-2.0,spdx_id,MapFuzzyMatch
1902142,Apache-1.0,spdx_id,MapFuzzyMatch
7603776,MIT,spdx_id,MapFuzzyMatch
2164289,Apache-1.0,spdx_id,MapFuzzyMatch
3933762,MIT,spdx_id,MapExactMatch
2295363,MIT,spdx_id,MapFuzzyMatch
3475016,MIT,spdx_id,MapFuzzyMatch
5113422,BSD-1-Clause,spdx_id,MapFuzzyMatch
5113426,BSD-3-Clause,spdx_id,MapFuzzyMatch
5834328,MIT,spdx_id,MapFuzzyMatch
3147357,MIT,spdx_id,MapFuzzyMatch
5506655,MIT,spdx_id,MapFuzzyMatch
1650,BSD-2-Clause,spdx_id,MapExactID
1651,BSD-3-Clause,spdx_id,MapExactID
2426485,BSD-1-Clause,spdx_id,MapFuzzyMatch
7472757,Apache-2.0,spdx_id,MapFuzzyMatch
67192,MIT,spdx_id,MapFuzzyMatch
394872,MIT,spdx_id,MapFuzzyMatch
3671690,BSL-1.0,spdx_id,MapFuzzyMatch
1902225,BSD-2-Clause,spdx_id,MapFuzzyMatch
132769,MIT,spdx_id,MapFuzzyMatch
591533,ISO-permission,spdx_id,MapFuzzyMatch
132789,Apache-2.0,spdx_id,MapFuzzyMatch
2426553,EUPL-1.2,spdx_id,MapFuzzyMatch
3147453,Apache-1.0,spdx_id,MapFuzzyMatch
5048002,MIT,spdx_id,MapFuzzyMatch
2492122,ISO-permission,spdx_id,MapFuzzyMatch
3344094,Intel,spdx_id,MapFuzzyMatch
6227689,Apache-2.0,spdx_id,MapFuzzyMatch
3147500,Apache-1.0,spdx_id,MapFuzzyMatch
591610,MIT,spdx_id,MapFuzzyMatch
1788,BSD-2-Clause,spdx_id,MapFuzzyMatch
6358780,MIT,spdx_id,MapFuzzyMatch
6096653,Apache-2.0,spdx_id,MapFuzzyMatch
6162191,Apache-1.0,spdx_id,MapFuzzyMatch
5834519,MIT,spdx_id,MapFuzzyMatch
2492184,MIT,spdx_id,MapFuzzyMatch
2098974,MIT,spdx_id,MapFuzzyMatch
1574717,BSD-3-Clause,spdx_id,MapFuzzyMatch
3016512,ISO-permission,spdx_id,MapFuzzyMatch
1859,GPL-3.0,spdx_id,MapFuzzyMatch
2361156,Apache-1.0,spdx_id,MapFuzzyMatch
2361170,Artistic-1.0,spdx_id,MapFuzzyMatch
198496,AGPL-3.0,spdx_id,MapFuzzyMatch
3147616,Apache-1.0,spdx_id,MapFuzzyMatch
3147617,Apache-1.0,spdx_id,MapFuzzyMatch
6227814,BSD-1-Clause,spdx_id,MapFuzzyMatch
1378152,MIT,spdx_id,MapFuzzyMatch
2426730,Apache-1.0,spdx_id,MapFuzzyMatch
7669620,LGPL-2.1,spdx_id,MapFuzzyMatch
6162294,Apache-1.0,spdx_id,MapFuzzyMatch
1705850,MPL-2.0,spdx_id,MapFuzzyMatch
722821,MIT,spdx_id,MapFuzzyMatch
3147653,Apache-1.0,spdx_id,MapFuzzyMatch
6096789,Apache-2.0,spdx_id,MapFuzzyMatch
6424471,GPL-3.0,spdx_id,MapFuzzyMatch
3344303,Apache-2.0,spdx_id,MapExactMatch
1978,BSD-3-Clause-No-Nuclear-License,spdx_id,MapFuzzyMatch
1443772,MIT,spdx_id,MapFuzzyMatch
5834684,MIT,spdx_id,MapFuzzyMatch
1988,CC-BY-ND,license_family,MapLicenseFamily
2492359,BSD-3-Clause,spdx_id,MapFuzzyMatch
7407559,OSL-1.1,spdx_id,MapFuzzyMatch
2006,copyleft-next-0.3.0,spdx_id,MapFuzzyMatch
1312729,MIT,spdx_id,MapFuzzyMatch
264158,GPL-3.0,spdx_id,MapFuzzyMatch
6227937,MIT,spdx_id,MapFuzzyMatch
1312746,Apache-2.0,spdx_id,MapFuzzyMatch
2041,Apache-1.0,spdx_id,MapFuzzyMatch
198658,MIT,spdx_id,MapFuzzyMatch
6293507,ISO-permission,spdx_id,MapFuzzyMatch
6096905,BSD-1-Clause,spdx_id,MapFuzzyMatch
3737611,ISO-permission,spdx_id,MapFuzzyMatch
2295827,BSD-3-Clause,spdx_id,MapFuzzyMatch
3541023,MIT,spdx_id,MapFuzzyMatch
3934242,ISO-permission,spdx_id,MapFuzzyMatch
3147812,Apache-1.0,spdx_id,MapFuzzyMatch
3934246,MIT,spdx_id,MapFuzzyMatch
7407655,MIT,spdx_id,MapFuzzyMatch
3147820,MIT,spdx_id,MapFuzzyMatch
2105,Apache-2.0,spdx_id,MapFuzzyMatch
2164798,MIT,spdx_id,MapFuzzyMatch
2116,MIT,spdx_id,MapExactID
3999812,MIT,spdx_id,MapFuzzyMatch
526407,MIT,spdx_id,MapFuzzyMatch
526408,MIT,spdx_id,MapFuzzyMatch
2230345,MIT,spdx_id,MapFuzzyMatch
4524104,MIT,spdx_id,MapFuzzyMatch
6228064,ISO-permission,spdx_id,MapFuzzyMatch
3082338,MIT,spdx_id,MapFuzzyMatch
6096996,Apache-2.0,spdx_id,MapFuzzyMatch
526437,MIT,spdx_id,MapFuzzyMatch
5703783,MIT,spdx_id,MapFuzzyMatch
2099308,MIT,spdx_id,MapFuzzyMatch
5965932,MIT,spdx_id,MapFuzzyMatch
3999856,AGPL-3.0,spdx_id,MapFuzzyMatch
7211120,ISO-permission,spdx_id,MapFuzzyMatch
1050742,MIT,spdx_id,MapFuzzyMatch
526456,BUSL-1.1,spdx_id,MapFuzzyMatch
6621305,ISO-permission,spdx_id,MapFuzzyMatch
5834878,MIT,spdx_id,MapFuzzyMatch
1378432,Apache-1.0,spdx_id,MapFuzzyMatch
5245065,CC-BY-NC-SA-3.0,spdx_id,MapExactID
1050765,MIT,spdx_id,MapFuzzyMatch
3606670,OSL-2.1,spdx_id,MapFuzzyMatch
3147919,ISO-permission,spdx_id,MapFuzzyMatch
5703824,LGPL-3.0,spdx_id,MapFuzzyMatch
4982933,MIT,spdx_id,MapFuzzyMatch
592027,MIT,spdx_id,MapFuzzyMatch
4524189,MIT,spdx_id,MapFuzzyMatch
5376160,copyleft-next-0.3.0,spdx_id,MapFuzzyMatch
2209,GPL-2.0,spdx_id,MapExactID
329890,Libpng,spdx_id,MapFuzzyMatch
5572776,MIT,spdx_id,MapFuzzyMatch
657578,MIT,spdx_id,MapFuzzyMatch
3016884,MIT,spdx_id,MapFuzzyMatch
2229,MIT,spdx_id,MapFuzzyMatch
460982,Apache-2.0,spdx_id,MapFuzzyMatch
5310646,MIT,spdx_id,MapFuzzyMatch
67776,MIT,spdx_id,MapFuzzyMatch
7669953,BSD-1-Clause,spdx_id,MapFuzzyMatch
7669954,BSD-1-Clause,spdx_id,MapFuzzyMatch
7669955,BSD-1-Clause,spdx_id,MapFuzzyMatch
2427084,GPL-3.0,spdx_id,MapFuzzyMatch
4524240,MIT,spdx_id,MapFuzzyMatch
3147986,Apache-1.0,spdx_id,MapFuzzyMatch
3147987,Apache-1.0,spdx_id,MapFuzzyMatch
461012,MIT,spdx_id,MapFuzzyMatch
1378517,Apache-2.0,spdx_id,MapFuzzyMatch
6228182,Apache-1.0,spdx_id,MapFuzzyMatch
7473366,ANTLR-PD,spdx_id,MapFuzzyMatch
3737817,ISO-permission,spdx_id,MapFuzzyMatch
7538905,MIT,spdx_id,MapFuzzyMatch
7669975,PSF-2.0,spdx_id,MapFuzzyMatch
2268,LGPL-2.1,spdx_id,MapFuzzyMatch
1378525,CC-BY-4.0,spdx_id,MapFuzzyMatch
4065500,MIT,spdx_id,MapFuzzyMatch
985315,MIT,spdx_id,MapFuzzyMatch
3082470,BSD-1-Clause,spdx_id,MapFuzzyMatch
6162665,MIT,spdx_id,MapFuzzyMatch
1771754,MIT,spdx_id,MapFuzzyMatch
4524268,Apache-1.0,spdx_id,MapFuzzyMatch
3737837,MIT,spdx_id,MapFuzzyMatch
5310700,MIT,spdx_id,MapFuzzyMatch
1313024,ISO-permission,spdx_id,MapFuzzyMatch
1771779,0BSD,spdx_id,MapFuzzyMatch
395527,BSD-1-Clause,spdx_id,MapFuzzyMatch
1902868,MIT,spdx_id,MapFuzzyMatch
2333,Apache,license_family,MapLicenseFamily
7604521,EPL-1.0,spdx_id,MapExactMatch
3148083,Apache-1.0,spdx_id,MapFuzzyMatch
3148084,Apache-1.0,spdx_id,MapFuzzyMatch
3279167,BSD-Source-Code,spdx_id,MapFuzzyMatch
2373,GPL-1.0,spdx_id,MapFuzzyMatch
5704019,MIT,spdx_id,MapFuzzyMatch
7211348,BSD-1-Clause,spdx_id,MapFuzzyMatch
526680,MIT,spdx_id,MapFuzzyMatch
5966169,MIT,spdx_id,MapFuzzyMatch
1640802,LPD-document,spdx_id,MapFuzzyMatch
2406,ISO-permission,spdx_id,MapFuzzyMatch
2230643,MIT,spdx_id,MapFuzzyMatch
264564,Apache-2.0,spdx_id,MapFuzzyMatch
264579,Apache-2.0,spdx_id,MapExactMatch
2689414,MIT,spdx_id,MapFuzzyMatch
4458890,MIT,spdx_id,MapFuzzyMatch
264592,GPL-3.0,spdx_id,MapFuzzyMatch
2689428,MIT,spdx_id,MapFuzzyMatch
2558360,ISO-permission,spdx_id,MapFuzzyMatch
3541401,Apache-1.0,spdx_id,MapFuzzyMatch
2458,MIT,spdx_id,MapFuzzyMatch
3934618,MIT,spdx_id,MapFuzzyMatch
6490525,MIT,spdx_id,MapFuzzyMatch
5704105,MIT,spdx_id,MapFuzzyMatch
1116587,BSD-2-Clause-Patent,spdx_id,MapExactID
4000174,blessing,spdx_id,MapFuzzyMatch
7539125,BSD-3-Clause,spdx_id,MapFuzzyMatch
6228407,AGPL-1.0,spdx_id,MapFuzzyMatch
1116600,MIT,spdx_id,MapFuzzyMatch
4196794,MIT,spdx_id,MapFuzzyMatch
199113,MIT,spdx_id,MapFuzzyMatch
3541449,Apache-1.0,spdx_id,MapFuzzyMatch
5966281,MIT,spdx_id,MapFuzzyMatch
6359502,MIT,spdx_id,MapFuzzyMatch
1640911,copyleft-next-0.3.0,spdx_id,MapFuzzyMatch
4590042,MIT,spdx_id,MapFuzzyMatch
2361824,MIT,spdx_id,MapFuzzyMatch
2165223,MIT,spdx_id,MapFuzzyMatch
4524523,Apache-1.0,spdx_id,MapFuzzyMatch
4000236,MIT,spdx_id,MapFuzzyMatch
6359534,MIT,spdx_id,MapFuzzyMatch
6097391,MIT,spdx_id,MapFuzzyMatch
7473666,Unlicense,spdx_id,MapFuzzyMatch
68099,AGPL-3.0,spdx_id,MapFuzzyMatch
3017219,Apache-2.0,spdx_id,MapFuzzyMatch
7670275,MIT,spdx_id,MapFuzzyMatch
3082761,MIT,spdx_id,MapFuzzyMatch
7473673,MIT,spdx_id,MapFuzzyMatch
7146007,ICU,spdx_id,MapFuzzyMatch
2595,MIT,spdx_id,MapFuzzyMatch
2624035,GPL-3.0,spdx_id,MapExactID
3738151,MIT,spdx_id,MapFuzzyMatch
5245480,BSD-3-Clause,spdx_id,MapFuzzyMatch
1772074,MIT,spdx_id,MapFuzzyMatch
3410477,ISO-permission,spdx_id,MapFuzzyMatch
7539248,ISO-permission,spdx_id,MapFuzzyMatch
657974,ISO-permission,spdx_id,MapFuzzyMatch
7539264,MIT,spdx_id,MapFuzzyMatch
2625,AGPL-3.0,spdx_id,MapFuzzyMatch
4983361,MIT,spdx_id,MapFuzzyMatch
6621763,BSD-Source-Code,spdx_id,MapFuzzyMatch
2631,GPL-2.0,spdx_id,MapFuzzyMatch
330315,MIT,spdx_id,MapFuzzyMatch
3017296,BSD,license_family,MapLicenseFamily
4131420,MIT,spdx_id,MapFuzzyMatch
330335,EPL-1.0,spdx_id,MapFuzzyMatch
2361952,MIT,spdx_id,MapFuzzyMatch
3017313,MIT,spdx_id,MapFuzzyMatch
6490722,MIT,spdx_id,MapFuzzyMatch
1378919,ISO-permission,spdx_id,MapFuzzyMatch
3148404,Apache-2.0,spdx_id,MapFuzzyMatch
5900922,AGPL-3.0,spdx_id,MapFuzzyMatch
7604860,MIT,spdx_id,MapFuzzyMatch
68225,PADL,spdx_id,MapFuzzyMatch
4131462,MIT,spdx_id,MapFuzzyMatch
3345035,QPL-1.0,spdx_id,MapFuzzyMatch
395916,BSD-3-Clause,spdx_id,MapFuzzyMatch
199314,AGPL-3.0,spdx_id,MapFuzzyMatch
3869330,MIT,spdx_id,MapFuzzyMatch
5769877,MIT,spdx_id,MapFuzzyMatch
723606,Unlicense,spdx_id,MapFuzzyMatch
7342747,Apache-2.0,spdx_id,MapFuzzyMatch
199324,AGPL-3.0,spdx_id,MapFuzzyMatch
3017385,MIT,spdx_id,MapFuzzyMatch
7080626,BSD-1-Clause,spdx_id,MapFuzzyMatch
2624200,MIT,spdx_id,MapFuzzyMatch
7211721,eCos-2.0,spdx_id,MapFuzzyMatch
2765,MIT,spdx_id,MapFuzzyMatch
5769934,MIT,spdx_id,MapFuzzyMatch
1116879,Apache-1.0,spdx_id,MapFuzzyMatch
3672784,MIT,spdx_id,MapFuzzyMatch
199377,BSD-3-Clause-No-Nuclear-License,spdx_id,MapFuzzyMatch
5376721,MIT,spdx_id,MapFuzzyMatch
6490835,MIT,spdx_id,MapFuzzyMatch
3279577,SSPL-1.0,spdx_id,MapFuzzyMatch
5376730,CC-BY-4.0,spdx_id,MapFuzzyMatch
2755295,MIT,spdx_id,MapFuzzyMatch
7604967,MIT,spdx_id,MapFuzzyMatch
6228715,MIT,spdx_id,MapFuzzyMatch
2362096,ISO-permission,spdx_id,MapFuzzyMatch
1379057,ISO-permission,spdx_id,MapFuzzyMatch
7211765,ISO-permission,spdx_id,MapFuzzyMatch
2624246,MIT,spdx_id,MapFuzzyMatch
3803899,ISO-permission,spdx_id,MapFuzzyMatch
1837820,MIT,spdx_id,MapFuzzyMatch
1116925,GPL-1.0,spdx_id,MapFuzzyMatch
6032123,GPL-2.0,spdx_id,MapExactID
2822,ISC,spdx_id,MapExactID
5835532,GPL-1.0,spdx_id,MapFuzzyMatch
3148564,MIT,spdx_id,MapFuzzyMatch
5049109,BSD-Source-Code,spdx_id,MapFuzzyMatch
6228769,MIT,spdx_id,MapFuzzyMatch
5966626,MIT,spdx_id,MapFuzzyMatch
5311276,LGPL-3.0,spdx_id,MapFuzzyMatch
5507884,MIT,spdx_id,MapFuzzyMatch
2624304,ANTLR-PD,spdx_id,MapFuzzyMatch
1379125,BSD-3-Clause-Attribution,spdx_id,MapFuzzyMatch
1575739,MIT,spdx_id,MapFuzzyMatch
2427707,MIT,spdx_id,MapFuzzyMatch
3738429,MIT,spdx_id,MapFuzzyMatch
2427726,Apache-1.0,spdx_id,MapFuzzyMatch
1575759,BSD-1-Clause,spdx_id,MapFuzzyMatch
7408465,ISO-permission,spdx_id,MapFuzzyMatch
2165587,MIT,spdx_id,MapFuzzyMatch
7605079,LGPL-3.0,spdx_id,MapFuzzyMatch
5770074,Apache-1.0,spdx_id,MapFuzzyMatch
1379169,BSD-3-Clause-Attribution,spdx_id,MapFuzzyMatch
1379170,copyleft-next-0.3.0,spdx_id,MapFuzzyMatch
2165604,copyleft-next-0.3.0,spdx_id,MapFuzzyMatch
2165608,ISO-permission,spdx_id,MapFuzzyMatch
3345256,MIT,spdx_id,MapFuzzyMatch
68461,Apache-2.0,spdx_id,MapFuzzyMatch
3869549,WTFPL,spdx_id,MapFuzzyMatch
3541877,MIT,spdx_id,MapFuzzyMatch
461688,MIT,spdx_id,MapFuzzyMatch
5573500,MIT,spdx_id,MapFuzzyMatch
5311364,MIT,spdx_id,MapFuzzyMatch
6359947,MIT,spdx_id,MapFuzzyMatch
1575829,AGPL-3.0,spdx_id,MapFuzzyMatch
2100121,MIT,spdx_id,MapFuzzyMatch
3410842,MIT,spdx_id,MapFuzzyMatch
2231206,NIST-Software,spdx_id,MapFuzzyMatch
5508006,MIT,spdx_id,MapFuzzyMatch
2987,Unlicense,spdx_id,MapExactMatch
3738542,MIT,spdx_id,MapFuzzyMatch
2296752,BSD-1-Clause,spdx_id,MapFuzzyMatch
4197298,MIT,spdx_id,MapFuzzyMatch
5508040,MIT,spdx_id,MapFuzzyMatch
723914,MIT,spdx_id,MapFuzzyMatch
6294474,MIT,spdx_id,MapFuzzyMatch
5639116,Artistic-1.0,spdx_id,MapFuzzyMatch
3021,AGPL-3.0,spdx_id,MapFuzzyMatch
723917,MIT,spdx_id,MapFuzzyMatch
7146444,MIT,spdx_id,MapFuzzyMatch
7408586,MIT,spdx_id,MapFuzzyMatch
1379282,ISO-permission,spdx_id,MapFuzzyMatch
3935188,BUSL-1.1,spdx_id,MapFuzzyMatch
3279831,MIT,spdx_id,MapFuzzyMatch
4525021,MIT,spdx_id,MapFuzzyMatch
723936,ISO-permission,spdx_id,MapFuzzyMatch
4459489,MIT,spdx_id,MapFuzzyMatch
5376993,ISO-permission,spdx_id,MapFuzzyMatch
4459497,X11,spdx_id,MapFuzzyMatch
1575915,MIT,spdx_id,MapFuzzyMatch
6491115,ISO-permission,spdx_id,MapFuzzyMatch
461806,MIT,spdx_id,MapFuzzyMatch
6228975,BSD-2-Clause,spdx_id,MapExactID
3148784,BSD-1-Clause,spdx_id,MapFuzzyMatch
4131825,MIT,spdx_id,MapFuzzyMatch
3058,Apache-1.1,spdx_id,MapFuzzyMatch
68594,CC-BY-NC-1.0,spdx_id,MapFuzzyMatch
5311475,NIST-Software,spdx_id,MapFuzzyMatch
2624503,MIT,spdx_id,MapFuzzyMatch
1575934,MIT,spdx_id,MapFuzzyMatch
6491137,ISO-permission,spdx_id,MapFuzzyMatch
6491139,MIT,spdx_id,MapFuzzyMatch
7080963,MIT,spdx_id,MapFuzzyMatch
1575948,BUSL-1.1,spdx_id,MapFuzzyMatch
330774,MIT,spdx_id,MapFuzzyMatch
6097948,MIT,spdx_id,MapFuzzyMatch
6032416,ISO-permission,spdx_id,MapFuzzyMatch
1707044,copyleft-next-0.3.0,spdx_id,MapFuzzyMatch
5049380,MIT,spdx_id,MapFuzzyMatch
5966886,ISO-permission,spdx_id,MapFuzzyMatch
461864,CC-BY-4.0,spdx_id,MapFuzzyMatch
1969195,GFDL-1.3,spdx_id,MapFuzzyMatch
5245999,MIT,spdx_id,MapFuzzyMatch
5966900,ISO-permission,spdx_id,MapFuzzyMatch
4983863,MIT,spdx_id,MapFuzzyMatch
3869753,GPL-1.0,spdx_id,MapFuzzyMatch
461886,AGPL-3.0,spdx_id,MapExactID
7081023,Apache-1.0,spdx_id,MapFuzzyMatch
461890,MIT,spdx_id,MapFuzzyMatch
68685,SMAIL-GPL,spdx_id,MapFuzzyMatch
1707088,EUPL-1.1,spdx_id,MapExactID
2690131,MIT,spdx_id,MapFuzzyMatch
6294612,AGPL-1.0,spdx_id,MapFuzzyMatch
1641558,MIT,spdx_id,MapFuzzyMatch
6491228,ISO-permission,spdx_id,MapFuzzyMatch
5311582,MIT,spdx_id,MapFuzzyMatch
4131935,MIT,spdx_id,MapFuzzyMatch
2493543,NIST-Software,spdx_id,MapFuzzyMatch
396392,MIT,spdx_id,MapFuzzyMatch
5114985,MIT,spdx_id,MapFuzzyMatch
2362479,ISO-permission,spdx_id,MapFuzzyMatch
3187,BSD-3-Clause-No-Nuclear-License,spdx_id,MapFuzzyMatch
1969273,MIT,spdx_id,MapFuzzyMatch
5246076,MIT,spdx_id,MapFuzzyMatch
1903741,Apache-1.1,spdx_id,MapFuzzyMatch
7408766,ISO-permission,spdx_id,MapFuzzyMatch
7539840,MIT,spdx_id,MapFuzzyMatch
5639308,Beerware,spdx_id,MapFuzzyMatch
199828,Apache-2.0,spdx_id,MapFuzzyMatch
3225,ISO-permission,spdx_id,MapFuzzyMatch
199834,BSD-3-Clause-No-Nuclear-License,spdx_id,MapFuzzyMatch
7670940,ISO-permission,spdx_id,MapFuzzyMatch
5639326,Apache-2.0,spdx_id,MapFuzzyMatch
1379489,ISO-permission,spdx_id,MapFuzzyMatch
2624675,MIT,spdx_id,MapFuzzyMatch
2690211,ISO-permission,spdx_id,MapFuzzyMatch
5639335,MIT,spdx_id,MapFuzzyMatch
1576105,CC-BY-3.0,spdx_id,MapFuzzyMatch
4525225,MIT,spdx_id,MapFuzzyMatch
2690219,MIT,spdx_id,MapFuzzyMatch
6556843,ISO-permission,spdx_id,MapFuzzyMatch
1707183,EUPL-1.1,spdx_id,MapFuzzyMatch
3542200,Apache-1.0,spdx_id,MapFuzzyMatch
7670975,AGPL-3.0-only,spdx_id,MapExactMatch
199876,MIT,spdx_id,MapFuzzyMatch
199877,MIT,spdx_id,MapExactMatch
6032588,MIT,spdx_id,MapFuzzyMatch
7081167,ISO-permission,spdx_id,MapFuzzyMatch
5311702,MIT,spdx_id,MapFuzzyMatch
6556889,MIT,spdx_id,MapFuzzyMatch
5639391,GPL-3.0,spdx_id,MapFuzzyMatch
3149026,ZPL-1.1,spdx_id,MapFuzzyMatch
2690276,GPL-2.0,spdx_id,MapFuzzyMatch
5639406,MIT,spdx_id,MapFuzzyMatch
5770479,MIT,spdx_id,MapFuzzyMatch
3314,MIT,spdx_id,MapFuzzyMatch
1576181,MIT,spdx_id,MapFuzzyMatch
2100470,BSD-1-Clause,spdx_id,MapFuzzyMatch
265470,AGPL-3.0,spdx_id,MapFuzzyMatch
7539972,BSD-1-Clause,spdx_id,MapFuzzyMatch
3340,BSD-3-Clause-No-Nuclear-License,spdx_id,MapFuzzyMatch
1314065,AGPL-3.0,spdx_id,MapFuzzyMatch
3149081,MIT,spdx_id,MapFuzzyMatch
2362650,MIT,spdx_id,MapFuzzyMatch
6229274,Apache-1.0,spdx_id,MapFuzzyMatch
3356,Apache-1.1,spdx_id,MapFuzzyMatch
5967133,MIT,spdx_id,MapFuzzyMatch
5639456,BSD-1-Clause,spdx_id,MapFuzzyMatch
5508393,ISO-permission,spdx_id,MapFuzzyMatch
3869996,MIT,spdx_id,MapFuzzyMatch
7474486,MIT,spdx_id,MapFuzzyMatch
5115191,copyleft-next-0.3.0,spdx_id,MapFuzzyMatch
396602,MIT,spdx_id,MapFuzzyMatch
5311804,MIT,spdx_id,MapFuzzyMatch
3214653,MIT,spdx_id,MapFuzzyMatch
7540029,MIT,spdx_id,MapFuzzyMatch
2428223,GPL-3.0,spdx_id,MapFuzzyMatch
3394,Unlicense,spdx_id,MapExactID
1379651,MIT,spdx_id,MapFuzzyMatch
5115203,BSD-1-Clause,spdx_id,MapFuzzyMatch
7212357,ISO-permission,spdx_id,MapFuzzyMatch
5508422,ISO-permission,spdx_id,MapFuzzyMatch
3083593,ISC,spdx_id,MapExactID
2952523,MIT,spdx_id,MapFuzzyMatch
1379661,MIT,spdx_id,MapFuzzyMatch
2428244,ISO-permission,spdx_id,MapFuzzyMatch
3738965,Artistic-1.0,spdx_id,MapFuzzyMatch
4001117,Apache-1.0,spdx_id,MapFuzzyMatch
1641822,MIT,spdx_id,MapFuzzyMatch
2821471,Artistic-2.0,spdx_id,MapFuzzyMatch
5705056,MIT,spdx_id,MapFuzzyMatch
3425,BSD-3-Clause,spdx_id,MapExactID
7408989,MIT,spdx_id,MapFuzzyMatch
265576,BSD-1-Clause,spdx_id,MapFuzzyMatch
6622568,GPL-3.0,spdx_id,MapFuzzyMatch
6557041,MIT,spdx_id,MapFuzzyMatch
200050,copyleft-next-0.3.0,spdx_id,MapFuzzyMatch
4001141,Apache-1.0,spdx_id,MapFuzzyMatch
5705078,BSD-1-Clause,spdx_id,MapFuzzyMatch
396669,AGPL-3.0,spdx_id,MapFuzzyMatch
7409021,MIT,spdx_id,MapFuzzyMatch
5508481,BSD-2-Clause,spdx_id,MapFuzzyMatch
5049735,ISO-permission,spdx_id,MapFuzzyMatch
3542417,MIT,spdx_id,MapFuzzyMatch
5377440,ISO-permission,spdx_id,MapFuzzyMatch
3495,GPL-3.0,spdx_id,MapExactID
6294952,MIT,spdx_id,MapFuzzyMatch
6622634,BSD-1-Clause,spdx_id,MapFuzzyMatch
6294955,MIT,spdx_id,MapFuzzyMatch
3501,Apache-2.0,spdx_id,MapFuzzyMatch
5574062,MIT,spdx_id,MapFuzzyMatch
2952632,MIT,spdx_id,MapFuzzyMatch
2952638,MIT,spdx_id,MapFuzzyMatch
265664,MIT,spdx_id,MapFuzzyMatch
6098375,OSL-3.0,spdx_id,MapFuzzyMatch
3083722,copyleft-next-0.3.0,spdx_id,MapFuzzyMatch
331212,QPL-1.0,spdx_id,MapFuzzyMatch
3280336,CC-BY-NC-SA-1.0,spdx_id,MapFuzzyMatch
2166225,MIT,spdx_id,MapFuzzyMatch
6622673,MIT,spdx_id,MapFuzzyMatch
5705171,MIT,spdx_id,MapFuzzyMatch
6491606,MIT,spdx_id,MapFuzzyMatch
1576412,MIT,spdx_id,MapFuzzyMatch
3083744,MIT,spdx_id,MapFuzzyMatch
3739108,EPL-1.0,spdx_id,MapFuzzyMatch
3280361,BSD-3-Clause,spdx_id,MapFuzzyMatch
6426090,MIT,spdx_id,MapFuzzyMatch
462316,CC-BY-3.0,spdx_id,MapFuzzyMatch
3083763,MIT,spdx_id,MapFuzzyMatch
69108,MIT,spdx_id,MapFuzzyMatch
5377523,BSD-1-Clause,spdx_id,MapFuzzyMatch
1379838,MIT,spdx_id,MapFuzzyMatch
3584,AGPL-3.0,spdx_id,MapFuzzyMatch
3804677,MIT,spdx_id,MapFuzzyMatch
3870215,Apache-2.0,spdx_id,MapFuzzyMatch
134667,MIT,spdx_id,MapFuzzyMatch
3804685,Apache-2.0,spdx_id,MapExactMatch
2362894,BSD-1-Clause,spdx_id,MapFuzzyMatch
2821653,MIT,spdx_id,MapFuzzyMatch
4984343,DSDP,spdx_id,MapFuzzyMatch
1904152,Apache-1.0,spdx_id,MapFuzzyMatch
5770776,MIT,spdx_id,MapFuzzyMatch
7605785,ANTLR-PD,spdx_id,MapFuzzyMatch
6557212,MIT,spdx_id,MapFuzzyMatch
69150,MPL-1.0,spdx_id,MapFuzzyMatch
69155,ISO-permission,spdx_id,MapFuzzyMatch
1969699,ISO-permission,spdx_id,MapFuzzyMatch
2690598,MIT,spdx_id,MapFuzzyMatch
7147050,MIT,spdx_id,MapFuzzyMatch
3739180,Apache-1.0,spdx_id,MapFuzzyMatch
3739181,Apache-1.0,spdx_id,MapFuzzyMatch
200238,AGPL-3.0,spdx_id,MapFuzzyMatch
7605814,ISO-permission,spdx_id,MapFuzzyMatch
7605826,Apache-1.0,spdx_id,MapFuzzyMatch
3671,BSD-1-Clause,spdx_id,MapFuzzyMatch
69214,ANTLR-PD,spdx_id,MapFuzzyMatch
3689,BSD-3-Clause-No-Nuclear-License,spdx_id,MapFuzzyMatch
69225,MIT,spdx_id,MapFuzzyMatch
2625133,MIT,spdx_id,MapFuzzyMatch
5115503,MIT,spdx_id,MapFuzzyMatch
4853377,MIT,spdx_id,MapFuzzyMatch
2625162,BSD-1-Clause,spdx_id,MapFuzzyMatch
3608202,LGPL-2.1,spdx_id,MapFuzzyMatch
3870352,ISO-permission,spdx_id,MapFuzzyMatch
7147156,Apache-2.0,spdx_id,MapFuzzyMatch
7540372,BSL-1.0,spdx_id,MapFuzzyMatch
200343,OSL-2.1,spdx_id,MapFuzzyMatch
4132503,ISO-permission,spdx_id,MapFuzzyMatch
1642138,MIT,spdx_id,MapFuzzyMatch
3411611,MPL-2.0,spdx_id,MapExactID
3083943,ISO-permission,spdx_id,MapFuzzyMatch
5443250,MIT,spdx_id,MapFuzzyMatch
6295226,MIT,spdx_id,MapFuzzyMatch
3018427,MIT,spdx_id,MapFuzzyMatch
3083964,ISO-permission,spdx_id,MapFuzzyMatch
1642173,BSD-1-Clause,spdx_id,MapFuzzyMatch
3280572,MIT,spdx_id,MapFuzzyMatch
724673,MIT,spdx_id,MapFuzzyMatch
1838786,MIT,spdx_id,MapFuzzyMatch
1838787,MIT,spdx_id,MapFuzzyMatch
2363075,copyleft-next-0.3.0,spdx_id,MapFuzzyMatch
7343810,Apache-1.0,spdx_id,MapFuzzyMatch
7081670,MIT,spdx_id,MapFuzzyMatch
3870411,MIT,spdx_id,MapFuzzyMatch
7147212,MIT,spdx_id,MapFuzzyMatch
2952914,MIT,spdx_id,MapFuzzyMatch
659160,Apache-2.0,spdx_id,MapFuzzyMatch
69346,MIT,spdx_id,MapFuzzyMatch
1314530,MIT,spdx_id,MapFuzzyMatch
2100970,EUPL-1.0,spdx_id,MapFuzzyMatch
5443310,MIT,spdx_id,MapFuzzyMatch
6491892,Apache-1.0,spdx_id,MapFuzzyMatch
69365,MIT,spdx_id,MapFuzzyMatch
1117941,MIT,spdx_id,MapFuzzyMatch
1576695,MIT,spdx_id,MapFuzzyMatch
2232061,MIT,spdx_id,MapFuzzyMatch
4460295,GPL-3.0,spdx_id,MapFuzzyMatch
593673,MIT,spdx_id,MapFuzzyMatch
1969930,MIT,spdx_id,MapFuzzyMatch
3346190,AGPL-1.0,spdx_id,MapFuzzyMatch
4460303,NIST-Software,spdx_id,MapFuzzyMatch
724753,Unlicense,spdx_id,MapFuzzyMatch
5639956,Apache-1.0,spdx_id,MapFuzzyMatch
3739420,GPL-1.0,spdx_id,MapFuzzyMatch
3542821,MIT,spdx_id,MapFuzzyMatch
3411752,MIT,spdx_id,MapFuzzyMatch
200490,MIT,spdx_id,MapFuzzyMatch
5050168,MIT,spdx_id,MapFuzzyMatch
2363193,MIT,spdx_id,MapExactMatch
3411774,EUPL-1.2,spdx_id,MapExactMatch
5508926,copyleft-next-0.3.0,spdx_id,MapFuzzyMatch
5050182,MIT,spdx_id,MapFuzzyMatch
3608391,MIT,spdx_id,MapFuzzyMatch
1969997,MIT,spdx_id,MapFuzzyMatch
6164303,BSD-1-Clause,spdx_id,MapFuzzyMatch
4460372,BSD-1-Clause,spdx_id,MapFuzzyMatch
5902166,MIT,spdx_id,MapFuzzyMatch
397151,MIT,spdx_id,MapFuzzyMatch
2363232,MIT,spdx_id,MapFuzzyMatch
2363233,MIT,spdx_id,MapFuzzyMatch
6360929,BSD-1-Clause,spdx_id,MapFuzzyMatch
6557536,MIT,spdx_id,MapFuzzyMatch
4067175,LPD-document,spdx_id,MapFuzzyMatch
4067176,LPD-document,spdx_id,MapFuzzyMatch
3949,MIT,spdx_id,MapFuzzyMatch
4984689,MIT,spdx_id,MapFuzzyMatch
4198260,MIT,spdx_id,MapFuzzyMatch
7540597,MIT,spdx_id,MapFuzzyMatch
4198268,ISO-permission,spdx_id,MapFuzzyMatch
6557570,MIT,spdx_id,MapFuzzyMatch
2428813,Apache-2.0,spdx_id,MapFuzzyMatch
6557588,MIT,spdx_id,MapFuzzyMatch
200598,MIT,spdx_id,MapFuzzyMatch
200600,MIT,spdx_id,MapFuzzyMatch
3995,Apache-2.0,spdx_id,MapFuzzyMatch
2428827,MIT,spdx_id,MapFuzzyMatch
6295451,MIT,spdx_id,MapFuzzyMatch
2101150,MIT,spdx_id,MapFuzzyMatch
2101153,BSD-1-Clause,spdx_id,MapFuzzyMatch
2101155,BSD-1-Clause,spdx_id,MapFuzzyMatch
69543,MIT,spdx_id,MapFuzzyMatch
4001703,GPL-2.0,spdx_id,MapFuzzyMatch
724906,MIT,spdx_id,MapFuzzyMatch
4013,copyleft-next-0.3.0,spdx_id,MapFuzzyMatch
5246894,MIT,spdx_id,MapFuzzyMatch
7409582,BSD-Source-Code,spdx_id,MapFuzzyMatch
5902259,MIT,spdx_id,MapFuzzyMatch
4030,GPL-3.0,spdx_id,MapFuzzyMatch
4032,GPL-2.0,spdx_id,MapExactID
397248,Apache-1.0,spdx_id,MapFuzzyMatch
724928,MIT,spdx_id,MapFuzzyMatch
3346378,MIT,spdx_id,MapFuzzyMatch
5443536,MIT,spdx_id,MapFuzzyMatch
2428885,ISO-permission,spdx_id,MapFuzzyMatch
2101223,Apache-2.0,spdx_id,MapFuzzyMatch
3346407,BSD-Source-Code,spdx_id,MapFuzzyMatch
3215341,MIT,spdx_id,MapFuzzyMatch
135152,MirOS,spdx_id,MapExactID
462834,NIST-Software,spdx_id,MapExactMatch
1380339,MIT,spdx_id,MapFuzzyMatch
3608574,BSD-1-Clause,spdx_id,MapFuzzyMatch
2166789,MPL-2.0,spdx_id,MapFuzzyMatch
4109,MIT,spdx_id,MapFuzzyMatch
462861,Apache-2.0,spdx_id,MapFuzzyMatch
3411993,Apache-2.0,spdx_id,MapFuzzyMatch
4853786,MIT,spdx_id,MapFuzzyMatch
3805211,MIT,spdx_id,MapFuzzyMatch
2166815,Apache-2.0,spdx_id,MapFuzzyMatch
69666,AGPL-1.0,spdx_id,MapFuzzyMatch
397353,MIT,spdx_id,MapFuzzyMatch
462890,Apache-2.0,spdx_id,MapFuzzyMatch
659500,MIT,spdx_id,MapFuzzyMatch
7016493,MIT,spdx_id,MapFuzzyMatch
331828,MIT,spdx_id,MapFuzzyMatch
7147572,ISO-permission,spdx_id,MapFuzzyMatch
200758,MIT,spdx_id,MapFuzzyMatch
5902390,MIT,spdx_id,MapFuzzyMatch
1118273,MIT,spdx_id,MapFuzzyMatch
6492236,BUSL-1.1,spdx_id,MapFuzzyMatch
5640272,ANTLR-PD,spdx_id,MapFuzzyMatch
3936337,MIT,spdx_id,MapFuzzyMatch
7147603,ISO-permission,spdx_id,MapFuzzyMatch
135253,MIT,spdx_id,MapFuzzyMatch
725083,MIT,spdx_id,MapFuzzyMatch
3280993,MIT,spdx_id,MapFuzzyMatch
3805288,MIT,spdx_id,MapFuzzyMatch
135282,MIT,spdx_id,MapFuzzyMatch
1577076,MIT,spdx_id,MapFuzzyMatch
1904761,CC-BY-NC-ND-4.0,spdx_id,MapFuzzyMatch
1118333,BSD-1-Clause,spdx_id,MapFuzzyMatch
200830,GPL-3.0,spdx_id,MapFuzzyMatch
3739774,MIT,spdx_id,MapFuzzyMatch
4067470,ISO-permission,spdx_id,MapFuzzyMatch
7082126,ISO-permission,spdx_id,MapFuzzyMatch
4241,BSD-3-Clause-No-Nuclear-License,spdx_id,MapFuzzyMatch
2232467,MIT,spdx_id,MapFuzzyMatch
200855,MIT,spdx_id,MapFuzzyMatch
5443742,MIT,spdx_id,MapFuzzyMatch
3412136,MIT,spdx_id,MapFuzzyMatch
5509291,MIT,spdx_id,MapFuzzyMatch
331950,MIT,spdx_id,MapFuzzyMatch
6951093,MIT,spdx_id,MapFuzzyMatch
7606461,MIT,spdx_id,MapFuzzyMatch
4288,BSD-1-Clause,spdx_id,MapFuzzyMatch
2232515,MIT,spdx_id,MapFuzzyMatch
2166982,,unknown,MapNA
4460748,MIT,spdx_id,MapFuzzyMatch
2232526,Apache-2.0,spdx_id,MapFuzzyMatch
4304,MIT,spdx_id,MapFuzzyMatch
1380561,MIT,spdx_id,MapFuzzyMatch
5050580,MIT,spdx_id,MapFuzzyMatch
5116121,Apache-2.0,spdx_id,MapFuzzyMatch
594139,LGPL-3.0,spdx_id,MapFuzzyMatch
7344360,MIT,spdx_id,MapFuzzyMatch
6557932,MIT,spdx_id,MapFuzzyMatch
1118446,MIT,spdx_id,MapFuzzyMatch
1577203,BSD-Source-Code,spdx_id,MapFuzzyMatch
2232578,ISO-permission,spdx_id,MapFuzzyMatch
2363651,MIT,spdx_id,MapFuzzyMatch
332050,AGPL-3.0,spdx_id,MapFuzzyMatch
2560275,MIT,spdx_id,MapFuzzyMatch
6164755,BSD-1-Clause,spdx_id,MapFuzzyMatch
2625814,Apache-2.0,spdx_id,MapFuzzyMatch
3084578,MIT,spdx_id,MapFuzzyMatch
725285,Elastic-2.0,spdx_id,MapFuzzyMatch
5509414,MIT,spdx_id,MapFuzzyMatch
2560298,MIT,spdx_id,MapFuzzyMatch
3150142,MPL-2.0,spdx_id,MapFuzzyMatch
725311,CC-BY-NC,license_family,MapLicenseFamily
1118534,MIT,spdx_id,MapFuzzyMatch
7409995,BSD-1-Clause,spdx_id,MapFuzzyMatch
2953550,MPL-2.0,spdx_id,MapFuzzyMatch
266580,Unlicense,spdx_id,MapFuzzyMatch
5247317,MIT,spdx_id,MapFuzzyMatch
6099297,ISO-permission,spdx_id,MapFuzzyMatch
1118568,copyleft-next-0.3.0,spdx_id,MapFuzzyMatch
6164840,LGPL-2.0,spdx_id,MapFuzzyMatch
2625901,CC-BY-NC-SA-4.0,spdx_id,MapFuzzyMatch
2232686,MIT,spdx_id,MapFuzzyMatch
6426995,MIT,spdx_id,MapFuzzyMatch
5509495,MIT,spdx_id,MapFuzzyMatch
6558072,MIT,spdx_id,MapFuzzyMatch
4476,MIT,spdx_id,MapFuzzyMatch
3281298,GPL-3.0,spdx_id,MapFuzzyMatch
6361504,MIT,spdx_id,MapFuzzyMatch
2625953,MIT,spdx_id,MapFuzzyMatch
3346849,MIT,spdx_id,MapFuzzyMatch
3608993,MIT,spdx_id,MapFuzzyMatch
332219,MIT,spdx_id,MapFuzzyMatch
4526525,MIT,spdx_id,MapFuzzyMatch
4548,AGPL-3.0,spdx_id,MapFuzzyMatch
3412424,NASA-1.3,spdx_id,MapFuzzyMatch
5509589,GPL-3.0,spdx_id,MapFuzzyMatch
1905111,MIT,spdx_id,MapFuzzyMatch
6492631,MIT,spdx_id,MapFuzzyMatch
4570,MIT-0,spdx_id,MapExactID
2101728,MIT,spdx_id,MapFuzzyMatch
5640676,ISO-permission,spdx_id,MapFuzzyMatch
5640677,ISO-permission,spdx_id,MapFuzzyMatch
70121,MIT,spdx_id,MapFuzzyMatch
6164973,AGPL-3.0,spdx_id,MapFuzzyMatch
2953714,CC-BY-4.0,spdx_id,MapFuzzyMatch
6099445,BSD-1-Clause,spdx_id,MapFuzzyMatch
5313016,ISO-permission,spdx_id,MapFuzzyMatch
6099449,AGPL-3.0,spdx_id,MapFuzzyMatch
201219,MIT,spdx_id,MapFuzzyMatch
2953731,MIT,spdx_id,MapFuzzyMatch
5116419,MIT,spdx_id,MapFuzzyMatch
3543565,AGPL-3.0,spdx_id,MapFuzzyMatch
7541261,MIT,spdx_id,MapFuzzyMatch
6361616,copyleft-next-0.3.0,spdx_id,MapFuzzyMatch
4198929,Apache-2.0,spdx_id,MapFuzzyMatch
4461076,MIT,spdx_id,MapFuzzyMatch
7410207,MIT,spdx_id,MapFuzzyMatch
1380900,Apache-1.0,spdx_id,MapFuzzyMatch
397863,GPL-2.0,spdx_id,MapFuzzyMatch
7475757,MIT,spdx_id,MapFuzzyMatch
7344686,MIT,spdx_id,MapFuzzyMatch
3084848,MIT,spdx_id,MapFuzzyMatch
7344693,MIT,spdx_id,MapFuzzyMatch
70201,GPL-2.0,spdx_id,MapFuzzyMatch
5837373,CC-BY-NC-1.0,spdx_id,MapFuzzyMatch
7148097,ISO-permission,spdx_id,MapFuzzyMatch
4674,MIT,spdx_id,MapFuzzyMatch
1905220,MIT,spdx_id,MapFuzzyMatch
1380939,MIT,spdx_id,MapFuzzyMatch
4002379,MIT,spdx_id,MapFuzzyMatch
2560589,BSD-1-Clause,spdx_id,MapFuzzyMatch
7410251,MIT,spdx_id,MapFuzzyMatch
2691682,MIT,spdx_id,MapFuzzyMatch
7541353,MIT,spdx_id,MapFuzzyMatch
4002427,ISO-permission,spdx_id,MapFuzzyMatch
5640830,MIT,spdx_id,MapFuzzyMatch
3019395,MIT,spdx_id,MapFuzzyMatch
2101895,MIT,spdx_id,MapFuzzyMatch
6623881,AGPL-3.0,spdx_id,MapFuzzyMatch
5640842,Apache-1.0,spdx_id,MapFuzzyMatch
3936908,MIT,spdx_id,MapFuzzyMatch
5902991,BSD-1-Clause,spdx_id,MapFuzzyMatch
4002448,Apache-2.0,spdx_id,MapFuzzyMatch
5051025,MIT,spdx_id,MapFuzzyMatch
4760,Apache-2.0,spdx_id,MapFuzzyMatch
1577626,GPL-3.0,spdx_id,MapFuzzyMatch
7148187,MIT,spdx_id,MapFuzzyMatch
7148188,CECILL-C,spdx_id,MapExactID
5051037,MIT,spdx_id,MapFuzzyMatch
135839,copyleft-next-0.3.0,spdx_id,MapFuzzyMatch
3084962,MIT,spdx_id,MapFuzzyMatch
2691755,ISO-permission,spdx_id,MapFuzzyMatch
2626223,MIT,spdx_id,MapFuzzyMatch
5903024,MIT,spdx_id,MapFuzzyMatch
4792,LGPL-2.0,spdx_id,MapFuzzyMatch
2757304,MIT,spdx_id,MapFuzzyMatch
4795,Apache-1.0,spdx_id,MapFuzzyMatch
6099648,MIT,spdx_id,MapFuzzyMatch
2953921,MIT,spdx_id,MapFuzzyMatch
2953928,MIT,spdx_id,MapFuzzyMatch
5640912,copyleft-next-0.3.0,spdx_id,MapFuzzyMatch
1839834,MIT,spdx_id,MapFuzzyMatch
3019483,MIT,spdx_id,MapFuzzyMatch
398069,Apache-1.0,spdx_id,MapFuzzyMatch
266998,ANTLR-PD,spdx_id,MapFuzzyMatch
3412729,ANTLR-PD,spdx_id,MapFuzzyMatch
2626300,MIT,spdx_id,MapFuzzyMatch
4133628,MIT,spdx_id,MapFuzzyMatch
6427392,Python-2.0,spdx_id,MapFuzzyMatch
6427395,MIT,spdx_id,MapFuzzyMatch
2364164,MIT,spdx_id,MapFuzzyMatch
2364165,MIT,spdx_id,MapFuzzyMatch
7213845,Apache-1.0,spdx_id,MapFuzzyMatch
7607072,MIT,spdx_id,MapFuzzyMatch
7213858,Noweb,spdx_id,MapFuzzyMatch
5837603,Apache-1.0,spdx_id,MapFuzzyMatch
5968678,MIT,spdx_id,MapFuzzyMatch
6165286,BSD-1-Clause,spdx_id,MapFuzzyMatch
4068141,Adobe-2006,spdx_id,MapFuzzyMatch
2822962,MIT,spdx_id,MapFuzzyMatch
70454,GPL-3.0-or-later,spdx_id,MapExactID
2102071,ISO-permission,spdx_id,MapFuzzyMatch
5116736,MIT,spdx_id,MapFuzzyMatch
1971012,MIT,spdx_id,MapFuzzyMatch
2298693,MIT,spdx_id,MapFuzzyMatch
1381190,MIT,spdx_id,MapFuzzyMatch
4068164,MIT,spdx_id,MapFuzzyMatch
7082821,AGPL-3.0,spdx_id,MapFuzzyMatch
6427465,MIT,spdx_id,MapFuzzyMatch
5706570,MIT,spdx_id,MapFuzzyMatch
1315659,MIT,spdx_id,MapFuzzyMatch
6230860,MIT,spdx_id,MapFuzzyMatch
7476052,LGPL-2.1,spdx_id,MapFuzzyMatch
70486,LGPL-2.1,spdx_id,MapFuzzyMatch
5378903,MIT,spdx_id,MapFuzzyMatch
4133721,BSD-1-Clause,spdx_id,MapFuzzyMatch
1315675,CC-BY-4.0,spdx_id,MapFuzzyMatch
2364251,MIT,spdx_id,MapFuzzyMatch
3347293,MIT,spdx_id,MapFuzzyMatch
5837659,ISO-permission,spdx_id,MapFuzzyMatch
5051233,GPL-3.0,spdx_id,MapFuzzyMatch
4068197,BSD-3-Clause-No-Nuclear-License,spdx_id,MapFuzzyMatch
4968,GPL-3.0,spdx_id,MapExactID
2691949,ISO-permission,spdx_id,MapFuzzyMatch
7148397,MIT,spdx_id,MapFuzzyMatch
5575538,MIT,spdx_id,MapFuzzyMatch
7672690,Apache-2.0,spdx_id,MapFuzzyMatch
6624117,CC-BY-NC-ND-4.0,spdx_id,MapExactID
1971072,GPL-1.0,spdx_id,MapFuzzyMatch
7148418,BSD-1-Clause,spdx_id,MapFuzzyMatch
7345029,BSD-2-Clause,spdx_id,MapFuzzyMatch
5903240,BSD-1-Clause,spdx_id,MapFuzzyMatch
1381263,MIT,spdx_id,MapFuzzyMatch
5641106,MIT,spdx_id,MapFuzzyMatch
2364310,ISO-permission,spdx_id,MapFuzzyMatch
70553,GPL-3.0,spdx_id,MapFuzzyMatch
4002723,AGPL-1.0,spdx_id,MapFuzzyMatch
1971111,Apache-1.0,spdx_id,MapFuzzyMatch
7607210,MIT,spdx_id,MapFuzzyMatch
2495409,copyleft-next-0.3.0,spdx_id,MapFuzzyMatch
725941,ISO-permission,spdx_id,MapFuzzyMatch
3543992,ISO-permission,spdx_id,MapFuzzyMatch
5510077,MIT,spdx_id,MapFuzzyMatch
2364354,MIT,spdx_id,MapFuzzyMatch
7214018,MIT,spdx_id,MapFuzzyMatch
7607235,MIT,spdx_id,MapFuzzyMatch
4133831,MIT,spdx_id,MapFuzzyMatch
4133838,MIT,spdx_id,MapFuzzyMatch
1381334,EUPL-1.1,spdx_id,MapExactMatch
5444566,BSD-1-Clause,spdx_id,MapFuzzyMatch
2954202,CC-BY-4.0,spdx_id,MapFuzzyMatch
5641179,BSD-3-Clause,spdx_id,MapFuzzyMatch
3544028,ANTLR-PD,spdx_id,MapFuzzyMatch
5085,MIT,spdx_id,MapFuzzyMatch
4527072,MIT,spdx_id,MapFuzzyMatch
2561000,MIT,spdx_id,MapFuzzyMatch
3412984,ISO-permission,spdx_id,MapFuzzyMatch
5113,MIT,spdx_id,MapFuzzyMatch
332794,MIT,spdx_id,MapFuzzyMatch
2888697,BSD-1-Clause,spdx_id,MapFuzzyMatch
332799,copyleft-next-0.3.0,spdx_id,MapFuzzyMatch
7345158,MIT,spdx_id,MapFuzzyMatch
70670,Apache-2.0,spdx_id,MapExactMatch
332814,Apache-1.0,spdx_id,MapFuzzyMatch
3281939,Apache-1.0,spdx_id,MapFuzzyMatch
201759,BSD-4-Clause,spdx_id,MapExactID
5444650,MIT,spdx_id,MapFuzzyMatch
3281965,MIT,spdx_id,MapFuzzyMatch
3413043,ISO-permission,spdx_id,MapFuzzyMatch
1119284,MIT,spdx_id,MapFuzzyMatch
1119298,MIT,spdx_id,MapFuzzyMatch
3413070,ISO-permission,spdx_id,MapFuzzyMatch
4133966,MIT,spdx_id,MapFuzzyMatch
3216464,BSD-3-Clause,spdx_id,MapFuzzyMatch
2626643,CC-BY-NC-4.0,spdx_id,MapExactID
332891,AGPL-3.0,spdx_id,MapFuzzyMatch
5051486,MIT,spdx_id,MapFuzzyMatch
70759,Fair,spdx_id,MapFuzzyMatch
7541865,MIT,spdx_id,MapFuzzyMatch
3150965,copyleft-next-0.3.0,spdx_id,MapFuzzyMatch
6362239,Apache-2.0,spdx_id,MapFuzzyMatch
201857,Apache-2.0,spdx_id,MapFuzzyMatch
1381518,MIT,spdx_id,MapFuzzyMatch
6362254,MIT,spdx_id,MapFuzzyMatch
1381522,CECILL-1.1,spdx_id,MapFuzzyMatch
136339,MIT,spdx_id,MapFuzzyMatch
2626706,MIT,spdx_id,MapFuzzyMatch
2233494,ISO-permission,spdx_id,MapFuzzyMatch
3151001,Python-2.0,spdx_id,MapFuzzyMatch
6296735,MIT,spdx_id,MapFuzzyMatch
7148706,Apache-2.0,spdx_id,MapFuzzyMatch
5837990,GPL-2.0-or-later,spdx_id,MapFuzzyMatch
398507,MIT,spdx_id,MapFuzzyMatch
5903548,BSD-2-Clause,spdx_id,MapFuzzyMatch
6100157,LGPL-2.1,spdx_id,MapFuzzyMatch
2561219,MIT,spdx_id,MapFuzzyMatch
2364615,BSD-1-Clause,spdx_id,MapFuzzyMatch
2757837,BSD-1-Clause,spdx_id,MapFuzzyMatch
3544271,BSD-1-Clause,spdx_id,MapFuzzyMatch
7476444,MIT,spdx_id,MapFuzzyMatch
398562,LGPL-2.1,spdx_id,MapFuzzyMatch
398564,MIT,spdx_id,MapFuzzyMatch
3347686,MIT,spdx_id,MapFuzzyMatch
5706988,MIT,spdx_id,MapFuzzyMatch
3937517,MIT,spdx_id,MapFuzzyMatch
2888949,ISO-permission,spdx_id,MapFuzzyMatch
1316093,MIT,spdx_id,MapFuzzyMatch
201985,AGPL-3.0,spdx_id,MapFuzzyMatch
2364674,MIT,spdx_id,MapFuzzyMatch
5182724,CC-BY-2.5,spdx_id,MapFuzzyMatch
4068615,MIT,spdx_id,MapFuzzyMatch
1316108,MIT,spdx_id,MapFuzzyMatch
333073,MIT,spdx_id,MapFuzzyMatch
1840402,AFL-2.0,spdx_id,MapFuzzyMatch
5379348,Intel,spdx_id,MapFuzzyMatch
2168088,ISO-permission,spdx_id,MapFuzzyMatch
1316129,ISO-permission,spdx_id,MapFuzzyMatch
5969186,MIT,spdx_id,MapFuzzyMatch
5444902,MIT,spdx_id,MapFuzzyMatch
660791,Apache-1.1,spdx_id,MapFuzzyMatch
4003127,MIT,spdx_id,MapFuzzyMatch
5969227,MIT,spdx_id,MapFuzzyMatch
1643855,MIT,spdx_id,MapFuzzyMatch
1906001,MIT,spdx_id,MapFuzzyMatch
136530,Apache-2.0,spdx_id,MapFuzzyMatch
5460,AGPL-3.0,spdx_id,MapFuzzyMatch
1381716,ISO-permission,spdx_id,MapFuzzyMatch
1643861,MIT,spdx_id,MapFuzzyMatch
2626907,MIT,spdx_id,MapFuzzyMatch
4461918,MIT,spdx_id,MapFuzzyMatch
7345502,Apache-2.0,spdx_id,MapFuzzyMatch
2626912,MIT,spdx_id,MapFuzzyMatch
726370,Apache-2.0,spdx_id,MapFuzzyMatch
3282274,BSD-1-Clause,spdx_id,MapFuzzyMatch
6493544,BSD-1-Clause,spdx_id,MapFuzzyMatch
6165865,MIT,spdx_id,MapFuzzyMatch
71025,AGPL-3.0-only,spdx_id,MapExactMatch
3282295,ISO-permission,spdx_id,MapFuzzyMatch
4527479,MIT,spdx_id,MapFuzzyMatch
5838207,MIT,spdx_id,MapFuzzyMatch
2364802,MIT,spdx_id,MapFuzzyMatch
5182851,CC-BY-3.0,spdx_id,MapFuzzyMatch
2495881,MIT,spdx_id,MapFuzzyMatch
6362506,MIT,spdx_id,MapFuzzyMatch
529828,Apache-2.0,spdx_id,MapExactMatch
3413416,ISO-permission,spdx_id,MapFuzzyMatch
1054122,MIT,spdx_id,MapFuzzyMatch
6559148,MIT,spdx_id,MapFuzzyMatch
4068789,ISO-permission,spdx_id,MapFuzzyMatch
7280067,MIT,spdx_id,MapFuzzyMatch
7607749,ISO-permission,spdx_id,MapFuzzyMatch
7214546,OGC-1.0,spdx_id,MapFuzzyMatch
5838298,MIT,spdx_id,MapFuzzyMatch
5838301,MIT,spdx_id,MapFuzzyMatch
1578463,Apache-2.0,spdx_id,MapFuzzyMatch
2495967,Elastic-2.0,spdx_id,MapFuzzyMatch
2364897,MIT,spdx_id,MapFuzzyMatch
5117413,MIT,spdx_id,MapFuzzyMatch
2954730,MIT,spdx_id,MapFuzzyMatch
136683,MIT,spdx_id,MapFuzzyMatch
6493674,MIT,spdx_id,MapFuzzyMatch
1840621,MIT,spdx_id,MapFuzzyMatch
5445101,MIT,spdx_id,MapFuzzyMatch
7411179,MIT,spdx_id,MapFuzzyMatch
1316337,,unknown,MapNA
6362612,CC-BY-3.0,spdx_id,MapFuzzyMatch
7280117,NPOSL-3.0,spdx_id,MapExactMatch
6166013,ISO-permission,spdx_id,MapFuzzyMatch
7280131,GPL-3.0,spdx_id,MapFuzzyMatch
5903876,MIT,spdx_id,MapFuzzyMatch
5652,CC0-1.0,spdx_id,MapExactMatch
1119770,MIT,spdx_id,MapExactMatch
3282463,ISO-permission,spdx_id,MapFuzzyMatch
1840673,BSD-1-Clause,spdx_id,MapFuzzyMatch
7214645,BUSL-1.1,spdx_id,MapFuzzyMatch
5686,MIT,spdx_id,MapFuzzyMatch
3151414,MIT,spdx_id,MapFuzzyMatch
5903926,MIT,spdx_id,MapFuzzyMatch
5696,GPL-3.0,spdx_id,MapExactID
1840706,MIT,spdx_id,MapFuzzyMatch
5183043,CC-BY-2.5,spdx_id,MapFuzzyMatch
6362692,MIT,spdx_id,MapFuzzyMatch
6035013,Apache-2.0,spdx_id,MapFuzzyMatch
2365009,MIT,spdx_id,MapFuzzyMatch
6362707,MIT,spdx_id,MapFuzzyMatch
3151458,Fair,spdx_id,MapFuzzyMatch
6362724,Apache-2.0,spdx_id,MapFuzzyMatch
5445250,GPL-3.0,spdx_id,MapExactMatch
7542404,MIT,spdx_id,MapFuzzyMatch
6166149,GPL-3.0-or-later,spdx_id,MapExactID
6166150,MIT,spdx_id,MapFuzzyMatch
71305,GPL-1.0,spdx_id,MapFuzzyMatch
3282569,NIST-Software,spdx_id,MapFuzzyMatch
7542410,MIT,spdx_id,MapFuzzyMatch
1054348,AGPL-1.0,spdx_id,MapFuzzyMatch
726671,EPL-2.0,spdx_id,MapExactMatch
7542423,MIT,spdx_id,MapFuzzyMatch
530075,WTFPL,spdx_id,MapExactMatch
6297243,MIT,spdx_id,MapFuzzyMatch
6952606,MIT,spdx_id,MapFuzzyMatch
5796,GPL-3.0,spdx_id,MapFuzzyMatch
6166182,BSD-1-Clause,spdx_id,MapFuzzyMatch
1709737,EUPL-1.2,spdx_id,MapFuzzyMatch
1709738,BSD-4-Clause,spdx_id,MapFuzzyMatch
6166187,BSD-1-Clause,spdx_id,MapFuzzyMatch
1709742,MIT,spdx_id,MapFuzzyMatch
7214775,MIT,spdx_id,MapFuzzyMatch
2496187,BSD-1-Clause,spdx_id,MapFuzzyMatch
7214783,BSD-1-Clause,spdx_id,MapFuzzyMatch
3086018,BSD-1-Clause,spdx_id,MapFuzzyMatch
6493892,MIT,spdx_id,MapFuzzyMatch
1054407,ISO-permission,spdx_id,MapFuzzyMatch
1840839,MPL-1.1,spdx_id,MapFuzzyMatch
5833,MPL-2.0-no-copyleft-exception,spdx_id,MapExactMatch
4462288,Apache-1.0,spdx_id,MapFuzzyMatch
464595,MIT,spdx_id,MapFuzzyMatch
6297298,ISO-permission,spdx_id,MapFuzzyMatch
333530,ISO-permission,spdx_id,MapFuzzyMatch
7673564,Fair,spdx_id,MapFuzzyMatch
4855522,BSD-1-Clause,spdx_id,MapFuzzyMatch
71399,CC-BY-4.0,spdx_id,MapFuzzyMatch
4003561,MIT,spdx_id,MapFuzzyMatch
5052145,MIT,spdx_id,MapFuzzyMatch
661237,MIT,spdx_id,MapFuzzyMatch
6231801,MIT,spdx_id,MapFuzzyMatch
5969658,MIT,spdx_id,MapFuzzyMatch
71421,EUPL-1.2,spdx_id,MapExactMatch
5838596,MIT,spdx_id,MapFuzzyMatch
1054473,MIT,spdx_id,MapFuzzyMatch
3479307,GPL-1.0,spdx_id,MapFuzzyMatch
5969676,MIT,spdx_id,MapFuzzyMatch
5909,CC-BY-SA-4.0,spdx_id,MapExactID
1054485,MIT,spdx_id,MapFuzzyMatch
5838613,ISO-permission,spdx_id,MapFuzzyMatch
1382172,MIT,spdx_id,MapFuzzyMatch
2430751,ISO-permission,spdx_id,MapFuzzyMatch
1054501,MIT,spdx_id,MapFuzzyMatch
4003621,MIT,spdx_id,MapFuzzyMatch
3413814,ISO-permission,spdx_id,MapFuzzyMatch
5948,MIT,spdx_id,MapFuzzyMatch
71487,MIT,spdx_id,MapFuzzyMatch
2561856,MIT,spdx_id,MapFuzzyMatch
1709893,MIT,spdx_id,MapFuzzyMatch
2103110,MIT,spdx_id,MapFuzzyMatch
2365255,MIT,spdx_id,MapFuzzyMatch
137032,BSD-3-Clause,spdx_id,MapFuzzyMatch
4527953,Apache-2.0,spdx_id,MapFuzzyMatch
4003667,Apache-2.0,spdx_id,MapFuzzyMatch
2561879,MIT,spdx_id,MapFuzzyMatch
71512,BSD-3-Clause,spdx_id,MapFuzzyMatch
464737,MIT,spdx_id,MapFuzzyMatch
1578854,BSD-1-Clause,spdx_id,MapFuzzyMatch
5993,GPL-3.0,spdx_id,MapFuzzyMatch
399215,MIT,spdx_id,MapFuzzyMatch
1644409,Apache-2.0,spdx_id,MapFuzzyMatch
1578877,MIT,spdx_id,MapFuzzyMatch
1054591,MIT,spdx_id,MapFuzzyMatch
399234,ISC,spdx_id,MapFuzzyMatch
399239,MIT,spdx_id,MapFuzzyMatch
3086215,3D-Slicer-1.0,spdx_id,MapFuzzyMatch
3282825,LGPL-2.1,spdx_id,MapFuzzyMatch
2758538,MIT,spdx_id,MapFuzzyMatch
1382283,MIT,spdx_id,MapFuzzyMatch
1972107,MIT,spdx_id,MapFuzzyMatch
2365323,MIT,spdx_id,MapFuzzyMatch
6559629,MIT,spdx_id,MapFuzzyMatch
6166422,MIT,spdx_id,MapFuzzyMatch
3151771,WTFNMFPL,spdx_id,MapFuzzyMatch
2299812,MIT,spdx_id,MapFuzzyMatch
4462506,MIT,spdx_id,MapFuzzyMatch
2496432,Apache-2.0,spdx_id,MapFuzzyMatch
6068,GPL-3.0,spdx_id,MapExactID
1775545,BSD-1-Clause,spdx_id,MapFuzzyMatch
2103231,AFL-1.1,spdx_id,MapFuzzyMatch
399310,MIT,spdx_id,MapFuzzyMatch
3282895,BSD-1-Clause,spdx_id,MapFuzzyMatch
7280592,ANTLR-PD,spdx_id,MapFuzzyMatch
7542741,Apache-2.0,spdx_id,MapFuzzyMatch
5576673,BUSL-1.1,spdx_id,MapFuzzyMatch
464867,MIT,spdx_id,MapFuzzyMatch
5838821,MIT,spdx_id,MapFuzzyMatch
1775593,MIT,spdx_id,MapFuzzyMatch
4986863,ISO-permission,spdx_id,MapFuzzyMatch
268274,LGPL-3.0,spdx_id,MapExactID
1710071,MIT,spdx_id,MapFuzzyMatch
333818,ISO-permission,spdx_id,MapFuzzyMatch
4986876,MIT,spdx_id,MapFuzzyMatch
2955266,CC-BY-4.0,spdx_id,MapFuzzyMatch
1775636,ISO-permission,spdx_id,MapFuzzyMatch
6559764,MIT,spdx_id,MapFuzzyMatch
5904409,BUSL-1.1,spdx_id,MapFuzzyMatch
1382429,ISO-permission,spdx_id,MapFuzzyMatch
5576747,MIT,spdx_id,MapFuzzyMatch
2234413,MIT,spdx_id,MapFuzzyMatch
1382447,MIT,spdx_id,MapFuzzyMatch
2824242,BSD-1-Clause,spdx_id,MapFuzzyMatch
6196,GPL-2.0,spdx_id,MapExactID
2365494,BSD-3-Clause,spdx_id,MapFuzzyMatch
4986934,AFL-1.1,spdx_id,MapFuzzyMatch
6559811,MIT,spdx_id,MapFuzzyMatch
5511239,CNRI-Python-GPL-Compatible,spdx_id,MapFuzzyMatch
1906760,MIT,spdx_id,MapFuzzyMatch
3414115,MIT,spdx_id,MapFuzzyMatch
3479652,MIT,spdx_id,MapFuzzyMatch
6559853,MIT,spdx_id,MapFuzzyMatch
2824305,MIT,spdx_id,MapFuzzyMatch
2758774,MIT,spdx_id,MapFuzzyMatch
661623,MIT,spdx_id,MapFuzzyMatch
3479677,BSD-2-Clause,spdx_id,MapFuzzyMatch
2234497,Apache-2.0,spdx_id,MapFuzzyMatch
2168962,MIT,spdx_id,MapFuzzyMatch
5052556,MIT,spdx_id,MapFuzzyMatch
1317014,MIT,spdx_id,MapFuzzyMatch
5970070,GPL-3.0,spdx_id,MapFuzzyMatch
399512,Apache-1.1,spdx_id,MapFuzzyMatch
6035606,Apache-2.0,spdx_id,MapFuzzyMatch
6494358,ISO-permission,spdx_id,MapFuzzyMatch
399516,AFL-1.1,spdx_id,MapExactID
4135075,MIT,spdx_id,MapFuzzyMatch
399529,ICU,spdx_id,MapFuzzyMatch
3020972,LGPL-3.0,spdx_id,MapExactID
4462769,ISO-permission,spdx_id,MapFuzzyMatch
5576885,MIT,spdx_id,MapFuzzyMatch
1579190,MIT,spdx_id,MapFuzzyMatch
5576892,LGPL-3.0,spdx_id,MapFuzzyMatch
1710277,MIT,spdx_id,MapFuzzyMatch
989382,Apache-1.0,spdx_id,MapFuzzyMatch
6559942,ISO-permission,spdx_id,MapFuzzyMatch
3283149,MIT,spdx_id,MapFuzzyMatch
2758865,MIT,spdx_id,MapFuzzyMatch
1579218,ISO-permission,spdx_id,MapFuzzyMatch
6559954,Apache-2.0,spdx_id,MapFuzzyMatch
5642456,BSD-3-Clause,spdx_id,MapFuzzyMatch
727270,MIT,spdx_id,MapFuzzyMatch
2824425,ANTLR-PD,spdx_id,MapFuzzyMatch
1972458,MIT,spdx_id,MapFuzzyMatch
2889962,MIT,spdx_id,MapFuzzyMatch
1841389,ISO-permission,spdx_id,MapFuzzyMatch
6166765,MIT,spdx_id,MapFuzzyMatch
2365680,MIT,spdx_id,MapFuzzyMatch
5183730,BSD-1-Clause,spdx_id,MapFuzzyMatch
3283190,MIT,spdx_id,MapExactMatch
4004089,MIT,spdx_id,MapFuzzyMatch
7477501,MIT,spdx_id,MapFuzzyMatch
2496773,MIT,spdx_id,MapFuzzyMatch
4004102,MIT,spdx_id,MapFuzzyMatch
2824456,MIT,spdx_id,MapFuzzyMatch
3086605,Apache-1.0,spdx_id,MapFuzzyMatch
7543057,Apache-2.0,spdx_id,MapExactMatch
1906972,MIT,spdx_id,MapFuzzyMatch
530731,MIT,spdx_id,MapFuzzyMatch
6448,MIT,spdx_id,MapFuzzyMatch
3021104,MIT,spdx_id,MapFuzzyMatch
7543088,MIT,spdx_id,MapFuzzyMatch
7477560,MIT,spdx_id,MapFuzzyMatch
2431289,LGPL-2.0,spdx_id,MapFuzzyMatch
465212,MIT,spdx_id,MapFuzzyMatch
6428998,BSD-1-Clause,spdx_id,MapFuzzyMatch
3479882,ISO-permission,spdx_id,MapFuzzyMatch
7543114,BUSL-1.1,spdx_id,MapFuzzyMatch
268622,MIT,spdx_id,MapFuzzyMatch
6479,ISC,spdx_id,MapFuzzyMatch
137551,GPL-1.0,spdx_id,MapFuzzyMatch
6429017,BSD-1-Clause,spdx_id,MapFuzzyMatch
7543132,Apache-2.0,spdx_id,MapExactMatch
530787,LGPL-2.0,spdx_id,MapFuzzyMatch
3283302,MIT,spdx_id,MapFuzzyMatch
1775977,MIT,spdx_id,MapFuzzyMatch
7477616,Apache-2.0,spdx_id,MapFuzzyMatch
3479922,ISO-permission,spdx_id,MapFuzzyMatch
6363506,MIT,spdx_id,MapFuzzyMatch
2431349,CC-BY-NC-SA-4.0,spdx_id,MapFuzzyMatch
7281019,ISO-permission,spdx_id,MapFuzzyMatch
3021185,MIT,spdx_id,MapFuzzyMatch
3479938,ISO-permission,spdx_id,MapFuzzyMatch
7215489,MIT,spdx_id,MapFuzzyMatch
137607,MIT,spdx_id,MapFuzzyMatch
2169234,MIT,spdx_id,MapFuzzyMatch
1120664,CECILL-1.0,spdx_id,MapFuzzyMatch
72089,Apache-2.0,spdx_id,MapFuzzyMatch
5380508,ISO-permission,spdx_id,MapFuzzyMatch
268701,MIT,spdx_id,MapFuzzyMatch
7215523,MIT,spdx_id,MapFuzzyMatch
72105,Apache-2.0,spdx_id,MapFuzzyMatch
72106,Apache-2.0,spdx_id,MapFuzzyMatch
5577131,ISO-permission,spdx_id,MapFuzzyMatch
72109,ParaType-Free-Font-1.3,spdx_id,MapFuzzyMatch
7215539,MIT,spdx_id,MapFuzzyMatch
3479991,MIT,spdx_id,MapFuzzyMatch
3414472,ISO-permission,spdx_id,MapFuzzyMatch
3414473,ISO-permission,spdx_id,MapFuzzyMatch
2169293,BSD-3-Clause-No-Nuclear-License,spdx_id,MapFuzzyMatch
3021262,ISO-permission,spdx_id,MapFuzzyMatch
5183953,MIT,spdx_id,MapFuzzyMatch
2562514,MIT,spdx_id,MapFuzzyMatch
6560210,MIT,spdx_id,MapFuzzyMatch
6615,GPL-2.0,spdx_id,MapExactID
2300375,ISO-permission,spdx_id,MapFuzzyMatch
3348954,BSD-Source-Code,spdx_id,MapFuzzyMatch
3021280,Apache-2.0,spdx_id,MapFuzzyMatch
6429153,MIT,spdx_id,MapFuzzyMatch
3152356,GPL-3.0,spdx_id,MapFuzzyMatch
2759144,MIT,spdx_id,MapFuzzyMatch
5708269,MIT,spdx_id,MapFuzzyMatch
2824692,BSD-1-Clause,spdx_id,MapFuzzyMatch
2300417,Apache-2.0,spdx_id,MapFuzzyMatch
1972740,BSD-3-Clause,spdx_id,MapFuzzyMatch
3086857,MIT,spdx_id,MapFuzzyMatch
6671,MIT,spdx_id,MapFuzzyMatch
72212,Apache-1.1,spdx_id,MapFuzzyMatch
1907220,MIT,spdx_id,MapFuzzyMatch
2562589,MIT,spdx_id,MapFuzzyMatch
1382942,MIT,spdx_id,MapFuzzyMatch
5577252,SMAIL-GPL,spdx_id,MapFuzzyMatch
2759217,MIT,spdx_id,MapFuzzyMatch
6232626,ISO-permission,spdx_id,MapFuzzyMatch
6494769,MIT,spdx_id,MapFuzzyMatch
5380660,ISO-permission,spdx_id,MapFuzzyMatch
5380663,MIT,spdx_id,MapFuzzyMatch
6715,,unknown,MapNA
7346747,WTFPL,spdx_id,MapFuzzyMatch
6298179,SimPL-2.0,spdx_id,MapExactID
1120836,MIT,spdx_id,MapFuzzyMatch
5511751,SMAIL-GPL,spdx_id,MapFuzzyMatch
1710673,Fair,spdx_id,MapFuzzyMatch
4135505,MIT,spdx_id,MapFuzzyMatch
5118546,MIT,spdx_id,MapFuzzyMatch
596566,MIT,spdx_id,MapFuzzyMatch
1382998,MIT,spdx_id,MapFuzzyMatch
7674459,MIT,spdx_id,MapFuzzyMatch
2103900,GPL-3.0,spdx_id,MapFuzzyMatch
5839466,OGL-UK-3.0,spdx_id,MapExactID
596588,MIT,spdx_id,MapFuzzyMatch
1579629,EPL-1.0,spdx_id,MapExactID
72324,MIT,spdx_id,MapFuzzyMatch
5905028,MIT,spdx_id,MapFuzzyMatch
2431629,MIT,spdx_id,MapFuzzyMatch
268952,MIT,spdx_id,MapFuzzyMatch
2103963,MIT,spdx_id,MapFuzzyMatch
6363813,NIST-Software,spdx_id,MapFuzzyMatch
1317542,Apache-2.0,spdx_id,MapFuzzyMatch
1317546,Apache-2.0,spdx_id,MapFuzzyMatch
334516,MIT,spdx_id,MapFuzzyMatch
3414713,ISO-permission,spdx_id,MapFuzzyMatch
5184197,MIT,spdx_id,MapFuzzyMatch
6036176,MIT,spdx_id,MapFuzzyMatch
334545,Artistic-1.0,spdx_id,MapFuzzyMatch
6494929,MIT,spdx_id,MapFuzzyMatch
334548,MIT,spdx_id,MapFuzzyMatch
1120986,MIT,spdx_id,MapFuzzyMatch
7609060,ISO-permission,spdx_id,MapFuzzyMatch
6036197,MIT,spdx_id,MapFuzzyMatch
2431718,ISO-permission,spdx_id,MapFuzzyMatch
3545830,MIT,spdx_id,MapFuzzyMatch
1121021,MIT,spdx_id,MapFuzzyMatch
7346946,CECILL-C,spdx_id,MapFuzzyMatch
4528901,CC0-1.0,spdx_id,MapFuzzyMatch
1710857,MIT,spdx_id,MapFuzzyMatch
2562828,BSD-1-Clause,spdx_id,MapFuzzyMatch
1645325,ISO-permission,spdx_id,MapFuzzyMatch
4135697,MIT,spdx_id,MapFuzzyMatch
3545874,NASA-1.3,spdx_id,MapFuzzyMatch
6495015,MIT,spdx_id,MapFuzzyMatch
1645355,MIT,spdx_id,MapFuzzyMatch
5905197,ISO-permission,spdx_id,MapFuzzyMatch
6976,ISO-permission,spdx_id,MapFuzzyMatch
727874,MIT,spdx_id,MapFuzzyMatch
5905218,ISO-permission,spdx_id,MapFuzzyMatch
3414852,MIT,spdx_id,MapFuzzyMatch
7281477,Apache-1.0,spdx_id,MapFuzzyMatch
138060,GPL-3.0,spdx_id,MapFuzzyMatch
6429519,GPL-1.0,spdx_id,MapFuzzyMatch
6560594,W3C,spdx_id,MapFuzzyMatch
7609170,MIT,spdx_id,MapFuzzyMatch
3283796,ANTLR-PD,spdx_id,MapFuzzyMatch
5184340,MIT,spdx_id,MapFuzzyMatch
269147,Apache-1.0,spdx_id,MapFuzzyMatch
1645403,MIT,spdx_id,MapFuzzyMatch
5512029,MIT,spdx_id,MapFuzzyMatch
6298462,MIT,spdx_id,MapFuzzyMatch
1055593,MIT,spdx_id,MapFuzzyMatch
269163,MIT,spdx_id,MapFuzzyMatch
3414898,ISO-permission,spdx_id,MapFuzzyMatch
1055612,ISO-permission,spdx_id,MapFuzzyMatch
2169733,ISO-permission,spdx_id,MapFuzzyMatch
2169737,MIT,spdx_id,MapFuzzyMatch
334731,FTL,spdx_id,MapFuzzyMatch
2562960,BSD-1-Clause,spdx_id,MapFuzzyMatch
2169751,ISO-permission,spdx_id,MapFuzzyMatch
1121185,MIT,spdx_id,MapFuzzyMatch
138153,MIT,spdx_id,MapFuzzyMatch
6560682,MIT,spdx_id,MapFuzzyMatch
3414958,ISO-permission,spdx_id,MapFuzzyMatch
1317820,MIT,spdx_id,MapFuzzyMatch
3546046,Apache-1.0,spdx_id,MapFuzzyMatch
1383359,MIT,spdx_id,MapFuzzyMatch
400320,GPL-2.0,spdx_id,MapFuzzyMatch
5446592,ISO-permission,spdx_id,MapFuzzyMatch
5446593,WTFPL,spdx_id,MapExactMatch
6626238,ISO-permission,spdx_id,MapFuzzyMatch
5118917,MIT,spdx_id,MapFuzzyMatch
72650,MIT,spdx_id,MapFuzzyMatch
1907661,MIT,spdx_id,MapFuzzyMatch
1121230,Apache-1.0,spdx_id,MapFuzzyMatch
5118925,MIT,spdx_id,MapFuzzyMatch
3414994,ISO-permission,spdx_id,MapFuzzyMatch
5381082,MIT,spdx_id,MapFuzzyMatch
2104283,ISO-permission,spdx_id,MapFuzzyMatch
2366429,MIT,spdx_id,MapFuzzyMatch
5774309,MIT,spdx_id,MapFuzzyMatch
3021802,ISO-permission,spdx_id,MapFuzzyMatch
6364141,MIT,spdx_id,MapFuzzyMatch
6101999,LGPL-2.1,spdx_id,MapFuzzyMatch
1383414,Intel,spdx_id,MapFuzzyMatch
7159,AGPL-3.0,spdx_id,MapFuzzyMatch
2497531,Apache-1.0,spdx_id,MapFuzzyMatch
1580055,LGPL-3.0,spdx_id,MapFuzzyMatch
5184538,GPL-3.0,spdx_id,MapFuzzyMatch
7674906,Unlicense,spdx_id,MapFuzzyMatch
3415074,ISO-permission,spdx_id,MapFuzzyMatch
7208,MIT,spdx_id,MapFuzzyMatch
1645617,ISO-permission,spdx_id,MapFuzzyMatch
3546167,Apache-1.0,spdx_id,MapFuzzyMatch
3546170,Apache-1.0,spdx_id,MapFuzzyMatch
6364220,MIT,spdx_id,MapFuzzyMatch
7238,MIT,spdx_id,MapFuzzyMatch
6298714,MIT,spdx_id,MapFuzzyMatch
1121373,ISO-permission,spdx_id,MapFuzzyMatch
3939423,MIT,spdx_id,MapFuzzyMatch
269410,AGPL-3.0,spdx_id,MapFuzzyMatch
334962,PSF-2.0,spdx_id,MapFuzzyMatch
1055859,MIT,spdx_id,MapFuzzyMatch
5053567,ISC,spdx_id,MapFuzzyMatch
3939456,ISO-permission,spdx_id,MapFuzzyMatch
728197,MIT,spdx_id,MapFuzzyMatch
269452,MIT,spdx_id,MapFuzzyMatch
4136083,BSD-Protection,spdx_id,MapFuzzyMatch
597144,ISO-permission,spdx_id,MapFuzzyMatch
72864,Apache-2.0,spdx_id,MapFuzzyMatch
203941,MIT,spdx_id,MapFuzzyMatch
597160,MIT,spdx_id,MapFuzzyMatch
4070568,MIT,spdx_id,MapFuzzyMatch
5381295,GPL-3.0-or-later,spdx_id,MapExactID
990401,MIT,spdx_id,MapFuzzyMatch
6692034,MIT,spdx_id,MapFuzzyMatch
2825412,MIT,spdx_id,MapFuzzyMatch
1711302,MIT,spdx_id,MapFuzzyMatch
2694347,MIT,spdx_id,MapFuzzyMatch
1973452,MIT,spdx_id,MapFuzzyMatch
3939535,MIT,spdx_id,MapFuzzyMatch
269527,MIT,spdx_id,MapFuzzyMatch
5774553,MIT,spdx_id,MapFuzzyMatch
203996,MIT,spdx_id,MapFuzzyMatch
3415260,ISO-permission,spdx_id,MapFuzzyMatch
1711331,GPL-3.0,spdx_id,MapFuzzyMatch
6036707,LGPL-3.0,spdx_id,MapFuzzyMatch
7412963,MIT,spdx_id,MapFuzzyMatch
7401,Apache-1.0,spdx_id,MapFuzzyMatch
138475,MIT,spdx_id,MapFuzzyMatch
2890988,BSD-1-Clause,spdx_id,MapFuzzyMatch
4005099,MIT,spdx_id,MapFuzzyMatch
5119220,BSD-1-Clause,spdx_id,MapFuzzyMatch
4529397,CC-BY-NC-SA-3.0,spdx_id,MapFuzzyMatch
3546362,MIT,spdx_id,MapFuzzyMatch
269568,MIT,spdx_id,MapFuzzyMatch
72963,CNRI-Python,spdx_id,MapExactMatch
1842441,GPL-2.0,spdx_id,MapFuzzyMatch
2104585,MIT,spdx_id,MapFuzzyMatch
3218699,Apache-1.0,spdx_id,MapFuzzyMatch
3218700,ISO-permission,spdx_id,MapFuzzyMatch
4529434,MIT,spdx_id,MapFuzzyMatch
2170146,MIT,spdx_id,MapFuzzyMatch
4136226,MIT,spdx_id,MapFuzzyMatch
6429996,MIT,spdx_id,MapFuzzyMatch
6495532,MIT,spdx_id,MapFuzzyMatch
7476,FSL-1.1-ALv2,spdx_id,MapFuzzyMatch
7483,AGPL-3.0,spdx_id,MapExactID
2366787,MIT,spdx_id,MapFuzzyMatch
3415371,ISO-permission,spdx_id,MapFuzzyMatch
5643595,ISO-permission,spdx_id,MapFuzzyMatch
2694479,MIT,spdx_id,MapFuzzyMatch
5512531,MIT,spdx_id,MapFuzzyMatch
6692185,MIT,spdx_id,MapFuzzyMatch
5971293,Apache-2.0,spdx_id,MapExactID
1121630,Apache-2.0,spdx_id,MapFuzzyMatch
4988255,UPL-1.0,spdx_id,MapFuzzyMatch
3284320,MIT,spdx_id,MapFuzzyMatch
5905759,MIT,spdx_id,MapFuzzyMatch
6298988,MIT,spdx_id,MapFuzzyMatch
1056114,CC-BY-4.0,spdx_id,MapFuzzyMatch
3939704,ISO-permission,spdx_id,MapFuzzyMatch
7085443,MIT,spdx_id,MapFuzzyMatch
7216523,ISO-permission,spdx_id,MapFuzzyMatch
1711500,MIT,spdx_id,MapFuzzyMatch
2891153,Apache-2.0,spdx_id,MapFuzzyMatch
4988308,MIT,spdx_id,MapFuzzyMatch
2170279,MIT,spdx_id,MapFuzzyMatch
2891177,Apache-1.0,spdx_id,MapFuzzyMatch
6299051,MIT,spdx_id,MapFuzzyMatch
2170296,BSD-2-Clause-FreeBSD,spdx_id,MapExactID
1777085,MIT,spdx_id,MapFuzzyMatch
1318334,GPL-2.0,spdx_id,MapFuzzyMatch
1711555,MIT,spdx_id,MapFuzzyMatch
2956743,AGPL-3.0,spdx_id,MapFuzzyMatch
2366924,CNRI-Python-GPL-Compatible,spdx_id,MapFuzzyMatch
204242,Apache-1.0,spdx_id,MapFuzzyMatch
7347666,MIT,spdx_id,MapFuzzyMatch
531932,BSD-3-Clause-Clear,spdx_id,MapFuzzyMatch
7645,GPL-2.0,spdx_id,MapExactID
1908190,MIT,spdx_id,MapFuzzyMatch
269794,ISO-permission,spdx_id,MapFuzzyMatch
6692326,MIT,spdx_id,MapFuzzyMatch
6561257,MIT,spdx_id,MapFuzzyMatch
2301418,ISO-permission,spdx_id,MapFuzzyMatch
1908206,Python-2.0,spdx_id,MapFuzzyMatch
3546610,MIT,spdx_id,MapFuzzyMatch
3939827,ISO-permission,spdx_id,MapFuzzyMatch
531960,,unknown,MapNA
597498,MIT,spdx_id,MapFuzzyMatch
269822,GPL-2.0,spdx_id,MapFuzzyMatch
7609860,MIT,spdx_id,MapFuzzyMatch
5447182,MIT,spdx_id,MapFuzzyMatch
7697,Apache-2.0,spdx_id,MapExactMatch
3218961,Apache-1.1,spdx_id,MapFuzzyMatch
4005396,MIT,spdx_id,MapFuzzyMatch
1646105,MIT,spdx_id,MapFuzzyMatch
204314,Apache-2.0,spdx_id,MapFuzzyMatch
663070,Elastic-2.0,spdx_id,MapFuzzyMatch
6233631,MIT,spdx_id,MapFuzzyMatch
6037028,BSD-1-Clause,spdx_id,MapFuzzyMatch
2039337,AGPL-1.0,spdx_id,MapFuzzyMatch
2039340,AGPL-3.0,spdx_id,MapFuzzyMatch
7727,MIT,spdx_id,MapFuzzyMatch
2760243,MIT,spdx_id,MapFuzzyMatch
4529716,MIT,spdx_id,MapFuzzyMatch
7733,MIT,spdx_id,MapFuzzyMatch
269878,GPL-2.0,spdx_id,MapFuzzyMatch
4464192,Apache-1.0,spdx_id,MapFuzzyMatch
335426,CC-BY-4.0,spdx_id,MapFuzzyMatch
5447266,MIT,spdx_id,MapFuzzyMatch
1580646,GPL-1.0,spdx_id,MapFuzzyMatch
6233712,BSD-1-Clause,spdx_id,MapFuzzyMatch
401012,ISO-permission,spdx_id,MapFuzzyMatch
2367094,MIT,spdx_id,MapFuzzyMatch
3743365,MIT,spdx_id,MapFuzzyMatch
1711753,MIT,spdx_id,MapFuzzyMatch
1711755,BSD-1-Clause,spdx_id,MapFuzzyMatch
6037133,Apache-2.0,spdx_id,MapFuzzyMatch
1580701,MIT,spdx_id,MapFuzzyMatch
3546782,MIT,spdx_id,MapFuzzyMatch
3219110,BSD-3-Clause,spdx_id,MapFuzzyMatch
3546791,MIT,spdx_id,MapFuzzyMatch
3546793,MIT,spdx_id,MapFuzzyMatch
3284653,LGPL-3.0,spdx_id,MapFuzzyMatch
5709485,ISO-permission,spdx_id,MapFuzzyMatch
6495927,Apache-1.0,spdx_id,MapFuzzyMatch
6299320,Apache-1.0,spdx_id,MapFuzzyMatch
4464317,Apache-1.0,spdx_id,MapFuzzyMatch
73411,MIT,spdx_id,MapFuzzyMatch
2236102,ISO-permission,spdx_id,MapFuzzyMatch
7610064,MIT,spdx_id,MapFuzzyMatch
138968,EPL-1.0,spdx_id,MapFuzzyMatch
2891487,LGPL-2.0,spdx_id,MapFuzzyMatch
4464354,ISO-permission,spdx_id,MapFuzzyMatch
3219171,MIT,spdx_id,MapFuzzyMatch
4529892,MIT,spdx_id,MapFuzzyMatch
73447,MIT,spdx_id,MapFuzzyMatch
5709546,MIT,spdx_id,MapFuzzyMatch
7925,BSD-Source-Code,spdx_id,MapFuzzyMatch
2694902,ISO-permission,spdx_id,MapFuzzyMatch
2367226,MIT,spdx_id,MapFuzzyMatch
5054202,MIT,spdx_id,MapFuzzyMatch
5250817,BSD-1-Clause,spdx_id,MapFuzzyMatch
2760451,SMAIL-GPL,spdx_id,MapFuzzyMatch
6627080,MIT,spdx_id,MapFuzzyMatch
7347978,MIT,spdx_id,MapFuzzyMatch
3284747,MIT,spdx_id,MapFuzzyMatch
73484,Apache-2.0,spdx_id,MapExactMatch
5250832,MIT,spdx_id,MapFuzzyMatch
2170641,BSD-1-Clause,spdx_id,MapFuzzyMatch
7957,CC-PDDC,spdx_id,MapFuzzyMatch
3219227,ISO-permission,spdx_id,MapFuzzyMatch
7151387,copyleft-next-0.3.0,spdx_id,MapFuzzyMatch
532257,Apache-2.0,spdx_id,MapFuzzyMatch
270122,ISO-permission,spdx_id,MapFuzzyMatch
3743561,MIT,spdx_id,MapFuzzyMatch
6430543,Apache-1.0,spdx_id,MapFuzzyMatch
7348050,MIT,spdx_id,MapFuzzyMatch
401241,SMAIL-GPL,spdx_id,MapFuzzyMatch
1384283,BSD-1-Clause,spdx_id,MapFuzzyMatch
2432862,BSD-1-Clause,spdx_id,MapFuzzyMatch
5513056,CC0-1.0,spdx_id,MapFuzzyMatch
4530033,MIT,spdx_id,MapFuzzyMatch
663411,MIT,spdx_id,MapFuzzyMatch
4071284,MIT,spdx_id,MapFuzzyMatch
5840755,MIT,spdx_id,MapFuzzyMatch
6561673,MIT,spdx_id,MapFuzzyMatch
6102925,Apache-2.0,spdx_id,MapFuzzyMatch
3022736,MIT,spdx_id,MapFuzzyMatch
5054354,MIT,spdx_id,MapFuzzyMatch
4071318,MIT,spdx_id,MapFuzzyMatch
2826136,MIT,spdx_id,MapFuzzyMatch
3481504,MIT,spdx_id,MapFuzzyMatch
5840811,MIT,spdx_id,MapFuzzyMatch
2367409,MIT,spdx_id,MapFuzzyMatch
1384375,MIT,spdx_id,MapFuzzyMatch
3022775,MIT,spdx_id,MapFuzzyMatch
204730,MIT,spdx_id,MapFuzzyMatch
8123,UCAR,spdx_id,MapFuzzyMatch
73661,BSD-3-Clause,spdx_id,MapExactMatch
5447618,Apache-1.0,spdx_id,MapFuzzyMatch
3743684,MIT,spdx_id,MapFuzzyMatch
4071365,MIT,spdx_id,MapFuzzyMatch
466886,MIT,spdx_id,MapFuzzyMatch
8138,BSD-2-Clause,spdx_id,MapExactID
2826189,MIT,spdx_id,MapFuzzyMatch
1384399,MIT,spdx_id,MapFuzzyMatch
1712101,ISO-permission,spdx_id,MapFuzzyMatch
1581033,MIT,spdx_id,MapFuzzyMatch
2367471,ISO-permission,spdx_id,MapFuzzyMatch
5840879,Apache-2.0,spdx_id,MapFuzzyMatch
2695159,MIT,spdx_id,MapFuzzyMatch
1384440,MIT,spdx_id,MapFuzzyMatch
6627324,MIT,spdx_id,MapFuzzyMatch
3743741,MIT,spdx_id,MapFuzzyMatch
6168577,MIT,spdx_id,MapFuzzyMatch
8195,BSD-3-Clause,spdx_id,MapExactID
5382159,MIT,spdx_id,MapFuzzyMatch
7413775,MIT,spdx_id,MapFuzzyMatch
6234130,Apache-2.0,spdx_id,MapFuzzyMatch
2367509,Apache-2.0,spdx_id,MapFuzzyMatch
3022869,ISO-permission,spdx_id,MapFuzzyMatch
5054496,ISO-permission,spdx_id,MapFuzzyMatch
1974305,MIT,spdx_id,MapFuzzyMatch
73765,MIT,spdx_id,MapFuzzyMatch
73771,LGPL-2.1,spdx_id,MapFuzzyMatch
5840941,MIT,spdx_id,MapFuzzyMatch
3743802,GPL-2.0,spdx_id,MapFuzzyMatch
3743805,MIT,spdx_id,MapFuzzyMatch
8262,AGPL-3.0,spdx_id,MapFuzzyMatch
4202568,MIT,spdx_id,MapFuzzyMatch
139343,MIT,spdx_id,MapFuzzyMatch
3547216,CC-BY-SA,license_family,MapLicenseFamily
6168662,Intel,spdx_id,MapFuzzyMatch
4202589,MIT,spdx_id,MapFuzzyMatch
6692957,Apache-2.0,spdx_id,MapFuzzyMatch
3088486,Apache-1.0,spdx_id,MapFuzzyMatch
4071529,MIT,spdx_id,MapFuzzyMatch
7151724,MIT,spdx_id,MapFuzzyMatch
1384558,copyleft-next-0.3.0,spdx_id,MapFuzzyMatch
4989038,MIT,spdx_id,MapFuzzyMatch
3088503,Apache-1.0,spdx_id,MapFuzzyMatch
401529,AGPL-3.0-only,spdx_id,MapExactMatch
7151743,MIT,spdx_id,MapFuzzyMatch
6561928,BSD-1-Clause,spdx_id,MapFuzzyMatch
401548,MIT,spdx_id,MapFuzzyMatch
6693004,MIT,spdx_id,MapFuzzyMatch
7151757,MIT,spdx_id,MapFuzzyMatch
401556,GPL-3.0,spdx_id,MapFuzzyMatch
3154071,ISO-permission,spdx_id,MapFuzzyMatch
8347,ISO-permission,spdx_id,MapFuzzyMatch
139421,MIT,spdx_id,MapFuzzyMatch
6168738,MIT,spdx_id,MapFuzzyMatch
1384612,MIT,spdx_id,MapFuzzyMatch
2498737,MIT,spdx_id,MapFuzzyMatch
6299828,MIT,spdx_id,MapFuzzyMatch
2236603,AGPL-3.0-or-later,spdx_id,MapExactID
532672,ISO-permission,spdx_id,MapFuzzyMatch
3612864,GPL-3.0,spdx_id,MapFuzzyMatch
4530369,MIT,spdx_id,MapFuzzyMatch
4006083,GPL-1.0,spdx_id,MapFuzzyMatch
6299852,MIT,spdx_id,MapFuzzyMatch
532686,MIT,spdx_id,MapFuzzyMatch
1581270,MIT,spdx_id,MapFuzzyMatch
4464856,MIT,spdx_id,MapFuzzyMatch
4071641,MIT,spdx_id,MapFuzzyMatch
7151837,MIT,spdx_id,MapFuzzyMatch
2629858,MIT,spdx_id,MapFuzzyMatch
467174,ISO-permission,spdx_id,MapFuzzyMatch
1057003,MIT,spdx_id,MapFuzzyMatch
7151852,ISO-permission,spdx_id,MapFuzzyMatch
5906671,NIST-Software,spdx_id,MapFuzzyMatch
1581303,Apache-1.0,spdx_id,MapFuzzyMatch
3285239,MIT,spdx_id,MapFuzzyMatch
4530423,CC-BY-NC-SA-4.0,spdx_id,MapExactID
5447938,PSF-2.0,spdx_id,MapFuzzyMatch
3940614,MIT,spdx_id,MapFuzzyMatch
2826515,ISC,spdx_id,MapFuzzyMatch
2367770,ISO-permission,spdx_id,MapFuzzyMatch
1122608,ISO-permission,spdx_id,MapFuzzyMatch
2564401,MIT,spdx_id,MapFuzzyMatch
5906750,LGPL-3.0,spdx_id,MapFuzzyMatch
8513,Apache-2.0,spdx_id,MapExactMatch
532802,MIT,spdx_id,MapFuzzyMatch
8515,MIT,spdx_id,MapFuzzyMatch
2433360,BSD-3-Clause-Clear,spdx_id,MapExactID
2367827,MIT,spdx_id,MapFuzzyMatch
5906778,MIT,spdx_id,MapFuzzyMatch
3416417,BSD-2-Clause,spdx_id,MapFuzzyMatch
6037858,Apache-2.0,spdx_id,MapFuzzyMatch
3547492,MIT,spdx_id,MapFuzzyMatch
1057132,MIT,spdx_id,MapFuzzyMatch
3547504,MIT,spdx_id,MapFuzzyMatch
3154297,MIT,spdx_id,MapFuzzyMatch
139643,GPL-2.0,spdx_id,MapFuzzyMatch
4071811,MIT,spdx_id,MapFuzzyMatch
5120393,ISO-permission,spdx_id,MapFuzzyMatch
6562200,MIT,spdx_id,MapFuzzyMatch
336281,MIT,spdx_id,MapFuzzyMatch
6496665,MIT,spdx_id,MapFuzzyMatch
4137374,copyleft-next-0.3.0,spdx_id,MapFuzzyMatch
1057185,MIT,spdx_id,MapFuzzyMatch
6103457,ISO-permission,spdx_id,MapFuzzyMatch
3482019,MIT,spdx_id,MapFuzzyMatch
6693286,ISO-permission,spdx_id,MapFuzzyMatch
270762,Apache-1.1,spdx_id,MapFuzzyMatch
336301,ISO-permission,spdx_id,MapFuzzyMatch
3547565,Artistic-2.0,spdx_id,MapFuzzyMatch
270767,MIT,spdx_id,MapFuzzyMatch
663984,EPL-1.0,spdx_id,MapFuzzyMatch
3613104,BSD-1-Clause,spdx_id,MapFuzzyMatch
6431154,Apache-2.0,spdx_id,MapFuzzyMatch
3416513,BSD-1-Clause,spdx_id,MapFuzzyMatch
2761156,Apache-1.0,spdx_id,MapFuzzyMatch
2761162,MIT,spdx_id,MapFuzzyMatch
5906899,MIT,spdx_id,MapFuzzyMatch
2892248,MIT,spdx_id,MapFuzzyMatch
2695642,MIT,spdx_id,MapFuzzyMatch
4923879,BSD-Source-Code,spdx_id,MapFuzzyMatch
4530666,Apache-2.0,spdx_id,MapFuzzyMatch
6955498,MIT,spdx_id,MapFuzzyMatch
1122799,MIT,spdx_id,MapFuzzyMatch
1384944,ANTLR-PD,spdx_id,MapFuzzyMatch
3351025,OGC-1.0,spdx_id,MapFuzzyMatch
3219960,MIT,spdx_id,MapFuzzyMatch
3613177,MIT,spdx_id,MapFuzzyMatch
6234620,MIT,spdx_id,MapFuzzyMatch
7283198,MIT,spdx_id,MapFuzzyMatch
532995,Beerware,spdx_id,MapFuzzyMatch
6627844,MIT,spdx_id,MapFuzzyMatch
6627845,MIT,spdx_id,MapFuzzyMatch
5579270,PostgreSQL,spdx_id,MapFuzzyMatch
3154447,ISO-permission,spdx_id,MapFuzzyMatch
2892307,ISO-permission,spdx_id,MapFuzzyMatch
3219987,MIT,spdx_id,MapFuzzyMatch
6431255,Apache-1.0,spdx_id,MapFuzzyMatch
4923931,MIT,spdx_id,MapFuzzyMatch
3154460,SL,spdx_id,MapFuzzyMatch
6300192,MIT,spdx_id,MapFuzzyMatch
5251622,ISO-permission,spdx_id,MapFuzzyMatch
6103596,Apache-1.0,spdx_id,MapFuzzyMatch
664110,BSD-1-Clause,spdx_id,MapFuzzyMatch
7283249,MIT,spdx_id,MapFuzzyMatch
5382707,MIT,spdx_id,MapFuzzyMatch
5513788,BSD-Source-Code,spdx_id,MapFuzzyMatch
2695746,CC-BY-NC-SA-2.0,spdx_id,MapExactID
4137541,ISO-permission,spdx_id,MapFuzzyMatch
5186119,BSD-1-Clause,spdx_id,MapFuzzyMatch
5251655,MIT,spdx_id,MapFuzzyMatch
2761291,MIT,spdx_id,MapFuzzyMatch
2957900,MIT,spdx_id,MapFuzzyMatch
5055058,Apache-2.0,spdx_id,MapFuzzyMatch
3940958,MIT,spdx_id,MapFuzzyMatch
1385055,MIT,spdx_id,MapFuzzyMatch
6300258,MIT,spdx_id,MapFuzzyMatch
6627939,BSD-1-Clause,spdx_id,MapFuzzyMatch
5120613,MIT,spdx_id,MapFuzzyMatch
4989546,MIT,spdx_id,MapFuzzyMatch
139896,,unknown,MapNA
3220088,MIT,spdx_id,MapFuzzyMatch
2892424,MIT,spdx_id,MapFuzzyMatch
533129,MIT,spdx_id,MapFuzzyMatch
6431373,ISO-permission,spdx_id,MapFuzzyMatch
2237070,ISO-permission,spdx_id,MapFuzzyMatch
7021198,MIT,spdx_id,MapFuzzyMatch
139923,MIT,spdx_id,MapFuzzyMatch
533141,MIT,spdx_id,MapFuzzyMatch
205463,BSD-1-Clause,spdx_id,MapFuzzyMatch
2368152,Apache-1.0,spdx_id,MapFuzzyMatch
3220121,ISO-permission,spdx_id,MapFuzzyMatch
2237084,MIT,spdx_id,MapFuzzyMatch
6234783,MIT,spdx_id,MapFuzzyMatch
5579424,MIT,spdx_id,MapFuzzyMatch
1581729,MIT,spdx_id,MapFuzzyMatch
5120674,MIT,spdx_id,MapFuzzyMatch
4530860,MIT,spdx_id,MapFuzzyMatch
6365874,MIT,spdx_id,MapFuzzyMatch
2761397,MIT,spdx_id,MapFuzzyMatch
2958005,BSD-1-Clause,spdx_id,MapFuzzyMatch
5251778,BSD-3-Clause-No-Nuclear-License,spdx_id,MapFuzzyMatch
6300354,MIT,spdx_id,MapFuzzyMatch
5251782,ISO-permission,spdx_id,MapFuzzyMatch
2499282,AGPL-3.0-only,spdx_id,MapExactMatch
2695917,MIT,spdx_id,MapFuzzyMatch
533236,MIT,spdx_id,MapFuzzyMatch
3613435,ISO-permission,spdx_id,MapFuzzyMatch
8958,GPL-2.0,spdx_id,MapExactID
6628095,Apache-2.0,spdx_id,MapFuzzyMatch
2040579,Apache-1.1,spdx_id,MapFuzzyMatch
1909508,MIT,spdx_id,MapFuzzyMatch
1909509,MIT,spdx_id,MapFuzzyMatch
1581842,MIT,spdx_id,MapFuzzyMatch
2171675,MIT,spdx_id,MapFuzzyMatch
2892572,LPL-1.0,spdx_id,MapFuzzyMatch
8990,AGPL-3.0,spdx_id,MapFuzzyMatch
2892582,MIT,spdx_id,MapFuzzyMatch
6693676,MIT,spdx_id,MapFuzzyMatch
3613499,MIT,spdx_id,MapFuzzyMatch
2499390,MIT,spdx_id,MapFuzzyMatch
2499397,MIT,spdx_id,MapFuzzyMatch
336711,NIST-Software,spdx_id,MapFuzzyMatch
3744585,MIT,spdx_id,MapFuzzyMatch
5972810,MIT,spdx_id,MapFuzzyMatch
9034,Apache-1.1,spdx_id,MapFuzzyMatch
336715,MIT,spdx_id,MapFuzzyMatch
3482444,MIT,spdx_id,MapFuzzyMatch
5186378,ISO-permission,spdx_id,MapFuzzyMatch
6234960,MIT,spdx_id,MapFuzzyMatch
3482450,GPL-3.0,spdx_id,MapFuzzyMatch
3613523,MIT,spdx_id,MapFuzzyMatch
4465491,MIT,spdx_id,MapFuzzyMatch
2696023,MIT,spdx_id,MapFuzzyMatch
2696025,MIT,spdx_id,MapFuzzyMatch
205663,MIT,spdx_id,MapFuzzyMatch
7480159,BSD-1-Clause,spdx_id,MapFuzzyMatch
3285884,Xnet,spdx_id,MapFuzzyMatch
2237309,BSD-3-Clause,spdx_id,MapFuzzyMatch
3285889,Apache-1.0,spdx_id,MapFuzzyMatch
2696070,ISO-permission,spdx_id,MapFuzzyMatch
1057675,Unlicense,spdx_id,MapFuzzyMatch
6693772,MIT,spdx_id,MapFuzzyMatch
5251983,ISO-permission,spdx_id,MapFuzzyMatch
4531090,ISO-permission,spdx_id,MapFuzzyMatch
2237334,MIT,spdx_id,MapFuzzyMatch
6562711,MIT,spdx_id,MapFuzzyMatch
4858787,MIT,spdx_id,MapFuzzyMatch
5252001,MIT,spdx_id,MapFuzzyMatch
5514149,MIT,spdx_id,MapFuzzyMatch
7611300,MIT,spdx_id,MapFuzzyMatch
664490,APSL-2.0,spdx_id,MapFuzzyMatch
5186481,ISO-permission,spdx_id,MapFuzzyMatch
4989883,AGPL-3.0,spdx_id,MapFuzzyMatch
5055424,MIT,spdx_id,MapFuzzyMatch
6562756,MIT,spdx_id,MapFuzzyMatch
5710789,MIT,spdx_id,MapFuzzyMatch
1385415,MIT,spdx_id,MapFuzzyMatch
5579719,Apache-2.0,spdx_id,MapFuzzyMatch
271305,BSD-3-Clause,spdx_id,MapExactID
5907399,ISO-permission,spdx_id,MapFuzzyMatch
4858837,MIT,spdx_id,MapFuzzyMatch
6562775,MIT,spdx_id,MapFuzzyMatch
6693848,copyleft-next-0.3.0,spdx_id,MapFuzzyMatch
1385434,Apache-2.0,spdx_id,MapExactID
402397,MIT,spdx_id,MapFuzzyMatch
7218144,Apache-2.0,spdx_id,MapFuzzyMatch
5252071,BSD-1-Clause,spdx_id,MapFuzzyMatch
2565097,MIT,spdx_id,MapFuzzyMatch
6235114,MIT,spdx_id,MapFuzzyMatch
3941357,CC-BY-NC-SA-2.0-FR,spdx_id,MapFuzzyMatch
1909745,ISO-permission,spdx_id,MapFuzzyMatch
5710834,MIT,spdx_id,MapFuzzyMatch
2761721,Apache-2.0,spdx_id,MapFuzzyMatch
1385470,MIT,spdx_id,MapFuzzyMatch
3941374,EPL-1.0,spdx_id,MapFuzzyMatch
5252112,BSD-1-Clause,spdx_id,MapFuzzyMatch
205846,MIT,spdx_id,MapFuzzyMatch
1123357,Apache-2.0,spdx_id,MapFuzzyMatch
6497318,MIT,spdx_id,MapFuzzyMatch
1778731,MIT,spdx_id,MapFuzzyMatch
6366251,MIT,spdx_id,MapFuzzyMatch
7349292,copyleft-next-0.3.0,spdx_id,MapFuzzyMatch
3744824,MIT,spdx_id,MapFuzzyMatch
5121087,MIT,spdx_id,MapFuzzyMatch
9281,MIT,spdx_id,MapFuzzyMatch
205892,AGPL-3.0-or-later,spdx_id,MapExactID
1320006,BSD-2-Clause,spdx_id,MapFuzzyMatch
205895,GPL-3.0,spdx_id,MapFuzzyMatch
402507,GPL-1.0,spdx_id,MapFuzzyMatch
2696276,Elastic-2.0,spdx_id,MapFuzzyMatch
5973076,MIT,spdx_id,MapFuzzyMatch
6431830,MIT,spdx_id,MapFuzzyMatch
3417189,BSD-3-Clause,spdx_id,MapFuzzyMatch
3417191,ISO-permission,spdx_id,MapFuzzyMatch
1975403,MIT,spdx_id,MapFuzzyMatch
2630771,MIT,spdx_id,MapFuzzyMatch
6104180,MIT,spdx_id,MapFuzzyMatch
4072566,MIT,spdx_id,MapFuzzyMatch
6300791,MIT,spdx_id,MapFuzzyMatch
3417210,ISO-permission,spdx_id,MapFuzzyMatch
1975425,NLPL,spdx_id,MapFuzzyMatch
5710983,ISO-permission,spdx_id,MapFuzzyMatch
3613835,GPL-2.0,spdx_id,MapFuzzyMatch
1975440,MIT,spdx_id,MapFuzzyMatch
7283858,MIT,spdx_id,MapFuzzyMatch
9363,Apache-2.0,spdx_id,MapFuzzyMatch
599188,MIT,spdx_id,MapFuzzyMatch
3744915,MIT,spdx_id,MapFuzzyMatch
4859036,MIT,spdx_id,MapFuzzyMatch
6300832,Apache-1.0,spdx_id,MapFuzzyMatch
5514402,MIT,spdx_id,MapFuzzyMatch
9381,LGPL,license_family,MapLicenseFamily
3744938,MIT,spdx_id,MapFuzzyMatch
402605,ISO-permission,spdx_id,MapFuzzyMatch
664750,BSD-3-Clause,spdx_id,MapFuzzyMatch
3744941,MIT,spdx_id,MapFuzzyMatch
3941554,MIT,spdx_id,MapFuzzyMatch
2172089,ISO-permission,spdx_id,MapFuzzyMatch
2958523,CC-BY-1.0,spdx_id,MapFuzzyMatch
2172103,BSD-2-Clause,spdx_id,MapFuzzyMatch
2434247,MIT,spdx_id,MapFuzzyMatch
4990159,MIT,spdx_id,MapFuzzyMatch
206033,copyleft-next-0.3.0,spdx_id,MapFuzzyMatch
1123546,MIT,spdx_id,MapFuzzyMatch
2761946,BSD-3-Clause,spdx_id,MapFuzzyMatch
2368732,ISO-permission,spdx_id,MapFuzzyMatch
2565342,ISO-permission,spdx_id,MapFuzzyMatch
2630881,ISO-permission,spdx_id,MapFuzzyMatch
6235370,MIT,spdx_id,MapFuzzyMatch
2958577,MIT,spdx_id,MapFuzzyMatch
5514485,MIT,spdx_id,MapFuzzyMatch
7349496,MIT,spdx_id,MapFuzzyMatch
5514491,MIT,spdx_id,MapFuzzyMatch
664829,MIT,spdx_id,MapFuzzyMatch
2303229,ISO-permission,spdx_id,MapFuzzyMatch
2434303,BSD-1-Clause,spdx_id,MapFuzzyMatch
2630914,ISO-permission,spdx_id,MapFuzzyMatch
5514506,MIT,spdx_id,MapFuzzyMatch
6235406,MIT,spdx_id,MapFuzzyMatch
664851,Fair,spdx_id,MapFuzzyMatch
9497,MIT,spdx_id,MapFuzzyMatch
402714,CECILL-B,spdx_id,MapExactID
1385755,MIT,spdx_id,MapFuzzyMatch
6956324,BSD-3-Clause,spdx_id,MapFuzzyMatch
7611688,MIT,spdx_id,MapFuzzyMatch
6497582,GPL-1.0,spdx_id,MapExactID
664888,Apache-1.0,spdx_id,MapFuzzyMatch
5776699,ISO-permission,spdx_id,MapFuzzyMatch
5580092,LGPL-2.1,spdx_id,MapFuzzyMatch
7284029,0BSD,spdx_id,MapFuzzyMatch
2303305,Python-2.0,spdx_id,MapFuzzyMatch
9551,Unlicense,spdx_id,MapFuzzyMatch
5580133,Apache-2.0,spdx_id,MapFuzzyMatch
337259,MIT,spdx_id,MapFuzzyMatch
1582445,MIT,spdx_id,MapFuzzyMatch
6497647,copyleft-next-0.3.0,spdx_id,MapFuzzyMatch
5842291,BSD-1-Clause,spdx_id,MapFuzzyMatch
402813,GPL-3.0,spdx_id,MapFuzzyMatch
6432126,BSD-1-Clause,spdx_id,MapFuzzyMatch
9600,LGPL-3.0,spdx_id,MapExactID
5973385,MIT,spdx_id,MapFuzzyMatch
206217,Xnet,spdx_id,MapFuzzyMatch
664973,Apache-1.0,spdx_id,MapFuzzyMatch
664984,Apache-2.0,spdx_id,MapFuzzyMatch
9629,LGPL-3.0,spdx_id,MapExactID
2696607,MIT,spdx_id,MapFuzzyMatch
3745191,MIT,spdx_id,MapFuzzyMatch
4007338,MIT,spdx_id,MapFuzzyMatch
6235562,MIT,spdx_id,MapFuzzyMatch
665006,Apache-1.0,spdx_id,MapFuzzyMatch
665009,Apache-2.0,spdx_id,MapFuzzyMatch
4072883,BSD-1-Clause,spdx_id,MapFuzzyMatch
7480759,copyleft-next-0.3.0,spdx_id,MapFuzzyMatch
5055941,MIT,spdx_id,MapFuzzyMatch
3089865,MPL-2.0,spdx_id,MapFuzzyMatch
5514709,HPND-INRIA-IMAG,spdx_id,MapFuzzyMatch
3417561,MIT,spdx_id,MapFuzzyMatch
4138457,BSD-2-Clause,spdx_id,MapFuzzyMatch
6432233,GPL-3.0,spdx_id,MapFuzzyMatch
3483117,BSD-1-Clause,spdx_id,MapFuzzyMatch
665080,Apache-1.0,spdx_id,MapFuzzyMatch
2762247,CECILL-2.1,spdx_id,MapExactID
9737,ISO-permission,spdx_id,MapFuzzyMatch
2500107,BitTorrent-1.0,spdx_id,MapFuzzyMatch
2172428,MIT,spdx_id,MapFuzzyMatch
9755,BitTorrent-1.0,spdx_id,MapFuzzyMatch
9756,Apache-2.0,spdx_id,MapExactMatch
1975837,copyleft-next-0.3.0,spdx_id,MapFuzzyMatch
6301211,LGPL-2.0,spdx_id,MapFuzzyMatch
1779247,MIT,spdx_id,MapFuzzyMatch
6170161,MIT,spdx_id,MapFuzzyMatch
5580341,MIT,spdx_id,MapFuzzyMatch
6235701,MIT,spdx_id,MapFuzzyMatch
3089978,MIT,spdx_id,MapFuzzyMatch
7022138,CC-BY-4.0,spdx_id,MapFuzzyMatch
2434625,MIT,spdx_id,MapFuzzyMatch
6563395,MIT,spdx_id,MapFuzzyMatch
140869,MIT,spdx_id,MapFuzzyMatch
403014,Apache-2.0,spdx_id,MapFuzzyMatch
3286597,BSD-2-Clause,spdx_id,MapFuzzyMatch
5121609,BSL-1.0,spdx_id,MapFuzzyMatch
2303568,ISO-permission,spdx_id,MapFuzzyMatch
2762324,MIT,spdx_id,MapFuzzyMatch
3155545,NIST-Software,spdx_id,MapExactMatch
271971,CECILL-1.1,spdx_id,MapFuzzyMatch
1058407,ISO-permission,spdx_id,MapFuzzyMatch
1844840,MIT,spdx_id,MapFuzzyMatch
4138600,MIT,spdx_id,MapFuzzyMatch
2303599,MIT,spdx_id,MapFuzzyMatch
3155570,NIST-Software,spdx_id,MapExactMatch
4531831,MIT,spdx_id,MapFuzzyMatch
1975928,MIT,spdx_id,MapFuzzyMatch
3155576,NIST-Software,spdx_id,MapExactMatch
7284343,Apache-1.0,spdx_id,MapFuzzyMatch
2369156,Apache-1.0,spdx_id,MapFuzzyMatch
3024516,MIT,spdx_id,MapFuzzyMatch
3024520,MIT,spdx_id,MapFuzzyMatch
2958991,Apache-2.0,spdx_id,MapFuzzyMatch
599703,MIT,spdx_id,MapFuzzyMatch
2696857,ISO-permission,spdx_id,MapFuzzyMatch
5580442,GPL-2.0,spdx_id,MapFuzzyMatch
1582750,MIT,spdx_id,MapFuzzyMatch
730784,BUSL-1.1,spdx_id,MapFuzzyMatch
1975969,MIT,spdx_id,MapFuzzyMatch
2303657,MIT,spdx_id,MapFuzzyMatch
4138665,MIT,spdx_id,MapFuzzyMatch
1779372,Artistic-1.0,spdx_id,MapFuzzyMatch
468661,MIT,spdx_id,MapFuzzyMatch
6104761,BSD-1-Clause,spdx_id,MapFuzzyMatch
1975996,MIT,spdx_id,MapFuzzyMatch
5514941,BSD-2-Clause,spdx_id,MapFuzzyMatch
4859591,MIT,spdx_id,MapFuzzyMatch
141002,MIT,spdx_id,MapFuzzyMatch
5056202,MIT,spdx_id,MapFuzzyMatch
6629071,PSF-2.0,spdx_id,MapFuzzyMatch
1779419,EUPL-1.1,spdx_id,MapFuzzyMatch
1976027,Apache-2.0,spdx_id,MapFuzzyMatch
6301406,MIT,spdx_id,MapFuzzyMatch
7087839,MIT,spdx_id,MapFuzzyMatch
9952,ZPL-2.1,spdx_id,MapExactID
5711587,MIT,spdx_id,MapFuzzyMatch
5777124,MIT,spdx_id,MapFuzzyMatch
2107111,BSD-2-Clause,spdx_id,MapExactID
337646,copyleft-next-0.3.0,spdx_id,MapFuzzyMatch
6301436,ISO-permission,spdx_id,MapFuzzyMatch
1124093,MIT,spdx_id,MapFuzzyMatch
4007679,MIT,spdx_id,MapFuzzyMatch
730882,MIT,spdx_id,MapFuzzyMatch
3090181,MIT,spdx_id,MapFuzzyMatch
7677706,MIT,spdx_id,MapFuzzyMatch
599822,GPL-3.0,spdx_id,MapFuzzyMatch
3024654,MIT,spdx_id,MapFuzzyMatch
3155727,PSF-2.0,spdx_id,MapFuzzyMatch
403223,BSD-2-Clause,spdx_id,MapExactID
6498074,MIT,spdx_id,MapFuzzyMatch
6498078,MIT,spdx_id,MapFuzzyMatch
3090209,MIT,spdx_id,MapFuzzyMatch
6563617,MIT,spdx_id,MapFuzzyMatch
6563626,MIT,spdx_id,MapFuzzyMatch
4073260,MIT,spdx_id,MapFuzzyMatch
6301484,MIT,spdx_id,MapFuzzyMatch
5580592,ISO-permission,spdx_id,MapFuzzyMatch
2828082,MIT,spdx_id,MapFuzzyMatch
3417907,Apache-1.0,spdx_id,MapFuzzyMatch
599864,GPL-3.0,spdx_id,MapFuzzyMatch
5383996,IPL-1.0,spdx_id,MapFuzzyMatch
6235967,MIT,spdx_id,MapFuzzyMatch
665410,Apache-1.0,spdx_id,MapFuzzyMatch
3024713,ISO-permission,spdx_id,MapFuzzyMatch
4138825,CECILL-B,spdx_id,MapExactID
2762576,ANTLR-PD,spdx_id,MapFuzzyMatch
6235986,MIT,spdx_id,MapFuzzyMatch
4466515,MIT,spdx_id,MapFuzzyMatch
75612,CECILL-1.0,spdx_id,MapFuzzyMatch
3417958,Apache-1.0,spdx_id,MapFuzzyMatch
4990822,BSD-3-Clause,spdx_id,MapFuzzyMatch
6301542,MIT,spdx_id,MapFuzzyMatch
3155824,MIT,spdx_id,MapFuzzyMatch
75633,NIST-Software,spdx_id,MapFuzzyMatch
1779579,MIT,spdx_id,MapFuzzyMatch
1582982,BSD-1-Clause,spdx_id,MapFuzzyMatch
5056392,MIT,spdx_id,MapFuzzyMatch
2631565,MIT,spdx_id,MapFuzzyMatch
4138906,GPL-3.0,spdx_id,MapFuzzyMatch
2500511,MIT,spdx_id,MapFuzzyMatch
4138911,MIT,spdx_id,MapFuzzyMatch
3418017,Apache-1.0,spdx_id,MapFuzzyMatch
4073377,MIT,spdx_id,MapFuzzyMatch
337834,GPL-3.0,spdx_id,MapFuzzyMatch
4007852,BSD-Source-Code,spdx_id,MapFuzzyMatch
3942332,MIT,spdx_id,MapFuzzyMatch
10174,AGPL-3.0,spdx_id,MapFuzzyMatch
3090367,Apache-1.0,spdx_id,MapFuzzyMatch
10178,LGPL-3.0,spdx_id,MapFuzzyMatch
2828236,BSD-1-Clause,spdx_id,MapFuzzyMatch
2369494,BSD-Source-Code,spdx_id,MapFuzzyMatch
2369497,BSD-1-Clause,spdx_id,MapFuzzyMatch
7481316,MIT,spdx_id,MapFuzzyMatch
2566122,MPL-2.0,spdx_id,MapFuzzyMatch
2435063,AGPL-3.0,spdx_id,MapFuzzyMatch
2107394,MIT,spdx_id,MapFuzzyMatch
7088149,MIT,spdx_id,MapFuzzyMatch
7219223,MIT,spdx_id,MapFuzzyMatch
5777444,Apache-1.0,spdx_id,MapFuzzyMatch
6629426,AGPL-3.0-only,spdx_id,MapExactMatch
2762804,BSD-1-Clause,spdx_id,MapFuzzyMatch
1845307,MIT,spdx_id,MapFuzzyMatch
7415878,MIT,spdx_id,MapFuzzyMatch
665674,MPL-2.0,spdx_id,MapFuzzyMatch
7088205,MIT,spdx_id,MapFuzzyMatch
337998,MIT,spdx_id,MapFuzzyMatch
337999,Apache-1.0,spdx_id,MapFuzzyMatch
665683,MPL-2.0,spdx_id,MapFuzzyMatch
1845340,ISO-permission,spdx_id,MapFuzzyMatch
534629,BSD-1-Clause,spdx_id,MapFuzzyMatch
206952,MIT,spdx_id,MapFuzzyMatch
2369643,GPL-1.0-or-later,spdx_id,MapFuzzyMatch
1845360,MIT,spdx_id,MapFuzzyMatch
1845364,MIT,spdx_id,MapFuzzyMatch
4991096,Apache-1.0,spdx_id,MapFuzzyMatch
5515385,ANTLR-PD,spdx_id,MapFuzzyMatch
6629500,Game-Programming-Gems,spdx_id,MapFuzzyMatch
5056639,MIT,spdx_id,MapFuzzyMatch
6498435,MIT,spdx_id,MapFuzzyMatch
2369675,MIT,spdx_id,MapFuzzyMatch
10392,NCL,spdx_id,MapFuzzyMatch
7219353,GPL-3.0,spdx_id,MapExactID
3025054,MIT,spdx_id,MapFuzzyMatch
6236321,BSD-1-Clause,spdx_id,MapFuzzyMatch
6957226,Apache-1.0,spdx_id,MapFuzzyMatch
3811508,MIT,spdx_id,MapFuzzyMatch
5187775,MIT,spdx_id,MapFuzzyMatch
3025092,ISO-permission,spdx_id,MapFuzzyMatch
5253320,Apache-1.0,spdx_id,MapFuzzyMatch
5253322,Apache-1.0,spdx_id,MapFuzzyMatch
1386701,MIT,spdx_id,MapFuzzyMatch
7088335,MIT,spdx_id,MapFuzzyMatch
207061,GPL-3.0,spdx_id,MapFuzzyMatch
2107614,BSD-1-Clause,spdx_id,MapFuzzyMatch
272611,BSD-3-Clause-No-Nuclear-License,spdx_id,MapFuzzyMatch
6236395,MIT,spdx_id,MapFuzzyMatch
3287281,MIT,spdx_id,MapFuzzyMatch
5777652,copyleft-next-0.3.0,spdx_id,MapFuzzyMatch
4401402,MIT,spdx_id,MapFuzzyMatch
3025156,MIT,spdx_id,MapFuzzyMatch
2631959,MIT,spdx_id,MapFuzzyMatch
5056791,AGPL-1.0,spdx_id,MapFuzzyMatch
2828572,MIT,spdx_id,MapFuzzyMatch
3942684,MIT,spdx_id,MapFuzzyMatch
6236453,MIT,spdx_id,MapFuzzyMatch
1386795,Apache-1.0,spdx_id,MapFuzzyMatch
6957355,copyleft-next-0.3.0,spdx_id,MapFuzzyMatch
1059121,MIT,spdx_id,MapFuzzyMatch
5187896,Artistic-1.0,spdx_id,MapFuzzyMatch
3287354,MIT,spdx_id,MapFuzzyMatch
338243,AGPL-3.0,spdx_id,MapFuzzyMatch
1321292,MIT,spdx_id,MapFuzzyMatch
7416140,MIT,spdx_id,MapFuzzyMatch
2828622,MIT,spdx_id,MapFuzzyMatch
338259,Apache-2.0,spdx_id,MapFuzzyMatch
2369875,Apache-1.0,spdx_id,MapFuzzyMatch
10581,MIT,spdx_id,MapFuzzyMatch
4532567,BSD-3-Clause-No-Nuclear-License,spdx_id,MapFuzzyMatch
2500952,MIT,spdx_id,MapFuzzyMatch
1386841,CC0-1.0,spdx_id,MapExactMatch
2959711,ISO-permission,spdx_id,MapFuzzyMatch
5187936,BSD-1-Clause,spdx_id,MapFuzzyMatch
3090790,AFL-2.0,spdx_id,MapFuzzyMatch
3025256,MIT,spdx_id,MapFuzzyMatch
6039913,MIT,spdx_id,MapFuzzyMatch
7088491,MIT,spdx_id,MapFuzzyMatch
6957432,MIT,spdx_id,MapFuzzyMatch
7481720,MIT,spdx_id,MapFuzzyMatch
1321338,BSD-1-Clause,spdx_id,MapFuzzyMatch
3090814,MIT,spdx_id,MapFuzzyMatch
207241,CC-BY-ND-4.0,spdx_id,MapExactID
2828681,MIT,spdx_id,MapFuzzyMatch
2238863,MIT,spdx_id,MapFuzzyMatch
2828689,MIT,spdx_id,MapFuzzyMatch
2828703,MIT,spdx_id,MapFuzzyMatch
2304423,MIT,spdx_id,MapFuzzyMatch
207275,MIT,spdx_id,MapFuzzyMatch
666030,MIT,spdx_id,MapFuzzyMatch
207285,Apache-1.0,spdx_id,MapFuzzyMatch
2828731,Unlicense,spdx_id,MapFuzzyMatch
5712319,Apache-1.0,spdx_id,MapFuzzyMatch
3156416,ISO-permission,spdx_id,MapFuzzyMatch
2238913,MIT,spdx_id,MapFuzzyMatch
2566593,MIT,spdx_id,MapFuzzyMatch
2173390,BUSL-1.1,spdx_id,MapFuzzyMatch
2566612,CC-BY-4.0,spdx_id,MapFuzzyMatch
3811810,MIT,spdx_id,MapFuzzyMatch
5056997,MIT,spdx_id,MapFuzzyMatch
5908968,MIT,spdx_id,MapFuzzyMatch
6302186,ISO-permission,spdx_id,MapFuzzyMatch
4925949,Apache-1.0,spdx_id,MapFuzzyMatch
5188093,ISO-permission,spdx_id,MapFuzzyMatch
2173466,GPL-3.0,spdx_id,MapFuzzyMatch
7219739,Apache-1.0,spdx_id,MapFuzzyMatch
272926,MIT,spdx_id,MapFuzzyMatch
1387048,BSD-1-Clause,spdx_id,MapFuzzyMatch
6367797,Apache-2.0,spdx_id,MapFuzzyMatch
2828854,MIT,spdx_id,MapFuzzyMatch
2828857,ANTLR-PD,spdx_id,MapFuzzyMatch
6957627,BSD-3-Clause-No-Nuclear-License,spdx_id,MapFuzzyMatch
6367806,MIT,spdx_id,MapFuzzyMatch
1583680,MIT,spdx_id,MapFuzzyMatch
207430,OSL-3.0,spdx_id,MapFuzzyMatch
2107977,LGPL-3.0-or-later,spdx_id,MapFuzzyMatch
6302303,GPL-2.0,spdx_id,MapExactID
2304615,MIT,spdx_id,MapFuzzyMatch
76392,MIT,spdx_id,MapFuzzyMatch
4074093,MIT,spdx_id,MapFuzzyMatch
273022,MIT,spdx_id,MapFuzzyMatch
2632319,Apache-2.0,spdx_id,MapExactID
3484293,MIT,spdx_id,MapFuzzyMatch
4401807,MIT,spdx_id,MapFuzzyMatch
5384851,ISO-permission,spdx_id,MapFuzzyMatch
3353247,Apache-1.0,spdx_id,MapFuzzyMatch
1125033,MIT,spdx_id,MapFuzzyMatch
6302377,Apache-2.0,spdx_id,MapFuzzyMatch
76459,copyleft-next-0.3.0,spdx_id,MapFuzzyMatch
6367914,MIT,spdx_id,MapFuzzyMatch
142003,ISO-permission,spdx_id,MapFuzzyMatch
6564536,MIT,spdx_id,MapFuzzyMatch
5188286,BSD-3-Clause,spdx_id,MapFuzzyMatch
2960072,MIT,spdx_id,MapFuzzyMatch
338633,MIT,spdx_id,MapFuzzyMatch
338639,ISO-permission,spdx_id,MapFuzzyMatch
731865,BSD-3-Clause,spdx_id,MapFuzzyMatch
4991706,Apache-2.0,spdx_id,MapFuzzyMatch
142048,MIT,spdx_id,MapFuzzyMatch
5516016,,unknown,MapNA
6236912,ISO-permission,spdx_id,MapFuzzyMatch
1387258,MIT,spdx_id,MapFuzzyMatch
142083,Apache-1.0,spdx_id,MapFuzzyMatch
404237,ISO-permission,spdx_id,MapFuzzyMatch
2632478,MIT,spdx_id,MapFuzzyMatch
4991779,BSD-2-Clause,spdx_id,MapFuzzyMatch
3812133,MIT,spdx_id,MapFuzzyMatch
6630187,MIT,spdx_id,MapFuzzyMatch
5647149,ISO-permission,spdx_id,MapFuzzyMatch
6302509,MIT,spdx_id,MapFuzzyMatch
4991791,ISO-permission,spdx_id,MapFuzzyMatch
76593,GPL-3.0,spdx_id,MapFuzzyMatch
4991804,MIT,spdx_id,MapFuzzyMatch
6564680,Apache-1.0,spdx_id,MapFuzzyMatch
76618,MIT,spdx_id,MapFuzzyMatch
7220042,MIT,spdx_id,MapFuzzyMatch
5712724,MIT,spdx_id,MapFuzzyMatch
1649494,BSD-1-Clause,spdx_id,MapFuzzyMatch
6302558,MIT,spdx_id,MapFuzzyMatch
338783,MIT,spdx_id,MapFuzzyMatch
4008802,MIT,spdx_id,MapFuzzyMatch
4139874,MIT,spdx_id,MapFuzzyMatch
1780580,BSD-2-Clause,spdx_id,MapFuzzyMatch
5188454,CECILL-1.0,spdx_id,MapFuzzyMatch
2960238,ZPL-1.1,spdx_id,MapFuzzyMatch
6630256,ISO-permission,spdx_id,MapFuzzyMatch
3419004,MIT,spdx_id,MapFuzzyMatch
4991872,GPL-3.0,spdx_id,MapFuzzyMatch
3025802,MIT,spdx_id,MapFuzzyMatch
3353482,MIT,spdx_id,MapFuzzyMatch
7285642,MIT,spdx_id,MapFuzzyMatch
3550093,ISO-permission,spdx_id,MapFuzzyMatch
3812245,MIT,spdx_id,MapFuzzyMatch
2304922,MIT,spdx_id,MapFuzzyMatch
1059743,MIT,spdx_id,MapFuzzyMatch
4533157,GPL-1.0,spdx_id,MapFuzzyMatch
5450661,copyleft-next-0.3.0,spdx_id,MapFuzzyMatch
5778342,MIT,spdx_id,MapFuzzyMatch
7220134,Apache-1.0,spdx_id,MapFuzzyMatch
4991913,GPL-2.0,spdx_id,MapFuzzyMatch
4533162,BSD-3-Clause,spdx_id,MapExactID
7220137,Unlicense,spdx_id,MapFuzzyMatch
1059758,ISO-permission,spdx_id,MapFuzzyMatch
1780654,BSD-1-Clause,spdx_id,MapFuzzyMatch
273334,CECILL-1.1,spdx_id,MapFuzzyMatch
5123000,MIT,spdx_id,MapFuzzyMatch
6433720,MIT,spdx_id,MapFuzzyMatch
6695869,MIT,spdx_id,MapFuzzyMatch
273342,BSD-3-Clause-No-Nuclear-License,spdx_id,MapFuzzyMatch
7154628,Apache-1.0,spdx_id,MapFuzzyMatch
7154639,MIT,spdx_id,MapFuzzyMatch
6630352,MIT,spdx_id,MapFuzzyMatch
2501586,NIST-Software,spdx_id,MapFuzzyMatch
5450706,MIT,spdx_id,MapFuzzyMatch
5450718,MIT,spdx_id,MapFuzzyMatch
7220190,copyleft-next-0.3.0,spdx_id,MapFuzzyMatch
6302690,ISO-permission,spdx_id,MapFuzzyMatch
1584103,MIT,spdx_id,MapFuzzyMatch
5123049,ISO-permission,spdx_id,MapFuzzyMatch
5057514,MIT,spdx_id,MapFuzzyMatch
5712884,MIT,spdx_id,MapFuzzyMatch
6630392,BSD-1-Clause,spdx_id,MapFuzzyMatch
6237178,Apache-2.0,spdx_id,MapFuzzyMatch
338946,Libpng,spdx_id,MapFuzzyMatch
1584135,MIT,spdx_id,MapFuzzyMatch
6433803,BSD-1-Clause,spdx_id,MapFuzzyMatch
5778444,ISO-permission,spdx_id,MapFuzzyMatch
207885,AGPL-3.0,spdx_id,MapFuzzyMatch
666637,BSD-3-Clause,spdx_id,MapFuzzyMatch
6564883,Zlib,spdx_id,MapFuzzyMatch
5581845,CC-BY-3.0,spdx_id,MapFuzzyMatch
2763811,WTFPL,spdx_id,MapFuzzyMatch
76837,MIT,spdx_id,MapFuzzyMatch
2632748,MIT,spdx_id,MapFuzzyMatch
4926514,MIT,spdx_id,MapFuzzyMatch
3025984,copyleft-next-0.3.0,spdx_id,MapFuzzyMatch
2567241,GPL-2.0,spdx_id,MapFuzzyMatch
2239572,ISO-permission,spdx_id,MapFuzzyMatch
1780822,MIT,spdx_id,MapFuzzyMatch
7154780,SMAIL-GPL,spdx_id,MapFuzzyMatch
6564961,Apache-2.0,spdx_id,MapExactMatch
5188713,MIT,spdx_id,MapFuzzyMatch
339058,ISO-permission,spdx_id,MapFuzzyMatch
5647479,MIT,spdx_id,MapFuzzyMatch
2763899,GPL-3.0,spdx_id,MapFuzzyMatch
7482493,MIT,spdx_id,MapFuzzyMatch
732288,Python-2.0,spdx_id,MapFuzzyMatch
1649805,MIT,spdx_id,MapFuzzyMatch
2239629,ISO-permission,spdx_id,MapFuzzyMatch
732307,BSD-Source-Code,spdx_id,MapFuzzyMatch
1780898,MIT,spdx_id,MapFuzzyMatch
6368421,BSD-1-Clause,spdx_id,MapFuzzyMatch
6171815,Apache-1.0,spdx_id,MapFuzzyMatch
208043,MIT,spdx_id,MapFuzzyMatch
6433965,ISO-permission,spdx_id,MapFuzzyMatch
6237360,MIT,spdx_id,MapFuzzyMatch
1780929,MIT,spdx_id,MapFuzzyMatch
4140225,Apache-2.0,spdx_id,MapFuzzyMatch
1780934,BSD-1-Clause,spdx_id,MapFuzzyMatch
4992198,MIT,spdx_id,MapFuzzyMatch
5188806,MIT,spdx_id,MapFuzzyMatch
4533452,ISO-permission,spdx_id,MapFuzzyMatch
6499538,Apache-1.0,spdx_id,MapFuzzyMatch
5057750,MIT,spdx_id,MapFuzzyMatch
1715416,MIT,spdx_id,MapFuzzyMatch
7023845,MIT,spdx_id,MapFuzzyMatch
77034,MIT,spdx_id,MapFuzzyMatch
6499566,ISO-permission,spdx_id,MapFuzzyMatch
7482615,ISO-permission,spdx_id,MapFuzzyMatch
3222778,ISO-permission,spdx_id,MapFuzzyMatch
4140282,Apache-2.0,spdx_id,MapFuzzyMatch
3157245,MIT,spdx_id,MapFuzzyMatch
4140284,MIT,spdx_id,MapFuzzyMatch
5057792,MIT,spdx_id,MapFuzzyMatch
1846533,MIT,spdx_id,MapFuzzyMatch
3353861,Apache-2.0,spdx_id,MapFuzzyMatch
77067,DOC,spdx_id,MapFuzzyMatch
2632974,BSD-1-Clause,spdx_id,MapFuzzyMatch
3353873,GPL-3.0,spdx_id,MapFuzzyMatch
6630676,MIT,spdx_id,MapFuzzyMatch
2960663,CERN-OHL-1.1,spdx_id,MapFuzzyMatch
4009240,GPL-3.0,spdx_id,MapFuzzyMatch
2960667,copyleft-next-0.3.0,spdx_id,MapFuzzyMatch
7154974,Apache-1.0,spdx_id,MapFuzzyMatch
5123359,MIT,spdx_id,MapFuzzyMatch
3026208,NIST-Software,spdx_id,MapFuzzyMatch
11553,BSD-3-Clause,spdx_id,MapFuzzyMatch
5778724,CNRI-Python-GPL-Compatible,spdx_id,MapFuzzyMatch
3616040,MIT,spdx_id,MapFuzzyMatch
7351594,MIT,spdx_id,MapFuzzyMatch
142642,copyleft-next-0.3.0,spdx_id,MapFuzzyMatch
6040886,ISO-permission,spdx_id,MapFuzzyMatch
11580,AAL,spdx_id,MapFuzzyMatch
601404,AFL-1.1,spdx_id,MapFuzzyMatch
5385534,Apache-2.0,spdx_id,MapFuzzyMatch
5778753,EUPL-1.1,spdx_id,MapFuzzyMatch
11588,MIT,spdx_id,MapFuzzyMatch
404807,MIT,spdx_id,MapFuzzyMatch
1715529,copyleft-next-0.3.0,spdx_id,MapFuzzyMatch
208212,MIT,spdx_id,MapFuzzyMatch
339285,copyleft-next-0.3.0,spdx_id,MapFuzzyMatch
4009314,MIT,spdx_id,MapFuzzyMatch
4468067,BUSL-1.1,spdx_id,MapFuzzyMatch
3485035,MIT,spdx_id,MapFuzzyMatch
2501999,MIT,spdx_id,MapFuzzyMatch
1387891,MIT,spdx_id,MapFuzzyMatch
273785,MIT,spdx_id,MapFuzzyMatch
1781119,AGPL-3.0,spdx_id,MapFuzzyMatch
1060235,Apache-2.0,spdx_id,MapFuzzyMatch
5451147,MIT,spdx_id,MapFuzzyMatch
77197,BSD-3-Clause,spdx_id,MapFuzzyMatch
11671,AGPL-3.0,spdx_id,MapFuzzyMatch
11673,ISO-permission,spdx_id,MapFuzzyMatch
3943833,MIT,spdx_id,MapFuzzyMatch
5713306,Apache-2.0,spdx_id,MapFuzzyMatch
11681,MIT,spdx_id,MapExactMatch
2633121,ISO-permission,spdx_id,MapFuzzyMatch
601514,MIT,spdx_id,MapFuzzyMatch
208300,MIT,spdx_id,MapFuzzyMatch
5451183,GPL-2.0,spdx_id,MapFuzzyMatch
11702,AGPL-3.0,spdx_id,MapFuzzyMatch
1322424,Apache-1.0,spdx_id,MapFuzzyMatch
5713351,MIT,spdx_id,MapFuzzyMatch
1846732,BSD-1-Clause,spdx_id,MapFuzzyMatch
339405,MIT,spdx_id,MapFuzzyMatch
404942,MIT,spdx_id,MapFuzzyMatch
5451214,LGPL-2.1,spdx_id,MapFuzzyMatch
2371026,BSD-1-Clause,spdx_id,MapFuzzyMatch
3354083,GPL-3.0,spdx_id,MapFuzzyMatch
77286,Unlicense,spdx_id,MapFuzzyMatch
2633192,BSD-1-Clause,spdx_id,MapFuzzyMatch
404971,MIT,spdx_id,MapFuzzyMatch
142829,CC-BY-4.0,spdx_id,MapExactID
2108909,ISO-permission,spdx_id,MapFuzzyMatch
4402674,BSD-1-Clause,spdx_id,MapFuzzyMatch
1715710,MIT,spdx_id,MapFuzzyMatch
7351806,MIT,spdx_id,MapFuzzyMatch
7417352,MIT,spdx_id,MapFuzzyMatch
5385743,Libpng,spdx_id,MapFuzzyMatch
142864,CC-BY-NC-ND-1.0,spdx_id,MapFuzzyMatch
77335,MIT,spdx_id,MapFuzzyMatch
6172186,GPL-1.0,spdx_id,MapFuzzyMatch
2108963,MIT,spdx_id,MapFuzzyMatch
5582373,BSD-3-Clause,spdx_id,MapFuzzyMatch
6696485,AGPL-1.0,spdx_id,MapFuzzyMatch
4402735,MIT,spdx_id,MapFuzzyMatch
863811,MIT,spdx_id,MapFuzzyMatch
2502225,MIT,spdx_id,MapFuzzyMatch
4992597,MIT,spdx_id,MapFuzzyMatch
208472,MIT-feh,spdx_id,MapFuzzyMatch
4468324,MIT,spdx_id,MapFuzzyMatch
339560,Apache-1.0,spdx_id,MapFuzzyMatch
3026536,MIT,spdx_id,MapFuzzyMatch
4075117,MIT,spdx_id,MapFuzzyMatch
11890,CC-BY-4.0,spdx_id,MapFuzzyMatch
274035,GPL-1.0,spdx_id,MapFuzzyMatch
3485309,BSD-1-Clause,spdx_id,MapFuzzyMatch
3485312,BSD-1-Clause,spdx_id,MapFuzzyMatch
3485314,MIT,spdx_id,MapFuzzyMatch
4140675,GPL-1.0,spdx_id,MapFuzzyMatch
4140681,Apache-2.0,spdx_id,MapFuzzyMatch
77460,MIT,spdx_id,MapFuzzyMatch
2371227,MIT,spdx_id,MapFuzzyMatch
2961059,MIT,spdx_id,MapFuzzyMatch
4075174,MIT,spdx_id,MapFuzzyMatch
2633388,ISO-permission,spdx_id,MapFuzzyMatch
4140716,MIT,spdx_id,MapFuzzyMatch
6368942,MIT,spdx_id,MapExactMatch
6696632,NTIA-PD,spdx_id,MapExactMatch
2502334,Apache-1.0,spdx_id,MapFuzzyMatch
995007,,unknown,MapNA
4927168,ISO-permission,spdx_id,MapFuzzyMatch
3944135,MIT,spdx_id,MapFuzzyMatch
3944144,MIT,spdx_id,MapFuzzyMatch
7220953,MIT,spdx_id,MapFuzzyMatch
5517019,LPD-document,spdx_id,MapFuzzyMatch
4140766,Apache-2.0,spdx_id,MapFuzzyMatch
1715949,Apache-2.0,spdx_id,MapFuzzyMatch
1322734,AGPL-3.0-only,spdx_id,MapExactMatch
339703,AGPL-3.0-only,spdx_id,MapExactMatch
5123834,MIT,spdx_id,MapFuzzyMatch
6434554,MIT,spdx_id,MapFuzzyMatch
6500096,MIT,spdx_id,MapFuzzyMatch
3485441,BSD-1-Clause,spdx_id,MapFuzzyMatch
339720,MIT,spdx_id,MapFuzzyMatch
2240264,MIT,spdx_id,MapFuzzyMatch
3813134,MIT,spdx_id,MapFuzzyMatch
339730,MIT,spdx_id,MapFuzzyMatch
3551001,MIT,spdx_id,MapFuzzyMatch
2109211,MIT,spdx_id,MapFuzzyMatch
4534043,MIT,spdx_id,MapFuzzyMatch
5123868,MIT,spdx_id,MapFuzzyMatch
6172445,MIT,spdx_id,MapFuzzyMatch
3813159,MIT,spdx_id,MapFuzzyMatch
5189419,MIT,spdx_id,MapFuzzyMatch
3223349,copyleft-next-0.3.0,spdx_id,MapFuzzyMatch
5058369,MIT,spdx_id,MapFuzzyMatch
5451585,MIT,spdx_id,MapFuzzyMatch
2436933,ISC,spdx_id,MapFuzzyMatch
5189447,MIT,spdx_id,MapFuzzyMatch
12106,WTFPL,spdx_id,MapExactID
536403,MIT,spdx_id,MapFuzzyMatch
7352160,GPL-3.0-or-later,spdx_id,MapExactID
2764647,BSD-3-Clause,spdx_id,MapFuzzyMatch
7155561,BSD-1-Clause,spdx_id,MapFuzzyMatch
77685,MIT,spdx_id,MapFuzzyMatch
3616629,MIT,spdx_id,MapFuzzyMatch
5451638,ISO-permission,spdx_id,MapFuzzyMatch
1388408,MIT,spdx_id,MapFuzzyMatch
405375,MIT,spdx_id,MapFuzzyMatch
1322886,copyleft-next-0.3.0,spdx_id,MapFuzzyMatch
12172,MIT,spdx_id,MapFuzzyMatch
4861851,MIT,spdx_id,MapFuzzyMatch
4468637,MIT,spdx_id,MapFuzzyMatch
2437027,Apache-1.0,spdx_id,MapFuzzyMatch
4140972,MIT,spdx_id,MapFuzzyMatch
3944365,Apache-1.0,spdx_id,MapFuzzyMatch
3944368,Apache-1.0,spdx_id,MapFuzzyMatch
3551153,LGPL-2.1-or-later,spdx_id,MapFuzzyMatch
602035,copyleft-next-0.3.0,spdx_id,MapFuzzyMatch
5582772,LGPL-2.0,spdx_id,MapFuzzyMatch
5582773,Artistic-1.0,spdx_id,MapFuzzyMatch
1847228,MIT,spdx_id,MapFuzzyMatch
2764733,copyleft-next-0.3.0,spdx_id,MapFuzzyMatch
7155653,MIT,spdx_id,MapFuzzyMatch
7286728,3D-Slicer-1.0,spdx_id,MapFuzzyMatch
6434767,MIT,spdx_id,MapFuzzyMatch
5255140,Apache-2.0,spdx_id,MapFuzzyMatch
274405,ISO-permission,spdx_id,MapFuzzyMatch
6565860,ISO-permission,spdx_id,MapFuzzyMatch
5976039,Apache-1.0,spdx_id,MapFuzzyMatch
4534248,SMAIL-GPL,spdx_id,MapFuzzyMatch
6107118,MIT,spdx_id,MapFuzzyMatch
536559,MIT,spdx_id,MapFuzzyMatch
1585135,QPL-1.0,spdx_id,MapFuzzyMatch
5582832,MIT,spdx_id,MapFuzzyMatch
5976055,Apache-1.0,spdx_id,MapFuzzyMatch
77818,MIT,spdx_id,MapFuzzyMatch
208890,GPL-3.0,spdx_id,MapFuzzyMatch
5255164,AGPL-1.0,spdx_id,MapFuzzyMatch
5386236,Apache-2.0,spdx_id,MapFuzzyMatch
7548922,MIT,spdx_id,MapFuzzyMatch
77833,0BSD,spdx_id,MapExactID
2437130,MIT,spdx_id,MapFuzzyMatch
7483402,MIT,spdx_id,MapFuzzyMatch
7483409,MIT,spdx_id,MapFuzzyMatch
1323027,ISO-permission,spdx_id,MapFuzzyMatch
274462,BSD-3-Clause-Attribution,spdx_id,MapFuzzyMatch
339999,BSD-1-Clause,spdx_id,MapFuzzyMatch
77857,CC0-1.0,spdx_id,MapFuzzyMatch
733224,BSD-1-Clause,spdx_id,MapFuzzyMatch
3944488,BSD-1-Clause,spdx_id,MapFuzzyMatch
77867,MS-PL,spdx_id,MapExactID
2437165,Apache-1.0,spdx_id,MapFuzzyMatch
7417903,MIT,spdx_id,MapFuzzyMatch
208950,ISO-permission,spdx_id,MapFuzzyMatch
3485753,MIT,spdx_id,MapFuzzyMatch
6172741,ISO-permission,spdx_id,MapFuzzyMatch
2437194,Apache-1.0,spdx_id,MapFuzzyMatch
4534347,MIT,spdx_id,MapFuzzyMatch
4534349,MIT,spdx_id,MapFuzzyMatch
1126478,BSD-3-Clause,spdx_id,MapFuzzyMatch
7155796,MIT,spdx_id,MapFuzzyMatch
6172767,MIT,spdx_id,MapFuzzyMatch
3223651,LGPL-2.0,spdx_id,MapFuzzyMatch
143467,MIT,spdx_id,MapFuzzyMatch
5386358,GPL-3.0,spdx_id,MapFuzzyMatch
274555,BSD-2-Clause,spdx_id,MapFuzzyMatch
602236,AGPL-3.0,spdx_id,MapFuzzyMatch
143486,SL,spdx_id,MapFuzzyMatch
2764939,EUPL-1.2,spdx_id,MapExactMatch
2764941,Apache-1.0,spdx_id,MapFuzzyMatch
3813526,MIT,spdx_id,MapFuzzyMatch
4993177,MIT,spdx_id,MapFuzzyMatch
6959274,MIT,spdx_id,MapFuzzyMatch
2306219,MIT,spdx_id,MapFuzzyMatch
5058737,MIT,spdx_id,MapFuzzyMatch
2437300,copyleft-next-0.3.0,spdx_id,MapFuzzyMatch
5517497,MIT,spdx_id,MapFuzzyMatch
7549121,LGPL-2.0,spdx_id,MapFuzzyMatch
6435010,GPL-3.0,spdx_id,MapFuzzyMatch
5255363,MIT,spdx_id,MapFuzzyMatch
5451977,BSD-1-Clause,spdx_id,MapFuzzyMatch
4468940,Apache-1.0,spdx_id,MapFuzzyMatch
6959317,ISO-permission,spdx_id,MapFuzzyMatch
274646,Apache-1.0,spdx_id,MapFuzzyMatch
864470,MIT,spdx_id,MapFuzzyMatch
12504,GPL-3.0,spdx_id,MapExactID
5845209,MIT,spdx_id,MapFuzzyMatch
274652,MIT,spdx_id,MapFuzzyMatch
2961628,MIT,spdx_id,MapFuzzyMatch
2044127,Apache-2.0,spdx_id,MapFuzzyMatch
7287047,NCSA,spdx_id,MapFuzzyMatch
3551496,MIT,spdx_id,MapFuzzyMatch
5845260,ISO-permission,spdx_id,MapFuzzyMatch
6566157,MIT,spdx_id,MapFuzzyMatch
7155984,CC-PDDC,spdx_id,MapFuzzyMatch
4403475,ISO-permission,spdx_id,MapFuzzyMatch
5583130,MIT,spdx_id,MapFuzzyMatch
405787,MIT,spdx_id,MapFuzzyMatch
6304031,GPL-3.0,spdx_id,MapFuzzyMatch
7024929,Apache-1.0,spdx_id,MapFuzzyMatch
4075810,MIT,spdx_id,MapFuzzyMatch
3354919,MIT,spdx_id,MapFuzzyMatch
143656,MPL-2.0-no-copyleft-exception,spdx_id,MapExactMatch
143657,MIT,spdx_id,MapFuzzyMatch
2765099,MIT,spdx_id,MapFuzzyMatch
143660,BSD-2-Clause,spdx_id,MapFuzzyMatch
3420468,MIT,spdx_id,MapFuzzyMatch
3813697,MIT,spdx_id,MapFuzzyMatch
143687,BSD-3-Clause-Clear,spdx_id,MapFuzzyMatch
4141386,MIT,spdx_id,MapFuzzyMatch
3944789,MIT,spdx_id,MapFuzzyMatch
2306392,GPL-3.0,spdx_id,MapFuzzyMatch
5517661,D-FSL-1.0,spdx_id,MapFuzzyMatch
5124447,MIT,spdx_id,MapFuzzyMatch
5583199,Apache-1.1,spdx_id,MapFuzzyMatch
5714274,GPL-1.0,spdx_id,MapFuzzyMatch
1782115,MIT,spdx_id,MapFuzzyMatch
2437494,BSD-1-Clause,spdx_id,MapFuzzyMatch
6631799,MIT,spdx_id,MapFuzzyMatch
3813760,MIT,spdx_id,MapFuzzyMatch
1323398,BSD-3-Clause,spdx_id,MapFuzzyMatch
5845391,BSD-1-Clause,spdx_id,MapFuzzyMatch
4534672,Apache-1.0,spdx_id,MapFuzzyMatch
2961811,MIT,spdx_id,MapFuzzyMatch
1847700,MIT,spdx_id,MapFuzzyMatch
4141462,Apache-2.0,spdx_id,MapFuzzyMatch
5845405,BSD-4-Clause,spdx_id,MapFuzzyMatch
4469161,MIT,spdx_id,MapFuzzyMatch
4927924,MIT,spdx_id,MapFuzzyMatch
5190070,MIT,spdx_id,MapFuzzyMatch
405943,BSD-1-Clause,spdx_id,MapFuzzyMatch
78275,Apache-2.0,spdx_id,MapFuzzyMatch
799188,MIT,spdx_id,MapFuzzyMatch
4534741,MPL-1.0,spdx_id,MapFuzzyMatch
209368,LGPL-3.0,spdx_id,MapExactID
5255642,MIT,spdx_id,MapFuzzyMatch
5124572,MIT,spdx_id,MapFuzzyMatch
1651168,NCSA,spdx_id,MapExactMatch
6566368,MIT,spdx_id,MapFuzzyMatch
1585634,BSD-3-Clause,spdx_id,MapExactMatch
1323498,BSD-3-Clause,spdx_id,MapFuzzyMatch
5911027,MIT,spdx_id,MapFuzzyMatch
5845496,BSD-1-Clause,spdx_id,MapFuzzyMatch
406011,Apache-1.0,spdx_id,MapFuzzyMatch
1782290,ISO-permission,spdx_id,MapFuzzyMatch
7156245,BSD-Source-Code,spdx_id,MapFuzzyMatch
340505,Apache-2.0,spdx_id,MapFuzzyMatch
3420696,NLOD-1.0,spdx_id,MapFuzzyMatch
4469277,MIT,spdx_id,MapFuzzyMatch
7352862,MIT,spdx_id,MapFuzzyMatch
5714464,ISO-permission,spdx_id,MapFuzzyMatch
6435367,MIT,spdx_id,MapFuzzyMatch
3224106,BSD-1-Clause,spdx_id,MapFuzzyMatch
3617324,MIT,spdx_id,MapFuzzyMatch
6959661,MIT,spdx_id,MapFuzzyMatch
3289650,MIT,spdx_id,MapFuzzyMatch
3617342,BSD-1-Clause,spdx_id,MapFuzzyMatch
6566462,MIT,spdx_id,MapFuzzyMatch
209475,GPL-3.0,spdx_id,MapFuzzyMatch
2175565,Apache-1.0,spdx_id,MapFuzzyMatch
2765400,MIT,spdx_id,MapFuzzyMatch
6566497,BUSL-1.1,spdx_id,MapFuzzyMatch
4862575,Apache-2.0,spdx_id,MapFuzzyMatch
7352948,MIT,spdx_id,MapFuzzyMatch
6435450,MIT,spdx_id,MapFuzzyMatch
5845627,Apache-1.0,spdx_id,MapFuzzyMatch
6959756,MIT,spdx_id,MapFuzzyMatch
3158673,MIT,spdx_id,MapFuzzyMatch
7352986,BSD-1-Clause,spdx_id,MapFuzzyMatch
5386911,WTFPL,spdx_id,MapFuzzyMatch
12962,Apache-1.0,spdx_id,MapFuzzyMatch
6304423,MIT,spdx_id,MapFuzzyMatch
4862633,MIT,spdx_id,MapFuzzyMatch
12973,LGPL-2.1,spdx_id,MapExactID
3224238,BSD-1-Clause,spdx_id,MapFuzzyMatch
5976749,ISO-permission,spdx_id,MapFuzzyMatch
537265,MIT,spdx_id,MapFuzzyMatch
4862643,MIT,spdx_id,MapFuzzyMatch
1651382,BSD-3-Clause-No-Nuclear-License,spdx_id,MapFuzzyMatch
5583543,BSD-1-Clause,spdx_id,MapFuzzyMatch
6566583,ISO-permission,spdx_id,MapFuzzyMatch
144059,AGPL-3.0,spdx_id,MapFuzzyMatch
2962107,GPL-2.0,spdx_id,MapFuzzyMatch
3158719,MIT,spdx_id,MapFuzzyMatch
6173381,Hippocratic-2.1,spdx_id,MapFuzzyMatch
6959816,WTFPL,spdx_id,MapFuzzyMatch
6566601,MIT,spdx_id,MapFuzzyMatch
2372304,MIT,spdx_id,MapFuzzyMatch
2568916,MIT,spdx_id,MapFuzzyMatch
13016,LGPL-2.0,spdx_id,MapExactID
2568924,MIT,spdx_id,MapFuzzyMatch
4928223,BSD-1-Clause,spdx_id,MapFuzzyMatch
2241252,ISO-permission,spdx_id,MapFuzzyMatch
2503401,Apache-2.0,spdx_id,MapExactID
1127146,ISO-permission,spdx_id,MapFuzzyMatch
5714671,MIT,spdx_id,MapFuzzyMatch
2110194,MIT,spdx_id,MapFuzzyMatch
13043,Apache-2.0,spdx_id,MapFuzzyMatch
3355389,MIT,spdx_id,MapFuzzyMatch
4141830,MIT,spdx_id,MapFuzzyMatch
3617546,MIT,spdx_id,MapFuzzyMatch
2568972,w3m,spdx_id,MapFuzzyMatch
1127196,MIT,spdx_id,MapFuzzyMatch
2962212,BSD-Protection,spdx_id,MapFuzzyMatch
3552036,MIT,spdx_id,MapFuzzyMatch
2569007,MIT,spdx_id,MapFuzzyMatch
5518130,NIST-Software,spdx_id,MapFuzzyMatch
1323829,MIT,spdx_id,MapFuzzyMatch
4862778,MIT,spdx_id,MapFuzzyMatch
78659,MIT,spdx_id,MapFuzzyMatch
209731,MIT,spdx_id,MapFuzzyMatch
734019,MIT,spdx_id,MapFuzzyMatch
6566727,GPL-3.0,spdx_id,MapExactID
1651530,MIT,spdx_id,MapFuzzyMatch
2306891,gnuplot,spdx_id,MapFuzzyMatch
209740,LGPL-3.0-only,spdx_id,MapExactID
3617610,Apache-1.0,spdx_id,MapFuzzyMatch
4535117,Apache-1.0,spdx_id,MapFuzzyMatch
6959946,ISO-permission,spdx_id,MapFuzzyMatch
6239064,MIT,spdx_id,MapFuzzyMatch
6959961,MIT,spdx_id,MapFuzzyMatch
1651550,ISO-permission,spdx_id,MapFuzzyMatch
7353189,MIT,spdx_id,MapFuzzyMatch
3552105,MIT,spdx_id,MapFuzzyMatch
3617651,Apache-1.0,spdx_id,MapFuzzyMatch
2372468,MIT,spdx_id,MapFuzzyMatch
3552118,ISO-permission,spdx_id,MapFuzzyMatch
3552126,MIT,spdx_id,MapFuzzyMatch
1782661,MIT,spdx_id,MapFuzzyMatch
2438023,Apache-1.0,spdx_id,MapFuzzyMatch
5256072,MIT,spdx_id,MapFuzzyMatch
144266,BSD-1-Clause,spdx_id,MapFuzzyMatch
1782667,MIT,spdx_id,MapFuzzyMatch
7418770,MIT,spdx_id,MapFuzzyMatch
1389459,MIT,spdx_id,MapFuzzyMatch
2700182,MIT,spdx_id,MapFuzzyMatch
6566816,MIT,spdx_id,MapFuzzyMatch
1323937,copyleft-next-0.3.0,spdx_id,MapFuzzyMatch
78756,MPL-2.0,spdx_id,MapFuzzyMatch
865195,MIT,spdx_id,MapFuzzyMatch
4076459,MIT,spdx_id,MapFuzzyMatch
2175918,MIT,spdx_id,MapFuzzyMatch
2700207,AGPL-3.0,spdx_id,MapFuzzyMatch
3552175,ISO-permission,spdx_id,MapFuzzyMatch
799668,MIT,spdx_id,MapFuzzyMatch
13238,BSD-3-Clause-No-Nuclear-License,spdx_id,MapFuzzyMatch
13255,AGPL-3.0,spdx_id,MapExactID
7680969,MIT,spdx_id,MapFuzzyMatch
2438101,Apache-1.0,spdx_id,MapFuzzyMatch
2700249,MIT,spdx_id,MapFuzzyMatch
5518303,WTFPL,spdx_id,MapFuzzyMatch
3945463,MIT,spdx_id,MapFuzzyMatch
1782787,MIT,spdx_id,MapFuzzyMatch
2241543,GPL-3.0,spdx_id,MapFuzzyMatch
3224584,ISO-permission,spdx_id,MapFuzzyMatch
6239241,BSD-3-Clause,spdx_id,MapExactID
2176023,ICU,spdx_id,MapFuzzyMatch
1651741,MIT,spdx_id,MapFuzzyMatch
4404257,GPL-2.0,spdx_id,MapFuzzyMatch
734244,copyleft-next-0.3.0,spdx_id,MapFuzzyMatch
3552295,MIT,spdx_id,MapFuzzyMatch
7681067,Apache-1.0,spdx_id,MapFuzzyMatch
4076590,MIT,spdx_id,MapFuzzyMatch
5911602,MIT,spdx_id,MapFuzzyMatch
5059647,Apache-2.0,spdx_id,MapFuzzyMatch
4994117,MIT,spdx_id,MapFuzzyMatch
144454,MIT,spdx_id,MapFuzzyMatch
2503754,MIT,spdx_id,MapFuzzyMatch
1717324,MIT,spdx_id,MapFuzzyMatch
2503759,MIT,spdx_id,MapFuzzyMatch
2700382,ISO-permission,spdx_id,MapFuzzyMatch
6501489,MIT,spdx_id,MapFuzzyMatch
2307193,MIT,spdx_id,MapFuzzyMatch
3552379,ISO-permission,spdx_id,MapFuzzyMatch
144511,Apache-1.0,spdx_id,MapFuzzyMatch
7222400,MIT,spdx_id,MapFuzzyMatch
7615618,GPL-1.0,spdx_id,MapFuzzyMatch
144521,Apache-1.0,spdx_id,MapFuzzyMatch
210068,BSD-1-Clause,spdx_id,MapFuzzyMatch
5190806,MIT,spdx_id,MapFuzzyMatch
2503834,BSD-3-Clause,spdx_id,MapFuzzyMatch
275611,MIT,spdx_id,MapFuzzyMatch
668827,SMAIL-GPL,spdx_id,MapFuzzyMatch
2503836,BSD-3-Clause,spdx_id,MapFuzzyMatch
7025824,MIT,spdx_id,MapFuzzyMatch
2503845,BSD-1-Clause,spdx_id,MapFuzzyMatch
2634922,MIT,spdx_id,MapFuzzyMatch
865456,MIT,spdx_id,MapExactMatch
2503856,ISO-permission,spdx_id,MapFuzzyMatch
6370482,MIT,spdx_id,MapFuzzyMatch
2962627,ISO-permission,spdx_id,MapFuzzyMatch
3552454,MIT,spdx_id,MapFuzzyMatch
1651921,MIT,spdx_id,MapFuzzyMatch
7681245,MIT,spdx_id,MapFuzzyMatch
1324256,MIT,spdx_id,MapFuzzyMatch
7288033,MIT,spdx_id,MapFuzzyMatch
6501605,EUPL-1.1,spdx_id,MapFuzzyMatch
3093734,MIT,spdx_id,MapFuzzyMatch
6960362,MIT,spdx_id,MapFuzzyMatch
2438382,Apache-1.0,spdx_id,MapFuzzyMatch
2438394,ISO-permission,spdx_id,MapFuzzyMatch
7681276,Apache-2.0,spdx_id,MapFuzzyMatch
341252,BSD-3-Clause,spdx_id,MapFuzzyMatch
5977348,Apache-1.0,spdx_id,MapFuzzyMatch
210183,AGPL-3.0,spdx_id,MapFuzzyMatch
3224845,BSD-1-Clause,spdx_id,MapFuzzyMatch
3290384,LGPL-3.0,spdx_id,MapFuzzyMatch
7550227,MIT,spdx_id,MapFuzzyMatch
6436122,Apache-1.0,spdx_id,MapFuzzyMatch
3618077,MIT,spdx_id,MapFuzzyMatch
7353635,copyleft-next-0.3.0,spdx_id,MapFuzzyMatch
7681321,MIT,spdx_id,MapFuzzyMatch
3290413,MIT,spdx_id,MapFuzzyMatch
3618095,MIT,spdx_id,MapFuzzyMatch
79158,LGPL-3.0,spdx_id,MapFuzzyMatch
5584182,ISO-permission,spdx_id,MapFuzzyMatch
144698,MIT,spdx_id,MapFuzzyMatch
13628,AGPL-3.0,spdx_id,MapFuzzyMatch
2176327,LGPL-3.0,spdx_id,MapFuzzyMatch
7550285,MIT,spdx_id,MapFuzzyMatch
4928847,Apache-1.0,spdx_id,MapFuzzyMatch
2176337,BSL-1.0,spdx_id,MapFuzzyMatch
6436176,MIT,spdx_id,MapFuzzyMatch
5715299,ISO-permission,spdx_id,MapFuzzyMatch
3421545,MIT,spdx_id,MapFuzzyMatch
1979756,CECILL-C,spdx_id,MapFuzzyMatch
472436,Artistic-2.0,spdx_id,MapFuzzyMatch
13686,copyleft-next-0.3.0,spdx_id,MapFuzzyMatch
6501753,MIT,spdx_id,MapFuzzyMatch
3290491,ISO-permission,spdx_id,MapFuzzyMatch
13701,Apache-2.0,spdx_id,MapFuzzyMatch
4994446,MIT,spdx_id,MapFuzzyMatch
4142489,MIT,spdx_id,MapFuzzyMatch
472481,MIT,spdx_id,MapFuzzyMatch
6305185,MIT,spdx_id,MapFuzzyMatch
7091627,MIT,spdx_id,MapFuzzyMatch
3028398,GPL-1.0,spdx_id,MapFuzzyMatch
6567343,MIT,spdx_id,MapFuzzyMatch
7353776,BSD-1-Clause,spdx_id,MapFuzzyMatch
6436285,MIT,spdx_id,MapFuzzyMatch
5780926,MIT,spdx_id,MapFuzzyMatch
13762,ISO-permission,spdx_id,MapFuzzyMatch
2176458,BSD-3-Clause,spdx_id,MapFuzzyMatch
7484874,MIT,spdx_id,MapFuzzyMatch
13779,MIT,spdx_id,MapFuzzyMatch
2307539,LGPL-2.0,spdx_id,MapExactID
3421659,MIT,spdx_id,MapFuzzyMatch
3093981,ISO-permission,spdx_id,MapFuzzyMatch
4011494,Apache-1.0,spdx_id,MapFuzzyMatch
4077032,MIT,spdx_id,MapFuzzyMatch
275945,BSD-1-Clause,spdx_id,MapFuzzyMatch
3093996,Apache-1.0,spdx_id,MapFuzzyMatch
6960626,copyleft-next-0.3.0,spdx_id,MapFuzzyMatch
6043123,MIT,spdx_id,MapFuzzyMatch
275957,GPL-2.0-or-later,spdx_id,MapFuzzyMatch
3552761,MIT,spdx_id,MapFuzzyMatch
5649914,Apache-2.0,spdx_id,MapFuzzyMatch
144893,CC-BY-1.0,spdx_id,MapFuzzyMatch
3945983,MIT,spdx_id,MapFuzzyMatch
538116,MIT,spdx_id,MapFuzzyMatch
734724,BSD,license_family,MapLicenseFamily
7616005,MIT,spdx_id,MapFuzzyMatch
7616009,MIT,spdx_id,MapFuzzyMatch
3421705,MIT,spdx_id,MapFuzzyMatch
7157257,GPL-3.0,spdx_id,MapExactID
669195,MIT,spdx_id,MapFuzzyMatch
5715469,MIT,spdx_id,MapFuzzyMatch
7288338,MIT,spdx_id,MapFuzzyMatch
7616020,MIT,spdx_id,MapFuzzyMatch
275990,MIT,spdx_id,MapFuzzyMatch
144927,GPL-2.0,spdx_id,MapExactID
4929058,GPL-3.0,spdx_id,MapExactMatch
3552807,MIT,spdx_id,MapFuzzyMatch
6043177,MIT,spdx_id,MapFuzzyMatch
144944,GPL-2.0,spdx_id,MapExactID
4535863,Apache-1.0,spdx_id,MapFuzzyMatch
3946044,ISO-permission,spdx_id,MapFuzzyMatch
3290691,MIT,spdx_id,MapFuzzyMatch
341573,MIT,spdx_id,MapFuzzyMatch
1717834,BSD-1-Clause,spdx_id,MapFuzzyMatch
2176588,BUSL-1.1,spdx_id,MapFuzzyMatch
1979983,BSD-3-Clause-No-Nuclear-License,spdx_id,MapFuzzyMatch
2307665,MIT,spdx_id,MapFuzzyMatch
276050,Apache-2.0,spdx_id,MapFuzzyMatch
276051,BSD-3-Clause,spdx_id,MapFuzzyMatch
5518932,BSD-2-Clause,spdx_id,MapFuzzyMatch
5715549,MIT,spdx_id,MapFuzzyMatch
5781089,MIT,spdx_id,MapFuzzyMatch
3880556,MIT,spdx_id,MapFuzzyMatch
5584495,CECILL-B,spdx_id,MapExactID
7288432,MIT,spdx_id,MapFuzzyMatch
2569841,MIT,spdx_id,MapFuzzyMatch
6108786,MIT,spdx_id,MapFuzzyMatch
4208244,0BSD,spdx_id,MapFuzzyMatch
5256826,BSD-1-Clause,spdx_id,MapFuzzyMatch
2700925,MIT,spdx_id,MapFuzzyMatch
5060227,copyleft-next-0.3.0,spdx_id,MapFuzzyMatch
538245,MIT,spdx_id,MapFuzzyMatch
4994694,MIT,spdx_id,MapFuzzyMatch
2635402,LPD-document,spdx_id,MapFuzzyMatch
538261,Apache-2.0,spdx_id,MapFuzzyMatch
2373269,Beerware,spdx_id,MapExactID
1390231,AGPL-1.0,spdx_id,MapFuzzyMatch
7288469,MIT,spdx_id,MapFuzzyMatch
2242202,AGPL-3.0,spdx_id,MapFuzzyMatch
7091873,MIT,spdx_id,MapFuzzyMatch
407204,AGPL-3.0,spdx_id,MapFuzzyMatch
6174375,GPL-3.0,spdx_id,MapFuzzyMatch
1783466,ISO-permission,spdx_id,MapFuzzyMatch
5125803,MIT,spdx_id,MapFuzzyMatch
1980080,CC-BY-SA-2.1-JP,spdx_id,MapFuzzyMatch
5781168,LPD-document,spdx_id,MapFuzzyMatch
145080,MIT,spdx_id,MapFuzzyMatch
7157438,ISO-permission,spdx_id,MapFuzzyMatch
3946185,Apache-2.0,spdx_id,MapFuzzyMatch
5453521,ISO-permission,spdx_id,MapFuzzyMatch
2635476,Apache-2.0,spdx_id,MapFuzzyMatch
3225301,MIT,spdx_id,MapFuzzyMatch
5453524,BSD-1-Clause,spdx_id,MapFuzzyMatch
6108885,MIT,spdx_id,MapFuzzyMatch
4994776,MIT,spdx_id,MapFuzzyMatch
1652441,Apache-1.0,spdx_id,MapFuzzyMatch
1390298,GPL-1.0,spdx_id,MapFuzzyMatch
6960861,MIT,spdx_id,MapFuzzyMatch
3880673,MIT,spdx_id,MapFuzzyMatch
3946211,Apache-2.0,spdx_id,MapFuzzyMatch
6108906,MIT,spdx_id,MapFuzzyMatch
79597,LGPL-3.0,spdx_id,MapExactID
5125874,MIT,spdx_id,MapFuzzyMatch
2504435,ISO-permission,spdx_id,MapFuzzyMatch
2307828,MIT,spdx_id,MapFuzzyMatch
6960882,MIT,spdx_id,MapFuzzyMatch
6239992,ANTLR-PD,spdx_id,MapFuzzyMatch
3028748,Apache-1.0,spdx_id,MapFuzzyMatch
4077325,MIT,spdx_id,MapFuzzyMatch
145166,MIT,spdx_id,MapFuzzyMatch
145167,MIT,spdx_id,MapFuzzyMatch
472849,BSD-3-Clause-No-Nuclear-License,spdx_id,MapFuzzyMatch
3028753,GPL-2.0,spdx_id,MapFuzzyMatch
14104,GPL-3.0,spdx_id,MapFuzzyMatch
3946262,Apache-2.0,spdx_id,MapFuzzyMatch
3487525,MIT,spdx_id,MapFuzzyMatch
4470565,ISO-permission,spdx_id,MapFuzzyMatch
5453617,MIT,spdx_id,MapFuzzyMatch
3422006,ANTLR-PD,spdx_id,MapFuzzyMatch
1849146,SMAIL-GPL,spdx_id,MapFuzzyMatch
5519168,Apache-1.0,spdx_id,MapFuzzyMatch
6436674,MIT,spdx_id,MapFuzzyMatch
14147,MPL,license_family,MapLicenseFamily
1718092,MIT,spdx_id,MapFuzzyMatch
3487565,ISO-permission,spdx_id,MapFuzzyMatch
7223120,Apache-2.0,spdx_id,MapFuzzyMatch
5388118,MIT,spdx_id,MapFuzzyMatch
7485273,AGPL-1.0,spdx_id,MapFuzzyMatch
14170,GPL-3.0,spdx_id,MapFuzzyMatch
2635612,LGPL-2.1,spdx_id,MapFuzzyMatch
5126000,GPL-1.0,spdx_id,MapFuzzyMatch
3946357,Apache-2.0,spdx_id,MapFuzzyMatch
2242438,MIT,spdx_id,MapFuzzyMatch
1324935,MIT,spdx_id,MapFuzzyMatch
5519239,GPL-3.0-only,spdx_id,MapExactID
2242441,MIT,spdx_id,MapFuzzyMatch
1783691,BSD-2-Clause-Patent,spdx_id,MapExactID
341920,MIT,spdx_id,MapFuzzyMatch
2635680,AFL-1.1,spdx_id,MapFuzzyMatch
7092128,MIT,spdx_id,MapFuzzyMatch
7092134,GPL-1.0,spdx_id,MapFuzzyMatch
5126056,MIT,spdx_id,MapFuzzyMatch
2308011,CECILL-B,spdx_id,MapExactID
1849261,AGPL-3.0,spdx_id,MapFuzzyMatch
5650352,MIT,spdx_id,MapFuzzyMatch
5191603,MIT,spdx_id,MapFuzzyMatch
866228,MIT,spdx_id,MapFuzzyMatch
4077492,WTFPL,spdx_id,MapFuzzyMatch
210875,GPL-3.0,spdx_id,MapFuzzyMatch
6240187,MIT,spdx_id,MapFuzzyMatch
3749825,MIT,spdx_id,MapFuzzyMatch
5191621,MIT,spdx_id,MapFuzzyMatch
2439111,MIT,spdx_id,MapFuzzyMatch
14283,GPL-1.0,spdx_id,MapFuzzyMatch
6567883,ISO-permission,spdx_id,MapFuzzyMatch
5126096,MIT,spdx_id,MapFuzzyMatch
5191633,any-OSI,spdx_id,MapFuzzyMatch
3160023,ISO-permission,spdx_id,MapFuzzyMatch
3094493,MIT,spdx_id,MapFuzzyMatch
210919,MIT,spdx_id,MapFuzzyMatch
1325045,MIT,spdx_id,MapFuzzyMatch
7092223,ISO-permission,spdx_id,MapFuzzyMatch
1325060,MIT,spdx_id,MapFuzzyMatch
5978123,MIT,spdx_id,MapFuzzyMatch
276496,ISO-permission,spdx_id,MapFuzzyMatch
3553300,LGPL-2.1,spdx_id,MapFuzzyMatch
6371350,GPL-3.0,spdx_id,MapFuzzyMatch
5978135,ISO-permission,spdx_id,MapFuzzyMatch
6699037,MIT,spdx_id,MapFuzzyMatch
1783838,copyleft-next-0.3.0,spdx_id,MapFuzzyMatch
5978145,ISO-permission,spdx_id,MapFuzzyMatch
735266,CC-BY-3.0,spdx_id,MapFuzzyMatch
5847078,MIT,spdx_id,MapFuzzyMatch
538665,BSD-3-Clause-No-Nuclear-License,spdx_id,MapFuzzyMatch
7419953,MIT,spdx_id,MapFuzzyMatch
3487801,CC-BY-NC-ND-4.0,spdx_id,MapFuzzyMatch
1718330,BUSL-1.1,spdx_id,MapExactID
735300,Apache-2.0,spdx_id,MapFuzzyMatch
2570309,SNIA,spdx_id,MapFuzzyMatch
735310,Apache-2.0,spdx_id,MapFuzzyMatch
1849427,BUSL-1.1,spdx_id,MapFuzzyMatch
997464,MIT,spdx_id,MapFuzzyMatch
6371417,MIT,spdx_id,MapFuzzyMatch
6305889,MIT,spdx_id,MapFuzzyMatch
5191782,ISO-permission,spdx_id,MapFuzzyMatch
1325159,MITNFA,spdx_id,MapExactID
14442,CC-BY-NC-ND-4.0,spdx_id,MapExactID
1325166,ISO-permission,spdx_id,MapFuzzyMatch
1718384,MIT,spdx_id,MapFuzzyMatch
5191798,ISO-permission,spdx_id,MapFuzzyMatch
3881083,MIT,spdx_id,MapFuzzyMatch
1587334,PostgreSQL,spdx_id,MapExactID
6371462,BSD-1-Clause,spdx_id,MapFuzzyMatch
5978254,Apache-2.0,spdx_id,MapFuzzyMatch
7092369,MIT,spdx_id,MapFuzzyMatch
1587352,MIT,spdx_id,MapFuzzyMatch
735387,Apache-2.0,spdx_id,MapExactMatch
3029148,Apache-1.0,spdx_id,MapFuzzyMatch
3946655,LGPL-3.0,spdx_id,MapFuzzyMatch
14500,AGPL-3.0,spdx_id,MapFuzzyMatch
3487912,MIT,spdx_id,MapFuzzyMatch
1587369,MIT,spdx_id,MapFuzzyMatch
669866,MIT,spdx_id,MapFuzzyMatch
2308265,ISO-permission,spdx_id,MapFuzzyMatch
4405419,MIT,spdx_id,MapFuzzyMatch
538814,MIT,spdx_id,MapFuzzyMatch
2635970,Apache-1.0,spdx_id,MapFuzzyMatch
407757,MIT,spdx_id,MapFuzzyMatch
276687,CC-BY-4.0,spdx_id,MapFuzzyMatch
735440,Apache-2.0,spdx_id,MapFuzzyMatch
2701526,MIT,spdx_id,MapFuzzyMatch
14571,EUPL-1.1,spdx_id,MapFuzzyMatch
5781745,ISO-permission,spdx_id,MapFuzzyMatch
342262,ISO-permission,spdx_id,MapFuzzyMatch
5781758,Apache-2.0,spdx_id,MapFuzzyMatch
5978371,Apache-2.0,spdx_id,MapFuzzyMatch
5978373,Zlib,spdx_id,MapFuzzyMatch
4077831,MIT,spdx_id,MapFuzzyMatch
4077835,copyleft-next-0.3.0,spdx_id,MapFuzzyMatch
6961421,MIT,spdx_id,MapFuzzyMatch
5257497,GPL-1.0,spdx_id,MapFuzzyMatch
407836,MIT,spdx_id,MapFuzzyMatch
1128738,Apache-1.0,spdx_id,MapFuzzyMatch
407860,ISO-permission,spdx_id,MapFuzzyMatch
6371636,Xnet,spdx_id,MapFuzzyMatch
5191996,MIT,spdx_id,MapFuzzyMatch
7092540,MIT,spdx_id,MapFuzzyMatch
3160406,MIT,spdx_id,MapFuzzyMatch
6175064,MIT,spdx_id,MapFuzzyMatch
3619162,MIT,spdx_id,MapFuzzyMatch
670047,MIT,spdx_id,MapFuzzyMatch
4077926,Apache-1.0,spdx_id,MapFuzzyMatch
3225959,MIT,spdx_id,MapFuzzyMatch
4536686,MIT,spdx_id,MapFuzzyMatch
473455,ISO-permission,spdx_id,MapFuzzyMatch
1325427,MIT,spdx_id,MapFuzzyMatch
14708,AGPL-3.0,spdx_id,MapExactID
866681,MIT,spdx_id,MapFuzzyMatch
342396,ISO-permission,spdx_id,MapFuzzyMatch
1587580,MIT,spdx_id,MapFuzzyMatch
3225983,BSD-1-Clause,spdx_id,MapFuzzyMatch
2242945,MIT,spdx_id,MapFuzzyMatch
539011,BSD-1-Clause,spdx_id,MapFuzzyMatch
2963849,GPL-3.0,spdx_id,MapFuzzyMatch
3029387,GPL-3.0,spdx_id,MapFuzzyMatch
539021,BSD-1-Clause,spdx_id,MapFuzzyMatch
1587606,MIT,spdx_id,MapFuzzyMatch
3946912,MIT,spdx_id,MapFuzzyMatch
3553700,ISO-permission,spdx_id,MapFuzzyMatch
1718693,MIT,spdx_id,MapFuzzyMatch
145831,GPL-1.0,spdx_id,MapFuzzyMatch
2046378,MIT,spdx_id,MapFuzzyMatch
5519788,Apache-1.0,spdx_id,MapFuzzyMatch
7223737,ISO-permission,spdx_id,MapFuzzyMatch
5257660,MIT,spdx_id,MapFuzzyMatch
5978560,Apache-2.0,spdx_id,MapFuzzyMatch
2636225,GPL-3.0,spdx_id,MapFuzzyMatch
276932,MIT,spdx_id,MapFuzzyMatch
735687,OSL-1.1,spdx_id,MapFuzzyMatch
5061071,MIT,spdx_id,MapFuzzyMatch
342480,BSD-3-Clause,spdx_id,MapFuzzyMatch
1718742,EPL-2.0,spdx_id,MapExactMatch
5388762,MIT,spdx_id,MapFuzzyMatch
276955,MIT,spdx_id,MapFuzzyMatch
2963932,ANTLR-PD,spdx_id,MapFuzzyMatch
5847518,MIT,spdx_id,MapFuzzyMatch
1063407,Apache-1.0,spdx_id,MapFuzzyMatch
1784307,MIT,spdx_id,MapFuzzyMatch
6175226,MIT,spdx_id,MapFuzzyMatch
2701822,copyleft-next-0.3.0,spdx_id,MapFuzzyMatch
80385,MIT,spdx_id,MapFuzzyMatch
4536835,CC-BY-3.0,spdx_id,MapExactID
2439684,MIT,spdx_id,MapFuzzyMatch
1784328,Apache-2.0,spdx_id,MapFuzzyMatch
2177553,ISO-permission,spdx_id,MapFuzzyMatch
6961681,MIT,spdx_id,MapFuzzyMatch
1128986,ISO-permission,spdx_id,MapFuzzyMatch
6437403,MIT,spdx_id,MapFuzzyMatch
5519903,GPL-2.0,spdx_id,MapFuzzyMatch
2177570,CC0-1.0,spdx_id,MapFuzzyMatch
1128998,Python-2.0,spdx_id,MapExactMatch
5650984,MIT,spdx_id,MapFuzzyMatch
4930090,MIT,spdx_id,MapFuzzyMatch
5716521,MIT,spdx_id,MapFuzzyMatch
14892,BSD-3-Clause,spdx_id,MapExactID
3881516,MIT,spdx_id,MapFuzzyMatch
4930094,MIT,spdx_id,MapFuzzyMatch
2570804,MIT,spdx_id,MapFuzzyMatch
6502968,PSF-2.0,spdx_id,MapFuzzyMatch
14908,GPL-3.0,spdx_id,MapExactID
2964032,MIT,spdx_id,MapFuzzyMatch
5585475,MIT,spdx_id,MapFuzzyMatch
7289415,ISO-permission,spdx_id,MapFuzzyMatch
342602,MIT,spdx_id,MapFuzzyMatch
2701899,MIT,spdx_id,MapFuzzyMatch
5454426,MIT,spdx_id,MapFuzzyMatch
7289440,BSD-1-Clause,spdx_id,MapFuzzyMatch
735853,Apache-2.0,spdx_id,MapFuzzyMatch
3488365,BSD-3-Clause-No-Nuclear-License,spdx_id,MapFuzzyMatch
4995695,Apache-2.0,spdx_id,MapFuzzyMatch
3488369,LGPL-2.1,spdx_id,MapFuzzyMatch
1784491,MIT,spdx_id,MapFuzzyMatch
670387,NIST-Software,spdx_id,MapFuzzyMatch
7092916,0BSD,spdx_id,MapFuzzyMatch
6437558,MIT,spdx_id,MapFuzzyMatch
6044343,MIT,spdx_id,MapFuzzyMatch
2177726,MIT,spdx_id,MapFuzzyMatch
4930240,MIT,spdx_id,MapFuzzyMatch
3947203,MIT,spdx_id,MapFuzzyMatch
1325769,OFL-1.0,spdx_id,MapFuzzyMatch
5585635,OSL-1.1,spdx_id,MapFuzzyMatch
5585636,OSL-1.1,spdx_id,MapFuzzyMatch
15090,ISO-permission,spdx_id,MapFuzzyMatch
4406005,ISO-permission,spdx_id,MapFuzzyMatch
146176,DOC,spdx_id,MapFuzzyMatch
5847810,MIT,spdx_id,MapFuzzyMatch
5454595,MIT,spdx_id,MapFuzzyMatch
6634246,ISO-permission,spdx_id,MapFuzzyMatch
6372108,Apache-1.0,spdx_id,MapFuzzyMatch
5585678,BSD-3-Clause,spdx_id,MapFuzzyMatch
7355150,GPL-1.0,spdx_id,MapFuzzyMatch
80668,MIT,spdx_id,MapFuzzyMatch
2439969,MIT,spdx_id,MapFuzzyMatch
2505513,MIT,spdx_id,MapFuzzyMatch
4537136,MIT,spdx_id,MapFuzzyMatch
2046778,MIT,spdx_id,MapFuzzyMatch
6110022,MIT,spdx_id,MapFuzzyMatch
867148,copyleft-next-0.3.0,spdx_id,MapFuzzyMatch
5847884,MIT,spdx_id,MapFuzzyMatch
4406095,MIT,spdx_id,MapFuzzyMatch
2505554,MIT,spdx_id,MapFuzzyMatch
5847900,GPL-1.0,spdx_id,MapFuzzyMatch
3029861,MIT,spdx_id,MapFuzzyMatch
2112359,MIT,spdx_id,MapFuzzyMatch
1850219,MIT,spdx_id,MapFuzzyMatch
3554155,MIT,spdx_id,MapFuzzyMatch
2833264,GPL-1.0,spdx_id,MapFuzzyMatch
7355253,Apache-2.0,spdx_id,MapFuzzyMatch
277368,MIT,spdx_id,MapFuzzyMatch
1653626,MIT-feh,spdx_id,MapFuzzyMatch
5389178,MIT,spdx_id,MapFuzzyMatch
1653629,BSD-1-Clause,spdx_id,MapFuzzyMatch
80777,ISO-permission,spdx_id,MapFuzzyMatch
867214,3D-Slicer-1.0,spdx_id,MapFuzzyMatch
2177935,MIT,spdx_id,MapFuzzyMatch
4995984,MIT,spdx_id,MapFuzzyMatch
7551889,copyleft-next-0.3.0,spdx_id,MapFuzzyMatch
2177942,MIT,spdx_id,MapFuzzyMatch
5651352,MIT,spdx_id,MapFuzzyMatch
605082,MIT,spdx_id,MapFuzzyMatch
3816352,MIT,spdx_id,MapFuzzyMatch
6699940,MIT,spdx_id,MapFuzzyMatch
3029925,MIT,spdx_id,MapFuzzyMatch
2571174,Zlib,spdx_id,MapExactMatch
408487,LGPL-2.1,spdx_id,MapFuzzyMatch
605104,MIT,spdx_id,MapFuzzyMatch
998324,Apache-1.0,spdx_id,MapFuzzyMatch
342968,MIT,spdx_id,MapFuzzyMatch
1850307,MIT,spdx_id,MapFuzzyMatch
2440139,GPL-3.0,spdx_id,MapFuzzyMatch
3881937,LPD-document,spdx_id,MapFuzzyMatch
2046937,Apache-1.0,spdx_id,MapFuzzyMatch
5061595,MIT,spdx_id,MapFuzzyMatch
7551966,BSD-3-Clause,spdx_id,MapFuzzyMatch
80869,MIT,spdx_id,MapFuzzyMatch
343017,MIT,spdx_id,MapFuzzyMatch
7617513,MIT,spdx_id,MapFuzzyMatch
1326064,MIT,spdx_id,MapFuzzyMatch
3423221,MIT,spdx_id,MapFuzzyMatch
6634485,MIT,spdx_id,MapFuzzyMatch
146423,MIT,spdx_id,MapFuzzyMatch
867326,Apache-1.0,spdx_id,MapFuzzyMatch
7093247,MIT,spdx_id,MapFuzzyMatch
3554306,MIT,spdx_id,MapFuzzyMatch
1850394,CC-BY-NC,license_family,MapLicenseFamily
5127198,MIT,spdx_id,MapFuzzyMatch
1850400,AGPL-1.0,spdx_id,MapFuzzyMatch
867364,copyleft-next-0.3.0,spdx_id,MapFuzzyMatch
1850416,MIT,spdx_id,MapFuzzyMatch
4406326,MIT,spdx_id,MapFuzzyMatch
7552054,BSD-1-Clause,spdx_id,MapFuzzyMatch
2505785,MPL-2.0,spdx_id,MapFuzzyMatch
3882044,Apache-1.0,spdx_id,MapFuzzyMatch
343106,MIT,spdx_id,MapFuzzyMatch
474181,MIT,spdx_id,MapFuzzyMatch
2440261,MIT,spdx_id,MapFuzzyMatch
80969,MIT,spdx_id,MapFuzzyMatch
474185,MIT,spdx_id,MapFuzzyMatch
5520457,CC-BY-4.0,spdx_id,MapFuzzyMatch
474214,BSD-3-Clause,spdx_id,MapFuzzyMatch
6110320,MIT,spdx_id,MapFuzzyMatch
15473,MPL-2.0,spdx_id,MapFuzzyMatch
4537458,CC0-1.0,spdx_id,MapFuzzyMatch
15476,GPL-3.0,spdx_id,MapExactID
4930677,MPL-2.0-no-copyleft-exception,spdx_id,MapExactMatch
81015,,unknown,MapNA
2833529,AGPL-3.0,spdx_id,MapFuzzyMatch
2112635,AGPL-3.0,spdx_id,MapFuzzyMatch
2833538,MIT,spdx_id,MapFuzzyMatch
1850499,CC-BY-1.0,spdx_id,MapFuzzyMatch
2702470,MIT,spdx_id,MapFuzzyMatch
5520527,ISO-permission,spdx_id,MapFuzzyMatch
7355536,MIT,spdx_id,MapFuzzyMatch
6634642,PPL,spdx_id,MapFuzzyMatch
4537504,ISO-permission,spdx_id,MapFuzzyMatch
4996258,MIT,spdx_id,MapFuzzyMatch
1785000,MIT,spdx_id,MapFuzzyMatch
3947689,BSD-1-Clause,spdx_id,MapFuzzyMatch
146612,GPL-2.0,spdx_id,MapFuzzyMatch
212161,MIT,spdx_id,MapFuzzyMatch
5258437,AGPL-3.0,spdx_id,MapFuzzyMatch
277702,MIT,spdx_id,MapFuzzyMatch
212167,MIT,spdx_id,MapFuzzyMatch
15561,CC-BY-NC-SA,license_family,MapLicenseFamily
3620046,MIT,spdx_id,MapFuzzyMatch
3226835,Apache-1.0,spdx_id,MapFuzzyMatch
15573,MIT,spdx_id,MapFuzzyMatch
1981676,MIT,spdx_id,MapFuzzyMatch
5455088,MIT,spdx_id,MapFuzzyMatch
146677,GPL-1.0,spdx_id,MapFuzzyMatch
3423481,WTFNMFPL,spdx_id,MapFuzzyMatch
5258489,MIT,spdx_id,MapFuzzyMatch
4013313,MIT,spdx_id,MapFuzzyMatch
998667,ISO-permission,spdx_id,MapFuzzyMatch
4996363,MIT,spdx_id,MapFuzzyMatch
7486733,MIT,spdx_id,MapFuzzyMatch
4209939,ISC,spdx_id,MapFuzzyMatch
474388,ISO-permission,spdx_id,MapFuzzyMatch
15638,LGPL-2.0,spdx_id,MapFuzzyMatch
146717,LGPL-2.0,spdx_id,MapFuzzyMatch
5389597,ISO-permission,spdx_id,MapFuzzyMatch
6962467,Apache-2.0,spdx_id,MapFuzzyMatch
7159080,BSD-1-Clause,spdx_id,MapFuzzyMatch
1064245,LPD-document,spdx_id,MapFuzzyMatch
1129788,copyleft-next-0.3.0,spdx_id,MapFuzzyMatch
4144453,MIT,spdx_id,MapFuzzyMatch
5717326,MIT,spdx_id,MapFuzzyMatch
6634844,MIT,spdx_id,MapFuzzyMatch
3816798,MIT,spdx_id,MapFuzzyMatch
4996457,ISO-permission,spdx_id,MapFuzzyMatch
6372716,MIT,spdx_id,MapFuzzyMatch
3751282,MIT,spdx_id,MapFuzzyMatch
5848442,BUSL-1.1,spdx_id,MapFuzzyMatch
3816832,MIT,spdx_id,MapFuzzyMatch
7290243,MIT,spdx_id,MapFuzzyMatch
3292552,MIT,spdx_id,MapFuzzyMatch
4930958,MIT,spdx_id,MapFuzzyMatch
15765,Apache-2.0,spdx_id,MapFuzzyMatch
5914012,Apache-1.0,spdx_id,MapFuzzyMatch
2702754,ISO-permission,spdx_id,MapFuzzyMatch
7421346,MIT,spdx_id,MapFuzzyMatch
5127589,AGPL-3.0-only,spdx_id,MapExactMatch
3227052,ISO-permission,spdx_id,MapFuzzyMatch
5782960,ISO-permission,spdx_id,MapFuzzyMatch
1129918,MIT,spdx_id,MapFuzzyMatch
1850816,BUSL-1.1,spdx_id,MapFuzzyMatch
343490,Intel,spdx_id,MapFuzzyMatch
2178498,MIT,spdx_id,MapFuzzyMatch
3947971,copyleft-next-0.3.0,spdx_id,MapFuzzyMatch
998855,ISO-permission,spdx_id,MapFuzzyMatch
2506199,AGPL-3.0,spdx_id,MapFuzzyMatch
3554777,SMAIL-GPL,spdx_id,MapFuzzyMatch
5848546,MIT,spdx_id,MapFuzzyMatch
2440679,MIT,spdx_id,MapFuzzyMatch
4996588,AGPL-1.0,spdx_id,MapFuzzyMatch
1981935,MIT,spdx_id,MapFuzzyMatch
1064437,MIT,spdx_id,MapFuzzyMatch
1588727,MIT,spdx_id,MapExactMatch
4210168,MIT,spdx_id,MapFuzzyMatch
998911,MIT,spdx_id,MapFuzzyMatch
2571781,GPL-1.0,spdx_id,MapFuzzyMatch
4865544,MIT,spdx_id,MapFuzzyMatch
671243,BSD-3-Clause-No-Nuclear-License,spdx_id,MapFuzzyMatch
998923,MIT,spdx_id,MapFuzzyMatch
278029,MIT,spdx_id,MapFuzzyMatch
3882513,GPL-1.0,spdx_id,MapFuzzyMatch
1785362,GPL-3.0,spdx_id,MapFuzzyMatch
2702873,MIT,spdx_id,MapFuzzyMatch
998950,MIT,spdx_id,MapFuzzyMatch
3882550,MIT,spdx_id,MapFuzzyMatch
1588791,Unlicense,spdx_id,MapExactMatch
147013,Apache-2.0,spdx_id,MapFuzzyMatch
15951,Apache-2.0,spdx_id,MapFuzzyMatch
3817041,MIT,spdx_id,MapFuzzyMatch
6635096,MIT,spdx_id,MapFuzzyMatch
4537953,MIT,spdx_id,MapFuzzyMatch
1850978,MIT,spdx_id,MapFuzzyMatch
343652,LGPL-2.1,spdx_id,MapExactID
540261,MIT,spdx_id,MapFuzzyMatch
7356004,BSD-3-Clause,spdx_id,MapFuzzyMatch
81511,MIT,spdx_id,MapFuzzyMatch
7552613,MIT,spdx_id,MapFuzzyMatch
7552622,MIT,spdx_id,MapFuzzyMatch
867958,CC-BY-1.0,spdx_id,MapFuzzyMatch
15999,GPL-3.0,spdx_id,MapFuzzyMatch
16015,CC-BY-SA-2.1-JP,spdx_id,MapFuzzyMatch
3882640,AGPL-1.0,spdx_id,MapFuzzyMatch
16017,ISO-permission,spdx_id,MapFuzzyMatch
1588883,MIT,spdx_id,MapFuzzyMatch
1588884,MIT,spdx_id,MapFuzzyMatch
474774,MIT,spdx_id,MapFuzzyMatch
7552674,MIT,spdx_id,MapExactMatch
1785513,CC0-1.0,spdx_id,MapFuzzyMatch
343722,LGPL-3.0,spdx_id,MapFuzzyMatch
1851053,GPL-1.0,spdx_id,MapFuzzyMatch
16051,AGPL-3.0,spdx_id,MapFuzzyMatch
736954,Apache-2.0,spdx_id,MapExactID
2506429,ISO-permission,spdx_id,MapFuzzyMatch
4472509,BSD-1-Clause,spdx_id,MapFuzzyMatch
4931263,MIT,spdx_id,MapFuzzyMatch
5717697,NIST-Software,spdx_id,MapFuzzyMatch
1785545,ISO-permission,spdx_id,MapFuzzyMatch
6569674,Apache-2.0,spdx_id,MapFuzzyMatch
3948237,BSD-1-Clause,spdx_id,MapFuzzyMatch
3948255,BSD-1-Clause,spdx_id,MapFuzzyMatch
5455590,MIT,spdx_id,MapFuzzyMatch
4144871,MIT,spdx_id,MapFuzzyMatch
6438641,MIT,spdx_id,MapFuzzyMatch
3358464,PSF-2.0,spdx_id,MapFuzzyMatch
737026,MIT,spdx_id,MapFuzzyMatch
2637573,MIT,spdx_id,MapFuzzyMatch
2047755,MIT,spdx_id,MapFuzzyMatch
3948301,MIT,spdx_id,MapFuzzyMatch
5717781,MIT,spdx_id,MapFuzzyMatch
7618325,MIT,spdx_id,MapFuzzyMatch
1326873,MIT,spdx_id,MapFuzzyMatch
4472606,MIT,spdx_id,MapFuzzyMatch
7487262,MIT,spdx_id,MapFuzzyMatch
5717798,MIT,spdx_id,MapFuzzyMatch
3292974,LGPL-3.0,spdx_id,MapFuzzyMatch
4996925,BSD-1-Clause,spdx_id,MapFuzzyMatch
3882819,BSD-3-Clause,spdx_id,MapFuzzyMatch
4538180,AGPL-3.0,spdx_id,MapFuzzyMatch
5783363,MIT,spdx_id,MapFuzzyMatch
4538183,MIT,spdx_id,MapFuzzyMatch
2441039,ISO-permission,spdx_id,MapFuzzyMatch
868186,BSD-3-Clause-No-Nuclear-License,spdx_id,MapFuzzyMatch
1064798,MIT,spdx_id,MapFuzzyMatch
3489638,MIT,spdx_id,MapFuzzyMatch
4865901,BSD-1-Clause,spdx_id,MapFuzzyMatch
5980013,MIT,spdx_id,MapFuzzyMatch
7683958,MIT,spdx_id,MapFuzzyMatch
737151,MIT,spdx_id,MapFuzzyMatch
16258,AGPL-3.0,spdx_id,MapFuzzyMatch
2965384,MIT,spdx_id,MapFuzzyMatch
1327010,MIT,spdx_id,MapFuzzyMatch
6438819,MIT,spdx_id,MapFuzzyMatch
2244516,MIT,spdx_id,MapFuzzyMatch
2047921,MIT,spdx_id,MapFuzzyMatch
3293105,MIT,spdx_id,MapFuzzyMatch
16316,Apache-2.0,spdx_id,MapFuzzyMatch
5849022,MIT,spdx_id,MapFuzzyMatch
7618498,BSD-1-Clause,spdx_id,MapFuzzyMatch
5849031,BSD-1-Clause,spdx_id,MapFuzzyMatch
5914568,SAX-PD,spdx_id,MapFuzzyMatch
2637778,MIT,spdx_id,MapFuzzyMatch
1982419,MIT,spdx_id,MapFuzzyMatch
475093,MIT,spdx_id,MapFuzzyMatch
147422,MIT,spdx_id,MapFuzzyMatch
6504415,MIT,spdx_id,MapFuzzyMatch
5259236,GPL-3.0,spdx_id,MapFuzzyMatch
1327078,MIT,spdx_id,MapFuzzyMatch
3031017,MIT,spdx_id,MapFuzzyMatch
3817452,MIT,spdx_id,MapFuzzyMatch
868335,MIT,spdx_id,MapFuzzyMatch
868344,GPL-2.0,spdx_id,MapFuzzyMatch
4538364,LGPL-2.0,spdx_id,MapFuzzyMatch
7553025,LPD-document,spdx_id,MapFuzzyMatch
1589254,LGPL-3.0,spdx_id,MapFuzzyMatch
1982475,MIT,spdx_id,MapFuzzyMatch
344080,MIT,spdx_id,MapFuzzyMatch
2572306,CC-BY-4.0,spdx_id,MapFuzzyMatch
1785879,ISO-permission,spdx_id,MapFuzzyMatch
5390361,MIT,spdx_id,MapFuzzyMatch
4538396,MIT,spdx_id,MapFuzzyMatch
5980191,MIT,spdx_id,MapFuzzyMatch
1064993,CC-BY-NC-SA-2.0-FR,spdx_id,MapFuzzyMatch
4472865,BSD-1-Clause,spdx_id,MapFuzzyMatch
5455909,MIT,spdx_id,MapFuzzyMatch
5980198,BSD-3-Clause,spdx_id,MapFuzzyMatch
3031085,BSD-1-Clause,spdx_id,MapFuzzyMatch
3489838,ISO-permission,spdx_id,MapFuzzyMatch
3883061,MIT,spdx_id,MapFuzzyMatch
81978,MIT,spdx_id,MapFuzzyMatch
7422014,MIT,spdx_id,MapFuzzyMatch
2703424,Apache-2.0,spdx_id,MapFuzzyMatch
16451,Apache-1.1,spdx_id,MapFuzzyMatch
6111305,MIT,spdx_id,MapFuzzyMatch
147541,AGPL-3.0,spdx_id,MapFuzzyMatch
3293269,MIT,spdx_id,MapFuzzyMatch
540760,ECL-1.0,spdx_id,MapFuzzyMatch
1982552,MIT,spdx_id,MapFuzzyMatch
147552,SMAIL-GPL,spdx_id,MapFuzzyMatch
1785958,MIT,spdx_id,MapFuzzyMatch
475243,Apache-2.0,spdx_id,MapFuzzyMatch
1785964,Apache-2.0,spdx_id,MapExactMatch
1327220,MIT,spdx_id,MapFuzzyMatch
7684215,ISO-permission,spdx_id,MapFuzzyMatch
1654907,MIT,spdx_id,MapFuzzyMatch
1785980,MIT,spdx_id,MapFuzzyMatch
4472961,ISO-permission,spdx_id,MapFuzzyMatch
540813,MIT,spdx_id,MapFuzzyMatch
2244749,MIT,spdx_id,MapFuzzyMatch
5456013,GPL-3.0,spdx_id,MapFuzzyMatch
278688,MIT,spdx_id,MapFuzzyMatch
475303,Apache-1.0,spdx_id,MapFuzzyMatch
1786023,MIT,spdx_id,MapFuzzyMatch
4538535,MIT,spdx_id,MapFuzzyMatch
6439084,Apache-1.0,spdx_id,MapFuzzyMatch
2703547,MIT,spdx_id,MapFuzzyMatch
5587130,MIT,spdx_id,MapFuzzyMatch
3621066,MIT,spdx_id,MapFuzzyMatch
82124,GPL-2.0,spdx_id,MapFuzzyMatch
3293389,MIT,spdx_id,MapFuzzyMatch
7422170,Apache-1.0,spdx_id,MapFuzzyMatch
6439136,MIT,spdx_id,MapFuzzyMatch
3948776,MIT,spdx_id,MapFuzzyMatch
2048235,MIT,spdx_id,MapFuzzyMatch
3293423,CC0-1.0,spdx_id,MapFuzzyMatch
3817712,MIT,spdx_id,MapFuzzyMatch
6439152,MIT,spdx_id,MapFuzzyMatch
4079866,MIT,spdx_id,MapFuzzyMatch
6045946,MIT,spdx_id,MapFuzzyMatch
409854,ISO-permission,spdx_id,MapFuzzyMatch
1982718,MIT,spdx_id,MapFuzzyMatch
6373632,MIT,spdx_id,MapFuzzyMatch
4079874,MIT,spdx_id,MapFuzzyMatch
4997381,ISO-permission,spdx_id,MapFuzzyMatch
2048264,MIT,spdx_id,MapFuzzyMatch
2638089,MIT,spdx_id,MapFuzzyMatch
82203,MIT,spdx_id,MapFuzzyMatch
2834720,ISO-permission,spdx_id,MapFuzzyMatch
1720612,MIT,spdx_id,MapFuzzyMatch
5390628,MIT,spdx_id,MapFuzzyMatch
4407596,MIT,spdx_id,MapFuzzyMatch
1851694,BSD-3-Clause,spdx_id,MapFuzzyMatch
2703671,LPD-document,spdx_id,MapFuzzyMatch
2703678,MIT,spdx_id,MapFuzzyMatch
5914944,MIT,spdx_id,MapFuzzyMatch
6373705,CECILL-1.0,spdx_id,MapFuzzyMatch
1327441,MIT,spdx_id,MapFuzzyMatch
5783890,BSD,license_family,MapLicenseFamily
7487839,ISO-permission,spdx_id,MapFuzzyMatch
7160162,Apache-2.0,spdx_id,MapFuzzyMatch
1851747,LGPL-2.1,spdx_id,MapFuzzyMatch
868711,MIT,spdx_id,MapFuzzyMatch
2834796,MIT,spdx_id,MapFuzzyMatch
6439284,CNRI-Python,spdx_id,MapFuzzyMatch
7422326,MIT,spdx_id,MapFuzzyMatch
5128575,MIT,spdx_id,MapFuzzyMatch
6963588,MIT,spdx_id,MapFuzzyMatch
7422342,BUSL-1.1,spdx_id,MapFuzzyMatch
3883405,LGPL-2.1,spdx_id,MapFuzzyMatch
16793,GPL-3.0,spdx_id,MapFuzzyMatch
4473241,ISO-permission,spdx_id,MapFuzzyMatch
6242724,ISO-permission,spdx_id,MapFuzzyMatch
4997552,Apache-1.0,spdx_id,MapFuzzyMatch
5521841,MIT,spdx_id,MapFuzzyMatch
4538806,MIT,spdx_id,MapFuzzyMatch
2703801,Unlicense,spdx_id,MapFuzzyMatch
1655232,MIT,spdx_id,MapFuzzyMatch
1655235,X11-distribute-modifications-variant,spdx_id,MapExactID
5718469,PSF-2.0,spdx_id,MapFuzzyMatch
2834887,ISO-permission,spdx_id,MapFuzzyMatch
7356874,MIT,spdx_id,MapFuzzyMatch
6373839,NPOSL-3.0,spdx_id,MapFuzzyMatch
6242768,Apache-1.0,spdx_id,MapFuzzyMatch
2965969,CC-BY-3.0,spdx_id,MapFuzzyMatch
606679,Apache-1.0,spdx_id,MapFuzzyMatch
1786331,ISO-permission,spdx_id,MapFuzzyMatch
2048476,MIT,spdx_id,MapFuzzyMatch
2310619,MIT,spdx_id,MapFuzzyMatch
7487972,BSD-1-Clause,spdx_id,MapFuzzyMatch
1130982,MIT,spdx_id,MapFuzzyMatch
3621353,GPL-2.0-or-later,spdx_id,MapExactID
2179567,MIT,spdx_id,MapFuzzyMatch
1327600,Apache-1.0,spdx_id,MapFuzzyMatch
6701551,Apache-1.0,spdx_id,MapFuzzyMatch
5652984,MIT,spdx_id,MapFuzzyMatch
147967,Artistic-1.0,spdx_id,MapFuzzyMatch
3949059,ISO-permission,spdx_id,MapFuzzyMatch
3949061,AGPL-1.0,spdx_id,MapFuzzyMatch
4014600,OGC-1.0,spdx_id,MapFuzzyMatch
1655308,BSD-1-Clause,spdx_id,MapFuzzyMatch
1720844,Apache-1.0,spdx_id,MapFuzzyMatch
475662,MIT,spdx_id,MapFuzzyMatch
6701587,Apache-2.0,spdx_id,MapFuzzyMatch
6701588,Apache-1.0,spdx_id,MapFuzzyMatch
2638370,Apache-1.0,spdx_id,MapFuzzyMatch
7488039,BSD-1-Clause,spdx_id,MapFuzzyMatch
475705,BSD-3-Clause-Clear,spdx_id,MapExactMatch
82506,Unlicense,spdx_id,MapFuzzyMatch
4932170,MIT,spdx_id,MapFuzzyMatch
7422547,MIT,spdx_id,MapFuzzyMatch
2179671,BitTorrent-1.0,spdx_id,MapFuzzyMatch
6439517,ISO-permission,spdx_id,MapFuzzyMatch
3490398,AGPL-3.0,spdx_id,MapFuzzyMatch
1655394,NCGL-UK-2.0,spdx_id,MapFuzzyMatch
213605,MIT,spdx_id,MapFuzzyMatch
5063269,BSD-1-Clause,spdx_id,MapFuzzyMatch
5128812,MIT,spdx_id,MapFuzzyMatch
3228272,copyleft-next-0.3.0,spdx_id,MapFuzzyMatch
2966132,MIT,spdx_id,MapFuzzyMatch
5390964,WTFNMFPL,spdx_id,MapFuzzyMatch
5063287,MIT,spdx_id,MapFuzzyMatch
541310,EPL-2.0,spdx_id,MapExactMatch
3359363,MIT,spdx_id,MapFuzzyMatch
410244,GPL-1.0,spdx_id,MapFuzzyMatch
6308491,MIT,spdx_id,MapFuzzyMatch
5128844,MIT,spdx_id,MapFuzzyMatch
7225996,ISO-permission,spdx_id,MapFuzzyMatch
3162766,copyleft-next-0.3.0,spdx_id,MapFuzzyMatch
2638480,MIT,spdx_id,MapFuzzyMatch
82577,LPL-1.0,spdx_id,MapFuzzyMatch
6111894,MIT,spdx_id,MapFuzzyMatch
6308503,ISO-permission,spdx_id,MapFuzzyMatch
541338,EPL-2.0,spdx_id,MapFuzzyMatch
1983130,MIT,spdx_id,MapFuzzyMatch
4997791,EPL-1.0,spdx_id,MapFuzzyMatch
1000104,MIT,spdx_id,MapFuzzyMatch
148153,MIT,spdx_id,MapFuzzyMatch
344761,LGPL-3.0,spdx_id,MapFuzzyMatch
4866745,MIT,spdx_id,MapFuzzyMatch
5063356,Apache-1.0,spdx_id,MapFuzzyMatch
7684797,ANTLR-PD,spdx_id,MapFuzzyMatch
213696,AGPL-3.0,spdx_id,MapFuzzyMatch
410306,GPL-2.0,spdx_id,MapFuzzyMatch
1655494,MIT,spdx_id,MapFuzzyMatch
869063,MIT,spdx_id,MapFuzzyMatch
2638537,MIT,spdx_id,MapFuzzyMatch
3621577,MIT,spdx_id,MapFuzzyMatch
5587656,BSD-3-Clause-No-Nuclear-License,spdx_id,MapFuzzyMatch
410319,GPL-1.0,spdx_id,MapFuzzyMatch
3818198,MIT,spdx_id,MapFuzzyMatch
2704087,MIT,spdx_id,MapFuzzyMatch
5194456,ISO-permission,spdx_id,MapFuzzyMatch
5194457,ISO-permission,spdx_id,MapFuzzyMatch
5194460,MIT,spdx_id,MapFuzzyMatch
2704099,Apache-1.0,spdx_id,MapFuzzyMatch
2310889,LGPL-2.1,spdx_id,MapFuzzyMatch
344813,ISO-permission,spdx_id,MapFuzzyMatch
5456623,MIT,spdx_id,MapFuzzyMatch
148208,GPL-1.0,spdx_id,MapFuzzyMatch
4866802,BSD-1-Clause,spdx_id,MapFuzzyMatch
3490547,MIT,spdx_id,MapFuzzyMatch
4408058,MIT,spdx_id,MapFuzzyMatch
5063421,MIT,spdx_id,MapFuzzyMatch
17150,,unknown,MapNA
7684874,BSD-Source-Code,spdx_id,MapFuzzyMatch
4145936,Python-2.0,spdx_id,MapFuzzyMatch
1065745,Apache-2.0,spdx_id,MapFuzzyMatch
148242,Apache-2.0,spdx_id,MapFuzzyMatch
7619346,Apache-2.0,spdx_id,MapExactMatch
4408085,MIT,spdx_id,MapFuzzyMatch
6112023,MIT,spdx_id,MapFuzzyMatch
5128991,MIT,spdx_id,MapFuzzyMatch
6308642,MIT,spdx_id,MapFuzzyMatch
3818280,MIT,spdx_id,MapFuzzyMatch
6112054,MIT,spdx_id,MapFuzzyMatch
1327935,CC-BY-4.0,spdx_id,MapExactMatch
1721151,MIT,spdx_id,MapFuzzyMatch
4145990,ISO-permission,spdx_id,MapFuzzyMatch
2048839,MIT,spdx_id,MapFuzzyMatch
1917784,Apache-1.0,spdx_id,MapFuzzyMatch
1000281,LGPL-2.1,spdx_id,MapFuzzyMatch
4146009,MIT,spdx_id,MapFuzzyMatch
1393501,MIT,spdx_id,MapFuzzyMatch
410465,MIT,spdx_id,MapFuzzyMatch
1131372,BSD,license_family,MapLicenseFamily
6112114,BSD-1-Clause,spdx_id,MapFuzzyMatch
6112118,BSD-1-Clause,spdx_id,MapFuzzyMatch
3294074,MIT,spdx_id,MapFuzzyMatch
1655677,MIT,spdx_id,MapFuzzyMatch
1786755,GPL-2.0-only,spdx_id,MapExactID
5522319,MIT,spdx_id,MapFuzzyMatch
1393557,MIT,spdx_id,MapFuzzyMatch
6701982,MIT,spdx_id,MapFuzzyMatch
7553950,MIT,spdx_id,MapFuzzyMatch
3228577,MIT,spdx_id,MapFuzzyMatch
5850018,BSD-1-Clause,spdx_id,MapFuzzyMatch
7422884,MIT,spdx_id,MapFuzzyMatch
2835366,MIT,spdx_id,MapFuzzyMatch
345005,BUSL-1.1,spdx_id,MapFuzzyMatch
2048942,Unlicense,spdx_id,MapFuzzyMatch
1721263,MIT,spdx_id,MapFuzzyMatch
6505392,MIT,spdx_id,MapFuzzyMatch
2311095,ISO-permission,spdx_id,MapFuzzyMatch
476099,ISO-permission,spdx_id,MapFuzzyMatch
2311123,MIT,spdx_id,MapFuzzyMatch
6702047,MIT,spdx_id,MapFuzzyMatch
3818464,MIT,spdx_id,MapFuzzyMatch
7029731,MIT,spdx_id,MapFuzzyMatch
3490797,BSD-Source-Code,spdx_id,MapFuzzyMatch
5981168,MPL-2.0,spdx_id,MapFuzzyMatch
3949556,MIT,spdx_id,MapFuzzyMatch
2704374,Fair,spdx_id,MapFuzzyMatch
6308859,MIT,spdx_id,MapFuzzyMatch
7029760,Apache-2.0,spdx_id,MapFuzzyMatch
2114563,ISO-permission,spdx_id,MapFuzzyMatch
7422986,MIT,spdx_id,MapFuzzyMatch
5784596,MIT,spdx_id,MapFuzzyMatch
2573340,copyleft-next-0.3.0,spdx_id,MapFuzzyMatch
7357468,MIT,spdx_id,MapFuzzyMatch
1852456,MIT,spdx_id,MapFuzzyMatch
803882,MIT,spdx_id,MapFuzzyMatch
5194796,MIT,spdx_id,MapFuzzyMatch
3163181,Apache-2.0,spdx_id,MapFuzzyMatch
6177837,MIT,spdx_id,MapFuzzyMatch
6636594,MIT,spdx_id,MapFuzzyMatch
6702134,MIT,spdx_id,MapFuzzyMatch
5456954,ISO-permission,spdx_id,MapFuzzyMatch
2180155,MIT,spdx_id,MapFuzzyMatch
2180158,CC-BY-NC-SA-1.0,spdx_id,MapFuzzyMatch
2573388,Apache-1.0,spdx_id,MapFuzzyMatch
7029838,MIT,spdx_id,MapFuzzyMatch
1328230,CC-BY-1.0,spdx_id,MapFuzzyMatch
410729,LGPL-3.0-only,spdx_id,MapExactID
4932713,LGPL-3.0,spdx_id,MapFuzzyMatch
3949686,MIT,spdx_id,MapFuzzyMatch
7685240,Fair,spdx_id,MapFuzzyMatch
410749,ISO-permission,spdx_id,MapFuzzyMatch
1918077,MIT,spdx_id,MapFuzzyMatch
3884161,MIT,spdx_id,MapFuzzyMatch
5194883,CC-BY-NC-1.0,spdx_id,MapFuzzyMatch
410762,MIT,spdx_id,MapFuzzyMatch
2704522,MIT,spdx_id,MapFuzzyMatch
4539531,ISO-permission,spdx_id,MapFuzzyMatch
7292058,Apache-1.0,spdx_id,MapFuzzyMatch
1918107,CC-BY-4.0,spdx_id,MapFuzzyMatch
3818652,0BSD,spdx_id,MapFuzzyMatch
5784733,MIT,spdx_id,MapFuzzyMatch
2573475,MIT,spdx_id,MapFuzzyMatch
2245797,ISO-permission,spdx_id,MapFuzzyMatch
3949735,MIT,spdx_id,MapFuzzyMatch
2049192,MIT,spdx_id,MapFuzzyMatch
7029933,MIT,spdx_id,MapFuzzyMatch
1131697,MIT,spdx_id,MapFuzzyMatch
214197,MIT,spdx_id,MapFuzzyMatch
1000642,MIT,spdx_id,MapFuzzyMatch
214215,MPL-2.0,spdx_id,MapFuzzyMatch
1000647,MIT,spdx_id,MapFuzzyMatch
2180295,ISO-permission,spdx_id,MapFuzzyMatch
6964439,ISO-permission,spdx_id,MapFuzzyMatch
3884249,MIT,spdx_id,MapFuzzyMatch
607450,GPL-3.0,spdx_id,MapExactID
2966749,MIT,spdx_id,MapFuzzyMatch
1000670,MIT,spdx_id,MapFuzzyMatch
2442465,MIT,spdx_id,MapFuzzyMatch
3163360,GPL-3.0,spdx_id,MapFuzzyMatch
7488736,MIT,spdx_id,MapFuzzyMatch
2049253,MIT,spdx_id,MapFuzzyMatch
5784823,MIT,spdx_id,MapFuzzyMatch
2639098,ISO-permission,spdx_id,MapFuzzyMatch
6571260,Apache-2.0,spdx_id,MapFuzzyMatch
5129478,MIT,spdx_id,MapFuzzyMatch
5457158,ANTLR-PD,spdx_id,MapFuzzyMatch
6440200,MIT,spdx_id,MapFuzzyMatch
2049291,Apache-2.0,spdx_id,MapFuzzyMatch
5784844,SMAIL-GPL,spdx_id,MapFuzzyMatch
1787148,MIT,spdx_id,MapFuzzyMatch
2180366,ISO-permission,spdx_id,MapFuzzyMatch
3622157,MIT,spdx_id,MapFuzzyMatch
1131792,Apache-1.0,spdx_id,MapFuzzyMatch
4408590,MIT,spdx_id,MapFuzzyMatch
279830,ISO-permission,spdx_id,MapFuzzyMatch
7357719,BSD-1-Clause,spdx_id,MapFuzzyMatch
7357726,MIT,spdx_id,MapFuzzyMatch
2966816,X11-no-permit-persons,spdx_id,MapFuzzyMatch
2049316,ISO-permission,spdx_id,MapFuzzyMatch
4932908,MIT,spdx_id,MapFuzzyMatch
1131821,MIT,spdx_id,MapFuzzyMatch
5195054,BSD-2-Clause,spdx_id,MapFuzzyMatch
6440236,MIT,spdx_id,MapFuzzyMatch
7357753,MIT,spdx_id,MapFuzzyMatch
869694,MIT,spdx_id,MapFuzzyMatch
1656127,BSD-1-Clause,spdx_id,MapFuzzyMatch
4932926,MIT,spdx_id,MapFuzzyMatch
7488831,CC-BY-4.0,spdx_id,MapFuzzyMatch
6505797,Apache-1.0,spdx_id,MapFuzzyMatch
2508103,MIT,spdx_id,MapFuzzyMatch
3425619,MIT,spdx_id,MapFuzzyMatch
2573659,ISO-permission,spdx_id,MapFuzzyMatch
5653851,ANTLR-PD,spdx_id,MapFuzzyMatch
2835805,etalab-2.0,spdx_id,MapExactID
607582,Apache-2.0,spdx_id,MapExactMatch
607583,Apache-2.0,spdx_id,MapExactMatch
2573663,BSD-1-Clause,spdx_id,MapFuzzyMatch
4539743,MIT,spdx_id,MapFuzzyMatch
5653860,MIT,spdx_id,MapFuzzyMatch
5391718,copyleft-next-0.3.0,spdx_id,MapFuzzyMatch
2966888,GPL-3.0,spdx_id,MapFuzzyMatch
4932975,MIT,spdx_id,MapFuzzyMatch
17777,MIT,spdx_id,MapFuzzyMatch
3818874,MIT,spdx_id,MapFuzzyMatch
6505855,MIT,spdx_id,MapFuzzyMatch
4408704,MIT,spdx_id,MapFuzzyMatch
17794,MIT,spdx_id,MapFuzzyMatch
7685511,ZPL-1.1,spdx_id,MapFuzzyMatch
83336,MIT,spdx_id,MapFuzzyMatch
4015498,Apache-2.0,spdx_id,MapFuzzyMatch
3425690,BSD-1-Clause,spdx_id,MapFuzzyMatch
2442651,Apache-1.0,spdx_id,MapFuzzyMatch
1787292,MIT,spdx_id,MapFuzzyMatch
1918364,BSD-2-Clause,spdx_id,MapFuzzyMatch
2704796,MIT,spdx_id,MapFuzzyMatch
3622300,ISO-permission,spdx_id,MapFuzzyMatch
3884449,BSD-3-Clause-No-Nuclear-License,spdx_id,MapFuzzyMatch
7423395,MIT,spdx_id,MapFuzzyMatch
3360172,MIT,spdx_id,MapFuzzyMatch
411053,MIT,spdx_id,MapFuzzyMatch
2508210,ISO-permission,spdx_id,MapFuzzyMatch
4998582,Apache-1.0,spdx_id,MapFuzzyMatch
3425723,Apache-1.0,spdx_id,MapFuzzyMatch
83388,GPL-3.0,spdx_id,MapFuzzyMatch
5195195,BUSL-1.1,spdx_id,MapFuzzyMatch
804286,OSET-PL-2.1,spdx_id,MapFuzzyMatch
4998591,Apache-1.0,spdx_id,MapFuzzyMatch
542153,MIT,spdx_id,MapFuzzyMatch
6702540,MIT,spdx_id,MapFuzzyMatch
1131986,MIT,spdx_id,MapFuzzyMatch
3950037,MIT,spdx_id,MapFuzzyMatch
2573784,BSD-3-Clause,spdx_id,MapFuzzyMatch
5588443,0BSD,spdx_id,MapFuzzyMatch
1852895,BSD-2-Clause,spdx_id,MapFuzzyMatch
738786,MIT,spdx_id,MapFuzzyMatch
1000931,GPL-3.0,spdx_id,MapFuzzyMatch
4867561,Apache-2.0,spdx_id,MapExactMatch
2704876,MIT,spdx_id,MapFuzzyMatch
542190,XFree86-1.1,spdx_id,MapFuzzyMatch
869870,MIT,spdx_id,MapFuzzyMatch
4146674,IBM-pibs,spdx_id,MapFuzzyMatch
17909,GPL-2.0,spdx_id,MapFuzzyMatch
3294717,MIT,spdx_id,MapFuzzyMatch
214528,MPL-2.0,spdx_id,MapFuzzyMatch
869892,ISO-permission,spdx_id,MapFuzzyMatch
17927,GPL-3.0,spdx_id,MapFuzzyMatch
6309385,ISO-permission,spdx_id,MapFuzzyMatch
1066509,Apache-1.1,spdx_id,MapFuzzyMatch
2508304,MIT,spdx_id,MapFuzzyMatch
2639380,MIT,spdx_id,MapFuzzyMatch
673301,Apache-1.0,spdx_id,MapFuzzyMatch
2967061,MIT,spdx_id,MapFuzzyMatch
1721888,MIT,spdx_id,MapFuzzyMatch
5522980,MIT,spdx_id,MapFuzzyMatch
607782,MIT,spdx_id,MapFuzzyMatch
5391910,BSD-3-Clause,spdx_id,MapFuzzyMatch
3163690,MIT,spdx_id,MapFuzzyMatch
2508332,ISO-permission,spdx_id,MapFuzzyMatch
869933,MIT,spdx_id,MapFuzzyMatch
2836015,MIT,spdx_id,MapFuzzyMatch
476725,BSD-1-Clause,spdx_id,MapFuzzyMatch
3163702,Apache-1.0,spdx_id,MapFuzzyMatch
214593,MIT,spdx_id,MapExactID
6440515,MIT,spdx_id,MapFuzzyMatch
6440523,MIT,spdx_id,MapFuzzyMatch
3163727,AGPL-3.0,spdx_id,MapFuzzyMatch
5981782,MIT,spdx_id,MapFuzzyMatch
2967127,MIT,spdx_id,MapFuzzyMatch
5588567,MIT,spdx_id,MapFuzzyMatch
4998745,Apache-2.0,spdx_id,MapFuzzyMatch
7292539,BSD-1-Clause,spdx_id,MapFuzzyMatch
4408960,Artistic-1.0,spdx_id,MapFuzzyMatch
4408965,CNRI-Python-GPL-Compatible,spdx_id,MapFuzzyMatch
4081293,CC-BY-4.0,spdx_id,MapFuzzyMatch
7489167,ANTLR-PD,spdx_id,MapFuzzyMatch
1787538,MIT,spdx_id,MapFuzzyMatch
6112914,MIT,spdx_id,MapFuzzyMatch
3491481,LPD-document,spdx_id,MapFuzzyMatch
83610,CC-PDDC,spdx_id,MapFuzzyMatch
7620261,MIT,spdx_id,MapFuzzyMatch
5981863,Artistic-1.0,spdx_id,MapFuzzyMatch
3753641,GPL-1.0,spdx_id,MapFuzzyMatch
804542,ISO-permission,spdx_id,MapFuzzyMatch
804550,MIT,spdx_id,MapFuzzyMatch
4998854,BSD-1-Clause,spdx_id,MapFuzzyMatch
673482,Apache-2.0,spdx_id,MapFuzzyMatch
5981897,MIT,spdx_id,MapFuzzyMatch
18129,GPL-3.0,spdx_id,MapFuzzyMatch
18133,LPD-document,spdx_id,MapFuzzyMatch
2049752,MIT,spdx_id,MapFuzzyMatch
4933351,MIT,spdx_id,MapFuzzyMatch
7620336,LPD-document,spdx_id,MapFuzzyMatch
7030517,MIT,spdx_id,MapFuzzyMatch
7227139,AGPL-3.0,spdx_id,MapFuzzyMatch
214791,MIT,spdx_id,MapFuzzyMatch
2377482,MIT,spdx_id,MapFuzzyMatch
2049806,GPL-3.0,spdx_id,MapFuzzyMatch
3753745,MIT,spdx_id,MapFuzzyMatch
4146964,ANTLR-PD,spdx_id,MapFuzzyMatch
3163925,MIT,spdx_id,MapFuzzyMatch
4933399,MIT,spdx_id,MapFuzzyMatch
1001240,MIT,spdx_id,MapFuzzyMatch
7489310,MIT,spdx_id,MapFuzzyMatch
6965023,MIT,spdx_id,MapFuzzyMatch
1722146,MIT,spdx_id,MapFuzzyMatch
6965029,MIT,spdx_id,MapFuzzyMatch
2180906,BSD-1-Clause,spdx_id,MapFuzzyMatch
280372,LGPL-2.0,spdx_id,MapFuzzyMatch
18233,Apache-2.0,spdx_id,MapFuzzyMatch
7489338,Apache-2.0,spdx_id,MapFuzzyMatch
1001279,Apache-2.0,spdx_id,MapFuzzyMatch
5130059,MIT,spdx_id,MapFuzzyMatch
3753804,BUSL-1.1,spdx_id,MapFuzzyMatch
2574157,MIT,spdx_id,MapFuzzyMatch
2508622,CNRI-Python,spdx_id,MapFuzzyMatch
3819341,MIT,spdx_id,MapFuzzyMatch
2967376,TPL-1.0,spdx_id,MapFuzzyMatch
542547,MIT,spdx_id,MapFuzzyMatch
5064541,ISO-permission,spdx_id,MapFuzzyMatch
2508638,ISO-permission,spdx_id,MapFuzzyMatch
5064554,ISO-permission,spdx_id,MapFuzzyMatch
3884907,Artistic-1.0,spdx_id,MapFuzzyMatch
608111,MIT,spdx_id,MapFuzzyMatch
2312054,MIT,spdx_id,MapFuzzyMatch
804727,MIT,spdx_id,MapFuzzyMatch
6702968,MIT,spdx_id,MapFuzzyMatch
1656701,Apache-2.0,spdx_id,MapFuzzyMatch
3426174,Apache-2.0,spdx_id,MapFuzzyMatch
2639743,MIT,spdx_id,MapFuzzyMatch
6702974,MIT,spdx_id,MapFuzzyMatch
7489409,Apache-2.0,spdx_id,MapFuzzyMatch
6047620,MIT,spdx_id,MapFuzzyMatch
5261192,MIT,spdx_id,MapFuzzyMatch
3884939,MIT,spdx_id,MapFuzzyMatch
83854,BitTorrent-1.0,spdx_id,MapFuzzyMatch
6047634,ISO-permission,spdx_id,MapFuzzyMatch
6637460,BSD-1-Clause,spdx_id,MapFuzzyMatch
804758,MIT,spdx_id,MapFuzzyMatch
4933536,MIT,spdx_id,MapFuzzyMatch
1066919,MIT,spdx_id,MapFuzzyMatch
4933547,MIT,spdx_id,MapFuzzyMatch
4999083,MIT,spdx_id,MapFuzzyMatch
5785515,Apache-2.0,spdx_id,MapFuzzyMatch
2181042,GPL-1.0,spdx_id,MapFuzzyMatch
1001398,BSD-1-Clause,spdx_id,MapFuzzyMatch
1787833,MIT,spdx_id,MapFuzzyMatch
5523390,CC-BY-4.0,spdx_id,MapFuzzyMatch
5720002,MIT,spdx_id,MapFuzzyMatch
1787844,MIT,spdx_id,MapFuzzyMatch
7686084,BSD-1-Clause,spdx_id,MapFuzzyMatch
2312134,Apache-2.0,spdx_id,MapFuzzyMatch
280520,CC-BY-2.5,spdx_id,MapFuzzyMatch
5064647,MIT,spdx_id,MapFuzzyMatch
7489478,CC-BY-NC-SA-2.0-FR,spdx_id,MapFuzzyMatch
4999120,ISO-permission,spdx_id,MapFuzzyMatch
3819474,Apache-1.0,spdx_id,MapFuzzyMatch
804827,AGPL-1.0,spdx_id,MapFuzzyMatch
5392355,MIT,spdx_id,MapFuzzyMatch
5523435,MIT,spdx_id,MapFuzzyMatch
477175,MIT,spdx_id,MapFuzzyMatch
280568,ISO-permission,spdx_id,MapFuzzyMatch
5851128,ISO-permission,spdx_id,MapFuzzyMatch
1984515,MIT,spdx_id,MapFuzzyMatch
5785605,ISO-permission,spdx_id,MapFuzzyMatch
18447,ISO-permission,spdx_id,MapFuzzyMatch
3295250,ISO-permission,spdx_id,MapFuzzyMatch
3819541,MIT,spdx_id,MapFuzzyMatch
2246681,MIT,spdx_id,MapFuzzyMatch
215080,MIT,spdx_id,MapFuzzyMatch
84009,BSD-Advertising-Acknowledgement,spdx_id,MapFuzzyMatch
1853480,BSD-3-Clause,spdx_id,MapExactMatch
346155,ANTLR-PD,spdx_id,MapFuzzyMatch
6309935,MIT,spdx_id,MapFuzzyMatch
542772,MIT,spdx_id,MapFuzzyMatch
7358517,MIT,spdx_id,MapFuzzyMatch
6244406,MIT,spdx_id,MapFuzzyMatch
215095,NIST-Software,spdx_id,MapFuzzyMatch
5785656,MIT,spdx_id,MapFuzzyMatch
5589058,MIT,spdx_id,MapFuzzyMatch
7096394,MIT,spdx_id,MapFuzzyMatch
5720145,MIT,spdx_id,MapFuzzyMatch
411736,Apache-2.0,spdx_id,MapFuzzyMatch
346201,MIT,spdx_id,MapFuzzyMatch
3229785,MIT,spdx_id,MapFuzzyMatch
6375514,MIT,spdx_id,MapFuzzyMatch
2639973,MIT,spdx_id,MapFuzzyMatch
2181222,X11,spdx_id,MapExactMatch
804969,MIT,spdx_id,MapFuzzyMatch
3360876,MIT,spdx_id,MapFuzzyMatch
18548,ISO-permission,spdx_id,MapFuzzyMatch
3360897,BSD-1-Clause,spdx_id,MapFuzzyMatch
411780,MIT,spdx_id,MapFuzzyMatch
6572165,MIT,spdx_id,MapFuzzyMatch
3098764,MIT,spdx_id,MapFuzzyMatch
4540557,MIT,spdx_id,MapFuzzyMatch
3623054,GPL-1.0,spdx_id,MapFuzzyMatch
2705560,MIT,spdx_id,MapFuzzyMatch
5851290,MIT,spdx_id,MapFuzzyMatch
4540574,MIT,spdx_id,MapFuzzyMatch
1067167,MIT-feh,spdx_id,MapFuzzyMatch
4081832,MIT,spdx_id,MapFuzzyMatch
3360939,MIT,spdx_id,MapFuzzyMatch
4540591,MIT,spdx_id,MapFuzzyMatch
2181299,MIT,spdx_id,MapFuzzyMatch
2574517,ISO-permission,spdx_id,MapFuzzyMatch
1394870,LGPL-2.1,spdx_id,MapFuzzyMatch
6310069,MIT,spdx_id,MapFuzzyMatch
673979,LGPL-2.1,spdx_id,MapFuzzyMatch
1788099,MIT,spdx_id,MapFuzzyMatch
1329349,MIT,spdx_id,MapFuzzyMatch
7293126,Apache-1.0,spdx_id,MapFuzzyMatch
805069,MIT,spdx_id,MapFuzzyMatch
2705616,MIT,spdx_id,MapFuzzyMatch
805073,MIT,spdx_id,MapFuzzyMatch
280798,CC-BY-SA-4.0,spdx_id,MapExactID
2181342,MIT,spdx_id,MapFuzzyMatch
2509025,Apache-2.0,spdx_id,MapFuzzyMatch
4540641,copyleft-next-0.3.0,spdx_id,MapFuzzyMatch
5589214,BSD-1-Clause,spdx_id,MapFuzzyMatch
5654753,MIT,spdx_id,MapFuzzyMatch
6047972,OSET-PL-2.1,spdx_id,MapFuzzyMatch
6506719,ISO-permission,spdx_id,MapFuzzyMatch
6441199,ISO-permission,spdx_id,MapFuzzyMatch
870641,MIT,spdx_id,MapFuzzyMatch
1984755,Apache-1.0,spdx_id,MapFuzzyMatch
1722612,BSD-1-Clause,spdx_id,MapFuzzyMatch
7489783,MIT,spdx_id,MapFuzzyMatch
5982459,ISO-permission,spdx_id,MapFuzzyMatch
280831,ISO-permission,spdx_id,MapFuzzyMatch
3098882,Fair,spdx_id,MapFuzzyMatch
2705671,MIT,spdx_id,MapFuzzyMatch
5392648,BSD-1-Clause,spdx_id,MapFuzzyMatch
4147472,MIT,spdx_id,MapFuzzyMatch
5458201,BSD-1-Clause,spdx_id,MapFuzzyMatch
280858,MIT,spdx_id,MapFuzzyMatch
18719,CECILL-B,spdx_id,MapExactID
280867,TGPPL-1.0,spdx_id,MapFuzzyMatch
7555374,CC-BY-4.0,spdx_id,MapFuzzyMatch
3819831,MIT,spdx_id,MapFuzzyMatch
674107,BSD-1-Clause,spdx_id,MapFuzzyMatch
1853766,MIT,spdx_id,MapFuzzyMatch
3819846,MIT,spdx_id,MapFuzzyMatch
2967887,Apache-1.0,spdx_id,MapFuzzyMatch
1395030,MIT,spdx_id,MapFuzzyMatch
608599,Apache-2.0,spdx_id,MapExactMatch
5392729,MIT,spdx_id,MapFuzzyMatch
6637922,MIT,spdx_id,MapFuzzyMatch
805219,MIT,spdx_id,MapFuzzyMatch
6572389,MIT,spdx_id,MapFuzzyMatch
5785963,Apache-2.0,spdx_id,MapFuzzyMatch
6965614,MIT,spdx_id,MapFuzzyMatch
1984879,MIT,spdx_id,MapFuzzyMatch
1329523,MIT,spdx_id,MapFuzzyMatch
4082043,MIT,spdx_id,MapFuzzyMatch
2640268,MIT,spdx_id,MapFuzzyMatch
280973,LGPL-3.0,spdx_id,MapExactID
6441365,MIT,spdx_id,MapFuzzyMatch
1984923,BSD-1-Clause,spdx_id,MapFuzzyMatch
3295643,MIT,spdx_id,MapFuzzyMatch
2967967,GPL-2.0,spdx_id,MapFuzzyMatch
3164576,EUPL-1.2,spdx_id,MapExactMatch
3230135,MIT,spdx_id,MapFuzzyMatch
1329596,copyleft-next-0.3.0,spdx_id,MapFuzzyMatch
7621052,BSD-3-Clause,spdx_id,MapFuzzyMatch
1067458,ISO-permission,spdx_id,MapFuzzyMatch
1919428,MIT,spdx_id,MapFuzzyMatch
5654982,MIT,spdx_id,MapFuzzyMatch
7489995,MIT,spdx_id,MapFuzzyMatch
5261779,Unlicense,spdx_id,MapFuzzyMatch
5982676,MIT,spdx_id,MapFuzzyMatch
674271,MIT,spdx_id,MapFuzzyMatch
6441440,MIT,spdx_id,MapFuzzyMatch
7162337,MIT,spdx_id,MapFuzzyMatch
1853928,OSET-PL-2.1,spdx_id,MapFuzzyMatch
6441448,Apache-1.0,spdx_id,MapFuzzyMatch
5851628,MIT,spdx_id,MapFuzzyMatch
739828,ISO-permission,spdx_id,MapFuzzyMatch
4147703,MIT,spdx_id,MapFuzzyMatch
5261830,Apache-1.0,spdx_id,MapFuzzyMatch
7031305,MIT,spdx_id,MapFuzzyMatch
2116108,MIT,spdx_id,MapFuzzyMatch
84497,BSD-3-Clause,spdx_id,MapFuzzyMatch
5196305,MIT,spdx_id,MapFuzzyMatch
5196310,DOC,spdx_id,MapFuzzyMatch
84509,MIT,spdx_id,MapExactID
6113823,GPL-3.0,spdx_id,MapFuzzyMatch
7096864,CC0-1.0,spdx_id,MapFuzzyMatch
2378274,ISO-permission,spdx_id,MapFuzzyMatch
5327400,IBM-pibs,spdx_id,MapFuzzyMatch
4540970,EPL-1.0,spdx_id,MapFuzzyMatch
2640429,MIT,spdx_id,MapFuzzyMatch
4409909,ISO-permission,spdx_id,MapFuzzyMatch
1067577,MIT,spdx_id,MapFuzzyMatch
4213314,MIT,spdx_id,MapFuzzyMatch
2181699,MIT,spdx_id,MapFuzzyMatch
5065284,CC-BY-NC-ND-1.0,spdx_id,MapFuzzyMatch
84549,MIT,spdx_id,MapFuzzyMatch
281158,MIT,spdx_id,MapFuzzyMatch
3099225,BSD-2-Clause,spdx_id,MapExactID
4409945,MIT,spdx_id,MapFuzzyMatch
674397,MIT,spdx_id,MapFuzzyMatch
674398,MIT,spdx_id,MapFuzzyMatch
477791,GPL-2.0,spdx_id,MapExactID
674400,MIT,spdx_id,MapFuzzyMatch
5327463,ISO-permission,spdx_id,MapFuzzyMatch
5261931,MIT,spdx_id,MapFuzzyMatch
543344,MIT,spdx_id,MapFuzzyMatch
477810,MIT,spdx_id,MapFuzzyMatch
1067638,Apache-2.0,spdx_id,MapExactMatch
6048378,Apache-2.0,spdx_id,MapFuzzyMatch
7096961,MIT,spdx_id,MapFuzzyMatch
7490199,ISO-permission,spdx_id,MapFuzzyMatch
1723035,MIT,spdx_id,MapFuzzyMatch
805532,BitTorrent-1.0,spdx_id,MapFuzzyMatch
6376098,MIT,spdx_id,MapFuzzyMatch
6965929,MIT,spdx_id,MapFuzzyMatch
871083,MIT,spdx_id,MapFuzzyMatch
4016811,MIT,spdx_id,MapFuzzyMatch
84656,ISO-permission,spdx_id,MapFuzzyMatch
4606641,MIT,spdx_id,MapFuzzyMatch
6441651,MIT,spdx_id,MapFuzzyMatch
5720756,MIT,spdx_id,MapFuzzyMatch
2378421,WTFPL,spdx_id,MapExactMatch
5720757,MIT,spdx_id,MapFuzzyMatch
281283,GPL-3.0,spdx_id,MapFuzzyMatch
1657540,ISO-permission,spdx_id,MapFuzzyMatch
5196486,MIT,spdx_id,MapFuzzyMatch
215751,BSD-3-Clause,spdx_id,MapExactID
1657544,ISO-permission,spdx_id,MapFuzzyMatch
412361,MIT,spdx_id,MapFuzzyMatch
6703816,ISO-permission,spdx_id,MapFuzzyMatch
674509,MIT,spdx_id,MapFuzzyMatch
871121,MIT,spdx_id,MapFuzzyMatch
2968279,MPL-1.0,spdx_id,MapFuzzyMatch
7097046,MIT,spdx_id,MapFuzzyMatch
1985241,MIT,spdx_id,MapFuzzyMatch
5196514,MIT,spdx_id,MapFuzzyMatch
2640612,EPL-2.0,spdx_id,MapExactMatch
6441703,MIT,spdx_id,MapFuzzyMatch
2575084,MIT,spdx_id,MapFuzzyMatch
6310638,MIT,spdx_id,MapFuzzyMatch
5196527,MIT,spdx_id,MapFuzzyMatch
4541170,MIT,spdx_id,MapFuzzyMatch
6966003,LGPL-3.0,spdx_id,MapFuzzyMatch
1067769,MIT,spdx_id,MapFuzzyMatch
1985277,GPL-2.0,spdx_id,MapFuzzyMatch
3885821,MIT,spdx_id,MapFuzzyMatch
5458685,Apache-2.0,spdx_id,MapFuzzyMatch
3820293,MIT,spdx_id,MapFuzzyMatch
2968331,MIT,spdx_id,MapFuzzyMatch
6179600,MIT,spdx_id,MapFuzzyMatch
4541212,MIT,spdx_id,MapFuzzyMatch
7228192,MIT,spdx_id,MapFuzzyMatch
674598,Apache-2.0,spdx_id,MapExactMatch
4213543,MIT,spdx_id,MapFuzzyMatch
4606760,CC-BY-SA-2.1-JP,spdx_id,MapFuzzyMatch
4410157,MIT,spdx_id,MapFuzzyMatch
6114095,ISO-permission,spdx_id,MapFuzzyMatch
4475698,MIT,spdx_id,MapFuzzyMatch
4213561,CECILL-1.0,spdx_id,MapFuzzyMatch
805691,ISO-permission,spdx_id,MapFuzzyMatch
3951424,BSD-Source-Code,spdx_id,MapFuzzyMatch
4541250,LGPL-3.0,spdx_id,MapFuzzyMatch
2968388,CC0-1.0,spdx_id,MapFuzzyMatch
871239,MIT,spdx_id,MapFuzzyMatch
6703943,MIT,spdx_id,MapFuzzyMatch
19274,Apache-2.0,spdx_id,MapFuzzyMatch
1854283,PDDL-1.0,spdx_id,MapFuzzyMatch
2509642,MIT,spdx_id,MapFuzzyMatch
412496,MIT,spdx_id,MapFuzzyMatch
5393232,MIT,spdx_id,MapFuzzyMatch
7031635,MIT,spdx_id,MapFuzzyMatch
609108,MIT,spdx_id,MapFuzzyMatch
4541270,MIT,spdx_id,MapFuzzyMatch
412504,AGPL-3.0,spdx_id,MapFuzzyMatch
3165019,MIT,spdx_id,MapFuzzyMatch
3820382,MIT,spdx_id,MapFuzzyMatch
3165024,MIT,spdx_id,MapFuzzyMatch
3296096,MIT,spdx_id,MapFuzzyMatch
4934501,MIT,spdx_id,MapFuzzyMatch
2313062,MIT,spdx_id,MapFuzzyMatch
412519,ISO-permission,spdx_id,MapFuzzyMatch
19305,ISC,spdx_id,MapExactMatch
1919856,Apache-1.1,spdx_id,MapFuzzyMatch
871287,ISO-permission,spdx_id,MapFuzzyMatch
871288,MIT,spdx_id,MapFuzzyMatch
871289,ISO-permission,spdx_id,MapFuzzyMatch
4606843,MIT,spdx_id,MapFuzzyMatch
4934526,Apache-2.0,spdx_id,MapFuzzyMatch
674690,MIT,spdx_id,MapFuzzyMatch
19331,MIT,spdx_id,MapExactMatch
4475780,Apache-2.0,spdx_id,MapFuzzyMatch
4541321,MIT,spdx_id,MapFuzzyMatch
4475792,BSD-3-Clause,spdx_id,MapFuzzyMatch
2509718,MIT,spdx_id,MapFuzzyMatch
2509720,MIT,spdx_id,MapFuzzyMatch
543645,MIT,spdx_id,MapFuzzyMatch
5786531,MIT,spdx_id,MapFuzzyMatch
281508,MIT,spdx_id,MapFuzzyMatch
5000107,ISO-permission,spdx_id,MapFuzzyMatch
2640812,QPL-1.0,spdx_id,MapFuzzyMatch
2509741,copyleft-next-0.3.0,spdx_id,MapFuzzyMatch
5852078,GPL-3.0,spdx_id,MapFuzzyMatch
1657777,MIT,spdx_id,MapFuzzyMatch
3165105,MIT,spdx_id,MapFuzzyMatch
3427258,LGPL-2.1,spdx_id,MapFuzzyMatch
1067965,AGPL-1.0,spdx_id,MapFuzzyMatch
7031740,MIT,spdx_id,MapFuzzyMatch
5852101,BSD-1-Clause,spdx_id,MapFuzzyMatch
5655495,AGPL-1.0,spdx_id,MapFuzzyMatch
5393364,MIT,spdx_id,MapFuzzyMatch
674783,Apache-2.0,spdx_id,MapFuzzyMatch
7293921,AGPL-1.0,spdx_id,MapFuzzyMatch
216037,MIT,spdx_id,MapFuzzyMatch
6507500,MIT,spdx_id,MapFuzzyMatch
5393391,MIT,spdx_id,MapFuzzyMatch
347123,BSD-1-Clause,spdx_id,MapFuzzyMatch
3820538,MIT,spdx_id,MapFuzzyMatch
871425,ISO-permission,spdx_id,MapFuzzyMatch
7097348,MIT,spdx_id,MapFuzzyMatch
1985546,MIT,spdx_id,MapFuzzyMatch
5393421,MIT,spdx_id,MapFuzzyMatch
674831,Apache-2.0,spdx_id,MapFuzzyMatch
5917714,MIT,spdx_id,MapFuzzyMatch
674838,GPL-1.0,spdx_id,MapFuzzyMatch
3820568,MIT,spdx_id,MapFuzzyMatch
412698,CC-BY-4.0,spdx_id,MapFuzzyMatch
2116637,MIT,spdx_id,MapFuzzyMatch
5852190,MIT,spdx_id,MapFuzzyMatch
5458976,MIT,spdx_id,MapFuzzyMatch
4541473,AFL-2.0,spdx_id,MapFuzzyMatch
7621673,Apache-2.0,spdx_id,MapFuzzyMatch
2378801,ISO-permission,spdx_id,MapFuzzyMatch
5065780,MIT,spdx_id,MapFuzzyMatch
7556152,MIT,spdx_id,MapFuzzyMatch
3296319,GPL-1.0,spdx_id,MapFuzzyMatch
6638657,MIT,spdx_id,MapFuzzyMatch
7097415,MIT,spdx_id,MapFuzzyMatch
3427404,MIT,spdx_id,MapFuzzyMatch
3099731,MIT,spdx_id,MapFuzzyMatch
5917792,PSF-2.0,spdx_id,MapFuzzyMatch
543846,Fair,spdx_id,MapFuzzyMatch
5000294,MIT,spdx_id,MapFuzzyMatch
5590123,BSD-1-Clause,spdx_id,MapFuzzyMatch
3427440,MIT,spdx_id,MapFuzzyMatch
85105,MIT,spdx_id,MapFuzzyMatch
7621748,ISO-permission,spdx_id,MapFuzzyMatch
3296374,BSD-1-Clause,spdx_id,MapFuzzyMatch
4213880,MIT,spdx_id,MapFuzzyMatch
2116730,MIT,spdx_id,MapFuzzyMatch
5000320,MIT,spdx_id,MapFuzzyMatch
3230854,MIT,spdx_id,MapFuzzyMatch
6442128,MIT,spdx_id,MapFuzzyMatch
3951761,ISO-permission,spdx_id,MapFuzzyMatch
1068179,MIT,spdx_id,MapFuzzyMatch
19604,D-FSL-1.0,spdx_id,MapFuzzyMatch
4869267,AGPL-3.0,spdx_id,MapFuzzyMatch
2247831,MIT,spdx_id,MapFuzzyMatch
6704282,MIT,spdx_id,MapFuzzyMatch
3296411,MIT,spdx_id,MapFuzzyMatch
5393565,BSD-1-Clause,spdx_id,MapFuzzyMatch
2706590,MIT,spdx_id,MapFuzzyMatch
3427493,copyleft-next-0.3.0,spdx_id,MapFuzzyMatch
478374,MIT,spdx_id,MapFuzzyMatch
4476070,MIT,spdx_id,MapFuzzyMatch
2641073,MIT,spdx_id,MapFuzzyMatch
85180,MIT,spdx_id,MapFuzzyMatch
2116797,GPL-1.0,spdx_id,MapFuzzyMatch
6573244,MIT,spdx_id,MapFuzzyMatch
478404,BSD-1-Clause,spdx_id,MapFuzzyMatch
1133771,MIT,spdx_id,MapFuzzyMatch
4869332,MIT,spdx_id,MapFuzzyMatch
85205,MIT,spdx_id,MapFuzzyMatch
5655766,MIT,spdx_id,MapFuzzyMatch
5590235,ISO-permission,spdx_id,MapFuzzyMatch
412892,BUSL-1.1,spdx_id,MapFuzzyMatch
740574,BSD-1-Clause,spdx_id,MapFuzzyMatch
1723618,copyleft-next-0.3.0,spdx_id,MapFuzzyMatch
6442210,CECILL-1.1,spdx_id,MapFuzzyMatch
5131492,MIT,spdx_id,MapFuzzyMatch
1723622,Apache-1.0,spdx_id,MapFuzzyMatch
7228653,MIT,spdx_id,MapFuzzyMatch
3230967,MIT,spdx_id,MapFuzzyMatch
5131513,BSD-1-Clause,spdx_id,MapFuzzyMatch
7097596,MIT,spdx_id,MapFuzzyMatch
5590285,ISO-permission,spdx_id,MapFuzzyMatch
1920278,CPL-1.0,spdx_id,MapExactMatch
3165466,MIT,spdx_id,MapFuzzyMatch
5131560,GPL-3.0,spdx_id,MapFuzzyMatch
2706729,MIT,spdx_id,MapFuzzyMatch
6180136,MIT,spdx_id,MapFuzzyMatch
2247980,MIT,spdx_id,MapFuzzyMatch
1658157,MIT,spdx_id,MapFuzzyMatch
6049073,LGPL-2.0,spdx_id,MapExactID
7032114,MIT,spdx_id,MapFuzzyMatch
5852471,copyleft-next-0.3.0,spdx_id,MapFuzzyMatch
5066042,MIT,spdx_id,MapFuzzyMatch
5786941,MIT,spdx_id,MapFuzzyMatch
5852477,MIT,spdx_id,MapFuzzyMatch
281925,HPND,spdx_id,MapExactID
5918021,MIT,spdx_id,MapFuzzyMatch
3755346,MIT,spdx_id,MapFuzzyMatch
7032157,BSD-1-Clause,spdx_id,MapFuzzyMatch
3820896,MIT,spdx_id,MapFuzzyMatch
5262688,Fair,spdx_id,MapFuzzyMatch
1985891,BSD-3-Clause,spdx_id,MapFuzzyMatch
7687527,MIT,spdx_id,MapFuzzyMatch
5393768,EUPL-1.1,spdx_id,MapFuzzyMatch
7359850,MIT,spdx_id,MapFuzzyMatch
2706797,copyleft-next-0.3.0,spdx_id,MapFuzzyMatch
2444656,MIT,spdx_id,MapFuzzyMatch
4017521,MIT,spdx_id,MapFuzzyMatch
5393788,ISO-permission,spdx_id,MapFuzzyMatch
2248068,Apache-2.0,spdx_id,MapFuzzyMatch
2248074,CC-BY-NC-SA-1.0,spdx_id,MapFuzzyMatch
2248076,MIT,spdx_id,MapFuzzyMatch
2575759,EUPL-1.2,spdx_id,MapFuzzyMatch
1854864,GPL-1.0,spdx_id,MapFuzzyMatch
1723807,BSD-1-Clause,spdx_id,MapFuzzyMatch
3820961,MIT,spdx_id,MapFuzzyMatch
7097764,MIT,spdx_id,MapFuzzyMatch
282022,SMLNJ,spdx_id,MapFuzzyMatch
2772392,BSD-1-Clause,spdx_id,MapFuzzyMatch
3820968,Apache-1.0,spdx_id,MapFuzzyMatch
2117034,BSD-1-Clause,spdx_id,MapFuzzyMatch
5787049,MIT,spdx_id,MapFuzzyMatch
6639016,Apache-2.0,spdx_id,MapFuzzyMatch
1723824,OSET-PL-2.1,spdx_id,MapFuzzyMatch
2969011,MIT,spdx_id,MapFuzzyMatch
3952052,MIT,spdx_id,MapFuzzyMatch
5721525,ISO-permission,spdx_id,MapFuzzyMatch
85431,CC-BY-4.0,spdx_id,MapFuzzyMatch
7687604,MIT,spdx_id,MapFuzzyMatch
19904,MulanPSL-1.0,spdx_id,MapFuzzyMatch
5262785,GPL-1.0,spdx_id,MapFuzzyMatch
740808,copyleft-next-0.3.0,spdx_id,MapFuzzyMatch
5000650,MIT,spdx_id,MapFuzzyMatch
6639051,ISO-permission,spdx_id,MapFuzzyMatch
3493325,MIT,spdx_id,MapFuzzyMatch
347598,AGPL-1.0,spdx_id,MapFuzzyMatch
5393869,MIT,spdx_id,MapFuzzyMatch
7032277,LGPL-3.0,spdx_id,MapFuzzyMatch
413145,MIT,spdx_id,MapFuzzyMatch
6180317,ISO-permission,spdx_id,MapFuzzyMatch
5262814,GPL-1.0,spdx_id,MapFuzzyMatch
1396193,ANTLR-PD,spdx_id,MapFuzzyMatch
5262819,AGPL-1.0,spdx_id,MapFuzzyMatch
5262832,Apache-1.0,spdx_id,MapFuzzyMatch
3427827,MIT,spdx_id,MapFuzzyMatch
2969088,MIT,spdx_id,MapFuzzyMatch
4935169,Apache-1.1,spdx_id,MapFuzzyMatch
1986054,BSD-3-Clause-No-Nuclear-License,spdx_id,MapFuzzyMatch
5590537,ANTLR-PD,spdx_id,MapFuzzyMatch
3296779,MIT,spdx_id,MapFuzzyMatch
1854989,Apache-1.0,spdx_id,MapFuzzyMatch
2772496,MIT,spdx_id,MapFuzzyMatch
2182680,MIT,spdx_id,MapFuzzyMatch
4869656,MIT,spdx_id,MapFuzzyMatch
4476466,BSD-3-Clause-No-Nuclear-License,spdx_id,MapFuzzyMatch
1396280,GPL-1.0,spdx_id,MapFuzzyMatch
4476473,W3C-20150513,spdx_id,MapFuzzyMatch
282171,ISO-permission,spdx_id,MapFuzzyMatch
3231297,MIT,spdx_id,MapFuzzyMatch
4869697,MIT,spdx_id,MapFuzzyMatch
3100231,0BSD,spdx_id,MapFuzzyMatch
6180429,LGPL-3.0,spdx_id,MapFuzzyMatch
4869710,MIT,spdx_id,MapFuzzyMatch
2444881,MIT,spdx_id,MapFuzzyMatch
4542035,MIT,spdx_id,MapFuzzyMatch
740952,MIT,spdx_id,MapFuzzyMatch
5918302,GPL-3.0,spdx_id,MapFuzzyMatch
6508131,GPL-3.0,spdx_id,MapFuzzyMatch
6442601,MIT,spdx_id,MapFuzzyMatch
2182762,MIT,spdx_id,MapFuzzyMatch
1068651,Apache-2.0,spdx_id,MapFuzzyMatch
3100268,MIT,spdx_id,MapFuzzyMatch
1134190,MIT,spdx_id,MapFuzzyMatch
2248319,MIT,spdx_id,MapFuzzyMatch
2182784,Apache-1.1,spdx_id,MapFuzzyMatch
1068674,Apache-2.0,spdx_id,MapFuzzyMatch
544411,Apache-1.0,spdx_id,MapFuzzyMatch
1658523,LGPL-2.0,spdx_id,MapExactID
4017819,MIT,spdx_id,MapFuzzyMatch
3952286,MIT,spdx_id,MapFuzzyMatch
4935324,Apache-2.0,spdx_id,MapExactID
2313889,MIT,spdx_id,MapFuzzyMatch
3886754,MIT,spdx_id,MapFuzzyMatch
3100323,Apache-2.0,spdx_id,MapFuzzyMatch
3493540,BSD-1-Clause,spdx_id,MapFuzzyMatch
4017828,MIT,spdx_id,MapFuzzyMatch
2707111,MIT,spdx_id,MapFuzzyMatch
6573744,MIT,spdx_id,MapFuzzyMatch
3100337,MIT,spdx_id,MapFuzzyMatch
3165874,BSD-3-Clause,spdx_id,MapFuzzyMatch
3100343,MIT,spdx_id,MapFuzzyMatch
1789624,Apache-2.0,spdx_id,MapFuzzyMatch
347836,AGPL-3.0,spdx_id,MapFuzzyMatch
5066431,ISO-permission,spdx_id,MapFuzzyMatch
2969284,ISO-permission,spdx_id,MapFuzzyMatch
5066455,MIT,spdx_id,MapFuzzyMatch
6311643,MIT,spdx_id,MapFuzzyMatch
3231455,ISO-permission,spdx_id,MapFuzzyMatch
5983967,MIT,spdx_id,MapFuzzyMatch
544485,EUPL-1.0,spdx_id,MapFuzzyMatch
20210,ISO-permission,spdx_id,MapFuzzyMatch
20213,copyleft-next-0.3.0,spdx_id,MapFuzzyMatch
741110,MIT,spdx_id,MapFuzzyMatch
282357,ISC,spdx_id,MapExactMatch
3428085,ISO-permission,spdx_id,MapFuzzyMatch
3755768,MIT,spdx_id,MapFuzzyMatch
478977,BSD-3-Clause,spdx_id,MapExactID
6639366,MIT,spdx_id,MapFuzzyMatch
6639367,MIT,spdx_id,MapFuzzyMatch
872210,0BSD,spdx_id,MapFuzzyMatch
5066514,ISO-permission,spdx_id,MapFuzzyMatch
1920803,GPL-1.0,spdx_id,MapFuzzyMatch
3231533,ISO-permission,spdx_id,MapFuzzyMatch
7360307,Apache-1.0,spdx_id,MapFuzzyMatch
3952441,Fair,spdx_id,MapFuzzyMatch
7294789,MIT,spdx_id,MapFuzzyMatch
3428170,MIT,spdx_id,MapFuzzyMatch
741195,CC-BY-4.0,spdx_id,MapFuzzyMatch
1920843,MIT,spdx_id,MapFuzzyMatch
6115148,ISC,spdx_id,MapFuzzyMatch
7622475,BSD-1-Clause,spdx_id,MapFuzzyMatch
2510674,Apache-1.0,spdx_id,MapFuzzyMatch
5197650,MIT,spdx_id,MapFuzzyMatch
6180696,ISO-permission,spdx_id,MapFuzzyMatch
2248545,ANTLR-PD,spdx_id,MapFuzzyMatch
3886946,MIT,spdx_id,MapFuzzyMatch
20323,ISO-permission,spdx_id,MapFuzzyMatch
3428199,MIT,spdx_id,MapFuzzyMatch
6573927,ISO-permission,spdx_id,MapFuzzyMatch
872301,ISO-permission,spdx_id,MapFuzzyMatch
5721969,MIT,spdx_id,MapFuzzyMatch
741236,MIT,spdx_id,MapFuzzyMatch
2510708,BSD-3-Clause,spdx_id,MapFuzzyMatch
1920886,MIT,spdx_id,MapFuzzyMatch
741241,MIT,spdx_id,MapFuzzyMatch
348029,MIT,spdx_id,MapFuzzyMatch
6573962,ANTLR-PD,spdx_id,MapFuzzyMatch
7294875,GPL-2.0,spdx_id,MapFuzzyMatch
1068959,MIT,spdx_id,MapFuzzyMatch
2707360,GPL-3.0,spdx_id,MapFuzzyMatch
5590945,MIT,spdx_id,MapFuzzyMatch
5853089,MIT,spdx_id,MapFuzzyMatch
4018089,MIT,spdx_id,MapFuzzyMatch
872362,MIT,spdx_id,MapFuzzyMatch
1920948,MIT,spdx_id,MapFuzzyMatch
3035062,MIT,spdx_id,MapFuzzyMatch
3166136,BSD-1-Clause,spdx_id,MapFuzzyMatch
5525460,ISO-permission,spdx_id,MapFuzzyMatch
675797,BUSL-1.1,spdx_id,MapFuzzyMatch
2641877,MIT,spdx_id,MapFuzzyMatch
2183127,BSD-2-Clause,spdx_id,MapFuzzyMatch
5853146,ISO-permission,spdx_id,MapFuzzyMatch
5263323,MIT,spdx_id,MapFuzzyMatch
6180826,copyleft-next-0.3.0,spdx_id,MapFuzzyMatch
2510818,MIT,spdx_id,MapFuzzyMatch
4018146,MIT,spdx_id,MapFuzzyMatch
413670,MIT,spdx_id,MapFuzzyMatch
2510822,MIT,spdx_id,MapFuzzyMatch
1658860,MIT,spdx_id,MapFuzzyMatch
4542445,MIT,spdx_id,MapFuzzyMatch
675827,ISO-permission,spdx_id,MapFuzzyMatch
86006,MIT,spdx_id,MapFuzzyMatch
675830,MIT,spdx_id,MapFuzzyMatch
5132284,MIT,spdx_id,MapFuzzyMatch
1069058,ISO-permission,spdx_id,MapFuzzyMatch
1855491,MIT,spdx_id,MapExactMatch
20504,GPL-3.0,spdx_id,MapFuzzyMatch
3231770,MIT,spdx_id,MapFuzzyMatch
6639644,MIT,spdx_id,MapFuzzyMatch
7491619,Apache-1.0,spdx_id,MapFuzzyMatch
1396789,QPL-1.0,spdx_id,MapFuzzyMatch
7557180,MIT,spdx_id,MapFuzzyMatch
741444,MIT,spdx_id,MapFuzzyMatch
4476998,ISO-permission,spdx_id,MapFuzzyMatch
3428424,MIT,spdx_id,MapFuzzyMatch
3887176,DOC,spdx_id,MapFuzzyMatch
5853261,MIT,spdx_id,MapFuzzyMatch
2248783,ISO-permission,spdx_id,MapFuzzyMatch
5001300,MIT,spdx_id,MapFuzzyMatch
675926,BUSL-1.1,spdx_id,MapFuzzyMatch
3952726,MIT,spdx_id,MapFuzzyMatch
3493976,MIT,spdx_id,MapFuzzyMatch
6443095,MIT,spdx_id,MapFuzzyMatch
2314339,OLFL-1.3,spdx_id,MapFuzzyMatch
5197934,MIT,spdx_id,MapFuzzyMatch
4542581,Beerware,spdx_id,MapFuzzyMatch
5001336,MIT,spdx_id,MapFuzzyMatch
282747,ISO-permission,spdx_id,MapFuzzyMatch
282749,ISO-permission,spdx_id,MapFuzzyMatch
282750,ISO-permission,spdx_id,MapFuzzyMatch
5525632,ISO-permission,spdx_id,MapFuzzyMatch
1855621,Apache-2.0,spdx_id,MapFuzzyMatch
6574219,CECILL-1.1,spdx_id,MapFuzzyMatch
2642060,BSD-1-Clause,spdx_id,MapFuzzyMatch
7229583,MIT,spdx_id,MapFuzzyMatch
3035286,BSD-Source-Code,spdx_id,MapFuzzyMatch
7295128,MIT,spdx_id,MapFuzzyMatch
7295131,MIT,spdx_id,MapFuzzyMatch
741534,MIT,spdx_id,MapFuzzyMatch
741535,MIT,spdx_id,MapFuzzyMatch
2576544,Apache-2.0,spdx_id,MapFuzzyMatch
7032992,copyleft-next-0.3.0,spdx_id,MapFuzzyMatch
7295135,MIT,spdx_id,MapFuzzyMatch
479407,Apache-1.0,spdx_id,MapFuzzyMatch
5656751,Apache-1.0,spdx_id,MapFuzzyMatch
6574265,MIT,spdx_id,MapFuzzyMatch
2707643,MIT,spdx_id,MapFuzzyMatch
5787837,MIT,spdx_id,MapFuzzyMatch
7098569,AGPL-1.0,spdx_id,MapFuzzyMatch
2117836,Apache-2.0,spdx_id,MapFuzzyMatch
151758,GPL-1.0,spdx_id,MapFuzzyMatch
676046,Apache-1.0,spdx_id,MapFuzzyMatch
6377679,MIT,spdx_id,MapFuzzyMatch
6377684,MIT,spdx_id,MapFuzzyMatch
4935896,ISO-permission,spdx_id,MapFuzzyMatch
4411610,ANTLR-PD,spdx_id,MapFuzzyMatch
3821792,OLDAP-2.8,spdx_id,MapExactID
6508770,MIT,spdx_id,MapFuzzyMatch
5787880,MIT,spdx_id,MapFuzzyMatch
4083945,MIT,spdx_id,MapFuzzyMatch
807147,MIT,spdx_id,MapFuzzyMatch
1593580,MIT,spdx_id,MapFuzzyMatch
1790187,Apache-1.0,spdx_id,MapFuzzyMatch
7295214,MIT,spdx_id,MapFuzzyMatch
1593587,MIT,spdx_id,MapFuzzyMatch
5722357,MIT,spdx_id,MapFuzzyMatch
6574327,MIT,spdx_id,MapFuzzyMatch
348413,Apache-1.0,spdx_id,MapFuzzyMatch
3625216,QPL-1.0,spdx_id,MapFuzzyMatch
5132545,MIT,spdx_id,MapFuzzyMatch
5263625,MIT,spdx_id,MapFuzzyMatch
5525769,MIT,spdx_id,MapFuzzyMatch
86286,MIT,spdx_id,MapFuzzyMatch
5722382,MIT,spdx_id,MapFuzzyMatch
5394714,MIT,spdx_id,MapFuzzyMatch
1069340,MIT,spdx_id,MapFuzzyMatch
7491871,MIT,spdx_id,MapFuzzyMatch
7426337,BSD-3-Clause,spdx_id,MapFuzzyMatch
807202,MIT,spdx_id,MapFuzzyMatch
6705448,MIT,spdx_id,MapFuzzyMatch
5525801,MIT,spdx_id,MapFuzzyMatch
151850,MIT,spdx_id,MapFuzzyMatch
86325,LGPL-2.1,spdx_id,MapFuzzyMatch
3363137,NIST-Software,spdx_id,MapFuzzyMatch
5591363,MIT,spdx_id,MapFuzzyMatch
2183499,MIT,spdx_id,MapFuzzyMatch
3363150,MIT,spdx_id,MapFuzzyMatch
1069392,CNRI-Python-GPL-Compatible,spdx_id,MapFuzzyMatch
5853545,MIT,spdx_id,MapFuzzyMatch
86379,Unlicense,spdx_id,MapFuzzyMatch
7098732,MIT,spdx_id,MapFuzzyMatch
6443373,MIT,spdx_id,MapFuzzyMatch
807278,MIT,spdx_id,MapFuzzyMatch
2838894,wxWindows,spdx_id,MapFuzzyMatch
20854,Apache-2.0,spdx_id,MapExactMatch
283000,MIT,spdx_id,MapFuzzyMatch
1921401,LGPL-2.1,spdx_id,MapFuzzyMatch
151930,TTWL,spdx_id,MapFuzzyMatch
1790330,MIT,spdx_id,MapFuzzyMatch
2445690,BSD-1-Clause,spdx_id,MapFuzzyMatch
5919100,ISO-permission,spdx_id,MapFuzzyMatch
6967679,BSD-1-Clause,spdx_id,MapFuzzyMatch
6705536,MIT,spdx_id,MapFuzzyMatch
3756416,MIT,spdx_id,MapFuzzyMatch
3363202,BSD-1-Clause,spdx_id,MapFuzzyMatch
4149634,MIT,spdx_id,MapFuzzyMatch
5394821,MIT,spdx_id,MapFuzzyMatch
2773387,Apache-1.0,spdx_id,MapFuzzyMatch
4542860,MIT,spdx_id,MapFuzzyMatch
3494300,MIT,spdx_id,MapFuzzyMatch
348575,ISO-permission,spdx_id,MapFuzzyMatch
7295404,ANTLR-PD,spdx_id,MapFuzzyMatch
2642357,MIT,spdx_id,MapFuzzyMatch
6640055,MIT,spdx_id,MapFuzzyMatch
20920,EUPL-1.0,spdx_id,MapFuzzyMatch
6967738,MIT,spdx_id,MapFuzzyMatch
1659325,MIT,spdx_id,MapFuzzyMatch
3101126,Apache-2.0,spdx_id,MapFuzzyMatch
3887561,BSD-1-Clause,spdx_id,MapFuzzyMatch
2052556,MIT,spdx_id,MapFuzzyMatch
7557581,Apache-2.0,spdx_id,MapFuzzyMatch
1659346,MIT,spdx_id,MapFuzzyMatch
6377942,ISO-permission,spdx_id,MapFuzzyMatch
2707930,MIT,spdx_id,MapFuzzyMatch
4608476,MIT,spdx_id,MapFuzzyMatch
5460446,MIT,spdx_id,MapFuzzyMatch
872927,MIT,spdx_id,MapFuzzyMatch
6050271,MIT,spdx_id,MapFuzzyMatch
3297765,MIT,spdx_id,MapFuzzyMatch
5591527,OCLC-2.0,spdx_id,MapExactMatch
3494378,MIT,spdx_id,MapFuzzyMatch
807408,MIT,spdx_id,MapFuzzyMatch
4215286,BSD-1-Clause,spdx_id,MapFuzzyMatch
2576889,MIT,spdx_id,MapFuzzyMatch
676357,MIT,spdx_id,MapFuzzyMatch
7098895,BUSL-1.1,spdx_id,MapFuzzyMatch
7623184,MIT,spdx_id,MapFuzzyMatch
676377,MIT,spdx_id,MapFuzzyMatch
3363354,MIT,spdx_id,MapFuzzyMatch
1987100,MIT,spdx_id,MapFuzzyMatch
7033383,WTFPL,spdx_id,MapFuzzyMatch
3232300,MIT,spdx_id,MapFuzzyMatch
5853742,MIT,spdx_id,MapFuzzyMatch
4477488,MIT,spdx_id,MapFuzzyMatch
5526065,MIT,spdx_id,MapFuzzyMatch
4608562,MIT,spdx_id,MapFuzzyMatch
7426612,3D-Slicer-1.0,spdx_id,MapFuzzyMatch
3232311,MIT,spdx_id,MapFuzzyMatch
1724986,ISO-permission,spdx_id,MapFuzzyMatch
6050362,GPL-1.0,spdx_id,MapFuzzyMatch
5591613,Apache-2.0,spdx_id,MapFuzzyMatch
6115909,MIT,spdx_id,MapFuzzyMatch
610887,MIT,spdx_id,MapFuzzyMatch
4477512,MIT,spdx_id,MapFuzzyMatch
3428937,OGL-UK-3.0,spdx_id,MapFuzzyMatch
4936267,MIT,spdx_id,MapFuzzyMatch
414286,Artistic-1.0,spdx_id,MapFuzzyMatch
5788238,MIT,spdx_id,MapFuzzyMatch
5198421,Artistic-1.0,spdx_id,MapFuzzyMatch
7295574,Apache-2.0,spdx_id,MapFuzzyMatch
5526103,MIT,spdx_id,MapFuzzyMatch
741977,BSD-1-Clause,spdx_id,MapFuzzyMatch
2970202,ISO-permission,spdx_id,MapFuzzyMatch
2839131,CC-BY-SA,license_family,MapLicenseFamily
6312544,MIT,spdx_id,MapFuzzyMatch
4608609,Fair,spdx_id,MapFuzzyMatch
807525,MIT,spdx_id,MapFuzzyMatch
348774,MIT,spdx_id,MapFuzzyMatch
1069669,MIT,spdx_id,MapFuzzyMatch
2839142,MIT,spdx_id,MapFuzzyMatch
4608617,Fair,spdx_id,MapFuzzyMatch
7230057,MIT,spdx_id,MapFuzzyMatch
2511467,ANTLR-PD,spdx_id,MapFuzzyMatch
1397359,BSD-3-Clause-No-Nuclear-License,spdx_id,MapFuzzyMatch
5591665,MIT,spdx_id,MapFuzzyMatch
6050419,MIT,spdx_id,MapFuzzyMatch
4608628,Fair,spdx_id,MapFuzzyMatch
414333,MIT,spdx_id,MapFuzzyMatch
4215424,MIT,spdx_id,MapFuzzyMatch
6312578,BSD-1-Clause,spdx_id,MapFuzzyMatch
4543108,Apache-1.0,spdx_id,MapFuzzyMatch
5001860,MIT,spdx_id,MapFuzzyMatch
873104,MIT,spdx_id,MapFuzzyMatch
4936342,ISO-permission,spdx_id,MapFuzzyMatch
1397399,MIT,spdx_id,MapFuzzyMatch
3166872,Apache-1.0,spdx_id,MapFuzzyMatch
4215447,MIT,spdx_id,MapFuzzyMatch
479899,GPL-1.0,spdx_id,MapFuzzyMatch
3953316,ISO-permission,spdx_id,MapFuzzyMatch
5395109,MIT,spdx_id,MapFuzzyMatch
7230119,MIT,spdx_id,MapFuzzyMatch
6574760,MIT,spdx_id,MapFuzzyMatch
5264047,MIT,spdx_id,MapFuzzyMatch
7426739,MIT,spdx_id,MapFuzzyMatch
4870846,Apache-1.0,spdx_id,MapFuzzyMatch
4215490,MIT,spdx_id,MapFuzzyMatch
2773700,BSD-2-Clause,spdx_id,MapFuzzyMatch
152262,MIT,spdx_id,MapFuzzyMatch
4608710,Fair,spdx_id,MapFuzzyMatch
1397449,MIT,spdx_id,MapFuzzyMatch
7295690,MIT,spdx_id,MapFuzzyMatch
7099083,MIT,spdx_id,MapFuzzyMatch
2183886,MIT,spdx_id,MapFuzzyMatch
2970326,ISO-permission,spdx_id,MapFuzzyMatch
6640344,CC-BY-NC-ND-2.0,spdx_id,MapExactMatch
3363545,MIT,spdx_id,MapFuzzyMatch
2118372,ISO-permission,spdx_id,MapFuzzyMatch
21222,MIT,spdx_id,MapFuzzyMatch
2970351,ISO-permission,spdx_id,MapFuzzyMatch
152304,MIT,spdx_id,MapFuzzyMatch
7426806,BSD-1-Clause,spdx_id,MapFuzzyMatch
2315002,MIT,spdx_id,MapFuzzyMatch
2577148,MIT,spdx_id,MapFuzzyMatch
2773756,ISO-permission,spdx_id,MapFuzzyMatch
6378236,MIT,spdx_id,MapFuzzyMatch
4412161,MIT,spdx_id,MapFuzzyMatch
6968074,ISO-permission,spdx_id,MapFuzzyMatch
7164686,MIT,spdx_id,MapFuzzyMatch
3756816,NLPL,spdx_id,MapFuzzyMatch
3232534,MIT,spdx_id,MapFuzzyMatch
4018970,MIT,spdx_id,MapFuzzyMatch
1921822,MIT,spdx_id,MapFuzzyMatch
6181662,MIT,spdx_id,MapFuzzyMatch
2118436,MIT,spdx_id,MapFuzzyMatch
217901,GPL-3.0,spdx_id,MapFuzzyMatch
348975,MIT,spdx_id,MapFuzzyMatch
4870960,MIT,spdx_id,MapFuzzyMatch
2249521,ISO-permission,spdx_id,MapFuzzyMatch
6640433,MIT,spdx_id,MapFuzzyMatch
1921843,Python-2.0,spdx_id,MapFuzzyMatch
3232563,MIT,spdx_id,MapFuzzyMatch
7623475,ISO-permission,spdx_id,MapFuzzyMatch
21302,FreeBSD-DOC,spdx_id,MapFuzzyMatch
1069881,MIT,spdx_id,MapFuzzyMatch
3494718,BSD-1-Clause,spdx_id,MapFuzzyMatch
1397568,MIT,spdx_id,MapFuzzyMatch
676675,GPL-3.0,spdx_id,MapFuzzyMatch
348997,BSD-1-Clause,spdx_id,MapFuzzyMatch
4084550,MIT,spdx_id,MapFuzzyMatch
5788493,MIT,spdx_id,MapFuzzyMatch
676686,MIT,spdx_id,MapFuzzyMatch
6443854,CC-BY-4.0,spdx_id,MapFuzzyMatch
4936531,MIT,spdx_id,MapFuzzyMatch
676693,MIT,spdx_id,MapExactMatch
3822424,ISO-permission,spdx_id,MapFuzzyMatch
4871001,NIST-Software,spdx_id,MapFuzzyMatch
2052957,CECILL-B,spdx_id,MapFuzzyMatch
86878,AGPL-3.0,spdx_id,MapFuzzyMatch
3953523,GPL-3.0,spdx_id,MapFuzzyMatch
2249591,MIT,spdx_id,MapFuzzyMatch
3101560,ISO-permission,spdx_id,MapFuzzyMatch
6968186,MIT,spdx_id,MapFuzzyMatch
4150139,copyleft-next-0.3.0,spdx_id,MapFuzzyMatch
5460859,MIT,spdx_id,MapFuzzyMatch
7492475,Apache-1.0,spdx_id,MapFuzzyMatch
2642818,MIT,spdx_id,MapFuzzyMatch
4936579,ISO-permission,spdx_id,MapFuzzyMatch
742277,ISO-permission,spdx_id,MapFuzzyMatch
1594251,MIT,spdx_id,MapFuzzyMatch
4412303,MIT,spdx_id,MapFuzzyMatch
6312853,BSD-3-Clause,spdx_id,MapFuzzyMatch
7164823,MIT,spdx_id,MapFuzzyMatch
283544,GPL-2.0-only,spdx_id,MapExactID
6312857,MIT,spdx_id,MapFuzzyMatch
6640537,Apache-1.0,spdx_id,MapFuzzyMatch
3822503,ISO-permission,spdx_id,MapFuzzyMatch
1594282,Apache-1.0,spdx_id,MapFuzzyMatch
4871085,MIT,spdx_id,MapFuzzyMatch
2118584,MIT,spdx_id,MapFuzzyMatch
2118591,MIT,spdx_id,MapFuzzyMatch
2577344,MIT,spdx_id,MapFuzzyMatch
2839491,ISO-permission,spdx_id,MapFuzzyMatch
1790921,ISO-permission,spdx_id,MapFuzzyMatch
283601,GPL-2.0,spdx_id,MapFuzzyMatch
6443992,ISO-permission,spdx_id,MapFuzzyMatch
21468,Unlicense,spdx_id,MapFuzzyMatch
4084703,MIT,spdx_id,MapFuzzyMatch
7230431,ISO-permission,spdx_id,MapFuzzyMatch
2446308,LGPL-2.1,spdx_id,MapFuzzyMatch
7492586,MIT,spdx_id,MapFuzzyMatch
3953648,ISO-permission,spdx_id,MapFuzzyMatch
6050801,MIT,spdx_id,MapFuzzyMatch
6444023,BSD-1-Clause,spdx_id,MapFuzzyMatch
4215803,MIT,spdx_id,MapFuzzyMatch
4019197,EUPL-1.1,spdx_id,MapExactID
5395469,MIT,spdx_id,MapFuzzyMatch
21519,MIT,spdx_id,MapFuzzyMatch
2970650,ISO-permission,spdx_id,MapFuzzyMatch
7427104,MIT,spdx_id,MapFuzzyMatch
2905128,Apache-1.0,spdx_id,MapFuzzyMatch
1856561,ISO-permission,spdx_id,MapFuzzyMatch
3232823,MIT,spdx_id,MapFuzzyMatch
4215864,MIT,spdx_id,MapFuzzyMatch
1856576,MIT,spdx_id,MapFuzzyMatch
5919820,MIT,spdx_id,MapFuzzyMatch
5919829,Apache-2.0,spdx_id,MapFuzzyMatch
2511959,MIT,spdx_id,MapFuzzyMatch
7361633,MIT,spdx_id,MapFuzzyMatch
3495023,MIT,spdx_id,MapFuzzyMatch
873585,MIT,spdx_id,MapFuzzyMatch
7492723,Apache-1.0,spdx_id,MapFuzzyMatch
87161,MIT,spdx_id,MapFuzzyMatch
1070201,BSD-1-Clause,spdx_id,MapFuzzyMatch
4936825,MIT,spdx_id,MapFuzzyMatch
2577532,ISO-permission,spdx_id,MapFuzzyMatch
6247547,MIT,spdx_id,MapFuzzyMatch
4871296,MIT,spdx_id,MapFuzzyMatch
5657728,MPL-2.0-no-copyleft-exception,spdx_id,MapExactMatch
3495042,BSD-1-Clause,spdx_id,MapFuzzyMatch
611459,LGPL-2.0,spdx_id,MapFuzzyMatch
152710,ISO-permission,spdx_id,MapFuzzyMatch
4609158,ISO-permission,spdx_id,MapFuzzyMatch
480394,BSD-1-Clause,spdx_id,MapFuzzyMatch
6313101,MIT,spdx_id,MapFuzzyMatch
218261,copyleft-next-0.3.0,spdx_id,MapFuzzyMatch
7427232,Apache-1.0,spdx_id,MapFuzzyMatch
7427242,Apache-1.0,spdx_id,MapFuzzyMatch
611501,Apache-1.1,spdx_id,MapFuzzyMatch
2053294,ISO-permission,spdx_id,MapFuzzyMatch
808113,EUPL-1.2,spdx_id,MapExactID
5919927,copyleft-next-0.3.0,spdx_id,MapFuzzyMatch
87225,BitTorrent-1.0,spdx_id,MapFuzzyMatch
1725638,GPL-3.0,spdx_id,MapFuzzyMatch
3429579,ISO-permission,spdx_id,MapFuzzyMatch
5723342,MIT,spdx_id,MapFuzzyMatch
7427278,MIT,spdx_id,MapFuzzyMatch
2118864,MIT,spdx_id,MapFuzzyMatch
7623886,BSD-1-Clause,spdx_id,MapFuzzyMatch
2118866,MIT,spdx_id,MapFuzzyMatch
2249938,ISO-permission,spdx_id,MapFuzzyMatch
3626200,MIT,spdx_id,MapFuzzyMatch
87257,MIT,spdx_id,MapFuzzyMatch
5002460,BSD-2-Clause,spdx_id,MapFuzzyMatch
6247645,MIT,spdx_id,MapFuzzyMatch
2315487,Beerware,spdx_id,MapFuzzyMatch
2446561,ISO-permission,spdx_id,MapFuzzyMatch
3101925,MIT,spdx_id,MapFuzzyMatch
2053366,BSD-Source-Code,spdx_id,MapFuzzyMatch
349431,Apache-1.1,spdx_id,MapFuzzyMatch
87289,CNRI-Python,spdx_id,MapFuzzyMatch
349434,MIT,spdx_id,MapFuzzyMatch
7034106,BSD-1-Clause,spdx_id,MapFuzzyMatch
5723388,MIT,spdx_id,MapFuzzyMatch
5657856,ISO-permission,spdx_id,MapFuzzyMatch
87297,MIT,spdx_id,MapFuzzyMatch
1987843,GPL-3.0,spdx_id,MapFuzzyMatch
283915,MIT,spdx_id,MapFuzzyMatch
349451,Apache-2.0,spdx_id,MapFuzzyMatch
5920021,LPD-document,spdx_id,MapFuzzyMatch
1398054,MIT,spdx_id,MapFuzzyMatch
5395781,MIT,spdx_id,MapFuzzyMatch
6444359,MIT,spdx_id,MapFuzzyMatch
3560777,MIT,spdx_id,MapFuzzyMatch
7492938,MIT,spdx_id,MapFuzzyMatch
5657937,MIT,spdx_id,MapFuzzyMatch
2184537,AGPL-1.0,spdx_id,MapFuzzyMatch
87386,MIT,spdx_id,MapFuzzyMatch
1725786,CC-BY-ND-4.0,spdx_id,MapExactID
2643289,MIT,spdx_id,MapFuzzyMatch
2446685,MIT,spdx_id,MapFuzzyMatch
2905445,MIT,spdx_id,MapFuzzyMatch
87398,MIT,spdx_id,MapFuzzyMatch
873835,LPPL-1.0,spdx_id,MapFuzzyMatch
4085104,MIT,spdx_id,MapFuzzyMatch
7492977,MIT,spdx_id,MapFuzzyMatch
2643315,ISO-permission,spdx_id,MapFuzzyMatch
2577792,ISO-permission,spdx_id,MapFuzzyMatch
3429764,GPL-3.0,spdx_id,MapFuzzyMatch
5395845,MIT,spdx_id,MapFuzzyMatch
873864,MIT,spdx_id,MapFuzzyMatch
2512267,ANTLR-PD,spdx_id,MapFuzzyMatch
5461388,GPL-1.0,spdx_id,MapFuzzyMatch
480662,GPL-3.0,spdx_id,MapExactID
3102111,MIT,spdx_id,MapFuzzyMatch
5592480,LGPL-3.0,spdx_id,MapFuzzyMatch
2446759,Apache-2.0,spdx_id,MapFuzzyMatch
7165351,Apache-2.0,spdx_id,MapFuzzyMatch
6182319,ISO-permission,spdx_id,MapFuzzyMatch
349616,MIT,spdx_id,MapFuzzyMatch
6182327,MIT,spdx_id,MapFuzzyMatch
5592507,ISO-permission,spdx_id,MapFuzzyMatch
7361987,MIT,spdx_id,MapFuzzyMatch
5658053,ISO-permission,spdx_id,MapFuzzyMatch
4937162,MIT,spdx_id,MapFuzzyMatch
1856972,MIT,spdx_id,MapExactID
4740558,CUA-OPL-1.0,spdx_id,MapFuzzyMatch
480728,LGPL-3.0,spdx_id,MapExactID
4937176,MIT,spdx_id,MapFuzzyMatch
2315740,ISO-permission,spdx_id,MapFuzzyMatch
153057,MIT,spdx_id,MapFuzzyMatch
3757544,LGPL-2.1,spdx_id,MapFuzzyMatch
218611,MIT,spdx_id,MapFuzzyMatch
7362045,MIT,spdx_id,MapFuzzyMatch
1725951,MIT,spdx_id,MapFuzzyMatch
6510084,MIT,spdx_id,MapFuzzyMatch
808460,BSD-1-Clause,spdx_id,MapFuzzyMatch
1791504,ISO-permission,spdx_id,MapFuzzyMatch
6641169,copyleft-next-0.3.0,spdx_id,MapFuzzyMatch
2381330,MIT,spdx_id,MapFuzzyMatch
5854747,BSD-3-Clause,spdx_id,MapFuzzyMatch
4609565,GPL-3.0,spdx_id,MapFuzzyMatch
5396010,MIT,spdx_id,MapFuzzyMatch
6313520,MIT,spdx_id,MapFuzzyMatch
1070641,BSD-1-Clause,spdx_id,MapFuzzyMatch
22068,Apache-2.0,spdx_id,MapFuzzyMatch
4412981,Apache-1.0,spdx_id,MapFuzzyMatch
1791544,MIT,spdx_id,MapFuzzyMatch
3495485,BSD-1-Clause,spdx_id,MapFuzzyMatch
5658175,MIT,spdx_id,MapFuzzyMatch
5396032,MIT,spdx_id,MapFuzzyMatch
6248001,MIT,spdx_id,MapFuzzyMatch
1857096,Apache-2.0,spdx_id,MapFuzzyMatch
2446921,MIT,spdx_id,MapFuzzyMatch
3495498,Apache-2.0,spdx_id,MapExactID
4216394,MIT,spdx_id,MapFuzzyMatch
22094,Apache-2.0,spdx_id,MapExactMatch
7624272,MIT,spdx_id,MapFuzzyMatch
6575702,MIT,spdx_id,MapFuzzyMatch
677480,MIT,spdx_id,MapFuzzyMatch
6051433,MIT,spdx_id,MapFuzzyMatch
7165544,Apache-1.0,spdx_id,MapFuzzyMatch
3561068,MIT,spdx_id,MapFuzzyMatch
1398391,ISO-permission,spdx_id,MapFuzzyMatch
6379132,ISO-permission,spdx_id,MapFuzzyMatch
3954302,MIT,spdx_id,MapFuzzyMatch
1857154,ISO-permission,spdx_id,MapFuzzyMatch
1398403,ISO-permission,spdx_id,MapFuzzyMatch
6379139,ISO-permission,spdx_id,MapFuzzyMatch
3823237,BSD-1-Clause,spdx_id,MapFuzzyMatch
7165572,Apache-2.0,spdx_id,MapFuzzyMatch
3102344,MIT,spdx_id,MapFuzzyMatch
4871816,MIT,spdx_id,MapFuzzyMatch
6379150,ISO-permission,spdx_id,MapFuzzyMatch
2184859,MIT,spdx_id,MapFuzzyMatch
3233444,MIT,spdx_id,MapFuzzyMatch
6444710,MIT,spdx_id,MapFuzzyMatch
5920429,ISO-permission,spdx_id,MapFuzzyMatch
5396143,MIT,spdx_id,MapFuzzyMatch
3495602,BSD-1-Clause,spdx_id,MapFuzzyMatch
5199541,MIT,spdx_id,MapFuzzyMatch
3495606,JPL-image,spdx_id,MapFuzzyMatch
7296693,MIT,spdx_id,MapFuzzyMatch
22200,MIT,spdx_id,MapFuzzyMatch
2971334,MIT,spdx_id,MapFuzzyMatch
6313677,ISO-permission,spdx_id,MapFuzzyMatch
22231,AGPL-3.0-only,spdx_id,MapExactID
3954399,ISO-permission,spdx_id,MapFuzzyMatch
4216544,MIT,spdx_id,MapFuzzyMatch
5396200,MIT,spdx_id,MapFuzzyMatch
6575853,Apache-2.0,spdx_id,MapFuzzyMatch
4413169,ISO-permission,spdx_id,MapFuzzyMatch
6313714,MIT,spdx_id,MapFuzzyMatch
1791747,CC-BY-4.0,spdx_id,MapFuzzyMatch
6248201,ISO-permission,spdx_id,MapFuzzyMatch
5592858,MIT,spdx_id,MapFuzzyMatch
4413215,BSD-3-Clause,spdx_id,MapFuzzyMatch
3495714,AGPL-3.0,spdx_id,MapFuzzyMatch
5527336,ANTLR-PD,spdx_id,MapFuzzyMatch
87860,SMAIL-GPL,spdx_id,MapFuzzyMatch
6575927,LGPL-2.1-or-later,spdx_id,MapExactID
6510393,MIT,spdx_id,MapFuzzyMatch
808764,ISO-permission,spdx_id,MapFuzzyMatch
5789502,MIT,spdx_id,MapFuzzyMatch
153408,Unlicense,spdx_id,MapFuzzyMatch
87879,GPL-3.0,spdx_id,MapFuzzyMatch
3888969,AGPL-1.0,spdx_id,MapFuzzyMatch
1005387,BSD-2-Clause,spdx_id,MapFuzzyMatch
3888972,LGPL-2.1,spdx_id,MapFuzzyMatch
6575956,MIT,spdx_id,MapFuzzyMatch
3954524,LGPL-2.0,spdx_id,MapFuzzyMatch
3954526,MIT,spdx_id,MapFuzzyMatch
3626854,MIT,spdx_id,MapFuzzyMatch
1922921,MIT,spdx_id,MapFuzzyMatch
1660783,MIT,spdx_id,MapFuzzyMatch
1660792,MPL-2.0,spdx_id,MapExactID
3495820,MIT,spdx_id,MapFuzzyMatch
4609932,MIT,spdx_id,MapFuzzyMatch
284559,BSD-1-Clause,spdx_id,MapFuzzyMatch
5724062,ISO-permission,spdx_id,MapFuzzyMatch
4544417,MIT,spdx_id,MapFuzzyMatch
3626916,MIT,spdx_id,MapFuzzyMatch
3626923,Apache-1.0,spdx_id,MapFuzzyMatch
1791917,MIT-feh,spdx_id,MapFuzzyMatch
5461935,GPL-2.0,spdx_id,MapFuzzyMatch
350128,OAR,spdx_id,MapFuzzyMatch
3758001,NLPL,spdx_id,MapFuzzyMatch
5003184,MIT,spdx_id,MapFuzzyMatch
7493557,BSD-1-Clause,spdx_id,MapFuzzyMatch
1005494,MIT,spdx_id,MapFuzzyMatch
5527484,ISO-permission,spdx_id,MapFuzzyMatch
350144,MIT,spdx_id,MapFuzzyMatch
153539,LGPL-3.0,spdx_id,MapExactID
153545,MIT,spdx_id,MapFuzzyMatch
1726409,ISO-permission,spdx_id,MapFuzzyMatch
3430352,MIT,spdx_id,MapFuzzyMatch
88018,MIT,spdx_id,MapFuzzyMatch
1398742,CC-BY-3.0,spdx_id,MapFuzzyMatch
3495894,BSD-3-Clause,spdx_id,MapFuzzyMatch
1005532,MIT,spdx_id,MapFuzzyMatch
6445021,MIT,spdx_id,MapFuzzyMatch
2643947,MIT,spdx_id,MapFuzzyMatch
4216813,ISO-permission,spdx_id,MapFuzzyMatch
1726454,MIT,spdx_id,MapFuzzyMatch
3889159,GPL-1.0,spdx_id,MapFuzzyMatch
4413449,ISO-permission,spdx_id,MapFuzzyMatch
1792010,MIT,spdx_id,MapFuzzyMatch
6969361,MIT,spdx_id,MapFuzzyMatch
6117395,CC-BY-NC-1.0,spdx_id,MapFuzzyMatch
1857557,MIT,spdx_id,MapFuzzyMatch
3102742,ISO-permission,spdx_id,MapFuzzyMatch
4085783,MIT,spdx_id,MapFuzzyMatch
4544538,MIT,spdx_id,MapFuzzyMatch
1660963,Beerware,spdx_id,MapFuzzyMatch
677930,MIT,spdx_id,MapFuzzyMatch
3299381,MIT,spdx_id,MapFuzzyMatch
6969397,MIT,spdx_id,MapFuzzyMatch
1923128,AGPL-3.0,spdx_id,MapFuzzyMatch
3364920,MIT,spdx_id,MapFuzzyMatch
5593145,ISO-permission,spdx_id,MapFuzzyMatch
3430466,MIT,spdx_id,MapFuzzyMatch
4872261,MIT,spdx_id,MapFuzzyMatch
6051909,ISO-permission,spdx_id,MapFuzzyMatch
3430474,ISO-permission,spdx_id,MapFuzzyMatch
88143,MIT,spdx_id,MapFuzzyMatch
3496018,BSD-1-Clause,spdx_id,MapFuzzyMatch
743507,Apache-2.0,spdx_id,MapFuzzyMatch
88148,BSD-3-Clause,spdx_id,MapFuzzyMatch
3102804,BSD-1-Clause,spdx_id,MapFuzzyMatch
4544598,Apache-2.0,spdx_id,MapFuzzyMatch
5396567,MIT,spdx_id,MapFuzzyMatch
5855322,MIT,spdx_id,MapFuzzyMatch
1923167,Apache-1.0,spdx_id,MapFuzzyMatch
2906213,ISO-permission,spdx_id,MapFuzzyMatch
5396584,MIT,spdx_id,MapFuzzyMatch
1071209,ISO-permission,spdx_id,MapFuzzyMatch
3299435,copyleft-next-0.3.0,spdx_id,MapFuzzyMatch
2054252,QPL-1.0,spdx_id,MapFuzzyMatch
4544623,GPL-1.0,spdx_id,MapFuzzyMatch
7428211,Apache-2.0,spdx_id,MapFuzzyMatch
2185333,MIT,spdx_id,MapFuzzyMatch
4216954,MIT,spdx_id,MapFuzzyMatch
5527675,Apache-2.0,spdx_id,MapFuzzyMatch
6445179,MIT,spdx_id,MapFuzzyMatch
153728,GD,spdx_id,MapFuzzyMatch
1923203,MIT,spdx_id,MapFuzzyMatch
5134467,MIT,spdx_id,MapFuzzyMatch
6183043,Apache-1.1,spdx_id,MapFuzzyMatch
3430537,copyleft-next-0.3.0,spdx_id,MapFuzzyMatch
5527695,Apache-2.0,spdx_id,MapFuzzyMatch
5855378,Apache-1.0,spdx_id,MapFuzzyMatch
7035027,MIT,spdx_id,MapFuzzyMatch
2381979,BSD-1-Clause,spdx_id,MapFuzzyMatch
3233951,MIT,spdx_id,MapFuzzyMatch
4610212,GPL-3.0-or-later,spdx_id,MapExactID
2971814,MIT,spdx_id,MapFuzzyMatch
3889324,MIT,spdx_id,MapFuzzyMatch
4610233,MPL-2.0,spdx_id,MapFuzzyMatch
1923260,Apache-1.0,spdx_id,MapFuzzyMatch
743616,Artistic-1.0,spdx_id,MapFuzzyMatch
1005762,BSD-1-Clause,spdx_id,MapFuzzyMatch
1333444,MIT,spdx_id,MapFuzzyMatch
7166149,BSD-1-Clause,spdx_id,MapFuzzyMatch
350414,MIT,spdx_id,MapFuzzyMatch
4872405,ISO-permission,spdx_id,MapFuzzyMatch
1661153,MIT,spdx_id,MapFuzzyMatch
5462246,MIT,spdx_id,MapFuzzyMatch
3365097,ISO-permission,spdx_id,MapFuzzyMatch
350443,HDF5,spdx_id,MapFuzzyMatch
3234034,BSD-1-Clause,spdx_id,MapFuzzyMatch
5593332,Apache-2.0,spdx_id,MapFuzzyMatch
809208,BSD-1-Clause,spdx_id,MapFuzzyMatch
1595642,MIT,spdx_id,MapFuzzyMatch
5134587,MIT,spdx_id,MapFuzzyMatch
4151551,MIT,spdx_id,MapFuzzyMatch
4151554,MIT,spdx_id,MapFuzzyMatch
6117640,Apache-2.0,spdx_id,MapFuzzyMatch
350475,GPL-2.0,spdx_id,MapFuzzyMatch
6576398,CC-BY-3.0,spdx_id,MapFuzzyMatch
743716,Artistic-1.0,spdx_id,MapFuzzyMatch
4413734,MPL-2.0,spdx_id,MapFuzzyMatch
5527847,ISO-permission,spdx_id,MapFuzzyMatch
5003560,BSD-Source-Code,spdx_id,MapFuzzyMatch
4217130,MIT,spdx_id,MapFuzzyMatch
7428401,MIT,spdx_id,MapFuzzyMatch
4217139,ISO-permission,spdx_id,MapFuzzyMatch
1595705,GPL-3.0,spdx_id,MapFuzzyMatch
5462332,NPL-1.0,spdx_id,MapExactID
7166275,MIT,spdx_id,MapFuzzyMatch
350542,BSD-3-Clause-LBNL,spdx_id,MapExactID
5462359,EPL-1.0,spdx_id,MapFuzzyMatch
7100762,Apache-2.0,spdx_id,MapFuzzyMatch
88417,MIT,spdx_id,MapFuzzyMatch
5527905,MIT,spdx_id,MapFuzzyMatch
2906480,MIT,spdx_id,MapFuzzyMatch
22897,ISO-permission,spdx_id,MapFuzzyMatch
5200246,MIT,spdx_id,MapFuzzyMatch
285049,MIT,spdx_id,MapFuzzyMatch
7035263,AGPL-1.0,spdx_id,MapFuzzyMatch
7035265,AGPL-1.0,spdx_id,MapFuzzyMatch
547205,Apache-2.0,spdx_id,MapExactMatch
3889547,MIT,spdx_id,MapFuzzyMatch
1005975,BSD-3-Clause-No-Nuclear-License,spdx_id,MapFuzzyMatch
3889561,ISO-permission,spdx_id,MapFuzzyMatch
3561899,copyleft-next-0.3.0,spdx_id,MapFuzzyMatch
22957,Intel,spdx_id,MapFuzzyMatch
3561902,MIT,spdx_id,MapFuzzyMatch
3365301,MIT,spdx_id,MapFuzzyMatch
6576574,MIT,spdx_id,MapFuzzyMatch
3496391,MIT,spdx_id,MapFuzzyMatch
154059,BSD-1-Clause,spdx_id,MapFuzzyMatch
3103191,GPL-1.0,spdx_id,MapFuzzyMatch
612831,CC-BY-SA-4.0,spdx_id,MapFuzzyMatch
4151776,MIT,spdx_id,MapFuzzyMatch
4217312,MIT,spdx_id,MapFuzzyMatch
1595874,AGPL-1.0,spdx_id,MapFuzzyMatch
4217314,BSD-1-Clause,spdx_id,MapFuzzyMatch
1333733,Apache-2.0,spdx_id,MapFuzzyMatch
874983,ANTLR-PD,spdx_id,MapFuzzyMatch
7428585,MIT,spdx_id,MapFuzzyMatch
5790187,MIT,spdx_id,MapFuzzyMatch
2185710,MIT,spdx_id,MapFuzzyMatch
2841070,Apache-1.0,spdx_id,MapFuzzyMatch
88569,MIT,spdx_id,MapFuzzyMatch
6052346,MIT,spdx_id,MapFuzzyMatch
2513402,MIT,spdx_id,MapFuzzyMatch
2644475,MIT,spdx_id,MapFuzzyMatch
88599,MIT,spdx_id,MapFuzzyMatch
5593628,MIT,spdx_id,MapFuzzyMatch
1595938,GPL-3.0,spdx_id,MapFuzzyMatch
6969894,MIT,spdx_id,MapFuzzyMatch
4938283,Apache-1.0,spdx_id,MapFuzzyMatch
6249008,BSD-3-Clause,spdx_id,MapFuzzyMatch
2054719,MIT,spdx_id,MapFuzzyMatch
5855815,EPL-1.0,spdx_id,MapFuzzyMatch
154187,MIT,spdx_id,MapFuzzyMatch
5593683,MIT,spdx_id,MapFuzzyMatch
6117979,ANTLR-PD,spdx_id,MapFuzzyMatch
5528157,MIT,spdx_id,MapFuzzyMatch
2906726,MIT,spdx_id,MapFuzzyMatch
6052458,MIT,spdx_id,MapFuzzyMatch
5855852,Apache-1.0,spdx_id,MapFuzzyMatch
88685,ISO-permission,spdx_id,MapFuzzyMatch
2054772,ZPL-2.1,spdx_id,MapExactID
4872824,LGPL-2.0,spdx_id,MapFuzzyMatch
219779,MIT,spdx_id,MapFuzzyMatch
1137288,AGPL-3.0-or-later,spdx_id,MapExactID
1137290,MIT,spdx_id,MapFuzzyMatch
2316946,LGPL-3.0,spdx_id,MapFuzzyMatch
5462679,BSD-4-Clause,spdx_id,MapFuzzyMatch
809626,BSD-1-Clause,spdx_id,MapFuzzyMatch
1006236,MIT,spdx_id,MapFuzzyMatch
154275,CC-BY-3.0,spdx_id,MapExactMatch
809639,MIT,spdx_id,MapFuzzyMatch
7232169,MIT,spdx_id,MapFuzzyMatch
1727146,BSD,license_family,MapLicenseFamily
6183603,MIT,spdx_id,MapFuzzyMatch
4872907,copyleft-next-0.3.0,spdx_id,MapFuzzyMatch
5921483,MIT,spdx_id,MapFuzzyMatch
3431117,MIT,spdx_id,MapFuzzyMatch
1333973,MIT,spdx_id,MapFuzzyMatch
1727190,BSD-1-Clause,spdx_id,MapFuzzyMatch
1727194,MIT,spdx_id,MapFuzzyMatch
1333981,DEC-3-Clause,spdx_id,MapFuzzyMatch
1333983,ISO-permission,spdx_id,MapFuzzyMatch
6314727,Apache-2.0,spdx_id,MapFuzzyMatch
5855978,MIT,spdx_id,MapFuzzyMatch
3758841,BSD-3-Clause,spdx_id,MapFuzzyMatch
2382586,MIT,spdx_id,MapFuzzyMatch
5855995,ISO-permission,spdx_id,MapFuzzyMatch
1399548,MIT,spdx_id,MapFuzzyMatch
5397250,LGPL-3.0,spdx_id,MapFuzzyMatch
2317067,Unlicense,spdx_id,MapFuzzyMatch
5856011,MIT,spdx_id,MapFuzzyMatch
5135117,ZPL-1.1,spdx_id,MapFuzzyMatch
5462798,Apache-1.0,spdx_id,MapFuzzyMatch
1727249,Apache-2.0,spdx_id,MapExactMatch
2317089,MIT,spdx_id,MapFuzzyMatch
3431207,MIT,spdx_id,MapFuzzyMatch
7428905,LGPL-2.0,spdx_id,MapFuzzyMatch
809771,MIT,spdx_id,MapFuzzyMatch
1858348,MIT,spdx_id,MapFuzzyMatch
3169071,MIT,spdx_id,MapFuzzyMatch
2382652,MIT,spdx_id,MapFuzzyMatch
23369,Apache-2.0,spdx_id,MapFuzzyMatch
6642507,Apache-1.0,spdx_id,MapFuzzyMatch
1792846,MIT,spdx_id,MapFuzzyMatch
1858390,MIT,spdx_id,MapFuzzyMatch
6314854,MIT,spdx_id,MapFuzzyMatch
1334120,ISC,spdx_id,MapFuzzyMatch
1858408,MIT,spdx_id,MapFuzzyMatch
2644841,MIT,spdx_id,MapFuzzyMatch
1334130,CC-BY-3.0,spdx_id,MapFuzzyMatch
7297915,MIT,spdx_id,MapFuzzyMatch
1071999,AGPL-3.0,spdx_id,MapFuzzyMatch
1399683,MIT,spdx_id,MapFuzzyMatch
5004171,MIT,spdx_id,MapFuzzyMatch
5921676,Apache-2.0,spdx_id,MapExactMatch
1858454,MIT,spdx_id,MapFuzzyMatch
88991,HPND,spdx_id,MapFuzzyMatch
1661859,MIT,spdx_id,MapFuzzyMatch
5004197,MIT,spdx_id,MapFuzzyMatch
4873126,TGPPL-1.0,spdx_id,MapFuzzyMatch
2317250,MIT,spdx_id,MapFuzzyMatch
5659595,AGPL-3.0,spdx_id,MapFuzzyMatch
1334222,Parity-6.0.0,spdx_id,MapExactMatch
3169237,MIT,spdx_id,MapFuzzyMatch
7035863,copyleft-next-0.3.0,spdx_id,MapFuzzyMatch
5856218,MIT,spdx_id,MapFuzzyMatch
285660,AGPL-3.0,spdx_id,MapExactID
1072093,MIT,spdx_id,MapFuzzyMatch
4611036,ANTLR-PD,spdx_id,MapFuzzyMatch
1858528,Apache-1.1,spdx_id,MapFuzzyMatch
2055137,Apache-2.0,spdx_id,MapFuzzyMatch
2907105,AGPL-3.0,spdx_id,MapFuzzyMatch
3496928,ISO-permission,spdx_id,MapFuzzyMatch
6314982,MIT,spdx_id,MapFuzzyMatch
5135339,MIT,spdx_id,MapFuzzyMatch
5790703,MIT,spdx_id,MapFuzzyMatch
3103729,MIT,spdx_id,MapFuzzyMatch
4873201,CC-BY-1.0,spdx_id,MapFuzzyMatch
5397493,copyleft-next-0.3.0,spdx_id,MapFuzzyMatch
7560185,Apache-2.0,spdx_id,MapFuzzyMatch
5725180,copyleft-next-0.3.0,spdx_id,MapFuzzyMatch
220157,LGPL-3.0,spdx_id,MapFuzzyMatch
2907141,BSD-1-Clause,spdx_id,MapFuzzyMatch
351242,NIST-Software,spdx_id,MapFuzzyMatch
5594122,MIT,spdx_id,MapFuzzyMatch
6577171,MIT,spdx_id,MapFuzzyMatch
3496982,MIT,spdx_id,MapFuzzyMatch
1661975,BSD-1-Clause,spdx_id,MapFuzzyMatch
3103770,MIT,spdx_id,MapFuzzyMatch
7691290,BSD-2-Clause,spdx_id,MapFuzzyMatch
1924127,ISO-permission,spdx_id,MapFuzzyMatch
3628066,Apache-1.0,spdx_id,MapFuzzyMatch
5397538,MIT,spdx_id,MapFuzzyMatch
1989668,CC-BY-4.0,spdx_id,MapFuzzyMatch
2972713,ISC,spdx_id,MapFuzzyMatch
5004346,ISO-permission,spdx_id,MapFuzzyMatch
2317371,ISO-permission,spdx_id,MapFuzzyMatch
2579519,ISO-permission,spdx_id,MapFuzzyMatch
5659715,MIT,spdx_id,MapFuzzyMatch
1072202,ISO-permission,spdx_id,MapFuzzyMatch
4217933,BSD-1-Clause,spdx_id,MapFuzzyMatch
4873296,GPL-3.0,spdx_id,MapFuzzyMatch
2907218,BSD-3-Clause,spdx_id,MapFuzzyMatch
6642770,GPL-1.0,spdx_id,MapFuzzyMatch
810070,ISO-permission,spdx_id,MapFuzzyMatch
5004376,MIT,spdx_id,MapFuzzyMatch
3759193,AGPL-3.0,spdx_id,MapFuzzyMatch
1989735,BSD-Source-Code,spdx_id,MapFuzzyMatch
2907244,MIT,spdx_id,MapFuzzyMatch
3824749,ISO-permission,spdx_id,MapFuzzyMatch
1399920,MIT,spdx_id,MapFuzzyMatch
7101555,ISO-permission,spdx_id,MapFuzzyMatch
6970484,MIT,spdx_id,MapFuzzyMatch
679029,ISO-permission,spdx_id,MapFuzzyMatch
7298166,ISO-permission,spdx_id,MapFuzzyMatch
3234935,Apache-2.0,spdx_id,MapFuzzyMatch
4938873,UPL-1.0,spdx_id,MapFuzzyMatch
5659769,CC-BY-NC-SA-1.0,spdx_id,MapFuzzyMatch
2579579,Apache-1.0,spdx_id,MapFuzzyMatch
416901,MIT,spdx_id,MapFuzzyMatch
875662,BSD-3-Clause,spdx_id,MapFuzzyMatch
1399968,MIT,spdx_id,MapFuzzyMatch
220321,SMAIL-GPL,spdx_id,MapFuzzyMatch
5790881,MIT,spdx_id,MapFuzzyMatch
5004460,MIT,spdx_id,MapFuzzyMatch
5004464,ISO-permission,spdx_id,MapFuzzyMatch
3628211,MIT,spdx_id,MapFuzzyMatch
7101626,MIT,spdx_id,MapFuzzyMatch
5004483,ISO-permission,spdx_id,MapFuzzyMatch
5004484,ISO-permission,spdx_id,MapFuzzyMatch
3955910,GPL-2.0,spdx_id,MapFuzzyMatch
4938953,MIT,spdx_id,MapFuzzyMatch
2317517,BSD-3-Clause,spdx_id,MapFuzzyMatch
3628239,MIT,spdx_id,MapFuzzyMatch
6642895,MIT,spdx_id,MapFuzzyMatch
3628247,MIT,spdx_id,MapFuzzyMatch
679130,MIT,spdx_id,MapFuzzyMatch
3169511,Apache-2.0,spdx_id,MapFuzzyMatch
3824879,ISO-permission,spdx_id,MapFuzzyMatch
5397747,MIT,spdx_id,MapFuzzyMatch
3824886,ISO-permission,spdx_id,MapFuzzyMatch
3759351,ISO-permission,spdx_id,MapFuzzyMatch
4939002,BSD-4-Clause,spdx_id,MapFuzzyMatch
1137930,BitTorrent-1.0,spdx_id,MapFuzzyMatch
6184204,GPL-2.0,spdx_id,MapFuzzyMatch
4218125,MIT,spdx_id,MapFuzzyMatch
4218127,MIT,spdx_id,MapFuzzyMatch
154898,MIT,spdx_id,MapFuzzyMatch
2448659,MIT,spdx_id,MapFuzzyMatch
1006869,MIT,spdx_id,MapFuzzyMatch
3497237,Apache-1.0,spdx_id,MapFuzzyMatch
7626007,MIT,spdx_id,MapFuzzyMatch
6642971,MIT,spdx_id,MapFuzzyMatch
1793313,MIT,spdx_id,MapFuzzyMatch
417058,MIT,spdx_id,MapFuzzyMatch
4611362,MIT,spdx_id,MapFuzzyMatch
23844,GD,spdx_id,MapFuzzyMatch
4414761,MIT,spdx_id,MapFuzzyMatch
3235118,ISO-permission,spdx_id,MapFuzzyMatch
1006899,MIT,spdx_id,MapFuzzyMatch
1858868,BSD-2-Clause,spdx_id,MapFuzzyMatch
2579767,Apache-1.0,spdx_id,MapFuzzyMatch
1793343,BSD-2-Clause,spdx_id,MapExactID
3366212,MIT,spdx_id,MapFuzzyMatch
154954,MIT,spdx_id,MapFuzzyMatch
5528906,MIT,spdx_id,MapFuzzyMatch
1793357,Apache-1.0,spdx_id,MapFuzzyMatch
23891,MIT,spdx_id,MapFuzzyMatch
220505,MIT,spdx_id,MapFuzzyMatch
1596769,MIT,spdx_id,MapFuzzyMatch
1858931,LGPL-3.0,spdx_id,MapExactID
4939123,Apache-1.1,spdx_id,MapFuzzyMatch
3300730,MIT,spdx_id,MapFuzzyMatch
1990011,BSD-Source-Code,spdx_id,MapFuzzyMatch
2645375,copyleft-next-0.3.0,spdx_id,MapFuzzyMatch
6249865,GPL-3.0,spdx_id,MapFuzzyMatch
3825034,MIT,spdx_id,MapFuzzyMatch
89488,MIT,spdx_id,MapFuzzyMatch
1007004,Apache-1.0,spdx_id,MapFuzzyMatch
6249884,Apache-1.0,spdx_id,MapFuzzyMatch
5594530,ISO-permission,spdx_id,MapFuzzyMatch
5791138,MIT,spdx_id,MapFuzzyMatch
1007012,MIT,spdx_id,MapFuzzyMatch
5856675,MIT,spdx_id,MapFuzzyMatch
5922222,MIT,spdx_id,MapFuzzyMatch
3825083,MIT,spdx_id,MapFuzzyMatch
5791163,MIT,spdx_id,MapFuzzyMatch
5725629,Apache-2.0,spdx_id,MapFuzzyMatch
6184379,MIT,spdx_id,MapFuzzyMatch
3104191,BSD-2-Clause,spdx_id,MapFuzzyMatch
7036355,MIT,spdx_id,MapFuzzyMatch
2579909,MIT,spdx_id,MapFuzzyMatch
2907589,Apache-2.0,spdx_id,MapFuzzyMatch
2645450,MIT,spdx_id,MapFuzzyMatch
4939213,MIT,spdx_id,MapFuzzyMatch
2907598,MIT,spdx_id,MapFuzzyMatch
6249933,ISO-permission,spdx_id,MapFuzzyMatch
5987798,ISO-permission,spdx_id,MapFuzzyMatch
6512087,ISO-permission,spdx_id,MapFuzzyMatch
875995,GPL-3.0,spdx_id,MapFuzzyMatch
810460,MIT,spdx_id,MapFuzzyMatch
220637,LPD-document,spdx_id,MapFuzzyMatch
7691739,MIT,spdx_id,MapFuzzyMatch
4414944,ISO-permission,spdx_id,MapFuzzyMatch
7167471,GPL-3.0,spdx_id,MapFuzzyMatch
1334770,MIT,spdx_id,MapFuzzyMatch
5070330,BSD-1-Clause,spdx_id,MapFuzzyMatch
6249985,MIT,spdx_id,MapFuzzyMatch
3759625,MIT,spdx_id,MapFuzzyMatch
1334795,NCSA,spdx_id,MapExactMatch
4546057,MIT,spdx_id,MapFuzzyMatch
6184458,MIT,spdx_id,MapFuzzyMatch
1400336,BSD-3-Clause,spdx_id,MapFuzzyMatch
7429648,MIT,spdx_id,MapFuzzyMatch
1400338,BSD-3-Clause,spdx_id,MapFuzzyMatch
24087,LGPL-2.1,spdx_id,MapFuzzyMatch
5463579,MIT,spdx_id,MapFuzzyMatch
1924645,CC-BY-NC-SA,license_family,MapLicenseFamily
6643239,MIT,spdx_id,MapFuzzyMatch
7101992,MIT,spdx_id,MapFuzzyMatch
286251,Apache-1.0,spdx_id,MapFuzzyMatch
5660203,AGPL-3.0,spdx_id,MapFuzzyMatch
5922347,MIT,spdx_id,MapFuzzyMatch
6250033,MIT,spdx_id,MapFuzzyMatch
3628602,ZPL-1.1,spdx_id,MapFuzzyMatch
7429691,MIT,spdx_id,MapFuzzyMatch
3235390,MIT,spdx_id,MapFuzzyMatch
4873794,MIT,spdx_id,MapFuzzyMatch
5791302,BUSL-1.1,spdx_id,MapFuzzyMatch
286283,MIT,spdx_id,MapFuzzyMatch
3432012,MIT,spdx_id,MapFuzzyMatch
351823,MIT,spdx_id,MapFuzzyMatch
1138258,MIT,spdx_id,MapFuzzyMatch
3104340,MIT,spdx_id,MapFuzzyMatch
1662549,MIT,spdx_id,MapFuzzyMatch
6184535,ISO-permission,spdx_id,MapFuzzyMatch
1138265,ISO-permission,spdx_id,MapFuzzyMatch
3366491,MIT,spdx_id,MapFuzzyMatch
7429722,MIT,spdx_id,MapFuzzyMatch
6184545,ISO-permission,spdx_id,MapFuzzyMatch
3759724,AGPL-3.0,spdx_id,MapFuzzyMatch
7560817,MIT,spdx_id,MapFuzzyMatch
155250,ISO-permission,spdx_id,MapFuzzyMatch
24181,Apache,license_family,MapLicenseFamily
2186871,any-OSI,spdx_id,MapFuzzyMatch
6119035,MIT,spdx_id,MapFuzzyMatch
1400447,MIT,spdx_id,MapFuzzyMatch
679552,MPL-2.0,spdx_id,MapFuzzyMatch
4480647,MIT,spdx_id,MapFuzzyMatch
6250120,MIT,spdx_id,MapFuzzyMatch
220816,GPL-2.0-or-later,spdx_id,MapExactID
810641,BSD-3-Clause,spdx_id,MapFuzzyMatch
2383506,MIT,spdx_id,MapFuzzyMatch
24217,BSD-2-Clause,spdx_id,MapFuzzyMatch
810649,MIT,spdx_id,MapFuzzyMatch
1662619,MIT,spdx_id,MapFuzzyMatch
3759773,AGPL-3.0,spdx_id,MapFuzzyMatch
4152992,MIT,spdx_id,MapFuzzyMatch
2449058,Jam,spdx_id,MapFuzzyMatch
810662,BSD-1-Clause,spdx_id,MapFuzzyMatch
5529254,ISO-permission,spdx_id,MapFuzzyMatch
6512294,MIT,spdx_id,MapFuzzyMatch
679595,AGPL-3.0,spdx_id,MapFuzzyMatch
3759787,Python-2.0,spdx_id,MapFuzzyMatch
7298744,MIT,spdx_id,MapFuzzyMatch
3759801,MIT,spdx_id,MapFuzzyMatch
1334970,copyleft-next-0.3.0,spdx_id,MapFuzzyMatch
351937,CC-BY-NC-ND-4.0,spdx_id,MapExactID
614083,BSD-3-Clause-No-Nuclear-License,spdx_id,MapFuzzyMatch
24263,GPL-3.0-only,spdx_id,MapExactID
5922509,MIT,spdx_id,MapFuzzyMatch
220880,CC0-1.0,spdx_id,MapExactID
810715,MIT,spdx_id,MapFuzzyMatch
5005025,MIT,spdx_id,MapFuzzyMatch
5529320,GPL-3.0-only,spdx_id,MapExactID
745193,MIT,spdx_id,MapFuzzyMatch
5136106,ISO-permission,spdx_id,MapFuzzyMatch
2580210,Apache-1.0,spdx_id,MapFuzzyMatch
7036658,MIT,spdx_id,MapFuzzyMatch
4153081,MIT,spdx_id,MapFuzzyMatch
3825407,MIT,spdx_id,MapFuzzyMatch
3170049,ISO-permission,spdx_id,MapFuzzyMatch
5005060,MIT,spdx_id,MapFuzzyMatch
5988105,MIT,spdx_id,MapFuzzyMatch
4611853,ISO-permission,spdx_id,MapFuzzyMatch
1335063,MIT,spdx_id,MapFuzzyMatch
5398297,MIT,spdx_id,MapFuzzyMatch
2055968,AGPL-1.0,spdx_id,MapFuzzyMatch
417576,MIT,spdx_id,MapFuzzyMatch
614185,MIT,spdx_id,MapFuzzyMatch
5988141,BSD-2-Clause,spdx_id,MapFuzzyMatch
24371,MIT,spdx_id,MapFuzzyMatch
1859384,GPL-2.0,spdx_id,MapExactID
5857081,BSD-1-Clause,spdx_id,MapFuzzyMatch
1859389,GPL-3.0,spdx_id,MapFuzzyMatch
2055998,MIT,spdx_id,MapFuzzyMatch
2187070,GPL-3.0,spdx_id,MapFuzzyMatch
1007438,MIT,spdx_id,MapFuzzyMatch
4874062,MIT,spdx_id,MapFuzzyMatch
286552,MIT,spdx_id,MapFuzzyMatch
7692127,GPL-1.0,spdx_id,MapFuzzyMatch
286562,CC-BY-4.0,spdx_id,MapExactID
4153186,DOC,spdx_id,MapFuzzyMatch
5857124,MIT,spdx_id,MapFuzzyMatch
1597286,MIT,spdx_id,MapFuzzyMatch
5660520,MIT,spdx_id,MapFuzzyMatch
6250357,BSD-1-Clause,spdx_id,MapFuzzyMatch
5660534,BSD-1-Clause,spdx_id,MapFuzzyMatch
2318202,ISO-permission,spdx_id,MapFuzzyMatch
155521,WTFPL,spdx_id,MapFuzzyMatch
810888,BSD-3-Clause-No-Nuclear-License,spdx_id,MapFuzzyMatch
1138571,BSD-3-Clause,spdx_id,MapFuzzyMatch
745356,MIT,spdx_id,MapFuzzyMatch
4939659,ISO-permission,spdx_id,MapFuzzyMatch
5005203,MIT,spdx_id,MapFuzzyMatch
6971289,MIT,spdx_id,MapFuzzyMatch
2449322,MIT,spdx_id,MapFuzzyMatch
4546474,Vim,spdx_id,MapFuzzyMatch
7430058,ISO-permission,spdx_id,MapFuzzyMatch
6184878,BSD-1-Clause,spdx_id,MapFuzzyMatch
5988281,MIT,spdx_id,MapFuzzyMatch
679874,MIT,spdx_id,MapFuzzyMatch
24515,SMAIL-GPL,spdx_id,MapFuzzyMatch
24516,copyleft-next-0.3.0,spdx_id,MapFuzzyMatch
4874183,copyleft-next-0.3.0,spdx_id,MapFuzzyMatch
2842576,GPL-3.0,spdx_id,MapFuzzyMatch
6578131,copyleft-next-0.3.0,spdx_id,MapFuzzyMatch
614358,LGPL-3.0,spdx_id,MapFuzzyMatch
4612056,MIT,spdx_id,MapFuzzyMatch
4022234,GPL-3.0,spdx_id,MapFuzzyMatch
24540,Apache-1.0,spdx_id,MapFuzzyMatch
5988318,MIT,spdx_id,MapFuzzyMatch
6578149,Apache-1.0,spdx_id,MapFuzzyMatch
614376,MIT,spdx_id,MapFuzzyMatch
1597424,MIT,spdx_id,MapFuzzyMatch
745463,MPL-2.0,spdx_id,MapFuzzyMatch
745464,AGPL-3.0,spdx_id,MapFuzzyMatch
2252791,MIT,spdx_id,MapFuzzyMatch
3432446,Artistic-1.0,spdx_id,MapFuzzyMatch
1335299,ISO-permission,spdx_id,MapFuzzyMatch
2318346,BSD-3-Clause-No-Nuclear-License,spdx_id,MapFuzzyMatch
3301392,Apache-1.0,spdx_id,MapFuzzyMatch
679955,SMAIL-GPL,spdx_id,MapFuzzyMatch
5398551,MIT,spdx_id,MapFuzzyMatch
4612121,MIT,spdx_id,MapFuzzyMatch
5529630,MIT,spdx_id,MapFuzzyMatch
2318368,NIST-Software,spdx_id,MapFuzzyMatch
1794087,ISO-permission,spdx_id,MapFuzzyMatch
3563570,GPL-3.0,spdx_id,MapFuzzyMatch
1007668,ISO-permission,spdx_id,MapFuzzyMatch
4612149,ISO-permission,spdx_id,MapFuzzyMatch
4153398,Apache-1.0,spdx_id,MapFuzzyMatch
3825723,ISO-permission,spdx_id,MapFuzzyMatch
221247,CC-BY-4.0,spdx_id,MapFuzzyMatch
24643,GPL-3.0,spdx_id,MapFuzzyMatch
4218948,BSD-3-Clause,spdx_id,MapFuzzyMatch
4481092,BSD-1-Clause,spdx_id,MapFuzzyMatch
2449478,MIT,spdx_id,MapFuzzyMatch
6512709,Apache-1.0,spdx_id,MapFuzzyMatch
5529672,NIST-Software,spdx_id,MapFuzzyMatch
24652,MIT,spdx_id,MapFuzzyMatch
2842703,AGPL-1.0,spdx_id,MapFuzzyMatch
4481115,MIT,spdx_id,MapFuzzyMatch
7168102,MIT,spdx_id,MapFuzzyMatch
3170407,MIT,spdx_id,MapFuzzyMatch
6316144,MIT,spdx_id,MapFuzzyMatch
5136500,MIT,spdx_id,MapFuzzyMatch
6578292,MIT,spdx_id,MapFuzzyMatch
3760270,MIT,spdx_id,MapFuzzyMatch
4219023,copyleft-next-0.3.0,spdx_id,MapFuzzyMatch
221330,ISO-permission,spdx_id,MapFuzzyMatch
3825814,MIT,spdx_id,MapFuzzyMatch
4219032,MIT,spdx_id,MapFuzzyMatch
2646178,MIT,spdx_id,MapFuzzyMatch
4087972,MIT,spdx_id,MapFuzzyMatch
7495855,MIT,spdx_id,MapFuzzyMatch
6643890,MIT,spdx_id,MapFuzzyMatch
3891380,Apache-1.0,spdx_id,MapFuzzyMatch
3432637,MIT,spdx_id,MapFuzzyMatch
90308,MIT,spdx_id,MapFuzzyMatch
1728709,BSD-1-Clause,spdx_id,MapFuzzyMatch
5660876,MIT,spdx_id,MapFuzzyMatch
7168208,ANTLR-PD,spdx_id,MapFuzzyMatch
1728721,BSD-1-Clause,spdx_id,MapFuzzyMatch
7102673,ISO-permission,spdx_id,MapFuzzyMatch
5267668,MIT,spdx_id,MapFuzzyMatch
221403,BSD-1-Clause,spdx_id,MapFuzzyMatch
1597667,Apache-1.0,spdx_id,MapFuzzyMatch
1007863,MIT,spdx_id,MapFuzzyMatch
1597696,MIT,spdx_id,MapFuzzyMatch
6971649,MIT,spdx_id,MapFuzzyMatch
24837,AGPL-3.0,spdx_id,MapExactID
5857542,BUSL-1.1,spdx_id,MapFuzzyMatch
1597705,MIT,spdx_id,MapExactMatch
4481291,GPL-3.0,spdx_id,MapFuzzyMatch
3105039,MIT,spdx_id,MapFuzzyMatch
5529872,MIT,spdx_id,MapFuzzyMatch
5857561,BUSL-1.1,spdx_id,MapFuzzyMatch
6119711,ISO-permission,spdx_id,MapFuzzyMatch
7102756,MIT,spdx_id,MapFuzzyMatch
2646310,MIT,spdx_id,MapFuzzyMatch
5005609,MIT,spdx_id,MapFuzzyMatch
5857579,BUSL-1.1,spdx_id,MapFuzzyMatch
5857581,BUSL-1.1,spdx_id,MapFuzzyMatch
2842926,CC-BY-4.0,spdx_id,MapFuzzyMatch
4088112,MIT,spdx_id,MapFuzzyMatch
2646325,MIT,spdx_id,MapFuzzyMatch
5529911,ISO-permission,spdx_id,MapFuzzyMatch
5529912,copyleft-next-0.3.0,spdx_id,MapFuzzyMatch
6119735,MIT,spdx_id,MapFuzzyMatch
5660992,MIT,spdx_id,MapFuzzyMatch
6185282,MIT,spdx_id,MapFuzzyMatch
3957060,MIT,spdx_id,MapFuzzyMatch
155975,MIT,spdx_id,MapFuzzyMatch
7496015,NCL,spdx_id,MapFuzzyMatch
3236181,ISO-permission,spdx_id,MapFuzzyMatch
1859930,MIT,spdx_id,MapFuzzyMatch
3498331,MIT,spdx_id,MapFuzzyMatch
156001,BSD-Source-Code,spdx_id,MapFuzzyMatch
287074,copyleft-next-0.3.0,spdx_id,MapFuzzyMatch
3170660,ISO-permission,spdx_id,MapFuzzyMatch
352620,ISO-permission,spdx_id,MapFuzzyMatch
352621,ISO-permission,spdx_id,MapFuzzyMatch
352622,ISO-permission,spdx_id,MapFuzzyMatch
352623,ISO-permission,spdx_id,MapFuzzyMatch
352624,ISO-permission,spdx_id,MapFuzzyMatch
5726574,ISO-permission,spdx_id,MapFuzzyMatch
6578550,BSD-3-Clause,spdx_id,MapFuzzyMatch
90491,MIT,spdx_id,MapFuzzyMatch
3301765,Apache-2.0,spdx_id,MapExactID
5923205,MIT,spdx_id,MapFuzzyMatch
4874638,BSD-1-Clause,spdx_id,MapFuzzyMatch
6250899,Apache-1.0,spdx_id,MapFuzzyMatch
2908566,MIT,spdx_id,MapFuzzyMatch
4022682,MIT,spdx_id,MapFuzzyMatch
3563932,ANTLR-PD,spdx_id,MapFuzzyMatch
4940191,MIT,spdx_id,MapFuzzyMatch
6119846,ISO-permission,spdx_id,MapFuzzyMatch
1663402,Linux-OpenIB,spdx_id,MapFuzzyMatch
1925550,ISO-permission,spdx_id,MapFuzzyMatch
3236273,ISO-permission,spdx_id,MapFuzzyMatch
2646450,MIT,spdx_id,MapFuzzyMatch
25013,,unknown,MapNA
3563962,MIT,spdx_id,MapFuzzyMatch
4088254,OLFL-1.3,spdx_id,MapFuzzyMatch
287167,DOC,spdx_id,MapFuzzyMatch
680383,MIT,spdx_id,MapFuzzyMatch
418242,MIT,spdx_id,MapFuzzyMatch
3760583,BSD-1-Clause,spdx_id,MapFuzzyMatch
745931,ISO-permission,spdx_id,MapFuzzyMatch
7692748,LGPL-2.1,spdx_id,MapFuzzyMatch
2646480,ISO-permission,spdx_id,MapFuzzyMatch
6578645,CECILL-1.1,spdx_id,MapFuzzyMatch
1073625,AGPL-1.0,spdx_id,MapFuzzyMatch
25050,copyleft-next-0.3.0,spdx_id,MapFuzzyMatch
4022755,MIT,spdx_id,MapFuzzyMatch
6119911,MIT,spdx_id,MapFuzzyMatch
7430634,MIT,spdx_id,MapFuzzyMatch
811500,MIT,spdx_id,MapFuzzyMatch
3301870,BSD-1-Clause,spdx_id,MapFuzzyMatch
1925616,BSD-3-Clause,spdx_id,MapFuzzyMatch
1008115,MIT,spdx_id,MapFuzzyMatch
7561713,MIT,spdx_id,MapFuzzyMatch
3760631,MIT,spdx_id,MapFuzzyMatch
5857786,MIT,spdx_id,MapFuzzyMatch
2253307,ANTLR-PD,spdx_id,MapFuzzyMatch
287230,Apache-1.0,spdx_id,MapFuzzyMatch
3957249,MIT,spdx_id,MapFuzzyMatch
6447619,Intel,spdx_id,MapFuzzyMatch
1991177,Apache-2.0,spdx_id,MapExactID
3957257,GPL-3.0,spdx_id,MapFuzzyMatch
1925650,MIT,spdx_id,MapFuzzyMatch
4088339,OLFL-1.3,spdx_id,MapFuzzyMatch
221720,MIT,spdx_id,MapFuzzyMatch
1335833,MIT,spdx_id,MapFuzzyMatch
4088350,OLFL-1.3,spdx_id,MapExactMatch
3957292,OSET-PL-2.1,spdx_id,MapFuzzyMatch
5530159,MIT,spdx_id,MapFuzzyMatch
5530160,BSD-2-Clause,spdx_id,MapFuzzyMatch
3826230,MIT,spdx_id,MapFuzzyMatch
7234102,Apache-1.0,spdx_id,MapFuzzyMatch
25145,GPL-3.0,spdx_id,MapFuzzyMatch
6971969,MIT,spdx_id,MapFuzzyMatch
1401410,Apache-2.0,spdx_id,MapFuzzyMatch
2843204,MIT,spdx_id,MapFuzzyMatch
1401414,copyleft-next-0.3.0,spdx_id,MapFuzzyMatch
3367496,MIT,spdx_id,MapFuzzyMatch
3564104,3D-Slicer-1.0,spdx_id,MapFuzzyMatch
2449996,BSD-1-Clause,spdx_id,MapFuzzyMatch
2843219,GPL-2.0,spdx_id,MapFuzzyMatch
1401428,MIT,spdx_id,MapFuzzyMatch
4219477,MIT,spdx_id,MapFuzzyMatch
1925718,CC-BY-4.0,spdx_id,MapFuzzyMatch
5268056,MIT,spdx_id,MapFuzzyMatch
615005,MIT,spdx_id,MapFuzzyMatch
1860190,GPL-1.0,spdx_id,MapFuzzyMatch
2515555,MIT,spdx_id,MapFuzzyMatch
1335910,BSD-2-Clause,spdx_id,MapFuzzyMatch
4874859,Apache-1.0,spdx_id,MapFuzzyMatch
615022,MIT,spdx_id,MapFuzzyMatch
3236465,,unknown,MapNA
7365239,MIT,spdx_id,MapFuzzyMatch
3302009,MIT,spdx_id,MapFuzzyMatch
1991292,ISO-permission,spdx_id,MapFuzzyMatch
3302019,MIT,spdx_id,MapFuzzyMatch
5726854,MIT,spdx_id,MapFuzzyMatch
3170952,MIT,spdx_id,MapFuzzyMatch
2581139,MIT,spdx_id,MapFuzzyMatch
5989014,MIT,spdx_id,MapFuzzyMatch
5530265,BUSL-1.1,spdx_id,MapFuzzyMatch
90782,MIT,spdx_id,MapFuzzyMatch
287392,MIT,spdx_id,MapFuzzyMatch
5464736,MIT,spdx_id,MapFuzzyMatch
1008290,BSD-1-Clause,spdx_id,MapFuzzyMatch
2646691,MIT,spdx_id,MapFuzzyMatch
4416165,MIT,spdx_id,MapFuzzyMatch
7299749,EPL-1.0,spdx_id,MapFuzzyMatch
1598132,BSD-1-Clause,spdx_id,MapFuzzyMatch
1598140,BSD-1-Clause,spdx_id,MapFuzzyMatch
811713,MIT,spdx_id,MapFuzzyMatch
1598145,BSD-1-Clause,spdx_id,MapFuzzyMatch
2908875,MIT,spdx_id,MapFuzzyMatch
90834,CC-BY-NC-4.0,spdx_id,MapExactID
1663698,Apache-1.0,spdx_id,MapFuzzyMatch
7037652,MIT,spdx_id,MapFuzzyMatch
1663711,MIT,spdx_id,MapFuzzyMatch
1008366,ISO-permission,spdx_id,MapFuzzyMatch
25330,Apache-1.0,spdx_id,MapFuzzyMatch
3105530,ISO-permission,spdx_id,MapFuzzyMatch
4219650,MIT,spdx_id,MapFuzzyMatch
3760900,Python-2.0,spdx_id,MapFuzzyMatch
5006085,MIT,spdx_id,MapFuzzyMatch
156423,Apache-1.0,spdx_id,MapFuzzyMatch
5071623,MIT,spdx_id,MapFuzzyMatch
4547339,MIT,spdx_id,MapFuzzyMatch
5464845,LGPL-3.0,spdx_id,MapFuzzyMatch
2712334,MIT,spdx_id,MapFuzzyMatch
5006099,MIT,spdx_id,MapFuzzyMatch
680730,MIT,spdx_id,MapFuzzyMatch
3957530,ISO-permission,spdx_id,MapFuzzyMatch
7103260,Apache-1.0,spdx_id,MapFuzzyMatch
680735,ISO-permission,spdx_id,MapFuzzyMatch
680745,copyleft-next-0.3.0,spdx_id,MapFuzzyMatch
3826476,MIT,spdx_id,MapFuzzyMatch
3760945,Python-2.0,spdx_id,MapFuzzyMatch
6972210,CC-BY-NC-SA-2.0-FR,spdx_id,MapFuzzyMatch
3433270,MIT,spdx_id,MapFuzzyMatch
418615,CC-BY-NC-SA-1.0,spdx_id,MapFuzzyMatch
6579000,MIT,spdx_id,MapFuzzyMatch
2908987,MIT,spdx_id,MapFuzzyMatch
6185788,MIT,spdx_id,MapFuzzyMatch
4154183,MPL-2.0,spdx_id,MapFuzzyMatch
1401672,MIT,spdx_id,MapFuzzyMatch
5595977,MIT,spdx_id,MapFuzzyMatch
5858129,Apache-2.0,spdx_id,MapFuzzyMatch
3957590,Apache-1.0,spdx_id,MapFuzzyMatch
1401692,MIT,spdx_id,MapFuzzyMatch
484192,EUPL-1.1,spdx_id,MapFuzzyMatch
3105635,ANTLR-PD,spdx_id,MapFuzzyMatch
4219749,MIT,spdx_id,MapFuzzyMatch
5268323,BSD-1-Clause,spdx_id,MapFuzzyMatch
5923687,Apache-1.0,spdx_id,MapFuzzyMatch
6513510,NIST-Software,spdx_id,MapFuzzyMatch
1991531,BSD-1-Clause,spdx_id,MapFuzzyMatch
2253678,ISO-permission,spdx_id,MapFuzzyMatch
1598329,copyleft-next-0.3.0,spdx_id,MapFuzzyMatch
4219776,MIT,spdx_id,MapFuzzyMatch
5596050,MIT,spdx_id,MapFuzzyMatch
1008532,MIT,spdx_id,MapFuzzyMatch
7168917,MIT,spdx_id,MapFuzzyMatch
877470,MIT,spdx_id,MapFuzzyMatch
2122670,MIT,spdx_id,MapFuzzyMatch
877490,MIT,spdx_id,MapFuzzyMatch
25533,MIT,spdx_id,MapFuzzyMatch
4940735,OSET-PL-2.1,spdx_id,MapFuzzyMatch
7037887,MIT,spdx_id,MapFuzzyMatch
4088778,MIT,spdx_id,MapFuzzyMatch
418765,Beerware,spdx_id,MapFuzzyMatch
5858253,Apache-1.0,spdx_id,MapFuzzyMatch
6317005,MIT,spdx_id,MapFuzzyMatch
4875221,GPL-1.0,spdx_id,MapFuzzyMatch
3433437,ISO-permission,spdx_id,MapFuzzyMatch
2253794,MIT-0,spdx_id,MapExactMatch
1598436,ISO-permission,spdx_id,MapFuzzyMatch
5661672,BSD-2-Clause,spdx_id,MapFuzzyMatch
4875250,MIT,spdx_id,MapFuzzyMatch
4219893,Apache-2.0,spdx_id,MapFuzzyMatch
418821,CC-BY-4.0,spdx_id,MapFuzzyMatch
91149,MIT,spdx_id,MapFuzzyMatch
3105805,MIT,spdx_id,MapFuzzyMatch
812050,MIT,spdx_id,MapFuzzyMatch
1074195,Apache-2.0,spdx_id,MapFuzzyMatch
5268500,Artistic-1.0,spdx_id,MapFuzzyMatch
1664021,MIT,spdx_id,MapFuzzyMatch
5530643,CC-BY-ND,license_family,MapLicenseFamily
3761176,MIT,spdx_id,MapFuzzyMatch
2712609,NIST-Software,spdx_id,MapFuzzyMatch
3302433,Apache-1.0,spdx_id,MapFuzzyMatch
5399589,MIT,spdx_id,MapFuzzyMatch
5858343,MIT,spdx_id,MapFuzzyMatch
5399592,MIT,spdx_id,MapFuzzyMatch
5006382,MIT,spdx_id,MapFuzzyMatch
7496755,Apache-2.0,spdx_id,MapFuzzyMatch
3171382,0BSD,spdx_id,MapFuzzyMatch
4613174,MIT,spdx_id,MapFuzzyMatch
6579260,BSD-2-Clause,spdx_id,MapFuzzyMatch
4940864,ANTLR-PD,spdx_id,MapFuzzyMatch
5465152,Apache-1.0,spdx_id,MapFuzzyMatch
1533006,BSD-1-Clause,spdx_id,MapFuzzyMatch
2253903,MIT,spdx_id,MapFuzzyMatch
5792850,MIT,spdx_id,MapFuzzyMatch
681045,Fair,spdx_id,MapFuzzyMatch
5006423,MIT,spdx_id,MapFuzzyMatch
2122841,MIT,spdx_id,MapFuzzyMatch
1008736,GPL-3.0,spdx_id,MapFuzzyMatch
4940897,MIT,spdx_id,MapFuzzyMatch
1336421,MIT,spdx_id,MapFuzzyMatch
3630182,MIT,spdx_id,MapFuzzyMatch
6382697,MIT,spdx_id,MapFuzzyMatch
5530737,ISO-permission,spdx_id,MapFuzzyMatch
3564659,MIT,spdx_id,MapFuzzyMatch
3630202,ISO-permission,spdx_id,MapFuzzyMatch
484475,BSD-Source-Code,spdx_id,MapFuzzyMatch
6251642,BUSL-1.1,spdx_id,MapFuzzyMatch
7300222,MIT,spdx_id,MapFuzzyMatch
1991809,MIT,spdx_id,MapFuzzyMatch
156803,MIT,spdx_id,MapFuzzyMatch
2516104,MIT,spdx_id,MapFuzzyMatch
156812,MIT,spdx_id,MapFuzzyMatch
25742,BSD-1-Clause,spdx_id,MapFuzzyMatch
25743,MIT,spdx_id,MapFuzzyMatch
25744,CC-BY-NC-SA-4.0,spdx_id,MapExactID
5530772,ANTLR-PD,spdx_id,MapFuzzyMatch
2712730,MIT,spdx_id,MapFuzzyMatch
4154523,ISO-permission,spdx_id,MapFuzzyMatch
5989533,AGPL-1.0,spdx_id,MapFuzzyMatch
7300260,NLOD-1.0,spdx_id,MapFuzzyMatch
25773,AGPL-3.0-only,spdx_id,MapExactMatch
681136,MIT,spdx_id,MapFuzzyMatch
2516145,PDDL-1.0,spdx_id,MapFuzzyMatch
7627952,MIT,spdx_id,MapFuzzyMatch
5006516,MIT,spdx_id,MapFuzzyMatch
5596340,MIT,spdx_id,MapFuzzyMatch
5989564,MIT,spdx_id,MapFuzzyMatch
877757,BSD-3-Clause-No-Nuclear-License,spdx_id,MapFuzzyMatch
5530813,MIT,spdx_id,MapFuzzyMatch
681163,MIT,spdx_id,MapFuzzyMatch
877771,MIT,spdx_id,MapFuzzyMatch
2516173,ISO-permission,spdx_id,MapFuzzyMatch
3826895,MIT,spdx_id,MapFuzzyMatch
3106003,AGPL-3.0,spdx_id,MapFuzzyMatch
3433691,MIT,spdx_id,MapFuzzyMatch
25820,Apache-2.0,spdx_id,MapExactID
7234780,ISO-permission,spdx_id,MapFuzzyMatch
6317279,MIT,spdx_id,MapFuzzyMatch
2647273,MIT,spdx_id,MapFuzzyMatch
5006572,MIT,spdx_id,MapFuzzyMatch
25845,BSL-1.0,spdx_id,MapExactMatch
2712821,BSD-1-Clause,spdx_id,MapFuzzyMatch
3761399,CERN-OHL-S-2.0,spdx_id,MapFuzzyMatch
3368188,Apache-1.0,spdx_id,MapFuzzyMatch
615677,AGPL-3.0,spdx_id,MapFuzzyMatch
287999,MIT,spdx_id,MapFuzzyMatch
1926412,AFL-3.0,spdx_id,MapExactID
7562518,CC-PDDC,spdx_id,MapFuzzyMatch
877847,Apache-2.0,spdx_id,MapFuzzyMatch
6448408,BSD-2-Clause,spdx_id,MapFuzzyMatch
4089115,MIT,spdx_id,MapFuzzyMatch
2843932,MIT,spdx_id,MapFuzzyMatch
3302688,MIT,spdx_id,MapFuzzyMatch
2712867,MIT,spdx_id,MapFuzzyMatch
5465389,LGPL-2.1,spdx_id,MapFuzzyMatch
746799,Apache-2.0,spdx_id,MapFuzzyMatch
4089136,MIT,spdx_id,MapFuzzyMatch
3564851,MIT,spdx_id,MapFuzzyMatch
3302709,MIT,spdx_id,MapFuzzyMatch
91450,MIT,spdx_id,MapFuzzyMatch
6382909,LGPL-2.1,spdx_id,MapFuzzyMatch
2909506,MIT,spdx_id,MapFuzzyMatch
1008969,MIT,spdx_id,MapFuzzyMatch
550218,BSD-2-Clause,spdx_id,MapFuzzyMatch
3302733,MIT,spdx_id,MapFuzzyMatch
5465421,MIT,spdx_id,MapFuzzyMatch
419154,AGPL-1.0,spdx_id,MapFuzzyMatch
7234902,GPL-1.0,spdx_id,MapFuzzyMatch
6448472,GPL-3.0,spdx_id,MapFuzzyMatch
5268832,BSD-1-Clause,spdx_id,MapFuzzyMatch
157026,AGPL-3.0,spdx_id,MapExactID
2909539,MIT,spdx_id,MapFuzzyMatch
288100,GPL-3.0-or-later,spdx_id,MapFuzzyMatch
5137767,Fair,spdx_id,MapFuzzyMatch
157032,CECILL-1.1,spdx_id,MapFuzzyMatch
1992040,MIT,spdx_id,MapFuzzyMatch
2581869,copyleft-next-0.3.0,spdx_id,MapFuzzyMatch
3761519,ISO-permission,spdx_id,MapFuzzyMatch
157046,ISC,spdx_id,MapFuzzyMatch
5465471,MIT,spdx_id,MapFuzzyMatch
3958146,BSD-3-Clause,spdx_id,MapFuzzyMatch
6514050,MIT,spdx_id,MapFuzzyMatch
3040645,Apache-1.0,spdx_id,MapFuzzyMatch
6382988,MIT,spdx_id,MapFuzzyMatch
2188688,MIT,spdx_id,MapFuzzyMatch
681364,MIT,spdx_id,MapFuzzyMatch
550296,GPL-3.0,spdx_id,MapFuzzyMatch
7234971,MIT,spdx_id,MapFuzzyMatch
5727658,ISO-permission,spdx_id,MapFuzzyMatch
26029,LGPL,license_family,MapLicenseFamily
1861042,MIT,spdx_id,MapFuzzyMatch
3630514,MIT,spdx_id,MapFuzzyMatch
222647,MIT,spdx_id,MapFuzzyMatch
4613561,ISO-permission,spdx_id,MapFuzzyMatch
1664443,MIT,spdx_id,MapFuzzyMatch
6514105,LGPL-2.0,spdx_id,MapFuzzyMatch
1664448,Apache-2.0,spdx_id,MapFuzzyMatch
2581953,BSD-1-Clause,spdx_id,MapFuzzyMatch
2909647,BSL-1.0,spdx_id,MapExactMatch
157139,Fair,spdx_id,MapFuzzyMatch
222677,Apache-1.0,spdx_id,MapFuzzyMatch
3630553,MIT,spdx_id,MapFuzzyMatch
5400025,MIT,spdx_id,MapFuzzyMatch
5662172,MIT,spdx_id,MapFuzzyMatch
1926622,MIT,spdx_id,MapFuzzyMatch
91615,Apache-1.0,spdx_id,MapFuzzyMatch
746981,MIT,spdx_id,MapFuzzyMatch
5989863,MIT,spdx_id,MapExactID
419311,WTFPL,spdx_id,MapFuzzyMatch
2713085,ISO-permission,spdx_id,MapFuzzyMatch
6317574,MIT,spdx_id,MapFuzzyMatch
1926670,Intel,spdx_id,MapFuzzyMatch
1336847,MIT,spdx_id,MapFuzzyMatch
4220430,CC-BY-4.0,spdx_id,MapFuzzyMatch
550419,BSD-3-Clause-No-Nuclear-License,spdx_id,MapFuzzyMatch
6448672,BSD,license_family,MapLicenseFamily
2123307,MIT,spdx_id,MapFuzzyMatch
1795634,ISO-permission,spdx_id,MapFuzzyMatch
2450994,MIT,spdx_id,MapFuzzyMatch
5727798,Apache-1.0,spdx_id,MapFuzzyMatch
1533513,AGPL-3.0,spdx_id,MapFuzzyMatch
812629,MIT,spdx_id,MapFuzzyMatch
4220506,ISO-permission,spdx_id,MapFuzzyMatch
1992288,ISO-permission,spdx_id,MapFuzzyMatch
2713189,MIT,spdx_id,MapFuzzyMatch
7366250,MIT,spdx_id,MapFuzzyMatch
6579820,GPL-1.0,spdx_id,MapFuzzyMatch
3040892,MIT,spdx_id,MapFuzzyMatch
5465724,ISO-permission,spdx_id,MapFuzzyMatch
1074816,BSD-3-Clause,spdx_id,MapFuzzyMatch
681611,MIT,spdx_id,MapFuzzyMatch
2582165,MIT,spdx_id,MapFuzzyMatch
4220577,ISO-permission,spdx_id,MapFuzzyMatch
6579873,copyleft-next-0.3.0,spdx_id,MapFuzzyMatch
3172003,MIT,spdx_id,MapFuzzyMatch
5072556,MIT,spdx_id,MapFuzzyMatch
812725,MIT,spdx_id,MapFuzzyMatch
1074884,ISO-permission,spdx_id,MapFuzzyMatch
3040972,MIT,spdx_id,MapFuzzyMatch
5072604,ISO-permission,spdx_id,MapFuzzyMatch
26343,LGPL-3.0,spdx_id,MapFuzzyMatch
91879,Apache-2.0,spdx_id,MapExactMatch
3892967,BSD-1-Clause,spdx_id,MapFuzzyMatch
6252278,MIT,spdx_id,MapFuzzyMatch
5400317,LGPL-2.1,spdx_id,MapFuzzyMatch
5531393,MIT,spdx_id,MapFuzzyMatch
2123526,ISO-permission,spdx_id,MapFuzzyMatch
2123527,MIT,spdx_id,MapFuzzyMatch
4024079,ANTLR-PD,spdx_id,MapFuzzyMatch
747281,EUPL-1.1,spdx_id,MapExactID
3630866,MIT,spdx_id,MapFuzzyMatch
6121246,MIT,spdx_id,MapFuzzyMatch
91938,GPL-2.0,spdx_id,MapFuzzyMatch
3434277,Python-2.0,spdx_id,MapFuzzyMatch
4024113,MIT,spdx_id,MapFuzzyMatch
5400376,MIT,spdx_id,MapFuzzyMatch
2189114,GPL-1.0,spdx_id,MapFuzzyMatch
7300926,MIT,spdx_id,MapFuzzyMatch
3893066,MIT,spdx_id,MapFuzzyMatch
6973265,Apache-2.0,spdx_id,MapFuzzyMatch
6580058,MIT,spdx_id,MapFuzzyMatch
2451293,GPL-3.0,spdx_id,MapExactMatch
5990237,BSD-1-Clause,spdx_id,MapFuzzyMatch
6580076,CC-BY-NC-SA-2.0-FR,spdx_id,MapFuzzyMatch
4220784,MIT,spdx_id,MapFuzzyMatch
3434355,MIT,spdx_id,MapFuzzyMatch
5007220,copyleft-next-0.3.0,spdx_id,MapFuzzyMatch
6580088,MIT,spdx_id,MapFuzzyMatch
4548473,MIT,spdx_id,MapFuzzyMatch
1664897,MIT,spdx_id,MapFuzzyMatch
5400449,MIT,spdx_id,MapFuzzyMatch
4024195,MIT,spdx_id,MapFuzzyMatch
5793666,LGPL-2.1,spdx_id,MapFuzzyMatch
1927048,MIT,spdx_id,MapFuzzyMatch
812940,MIT,spdx_id,MapFuzzyMatch
2123663,MIT,spdx_id,MapFuzzyMatch
7497625,MIT,spdx_id,MapFuzzyMatch
1927069,BSD-3-Clause-Clear,spdx_id,MapExactMatch
5400479,MIT,spdx_id,MapFuzzyMatch
7628709,ISC,spdx_id,MapFuzzyMatch
2516914,MIT,spdx_id,MapFuzzyMatch
26548,Apache-2.0,spdx_id,MapFuzzyMatch
5072828,ISO-permission,spdx_id,MapFuzzyMatch
5466054,Unlicense,spdx_id,MapFuzzyMatch
4024267,MIT,spdx_id,MapFuzzyMatch
681934,BSD-1-Clause,spdx_id,MapFuzzyMatch
681935,BSD-1-Clause,spdx_id,MapFuzzyMatch
4941786,ISO-permission,spdx_id,MapFuzzyMatch
878559,MIT,spdx_id,MapFuzzyMatch
4089826,Apache-1.0,spdx_id,MapFuzzyMatch
4089832,Apache-1.0,spdx_id,MapFuzzyMatch
288768,BUSL-1.1,spdx_id,MapFuzzyMatch
3827720,MIT,spdx_id,MapFuzzyMatch
2058249,MIT,spdx_id,MapFuzzyMatch
3762191,Apache-1.0,spdx_id,MapFuzzyMatch
288786,EPL-2.0,spdx_id,MapFuzzyMatch
4941844,MIT,spdx_id,MapFuzzyMatch
2123798,GPL-3.0,spdx_id,MapFuzzyMatch
5400608,Apache-1.0,spdx_id,MapFuzzyMatch
2451489,MIT,spdx_id,MapFuzzyMatch
3958819,MIT,spdx_id,MapFuzzyMatch
6645795,MIT,spdx_id,MapFuzzyMatch
5400615,MIT,spdx_id,MapFuzzyMatch
7301162,MIT,spdx_id,MapFuzzyMatch
1599534,ISO-permission,spdx_id,MapFuzzyMatch
3106863,ISO-permission,spdx_id,MapFuzzyMatch
1140785,MIT,spdx_id,MapFuzzyMatch
2451507,MIT,spdx_id,MapFuzzyMatch
1599545,ISO-permission,spdx_id,MapFuzzyMatch
2058302,MIT,spdx_id,MapFuzzyMatch
1927233,GPL-2.0,spdx_id,MapFuzzyMatch
5204037,MIT,spdx_id,MapFuzzyMatch
3762252,MIT,spdx_id,MapFuzzyMatch
5400657,MIT,spdx_id,MapFuzzyMatch
1402976,GPL-3.0,spdx_id,MapFuzzyMatch
1992803,BSD-1-Clause,spdx_id,MapFuzzyMatch
4221031,MIT,spdx_id,MapFuzzyMatch
26732,GPL-1.0,spdx_id,MapFuzzyMatch
288881,MIT,spdx_id,MapFuzzyMatch
1599602,MIT,spdx_id,MapFuzzyMatch
223350,EFL-1.0,spdx_id,MapFuzzyMatch
2386043,MIT,spdx_id,MapFuzzyMatch
5400711,MIT,spdx_id,MapFuzzyMatch
5531786,MIT,spdx_id,MapFuzzyMatch
3500175,MIT,spdx_id,MapFuzzyMatch
92305,MIT,spdx_id,MapFuzzyMatch
5466261,ISO-permission,spdx_id,MapFuzzyMatch
4221097,ISO-permission,spdx_id,MapFuzzyMatch
5204141,MIT,spdx_id,MapFuzzyMatch
813231,MIT,spdx_id,MapFuzzyMatch
616625,ISO-permission,spdx_id,MapFuzzyMatch
3893427,BSD-1-Clause,spdx_id,MapFuzzyMatch
157879,AGPL-3.0,spdx_id,MapFuzzyMatch
3958968,MIT,spdx_id,MapFuzzyMatch
3893437,MIT,spdx_id,MapFuzzyMatch
7104702,Apache-2.0,spdx_id,MapExactMatch
6449354,copyleft-next-0.3.0,spdx_id,MapFuzzyMatch
1140942,ANTLR-PD,spdx_id,MapFuzzyMatch
3500244,Apache-1.1,spdx_id,MapFuzzyMatch
2844888,MIT,spdx_id,MapFuzzyMatch
5531870,GPL-2.0,spdx_id,MapFuzzyMatch
2713826,Artistic-1.0,spdx_id,MapFuzzyMatch
5007595,Unlicense,spdx_id,MapFuzzyMatch
1075443,MIT,spdx_id,MapFuzzyMatch
2386176,MIT,spdx_id,MapFuzzyMatch
354565,MIT,spdx_id,MapFuzzyMatch
92426,MIT,spdx_id,MapFuzzyMatch
354572,MIT,spdx_id,MapFuzzyMatch
1403155,Unlicense,spdx_id,MapFuzzyMatch
1337620,LPD-document,spdx_id,MapFuzzyMatch
6449430,BSD-3-Clause,spdx_id,MapExactMatch
3434780,Apache-1.0,spdx_id,MapFuzzyMatch
2189614,MIT,spdx_id,MapFuzzyMatch
6514991,MIT,spdx_id,MapFuzzyMatch
7432494,MIT,spdx_id,MapFuzzyMatch
2058546,ISO-permission,spdx_id,MapFuzzyMatch
4155699,BSD-1-Clause,spdx_id,MapFuzzyMatch
7235896,MIT,spdx_id,MapFuzzyMatch
92476,BSD-1-Clause,spdx_id,MapFuzzyMatch
2255179,MIT,spdx_id,MapFuzzyMatch
616783,Apache-2.0,spdx_id,MapFuzzyMatch
4090192,MIT,spdx_id,MapFuzzyMatch
1665361,ISO-permission,spdx_id,MapFuzzyMatch
6187357,ISO-permission,spdx_id,MapFuzzyMatch
420194,ISO-permission,spdx_id,MapFuzzyMatch
5663074,MIT,spdx_id,MapFuzzyMatch
2386278,Apache-2.0,spdx_id,MapFuzzyMatch
3565926,MIT,spdx_id,MapFuzzyMatch
5990762,ISO-permission,spdx_id,MapFuzzyMatch
5663085,MIT,spdx_id,MapFuzzyMatch
4417902,MIT,spdx_id,MapFuzzyMatch
354673,MIT,spdx_id,MapFuzzyMatch
6318468,MIT,spdx_id,MapFuzzyMatch
5794184,MIT,spdx_id,MapFuzzyMatch
3959189,Apache-2.0,spdx_id,MapFuzzyMatch
158102,ZPL-1.1,spdx_id,MapFuzzyMatch
813463,ISO-permission,spdx_id,MapFuzzyMatch
4090261,BSD-1-Clause,spdx_id,MapFuzzyMatch
5597592,MIT,spdx_id,MapFuzzyMatch
5728666,MIT,spdx_id,MapFuzzyMatch
7170459,Intel,spdx_id,MapFuzzyMatch
6646176,MIT,spdx_id,MapFuzzyMatch
2255269,MIT,spdx_id,MapFuzzyMatch
2714024,BSD-3-Clause,spdx_id,MapFuzzyMatch
92586,MIT,spdx_id,MapFuzzyMatch
2714039,MIT,spdx_id,MapFuzzyMatch
2714040,MIT,spdx_id,MapFuzzyMatch
4942264,MIT,spdx_id,MapFuzzyMatch
5990843,MIT,spdx_id,MapFuzzyMatch
2255293,ISO-permission,spdx_id,MapFuzzyMatch
1403326,MIT,spdx_id,MapFuzzyMatch
5663170,OSL-3.0,spdx_id,MapExactMatch
223699,SMAIL-GPL,spdx_id,MapFuzzyMatch
3566041,Apache-2.0,spdx_id,MapFuzzyMatch
3959265,MIT,spdx_id,MapFuzzyMatch
5401057,MIT,spdx_id,MapFuzzyMatch
3303919,MIT,spdx_id,MapFuzzyMatch
3172861,MIT,spdx_id,MapFuzzyMatch
92676,AGPL-3.0,spdx_id,MapFuzzyMatch
92677,CC-BY-3.0,spdx_id,MapExactID
551428,Apache-1.0,spdx_id,MapFuzzyMatch
289289,GPL-2.0,spdx_id,MapFuzzyMatch
158220,Apache-2.0,spdx_id,MapFuzzyMatch
3172877,MIT,spdx_id,MapFuzzyMatch
3500578,Apache-1.0,spdx_id,MapFuzzyMatch
6122021,MIT,spdx_id,MapFuzzyMatch
3893812,MIT,spdx_id,MapFuzzyMatch
4024884,Apache-1.0,spdx_id,MapFuzzyMatch
4155956,MIT,spdx_id,MapFuzzyMatch
4155959,MIT,spdx_id,MapExactMatch
5794366,MIT,spdx_id,MapFuzzyMatch
5401154,MIT,spdx_id,MapFuzzyMatch
2583107,MIT,spdx_id,MapFuzzyMatch
1337928,copyleft-next-0.3.0,spdx_id,MapFuzzyMatch
92751,ISO-permission,spdx_id,MapFuzzyMatch
4549206,ISO-permission,spdx_id,MapFuzzyMatch
3959392,MIT,spdx_id,MapFuzzyMatch
4876898,MIT,spdx_id,MapFuzzyMatch
3172972,MIT,spdx_id,MapFuzzyMatch
5204590,MIT,spdx_id,MapFuzzyMatch
5204592,MIT,spdx_id,MapFuzzyMatch
5532280,MIT,spdx_id,MapFuzzyMatch
7367297,ISO-permission,spdx_id,MapFuzzyMatch
3435143,Apache-1.0,spdx_id,MapFuzzyMatch
4876937,Apache-1.0,spdx_id,MapFuzzyMatch
5532297,BSD-1-Clause,spdx_id,MapFuzzyMatch
1338002,MIT,spdx_id,MapFuzzyMatch
5401239,MIT,spdx_id,MapFuzzyMatch
7170713,MIT,spdx_id,MapFuzzyMatch
1927838,MIT,spdx_id,MapFuzzyMatch
617121,MIT,spdx_id,MapFuzzyMatch
4024994,MIT,spdx_id,MapFuzzyMatch
420528,MIT,spdx_id,MapFuzzyMatch
2648764,MIT,spdx_id,MapFuzzyMatch
5663423,ISO-permission,spdx_id,MapFuzzyMatch
2910922,eCos-2.0,spdx_id,MapFuzzyMatch
3762891,MIT,spdx_id,MapFuzzyMatch
3173069,MIT,spdx_id,MapFuzzyMatch
5991138,MIT,spdx_id,MapFuzzyMatch
3762922,NLPL,spdx_id,MapFuzzyMatch
3631853,ISO-permission,spdx_id,MapFuzzyMatch
5729010,MIT,spdx_id,MapFuzzyMatch
7039731,MIT,spdx_id,MapFuzzyMatch
682742,MIT,spdx_id,MapFuzzyMatch
6056695,MIT,spdx_id,MapFuzzyMatch
813817,ISO-permission,spdx_id,MapFuzzyMatch
92925,MS-LPL,spdx_id,MapFuzzyMatch
1403649,BSD-Source-Code,spdx_id,MapFuzzyMatch
7105287,MIT,spdx_id,MapFuzzyMatch
224033,CC-BY-4.0,spdx_id,MapExactID
6187809,MIT,spdx_id,MapFuzzyMatch
3369763,MIT,spdx_id,MapFuzzyMatch
6187812,MIT,spdx_id,MapFuzzyMatch
3435301,Apache-1.0,spdx_id,MapFuzzyMatch
2648874,MIT,spdx_id,MapFuzzyMatch
3435319,Apache-1.0,spdx_id,MapFuzzyMatch
4483895,MIT,spdx_id,MapFuzzyMatch
2583353,MIT,spdx_id,MapFuzzyMatch
7498554,MIT,spdx_id,MapFuzzyMatch
6122304,MIT,spdx_id,MapFuzzyMatch
6384453,MIT,spdx_id,MapFuzzyMatch
5794639,MIT,spdx_id,MapFuzzyMatch
420688,MIT,spdx_id,MapFuzzyMatch
486225,MIT,spdx_id,MapFuzzyMatch
6646607,MIT,spdx_id,MapFuzzyMatch
486228,MIT,spdx_id,MapFuzzyMatch
1010519,MIT,spdx_id,MapFuzzyMatch
2321244,MIT,spdx_id,MapFuzzyMatch
2583388,MIT,spdx_id,MapFuzzyMatch
5532511,Apache-1.0,spdx_id,MapFuzzyMatch
682848,Apache-2.0,spdx_id,MapFuzzyMatch
1403751,ANTLR-PD,spdx_id,MapFuzzyMatch
1141608,BSD-1-Clause,spdx_id,MapFuzzyMatch
5270392,MIT,spdx_id,MapFuzzyMatch
7170937,MIT,spdx_id,MapFuzzyMatch
6187902,MIT,spdx_id,MapFuzzyMatch
7170944,MIT,spdx_id,MapFuzzyMatch
1731463,CECILL-C,spdx_id,MapFuzzyMatch
289675,ZPL-2.1,spdx_id,MapExactID
5598092,Apache-1.0,spdx_id,MapFuzzyMatch
5467023,MIT,spdx_id,MapFuzzyMatch
2583440,MIT,spdx_id,MapFuzzyMatch
1928084,MIT,spdx_id,MapFuzzyMatch
93089,BSD-3-Clause,spdx_id,MapFuzzyMatch
4942755,MIT,spdx_id,MapFuzzyMatch
7170982,COIL-1.0,spdx_id,MapFuzzyMatch
486316,MIT,spdx_id,MapFuzzyMatch
3959727,NIST-Software,spdx_id,MapFuzzyMatch
2190270,MIT,spdx_id,MapFuzzyMatch
5401534,MIT,spdx_id,MapFuzzyMatch
6253504,LGPL-3.0,spdx_id,MapFuzzyMatch
289730,ZPL-1.1,spdx_id,MapFuzzyMatch
2190273,ISO-permission,spdx_id,MapFuzzyMatch
7433151,AGPL-3.0,spdx_id,MapFuzzyMatch
879561,Apache-1.1,spdx_id,MapFuzzyMatch
1600463,MIT,spdx_id,MapFuzzyMatch
3763156,GPL-3.0,spdx_id,MapFuzzyMatch
6056919,Apache-1.0,spdx_id,MapFuzzyMatch
879581,MIT,spdx_id,MapFuzzyMatch
5139422,AGPL-1.0,spdx_id,MapFuzzyMatch
2124772,Apache-2.0,spdx_id,MapFuzzyMatch
224237,MIT,spdx_id,MapFuzzyMatch
2714612,MIT,spdx_id,MapFuzzyMatch
3959797,MIT,spdx_id,MapFuzzyMatch
2190326,ISO-permission,spdx_id,MapFuzzyMatch
2190335,ISO-permission,spdx_id,MapFuzzyMatch
2583554,MIT,spdx_id,MapFuzzyMatch
4156420,MIT,spdx_id,MapFuzzyMatch
551941,LGPL-2.1,spdx_id,MapFuzzyMatch
6581252,copyleft-next-0.3.0,spdx_id,MapFuzzyMatch
486407,MIT,spdx_id,MapFuzzyMatch
2583561,MIT,spdx_id,MapFuzzyMatch
814090,MIT,spdx_id,MapFuzzyMatch
2583562,MIT,spdx_id,MapFuzzyMatch
7498769,MIT,spdx_id,MapFuzzyMatch
486441,Apache-2.0,spdx_id,MapFuzzyMatch
420909,MIT,spdx_id,MapFuzzyMatch
2452536,CDDL-1.0,spdx_id,MapFuzzyMatch
6581304,AML,spdx_id,MapFuzzyMatch
4025406,3D-Slicer-1.0,spdx_id,MapFuzzyMatch
6384702,MIT,spdx_id,MapFuzzyMatch
7171137,Apache-2.0,spdx_id,MapFuzzyMatch
4025410,MIT,spdx_id,MapFuzzyMatch
5467203,MIT,spdx_id,MapFuzzyMatch
1731663,MIT,spdx_id,MapFuzzyMatch
5794895,SMAIL-GPL,spdx_id,MapFuzzyMatch
5729366,MIT,spdx_id,MapFuzzyMatch
1141856,BSD-3-Clause,spdx_id,MapFuzzyMatch
4615269,MIT,spdx_id,MapFuzzyMatch
814182,MIT,spdx_id,MapFuzzyMatch
2780269,CECILL-1.0,spdx_id,MapFuzzyMatch
552049,Mup,spdx_id,MapFuzzyMatch
2190452,GPL-3.0,spdx_id,MapFuzzyMatch
3042433,Unlicense,spdx_id,MapFuzzyMatch
93315,MIT,spdx_id,MapFuzzyMatch
5401732,MIT,spdx_id,MapFuzzyMatch
4418698,MIT,spdx_id,MapFuzzyMatch
1731725,MIT,spdx_id,MapFuzzyMatch
4615312,MIT,spdx_id,MapFuzzyMatch
5598354,MIT,spdx_id,MapFuzzyMatch
93335,BSD-1-Clause,spdx_id,MapFuzzyMatch
486557,Apache-2.0,spdx_id,MapFuzzyMatch
2387103,ISO-permission,spdx_id,MapFuzzyMatch
1797280,CC-BY-1.0,spdx_id,MapFuzzyMatch
2649249,MIT,spdx_id,MapFuzzyMatch
1141922,AGPL-3.0,spdx_id,MapFuzzyMatch
1993891,ISO-permission,spdx_id,MapFuzzyMatch
1928356,Apache-1.0,spdx_id,MapFuzzyMatch
5401764,ANTLR-PD,spdx_id,MapFuzzyMatch
1076390,MIT,spdx_id,MapFuzzyMatch
4091062,MIT,spdx_id,MapFuzzyMatch
1797353,MIT,spdx_id,MapFuzzyMatch
2125034,Artistic-1.0,spdx_id,MapFuzzyMatch
7040235,MIT,spdx_id,MapFuzzyMatch
1141996,MIT,spdx_id,MapFuzzyMatch
5991661,MIT,spdx_id,MapFuzzyMatch
3632370,MIT,spdx_id,MapFuzzyMatch
5467381,BSD-1-Clause,spdx_id,MapFuzzyMatch
2780425,GPL-1.0,spdx_id,MapFuzzyMatch
1993996,copyleft-next-0.3.0,spdx_id,MapFuzzyMatch
2452761,MIT,spdx_id,MapFuzzyMatch
2256165,BSD-Source-Code,spdx_id,MapFuzzyMatch
93478,,unknown,MapNA
7105838,BSD-1-Clause,spdx_id,MapFuzzyMatch
7499065,LGPL-2.1-or-later,spdx_id,MapFuzzyMatch
3370298,MIT,spdx_id,MapFuzzyMatch
2256187,BSD-2-Clause,spdx_id,MapFuzzyMatch
6057277,MIT,spdx_id,MapFuzzyMatch
2256190,BSD-3-Clause,spdx_id,MapExactID
748864,ISO-permission,spdx_id,MapFuzzyMatch
1797442,CC-BY-NC-1.0,spdx_id,MapFuzzyMatch
7499077,MIT,spdx_id,MapFuzzyMatch
2714950,MulanPSL-2.0,spdx_id,MapExactMatch
2256201,BSD-3-Clause,spdx_id,MapFuzzyMatch
2387274,NIST-Software,spdx_id,MapFuzzyMatch
6057295,BSD-1-Clause,spdx_id,MapFuzzyMatch
3894610,copyleft-next-0.3.0,spdx_id,MapFuzzyMatch
2321753,MIT,spdx_id,MapFuzzyMatch
486746,GPL-3.0,spdx_id,MapFuzzyMatch
4549988,MIT,spdx_id,MapFuzzyMatch
6253925,CC0-1.0,spdx_id,MapFuzzyMatch
5598568,MIT,spdx_id,MapFuzzyMatch
93554,Unlicense,spdx_id,MapExactID
4943219,MIT,spdx_id,MapFuzzyMatch
5860724,BSD-1-Clause,spdx_id,MapFuzzyMatch
6057342,BSD-1-Clause,spdx_id,MapFuzzyMatch
1863046,MIT,spdx_id,MapFuzzyMatch
7302536,MIT,spdx_id,MapFuzzyMatch
93579,BSD-3-Clause,spdx_id,MapFuzzyMatch
3370382,BSD-1-Clause,spdx_id,MapFuzzyMatch
7499149,MIT,spdx_id,MapFuzzyMatch
7237015,ISO-permission,spdx_id,MapFuzzyMatch
1076634,MIT,spdx_id,MapFuzzyMatch
6450586,MIT,spdx_id,MapFuzzyMatch
1076638,MIT,spdx_id,MapFuzzyMatch
5664158,NIST-Software,spdx_id,MapFuzzyMatch
1404326,MIT,spdx_id,MapFuzzyMatch
6319531,ISO-permission,spdx_id,MapFuzzyMatch
3763640,ISO-permission,spdx_id,MapFuzzyMatch
4091324,MIT,spdx_id,MapFuzzyMatch
1928637,ISO-permission,spdx_id,MapFuzzyMatch
683457,MIT,spdx_id,MapFuzzyMatch
28105,MIT,spdx_id,MapExactMatch
4877769,MIT,spdx_id,MapFuzzyMatch
1666510,ISO-permission,spdx_id,MapFuzzyMatch
683475,MIT,spdx_id,MapFuzzyMatch
1535444,Apache-2.0,spdx_id,MapFuzzyMatch
683478,MIT,spdx_id,MapFuzzyMatch
7237080,MIT,spdx_id,MapFuzzyMatch
5664222,BSD-Source-Code,spdx_id,MapFuzzyMatch
683495,Apache-1.0,spdx_id,MapFuzzyMatch
1797608,Apache-2.0,spdx_id,MapFuzzyMatch
355826,AGPL-3.0,spdx_id,MapFuzzyMatch
3370486,MIT,spdx_id,MapFuzzyMatch
2911738,MIT,spdx_id,MapFuzzyMatch
486911,LGPL-2.1-or-later,spdx_id,MapExactID
1338891,Apache-2.0,spdx_id,MapFuzzyMatch
6516239,MIT,spdx_id,MapFuzzyMatch
7237135,MIT,spdx_id,MapFuzzyMatch
2518550,MIT,spdx_id,MapFuzzyMatch
6057497,MIT,spdx_id,MapFuzzyMatch
2387488,copyleft-next-0.3.0,spdx_id,MapFuzzyMatch
3173923,CC-BY-NC,license_family,MapLicenseFamily
3501603,MIT,spdx_id,MapFuzzyMatch
2518566,BSD-3-Clause-No-Nuclear-License,spdx_id,MapFuzzyMatch
2518569,ISO-permission,spdx_id,MapFuzzyMatch
945751,Apache-2.0,spdx_id,MapFuzzyMatch
3370585,MIT,spdx_id,MapFuzzyMatch
1994331,BSD-2-Clause,spdx_id,MapFuzzyMatch
2518620,MIT,spdx_id,MapFuzzyMatch
3501661,MIT,spdx_id,MapFuzzyMatch
5205605,MIT,spdx_id,MapFuzzyMatch
1601126,Apache-2.0,spdx_id,MapFuzzyMatch
3370606,MIT,spdx_id,MapFuzzyMatch
4222584,Apache-1.0,spdx_id,MapFuzzyMatch
7564922,GPL-1.0,spdx_id,MapFuzzyMatch
3174014,MIT,spdx_id,MapFuzzyMatch
5467780,ISO-permission,spdx_id,MapFuzzyMatch
3174023,CC-BY-1.0,spdx_id,MapFuzzyMatch
93846,MIT,spdx_id,MapFuzzyMatch
2780830,AGPL-1.0,spdx_id,MapFuzzyMatch
1076897,MIT,spdx_id,MapFuzzyMatch
814764,LGPL-2.1,spdx_id,MapFuzzyMatch
1076920,CC-BY-NC-SA-1.0,spdx_id,MapFuzzyMatch
5861053,BSD-1-Clause,spdx_id,MapFuzzyMatch
3305152,EPL-1.0,spdx_id,MapExactMatch
7302848,Apache-1.0,spdx_id,MapFuzzyMatch
6188741,Zlib,spdx_id,MapFuzzyMatch
6188743,MIT,spdx_id,MapFuzzyMatch
290505,GPL,license_family,MapLicenseFamily
1797840,Apache-2.0,spdx_id,MapFuzzyMatch
159443,3D-Slicer-1.0,spdx_id,MapFuzzyMatch
487124,MIT,spdx_id,MapFuzzyMatch
1404628,MIT,spdx_id,MapFuzzyMatch
1928925,MIT,spdx_id,MapFuzzyMatch
1797854,Apache-2.0,spdx_id,MapFuzzyMatch
6188766,MIT,spdx_id,MapFuzzyMatch
1339106,ISO-permission,spdx_id,MapFuzzyMatch
7368420,ISO-permission,spdx_id,MapFuzzyMatch
1142509,MIT,spdx_id,MapFuzzyMatch
2649838,MIT,spdx_id,MapFuzzyMatch
3305199,BSD-3-Clause-No-Nuclear-License,spdx_id,MapFuzzyMatch
421626,MIT,spdx_id,MapFuzzyMatch
1142523,MIT,spdx_id,MapFuzzyMatch
4026109,MIT,spdx_id,MapFuzzyMatch
2649855,MIT,spdx_id,MapFuzzyMatch
5009149,MIT,spdx_id,MapFuzzyMatch
5205761,ISO-permission,spdx_id,MapFuzzyMatch
6057731,copyleft-next-0.3.0,spdx_id,MapFuzzyMatch
1797894,ISO-permission,spdx_id,MapFuzzyMatch
3567371,Apache-2.0,spdx_id,MapFuzzyMatch
2453270,MIT,spdx_id,MapFuzzyMatch
2780960,MIT,spdx_id,MapFuzzyMatch
4222753,BSD-3-Clause,spdx_id,MapFuzzyMatch
1404709,ISC,spdx_id,MapFuzzyMatch
5009199,MIT,spdx_id,MapFuzzyMatch
5271344,copyleft-next-0.3.0,spdx_id,MapFuzzyMatch
814912,MIT,spdx_id,MapFuzzyMatch
683844,EUPL-1.1,spdx_id,MapFuzzyMatch
2780996,MIT,spdx_id,MapFuzzyMatch
683847,Apache-2.0,spdx_id,MapFuzzyMatch
3501903,ISO-permission,spdx_id,MapFuzzyMatch
6123343,MIT,spdx_id,MapFuzzyMatch
2125650,Apache-2.0,spdx_id,MapFuzzyMatch
7106390,ISO-permission,spdx_id,MapFuzzyMatch
1142616,MIT,spdx_id,MapFuzzyMatch
28506,LGPL-2.1,spdx_id,MapFuzzyMatch
5205859,Apache-1.1,spdx_id,MapFuzzyMatch
5402472,MIT,spdx_id,MapFuzzyMatch
1797996,MIT,spdx_id,MapFuzzyMatch
2846576,MIT,spdx_id,MapFuzzyMatch
159603,ISO-permission,spdx_id,MapFuzzyMatch
946037,MIT,spdx_id,MapFuzzyMatch
94080,CC-BY-3.0,spdx_id,MapFuzzyMatch
356234,ISO-permission,spdx_id,MapFuzzyMatch
4419471,ISO-permission,spdx_id,MapFuzzyMatch
5402512,BSD-1-Clause,spdx_id,MapFuzzyMatch
5795739,MIT,spdx_id,MapFuzzyMatch
5992350,Apache-1.0,spdx_id,MapFuzzyMatch
6123426,MIT,spdx_id,MapFuzzyMatch
3305380,MIT,spdx_id,MapFuzzyMatch
94118,MIT,spdx_id,MapFuzzyMatch
1077158,MIT,spdx_id,MapFuzzyMatch
7172009,MIT,spdx_id,MapFuzzyMatch
4485038,MIT,spdx_id,MapFuzzyMatch
5730229,MIT,spdx_id,MapFuzzyMatch
5992377,MIT,spdx_id,MapFuzzyMatch
159675,ISO-permission,spdx_id,MapFuzzyMatch
1142720,LPD-document,spdx_id,MapFuzzyMatch
3764167,BSD-3-Clause,spdx_id,MapFuzzyMatch
5664717,ISO-permission,spdx_id,MapFuzzyMatch
3305423,Python-2.0,spdx_id,MapFuzzyMatch
7106511,GPL-2.0,spdx_id,MapFuzzyMatch
94167,ISO-permission,spdx_id,MapFuzzyMatch
3370971,MIT,spdx_id,MapFuzzyMatch
946141,ISO-permission,spdx_id,MapFuzzyMatch
1929181,Apache-1.0,spdx_id,MapFuzzyMatch
2453470,MIT,spdx_id,MapFuzzyMatch
5402592,MIT,spdx_id,MapFuzzyMatch
7368689,BSD-3-Clause,spdx_id,MapFuzzyMatch
2519026,MIT,spdx_id,MapFuzzyMatch
3633140,Apache-1.0,spdx_id,MapFuzzyMatch
7237624,AGPL-3.0,spdx_id,MapFuzzyMatch
684025,MIT,spdx_id,MapFuzzyMatch
4485114,Apache-1.0,spdx_id,MapFuzzyMatch
94203,MIT,spdx_id,MapFuzzyMatch
5664761,MIT,spdx_id,MapFuzzyMatch
1077248,MIT,spdx_id,MapFuzzyMatch
4943876,MIT,spdx_id,MapFuzzyMatch
3502085,MIT,spdx_id,MapFuzzyMatch
2781190,GPL-1.0,spdx_id,MapFuzzyMatch
3108875,copyleft-next-0.3.0,spdx_id,MapFuzzyMatch
684046,MIT,spdx_id,MapFuzzyMatch
7368718,ISO-permission,spdx_id,MapFuzzyMatch
684059,MIT,spdx_id,MapFuzzyMatch
3108891,MIT,spdx_id,MapFuzzyMatch
94254,ODbL-1.0,spdx_id,MapExactID
7434291,MIT,spdx_id,MapFuzzyMatch
1798211,MIT,spdx_id,MapFuzzyMatch
5926979,MIT,spdx_id,MapFuzzyMatch
7368773,MIT,spdx_id,MapFuzzyMatch
7303238,ISO-permission,spdx_id,MapFuzzyMatch
2846799,MIT,spdx_id,MapFuzzyMatch
28754,ISO-permission,spdx_id,MapFuzzyMatch
421973,MIT,spdx_id,MapFuzzyMatch
1536088,ISO-permission,spdx_id,MapFuzzyMatch
880737,GPL-3.0,spdx_id,MapFuzzyMatch
6582372,MIT,spdx_id,MapExactMatch
4223077,MIT,spdx_id,MapFuzzyMatch
6254693,ISO-permission,spdx_id,MapFuzzyMatch
6385772,ISO-permission,spdx_id,MapFuzzyMatch
159854,MIT,spdx_id,MapFuzzyMatch
3436658,MIT,spdx_id,MapFuzzyMatch
3502197,MIT,spdx_id,MapFuzzyMatch
5206133,MIT,spdx_id,MapFuzzyMatch
2715767,BUSL-1.1,spdx_id,MapFuzzyMatch
1994872,MIT,spdx_id,MapFuzzyMatch
5075064,GPL-3.0,spdx_id,MapFuzzyMatch
7499898,MIT,spdx_id,MapFuzzyMatch
159866,MIT,spdx_id,MapFuzzyMatch
5927035,MIT,spdx_id,MapFuzzyMatch
6189179,MIT,spdx_id,MapFuzzyMatch
7565435,MIT,spdx_id,MapFuzzyMatch
6189183,MIT,spdx_id,MapFuzzyMatch
3436677,copyleft-next-0.3.0,spdx_id,MapFuzzyMatch
4485254,MIT,spdx_id,MapFuzzyMatch
5468300,AGPL-3.0,spdx_id,MapFuzzyMatch
1601687,MIT,spdx_id,MapFuzzyMatch
28824,ISO-permission,spdx_id,MapFuzzyMatch
2191521,CC-BY-NC-3.0,spdx_id,MapFuzzyMatch
5075106,Apache-1.0,spdx_id,MapFuzzyMatch
5927079,MIT,spdx_id,MapFuzzyMatch
5992615,MIT,spdx_id,MapFuzzyMatch
5927081,BSD-1-Clause,spdx_id,MapFuzzyMatch
2322603,ANTLR-PD,spdx_id,MapFuzzyMatch
5927095,MIT,spdx_id,MapFuzzyMatch
28856,MIT,spdx_id,MapFuzzyMatch
6647991,MIT,spdx_id,MapFuzzyMatch
6385850,MIT,spdx_id,MapFuzzyMatch
94397,GPL-3.0,spdx_id,MapFuzzyMatch
5271752,MIT,spdx_id,MapFuzzyMatch
7172301,MIT,spdx_id,MapFuzzyMatch
1011929,AGPL-1.0,spdx_id,MapFuzzyMatch
4550875,MIT,spdx_id,MapFuzzyMatch
3109095,MIT,spdx_id,MapFuzzyMatch
3633386,GPL-2.0,spdx_id,MapFuzzyMatch
2781435,ISO-permission,spdx_id,MapFuzzyMatch
2388221,GPL-3.0-or-later,spdx_id,MapFuzzyMatch
422149,BSD-1-Clause,spdx_id,MapFuzzyMatch
6451461,MIT,spdx_id,MapFuzzyMatch
1011979,Apache-1.0,spdx_id,MapFuzzyMatch
5206288,MIT,spdx_id,MapFuzzyMatch
3567889,BSD-3-Clause,spdx_id,MapFuzzyMatch
5533968,GPL-1.0,spdx_id,MapFuzzyMatch
5730581,MIT,spdx_id,MapFuzzyMatch
28951,LGPL-3.0,spdx_id,MapFuzzyMatch
2847005,Apache-2.0,spdx_id,MapFuzzyMatch
160031,AGPL-3.0,spdx_id,MapFuzzyMatch
1798436,BSD-3-Clause-No-Nuclear-License,spdx_id,MapFuzzyMatch
5796136,AGPL-3.0,spdx_id,MapFuzzyMatch
4485420,Apache-1.0,spdx_id,MapFuzzyMatch
3043629,MIT,spdx_id,MapFuzzyMatch
422190,Apache-1.0,spdx_id,MapFuzzyMatch
28978,GPL-3.0,spdx_id,MapFuzzyMatch
4223282,MIT,spdx_id,MapFuzzyMatch
684344,BSD-1-Clause,spdx_id,MapFuzzyMatch
487738,MIT,spdx_id,MapFuzzyMatch
2191677,ANTLR-PD,spdx_id,MapFuzzyMatch
5075263,Apache-1.0,spdx_id,MapFuzzyMatch
4485453,PolyForm-Noncommercial-1.0.0,spdx_id,MapFuzzyMatch
5206350,GPL-3.0,spdx_id,MapFuzzyMatch
1012057,MIT,spdx_id,MapFuzzyMatch
3109216,copyleft-next-0.3.0,spdx_id,MapFuzzyMatch
5534052,MIT,spdx_id,MapFuzzyMatch
1995124,MIT,spdx_id,MapFuzzyMatch
2847104,MPL-1.1,spdx_id,MapExactID
5927310,MIT,spdx_id,MapFuzzyMatch
2584979,MIT,spdx_id,MapFuzzyMatch
3043733,AGPL-1.0,spdx_id,MapFuzzyMatch
94616,MIT,spdx_id,MapFuzzyMatch
2584989,ISO-permission,spdx_id,MapFuzzyMatch
356773,Apache-1.0,spdx_id,MapFuzzyMatch
6255013,MIT,spdx_id,MapFuzzyMatch
5534120,MIT,spdx_id,MapFuzzyMatch
160169,Apache-1.0,spdx_id,MapFuzzyMatch
2585001,MIT,spdx_id,MapFuzzyMatch
2388399,MIT,spdx_id,MapFuzzyMatch
94641,Apache-2.0,spdx_id,MapFuzzyMatch
6058415,Apache-1.0,spdx_id,MapFuzzyMatch
3764674,MIT,spdx_id,MapFuzzyMatch
5992904,MIT,spdx_id,MapFuzzyMatch
2257353,AGPL-3.0,spdx_id,MapFuzzyMatch
422347,Apache-2.0,spdx_id,MapFuzzyMatch
29133,ISO-permission,spdx_id,MapFuzzyMatch
5403093,BSD-1-Clause,spdx_id,MapFuzzyMatch
684503,Apache-2.0,spdx_id,MapExactMatch
2519515,Apache-2.0,spdx_id,MapFuzzyMatch
94690,GPL-1.0,spdx_id,MapFuzzyMatch
160229,GPL-3.0,spdx_id,MapFuzzyMatch
5992937,MIT,spdx_id,MapFuzzyMatch
6386155,BSD-3-Clause,spdx_id,MapExactID
422388,AGPL-3.0,spdx_id,MapFuzzyMatch
7107061,BSD-1-Clause,spdx_id,MapFuzzyMatch
684534,BSD-Source-Code,spdx_id,MapFuzzyMatch
160254,LGPL-3.0,spdx_id,MapFuzzyMatch
1339903,BSD-1-Clause,spdx_id,MapFuzzyMatch
7434752,GPL-3.0,spdx_id,MapExactID
5206529,MIT,spdx_id,MapFuzzyMatch
3043844,Apache-2.0,spdx_id,MapFuzzyMatch
5992964,MIT,spdx_id,MapFuzzyMatch
160274,MIT,spdx_id,MapFuzzyMatch
5992981,MIT,spdx_id,MapFuzzyMatch
6976024,MIT,spdx_id,MapFuzzyMatch
1012254,MIT,spdx_id,MapFuzzyMatch
6976033,MIT,spdx_id,MapFuzzyMatch
2191911,Apache-2.0,spdx_id,MapFuzzyMatch
2585134,MIT,spdx_id,MapFuzzyMatch
6058542,MIT,spdx_id,MapFuzzyMatch
2191921,AGPL-3.0,spdx_id,MapFuzzyMatch
2585150,ISO-permission,spdx_id,MapFuzzyMatch
6976063,MIT,spdx_id,MapFuzzyMatch
5009990,MIT,spdx_id,MapFuzzyMatch
5468742,Apache-2.0,spdx_id,MapFuzzyMatch
5861964,AGPL-3.0-only,spdx_id,MapExactMatch
1339993,BSD-1-Clause,spdx_id,MapFuzzyMatch
7369319,GPL-1.0,spdx_id,MapFuzzyMatch
1340008,MIT,spdx_id,MapFuzzyMatch
6976105,MIT,spdx_id,MapFuzzyMatch
5927532,MIT,spdx_id,MapFuzzyMatch
3371629,MIT,spdx_id,MapFuzzyMatch
29295,Artistic-1.0,spdx_id,MapFuzzyMatch
225908,MIT,spdx_id,MapFuzzyMatch
5468792,GPL-1.0,spdx_id,MapFuzzyMatch
6517378,MIT,spdx_id,MapFuzzyMatch
7107206,BSD-1-Clause,spdx_id,MapFuzzyMatch
4878999,MIT,spdx_id,MapFuzzyMatch
488089,MIT,spdx_id,MapFuzzyMatch
684700,MIT,spdx_id,MapFuzzyMatch
7303839,ISO-permission,spdx_id,MapFuzzyMatch
357028,BSD-1-Clause,spdx_id,MapFuzzyMatch
815781,MIT,spdx_id,MapFuzzyMatch
7172780,MIT,spdx_id,MapFuzzyMatch
3044013,MIT,spdx_id,MapFuzzyMatch
7303855,MIT,spdx_id,MapFuzzyMatch
5599920,MIT,spdx_id,MapFuzzyMatch
684721,BSD-4-Clause,spdx_id,MapFuzzyMatch
553652,MIT,spdx_id,MapFuzzyMatch
3764917,HTMLTIDY,spdx_id,MapFuzzyMatch
3961526,Apache-2.0,spdx_id,MapFuzzyMatch
29367,GPL-3.0-or-later,spdx_id,MapExactID
5993143,BSD-2-Clause,spdx_id,MapFuzzyMatch
3306170,LGPL-2.1,spdx_id,MapFuzzyMatch
3961535,Apache-1.0,spdx_id,MapFuzzyMatch
225985,BSD-1-Clause,spdx_id,MapFuzzyMatch
3896007,Apache-1.0,spdx_id,MapFuzzyMatch
5272276,MIT,spdx_id,MapFuzzyMatch
2519769,LPD-document,spdx_id,MapFuzzyMatch
6189786,ISO-permission,spdx_id,MapFuzzyMatch
2126556,copyleft-next-0.3.0,spdx_id,MapFuzzyMatch
2585310,AGPL-3.0-only,spdx_id,MapExactMatch
2650850,Apache-2.0,spdx_id,MapExactMatch
815844,Apache-1.1,spdx_id,MapFuzzyMatch
6320874,BSD-1-Clause,spdx_id,MapFuzzyMatch
226028,MIT,spdx_id,MapFuzzyMatch
29424,WTFPL,spdx_id,MapExactMatch
553725,WTFPL,spdx_id,MapFuzzyMatch
3306256,MIT,spdx_id,MapFuzzyMatch
29464,MIT,spdx_id,MapFuzzyMatch
2650906,GPL-3.0,spdx_id,MapFuzzyMatch
5403421,ISO-permission,spdx_id,MapFuzzyMatch
1667870,GPL-3.0,spdx_id,MapFuzzyMatch
29474,MIT,spdx_id,MapFuzzyMatch
1798949,copyleft-next-0.3.0,spdx_id,MapFuzzyMatch
6320947,MIT,spdx_id,MapFuzzyMatch
1667902,CECILL-C,spdx_id,MapFuzzyMatch
881484,MIT,spdx_id,MapFuzzyMatch
5272396,MIT,spdx_id,MapFuzzyMatch
5272400,MIT,spdx_id,MapFuzzyMatch
881498,copyleft-next-0.3.0,spdx_id,MapFuzzyMatch
226140,Artistic-2.0,spdx_id,MapExactMatch
95072,LGPL-2.0,spdx_id,MapExactID
1864545,Beerware,spdx_id,MapFuzzyMatch
7304032,MIT,spdx_id,MapFuzzyMatch
2323302,Apache-2.0,spdx_id,MapExactID
6452072,ISO-permission,spdx_id,MapFuzzyMatch
2454377,MIT,spdx_id,MapFuzzyMatch
2847595,MIT,spdx_id,MapFuzzyMatch
553836,MIT,spdx_id,MapFuzzyMatch
2192236,WTFPL,spdx_id,MapFuzzyMatch
1078126,MIT,spdx_id,MapFuzzyMatch
5796713,MIT,spdx_id,MapFuzzyMatch
5075827,MIT,spdx_id,MapFuzzyMatch
160629,CC0-1.0,spdx_id,MapExactID
291701,ZPL-2.0,spdx_id,MapFuzzyMatch
1143671,Apache-1.0,spdx_id,MapFuzzyMatch
1143672,Apache-1.0,spdx_id,MapFuzzyMatch
2126717,MIT,spdx_id,MapFuzzyMatch
5075838,Apache-2.0,spdx_id,MapFuzzyMatch
6583168,MIT,spdx_id,MapFuzzyMatch
947076,OSL-1.0,spdx_id,MapFuzzyMatch
7500678,MIT,spdx_id,MapFuzzyMatch
1078152,LGPL-3.0,spdx_id,MapFuzzyMatch
6976398,MIT,spdx_id,MapFuzzyMatch
7304079,PHP-3.01,spdx_id,MapFuzzyMatch
95123,BSD-Source-Code,spdx_id,MapFuzzyMatch
3634075,Apache-1.0,spdx_id,MapFuzzyMatch
6124445,MIT,spdx_id,MapFuzzyMatch
3109798,MIT,spdx_id,MapFuzzyMatch
95146,MIT,spdx_id,MapFuzzyMatch
226218,GPL-3.0,spdx_id,MapFuzzyMatch
2651052,MIT,spdx_id,MapFuzzyMatch
1536941,MIT,spdx_id,MapFuzzyMatch
1668017,MIT,spdx_id,MapFuzzyMatch
6124466,MIT,spdx_id,MapFuzzyMatch
422837,Beerware,spdx_id,MapFuzzyMatch
1602486,MIT,spdx_id,MapFuzzyMatch
3503032,MIT,spdx_id,MapFuzzyMatch
3109821,MIT,spdx_id,MapFuzzyMatch
95168,MIT,spdx_id,MapFuzzyMatch
357312,BSD-1-Clause,spdx_id,MapFuzzyMatch
422854,SL,spdx_id,MapFuzzyMatch
6648774,MIT,spdx_id,MapFuzzyMatch
422858,BSD-3-Clause,spdx_id,MapFuzzyMatch
5796821,MIT,spdx_id,MapFuzzyMatch
7435221,MIT,spdx_id,MapFuzzyMatch
4092888,MIT,spdx_id,MapFuzzyMatch
816092,Apache-2.0,spdx_id,MapFuzzyMatch
7369692,MIT,spdx_id,MapFuzzyMatch
5141471,MIT,spdx_id,MapFuzzyMatch
6124523,MIT,spdx_id,MapFuzzyMatch
291823,ZPL-1.1,spdx_id,MapFuzzyMatch
29681,MPL-2.0,spdx_id,MapFuzzyMatch
5665781,MIT,spdx_id,MapFuzzyMatch
7304189,MIT,spdx_id,MapFuzzyMatch
6059011,MIT,spdx_id,MapFuzzyMatch
6976518,MIT,spdx_id,MapFuzzyMatch
4551690,MulanPSL-1.0,spdx_id,MapFuzzyMatch
553995,Unlicense,spdx_id,MapFuzzyMatch
29715,GFDL-1.3,spdx_id,MapFuzzyMatch
29721,BSD-3-Clause-No-Nuclear-License,spdx_id,MapFuzzyMatch
5993496,MIT,spdx_id,MapFuzzyMatch
2782235,CC-PDDC,spdx_id,MapFuzzyMatch
7500834,MIT,spdx_id,MapFuzzyMatch
6517798,ISO-permission,spdx_id,MapFuzzyMatch
5862445,MIT,spdx_id,MapFuzzyMatch
5796910,MIT,spdx_id,MapFuzzyMatch
750640,CC-BY-3.0-US,spdx_id,MapExactID
554036,Apache-1.0,spdx_id,MapFuzzyMatch
1078326,SMAIL-GPL,spdx_id,MapFuzzyMatch
4027451,MIT,spdx_id,MapFuzzyMatch
1668158,CC-BY-4.0,spdx_id,MapFuzzyMatch
3306563,ISO-permission,spdx_id,MapFuzzyMatch
947268,MIT,spdx_id,MapFuzzyMatch
5665860,BSD-Source-Code,spdx_id,MapFuzzyMatch
3437639,MIT,spdx_id,MapFuzzyMatch
5403730,MIT,spdx_id,MapFuzzyMatch
1078355,MIT,spdx_id,MapFuzzyMatch
95318,MIT,spdx_id,MapFuzzyMatch
1340504,MIT,spdx_id,MapFuzzyMatch
947291,ISO-permission,spdx_id,MapFuzzyMatch
1143900,Apache-2.0,spdx_id,MapExactMatch
2520164,BSD-1-Clause,spdx_id,MapFuzzyMatch
2651250,BSD-2-Clause,spdx_id,MapFuzzyMatch
5600370,MIT,spdx_id,MapFuzzyMatch
357514,copyleft-next-0.3.0,spdx_id,MapFuzzyMatch
7566474,GPL-3.0,spdx_id,MapFuzzyMatch
685197,MIT,spdx_id,MapFuzzyMatch
3699860,MIT,spdx_id,MapFuzzyMatch
3372189,CC-BY-4.0,spdx_id,MapFuzzyMatch
816286,MIT,spdx_id,MapFuzzyMatch
3437727,MIT,spdx_id,MapFuzzyMatch
5403811,MIT,spdx_id,MapFuzzyMatch
685222,MIT,spdx_id,MapFuzzyMatch
95400,ISC,spdx_id,MapFuzzyMatch
2651305,MIT,spdx_id,MapFuzzyMatch
7435436,MIT,spdx_id,MapFuzzyMatch
2651310,MIT,spdx_id,MapFuzzyMatch
423090,NIST-Software,spdx_id,MapFuzzyMatch
6452407,Apache-1.0,spdx_id,MapFuzzyMatch
5141698,AGPL-3.0,spdx_id,MapExactID
1537219,MIT-feh,spdx_id,MapFuzzyMatch
2192580,FreeBSD-DOC,spdx_id,MapFuzzyMatch
5469378,MIT,spdx_id,MapFuzzyMatch
226513,MIT,spdx_id,MapFuzzyMatch
5666002,CC0-1.0,spdx_id,MapFuzzyMatch
1668308,MIT,spdx_id,MapFuzzyMatch
6386899,URT-RLE,spdx_id,MapFuzzyMatch
5076184,ISO-permission,spdx_id,MapFuzzyMatch
5993692,Fair,spdx_id,MapFuzzyMatch
4093154,BSD-1-Clause,spdx_id,MapFuzzyMatch
5797090,Apache-2.0,spdx_id,MapFuzzyMatch
7042277,BSD-1-Clause,spdx_id,MapFuzzyMatch
2127079,0BSD,spdx_id,MapExactMatch
5403885,MPL-1.0,spdx_id,MapFuzzyMatch
2847984,copyleft-next-0.3.0,spdx_id,MapFuzzyMatch
423157,BSD-3-Clause,spdx_id,MapFuzzyMatch
750838,GPL-3.0,spdx_id,MapFuzzyMatch
5469437,UCAR,spdx_id,MapFuzzyMatch
2454783,MIT,spdx_id,MapFuzzyMatch
4027647,ISO-permission,spdx_id,MapFuzzyMatch
2454787,MIT,spdx_id,MapFuzzyMatch
357636,MIT,spdx_id,MapFuzzyMatch
3372291,Apache-2.0,spdx_id,MapFuzzyMatch
6124807,MIT,spdx_id,MapFuzzyMatch
1537290,BSD-3-Clause-No-Nuclear-License,spdx_id,MapFuzzyMatch
2454795,MIT,spdx_id,MapFuzzyMatch
6059275,ISO-permission,spdx_id,MapFuzzyMatch
1537300,Apache-1.0,spdx_id,MapFuzzyMatch
2127125,MIT,spdx_id,MapFuzzyMatch
6452502,MIT,spdx_id,MapFuzzyMatch
3044636,MIT,spdx_id,MapFuzzyMatch
29982,MIT,spdx_id,MapExactID
6059295,MIT,spdx_id,MapFuzzyMatch
2061600,BSD-1-Clause,spdx_id,MapFuzzyMatch
5928227,MIT,spdx_id,MapFuzzyMatch
554286,MIT,spdx_id,MapFuzzyMatch
7501115,MIT,spdx_id,MapFuzzyMatch
3044668,MIT,spdx_id,MapFuzzyMatch
5862718,ISO-permission,spdx_id,MapFuzzyMatch
2848076,BSD-3-Clause,spdx_id,MapExactID
947539,MIT,spdx_id,MapFuzzyMatch
95572,CC-BY-NC-SA-4.0,spdx_id,MapExactID
4027735,BSD-1-Clause,spdx_id,MapFuzzyMatch
161113,Cube,spdx_id,MapFuzzyMatch
161115,ISO-permission,spdx_id,MapFuzzyMatch
4617563,GFDL-1.3-or-later,spdx_id,MapExactID
30049,MIT,spdx_id,MapFuzzyMatch
1799524,Apache-1.1,spdx_id,MapFuzzyMatch
3306856,ISO-permission,spdx_id,MapFuzzyMatch
1144170,BSD-3-Clause,spdx_id,MapFuzzyMatch
1013101,gnuplot,spdx_id,MapFuzzyMatch
6583662,MIT,spdx_id,MapFuzzyMatch
3503472,MIT,spdx_id,MapFuzzyMatch
1144179,ZPL-1.1,spdx_id,MapFuzzyMatch
5404019,Apache-1.0,spdx_id,MapFuzzyMatch
6387062,ISO-permission,spdx_id,MapFuzzyMatch
4420989,BSD-3-Clause,spdx_id,MapFuzzyMatch
6452617,NIST-Software,spdx_id,MapFuzzyMatch
2323850,CC0-1.0,spdx_id,MapExactMatch
95628,AGPL-3.0,spdx_id,MapExactID
1799565,MIT,spdx_id,MapFuzzyMatch
423319,MIT,spdx_id,MapFuzzyMatch
5993880,Unlicense,spdx_id,MapExactMatch
2127257,BSL-1.0,spdx_id,MapFuzzyMatch
5272985,ISO-permission,spdx_id,MapFuzzyMatch
2848157,MIT,spdx_id,MapFuzzyMatch
7632287,MIT,spdx_id,MapFuzzyMatch
5993892,MIT,spdx_id,MapFuzzyMatch
5272997,MIT,spdx_id,MapFuzzyMatch
3044795,MIT,spdx_id,MapFuzzyMatch
1144259,ISO-permission,spdx_id,MapFuzzyMatch
4617670,BUSL-1.1,spdx_id,MapFuzzyMatch
7435720,BSD-3-Clause,spdx_id,MapFuzzyMatch
3962314,BSD-1-Clause,spdx_id,MapFuzzyMatch
6125003,MIT,spdx_id,MapFuzzyMatch
2389456,ISO-permission,spdx_id,MapFuzzyMatch
5076433,MIT,spdx_id,MapFuzzyMatch
1537495,MIT,spdx_id,MapFuzzyMatch
947681,Apache-2.0,spdx_id,MapFuzzyMatch
3962343,ISO-permission,spdx_id,MapFuzzyMatch
5993959,MIT,spdx_id,MapFuzzyMatch
3438059,MIT,spdx_id,MapFuzzyMatch
5404141,MIT,spdx_id,MapFuzzyMatch
2913777,MIT,spdx_id,MapFuzzyMatch
751091,ISO-permission,spdx_id,MapFuzzyMatch
7632376,MIT,spdx_id,MapFuzzyMatch
1996285,Apache-1.0,spdx_id,MapFuzzyMatch
6256125,MIT,spdx_id,MapFuzzyMatch
3962373,MIT,spdx_id,MapFuzzyMatch
7632390,MIT,spdx_id,MapFuzzyMatch
554512,LGPL-2.1,spdx_id,MapExactID
7632400,MIT,spdx_id,MapFuzzyMatch
2389531,MIT,spdx_id,MapFuzzyMatch
1603100,AGPL-3.0,spdx_id,MapFuzzyMatch
6256155,MIT,spdx_id,MapFuzzyMatch
4945444,Python-2.0,spdx_id,MapFuzzyMatch
7042614,MIT,spdx_id,MapFuzzyMatch
4552247,MIT,spdx_id,MapFuzzyMatch
7108156,Apache-1.1,spdx_id,MapFuzzyMatch
5666367,WTFPL,spdx_id,MapExactMatch
882241,ISO-permission,spdx_id,MapFuzzyMatch
882243,MIT,spdx_id,MapFuzzyMatch
2324036,Cube,spdx_id,MapFuzzyMatch
2324040,MIT,spdx_id,MapFuzzyMatch
7108176,BSD-1-Clause,spdx_id,MapFuzzyMatch
30291,Apache-2.0,spdx_id,MapExactMatch
2061907,BSD-1-Clause,spdx_id,MapFuzzyMatch
3307091,Apache-1.0,spdx_id,MapFuzzyMatch
4224597,MIT,spdx_id,MapFuzzyMatch
2324056,Apache-1.0,spdx_id,MapFuzzyMatch
1537627,MIT,spdx_id,MapFuzzyMatch
2258532,MIT,spdx_id,MapFuzzyMatch
2455148,MIT,spdx_id,MapFuzzyMatch
2127472,MIT,spdx_id,MapFuzzyMatch
1013362,MIT,spdx_id,MapFuzzyMatch
947831,GPL-1.0,spdx_id,MapFuzzyMatch
6059640,MIT,spdx_id,MapFuzzyMatch
6321783,MIT,spdx_id,MapFuzzyMatch
30335,GPL-3.0,spdx_id,MapFuzzyMatch
5994116,MIT,spdx_id,MapFuzzyMatch
2061958,MIT,spdx_id,MapFuzzyMatch
2848391,Apache-1.0,spdx_id,MapFuzzyMatch
2848392,Apache-1.0,spdx_id,MapFuzzyMatch
882313,NCL,spdx_id,MapFuzzyMatch
6649481,MIT,spdx_id,MapFuzzyMatch
1144461,ISO-permission,spdx_id,MapFuzzyMatch
2848412,Apache-2.0,spdx_id,MapExactMatch
1013409,Python-2.0,spdx_id,MapFuzzyMatch
1406630,ISO-permission,spdx_id,MapFuzzyMatch
2848422,BSD-1-Clause,spdx_id,MapFuzzyMatch
7435947,ISO-permission,spdx_id,MapFuzzyMatch
1865394,MIT,spdx_id,MapFuzzyMatch
2127560,ISO-permission,spdx_id,MapFuzzyMatch
1341129,LGPL-2.1,spdx_id,MapFuzzyMatch
2389713,MIT,spdx_id,MapFuzzyMatch
161492,Artistic,license_family,MapLicenseFamily
6584024,MIT,spdx_id,MapFuzzyMatch
6452953,Apache-1.0,spdx_id,MapFuzzyMatch
6059738,MIT,spdx_id,MapFuzzyMatch
4552413,MIT,spdx_id,MapFuzzyMatch
7370463,MIT,spdx_id,MapFuzzyMatch
1079023,MIT,spdx_id,MapFuzzyMatch
882431,copyleft-next-0.3.0,spdx_id,MapFuzzyMatch
2127615,MIT,spdx_id,MapFuzzyMatch
685830,MIT,spdx_id,MapFuzzyMatch
5797642,MIT,spdx_id,MapFuzzyMatch
7173906,CC-PDDC,spdx_id,MapFuzzyMatch
3307285,MIT,spdx_id,MapFuzzyMatch
5142293,MIT,spdx_id,MapFuzzyMatch
292631,ZPL-2.0,spdx_id,MapFuzzyMatch
5404438,MIT,spdx_id,MapFuzzyMatch
7632665,MIT,spdx_id,MapFuzzyMatch
2127647,BSD-3-Clause,spdx_id,MapFuzzyMatch
2127648,BSD-3-Clause,spdx_id,MapFuzzyMatch
2324258,BSD-3-Clause-No-Nuclear-License,spdx_id,MapFuzzyMatch
1996579,MIT,spdx_id,MapFuzzyMatch
423718,LGPL-2.1,spdx_id,MapFuzzyMatch
1013543,SSPL-1.0,spdx_id,MapFuzzyMatch
2455336,BSD-Advertising-Acknowledgement,spdx_id,MapFuzzyMatch
5732136,MIT,spdx_id,MapFuzzyMatch
5011243,MIT,spdx_id,MapFuzzyMatch
5273391,MIT,spdx_id,MapFuzzyMatch
1865522,MIT,spdx_id,MapFuzzyMatch
5994295,MIT,spdx_id,MapFuzzyMatch
7370556,BSD-3-Clause,spdx_id,MapFuzzyMatch
2848575,MIT,spdx_id,MapFuzzyMatch
5404488,MIT,spdx_id,MapFuzzyMatch
96073,MIT,spdx_id,MapFuzzyMatch
5797707,GPL-2.0,spdx_id,MapFuzzyMatch
5928790,MIT,spdx_id,MapFuzzyMatch
5535576,Apache-1.0,spdx_id,MapFuzzyMatch
5797720,BSD-Source-Code,spdx_id,MapFuzzyMatch
3307354,MIT,spdx_id,MapFuzzyMatch
1800033,ISO-permission,spdx_id,MapFuzzyMatch
4028257,MIT,spdx_id,MapFuzzyMatch
4945761,ISO-permission,spdx_id,MapFuzzyMatch
5535588,ISO-permission,spdx_id,MapFuzzyMatch
6977378,MIT,spdx_id,MapFuzzyMatch
3897190,Apache-2.0,spdx_id,MapFuzzyMatch
6977379,MIT,spdx_id,MapFuzzyMatch
2127726,GPL-3.0,spdx_id,MapFuzzyMatch
6977391,MIT,spdx_id,MapFuzzyMatch
4028274,Apache-1.1,spdx_id,MapFuzzyMatch
3700602,AGPL-1.0,spdx_id,MapFuzzyMatch
5666682,LGPL-3.0,spdx_id,MapFuzzyMatch
6518652,MIT,spdx_id,MapFuzzyMatch
6977405,MIT,spdx_id,MapFuzzyMatch
7632763,ISO-permission,spdx_id,MapFuzzyMatch
7305087,MIT,spdx_id,MapFuzzyMatch
6518657,MIT,spdx_id,MapFuzzyMatch
358275,AGPL-3.0,spdx_id,MapFuzzyMatch
161670,MIT,spdx_id,MapFuzzyMatch
6977415,MIT,spdx_id,MapFuzzyMatch
7305095,BSD-1-Clause,spdx_id,MapFuzzyMatch
1341324,MIT,spdx_id,MapFuzzyMatch
2127755,MIT,spdx_id,MapFuzzyMatch
30616,Unlicense,spdx_id,MapExactMatch
161696,AGPL-3.0,spdx_id,MapFuzzyMatch
4421564,MIT,spdx_id,MapFuzzyMatch
1800127,NIST-Software,spdx_id,MapFuzzyMatch
4618175,BUSL-1.1,spdx_id,MapFuzzyMatch
5535684,GPL-3.0,spdx_id,MapFuzzyMatch
1406924,Apache-2.0,spdx_id,MapFuzzyMatch
1406925,MIT,spdx_id,MapFuzzyMatch
4880358,Apache-1.0,spdx_id,MapFuzzyMatch
4618218,BSD-1-Clause,spdx_id,MapFuzzyMatch
554988,MIT,spdx_id,MapFuzzyMatch
1865715,MIT,spdx_id,MapFuzzyMatch
2062323,MIT,spdx_id,MapFuzzyMatch
5928948,MIT,spdx_id,MapFuzzyMatch
1144831,Apache-1.0,spdx_id,MapFuzzyMatch
2848768,MIT,spdx_id,MapFuzzyMatch
6977535,MIT,spdx_id,MapFuzzyMatch
5535756,BSD-1-Clause,spdx_id,MapFuzzyMatch
7632911,MIT,spdx_id,MapFuzzyMatch
3766292,MIT,spdx_id,MapFuzzyMatch
30741,ISO-permission,spdx_id,MapFuzzyMatch
882713,CC-BY-4.0,spdx_id,MapFuzzyMatch
96290,Apache-2.0,spdx_id,MapExactID
7043106,MIT,spdx_id,MapFuzzyMatch
3766309,MIT,spdx_id,MapFuzzyMatch
3504168,MIT,spdx_id,MapFuzzyMatch
292906,Mup,spdx_id,MapFuzzyMatch
7174188,MIT,spdx_id,MapFuzzyMatch
3438645,ISO-permission,spdx_id,MapFuzzyMatch
2848829,MIT,spdx_id,MapFuzzyMatch
3897406,MIT,spdx_id,MapFuzzyMatch
6453312,BSD-1-Clause,spdx_id,MapFuzzyMatch
30788,MIT,spdx_id,MapFuzzyMatch
1407050,MIT,spdx_id,MapFuzzyMatch
5535819,Apache-1.0,spdx_id,MapFuzzyMatch
5732430,MIT,spdx_id,MapFuzzyMatch
6322257,MIT,spdx_id,MapFuzzyMatch
424019,MIT,spdx_id,MapFuzzyMatch
2324566,MIT,spdx_id,MapFuzzyMatch
1800282,NIST-Software,spdx_id,MapFuzzyMatch
4552794,MIT,spdx_id,MapFuzzyMatch
3897437,ISO-permission,spdx_id,MapFuzzyMatch
4225120,MIT,spdx_id,MapFuzzyMatch
7501928,ISO-permission,spdx_id,MapFuzzyMatch
2390126,BSD-1-Clause,spdx_id,MapFuzzyMatch
6977647,MIT,spdx_id,MapFuzzyMatch
96369,MIT,spdx_id,MapFuzzyMatch
6649980,MIT,spdx_id,MapFuzzyMatch
2652287,MIT,spdx_id,MapFuzzyMatch
5404800,AGPL-3.0,spdx_id,MapFuzzyMatch
1079431,BSD-3-Clause-No-Nuclear-License,spdx_id,MapFuzzyMatch
1669258,MIT,spdx_id,MapFuzzyMatch
6125724,MIT,spdx_id,MapFuzzyMatch
6125726,ISO-permission,spdx_id,MapFuzzyMatch
30884,MIT,spdx_id,MapFuzzyMatch
1341609,MPL-2.0,spdx_id,MapFuzzyMatch
686254,MIT,spdx_id,MapFuzzyMatch
5208251,MIT,spdx_id,MapFuzzyMatch
2390205,Apache-1.0,spdx_id,MapFuzzyMatch
882881,MIT,spdx_id,MapFuzzyMatch
6322371,MIT,spdx_id,MapFuzzyMatch
1145027,Apache-1.0,spdx_id,MapFuzzyMatch
5404877,CC-BY-4.0,spdx_id,MapFuzzyMatch
2652367,CC-BY-NC-1.0,spdx_id,MapFuzzyMatch
2521301,MIT,spdx_id,MapFuzzyMatch
5470427,MIT,spdx_id,MapFuzzyMatch
6256863,JSON,spdx_id,MapFuzzyMatch
2062561,BSD-3-Clause,spdx_id,MapFuzzyMatch
1145066,MIT,spdx_id,MapFuzzyMatch
7305450,ISO-permission,spdx_id,MapFuzzyMatch
2849016,ISO-permission,spdx_id,MapFuzzyMatch
1603836,MIT,spdx_id,MapFuzzyMatch
5273867,MIT,spdx_id,MapFuzzyMatch
3045644,GPL-3.0,spdx_id,MapFuzzyMatch
7371020,Apache-1.0,spdx_id,MapFuzzyMatch
7371021,MIT,spdx_id,MapFuzzyMatch
2128144,MIT,spdx_id,MapFuzzyMatch
7371029,MIT,spdx_id,MapFuzzyMatch
1079579,ISO-permission,spdx_id,MapFuzzyMatch
3897628,MS-RL,spdx_id,MapFuzzyMatch
1145120,ISO-permission,spdx_id,MapFuzzyMatch
5929257,BSD-1-Clause,spdx_id,MapFuzzyMatch
6322474,MIT,spdx_id,MapFuzzyMatch
6388012,MIT,spdx_id,MapFuzzyMatch
555313,MIT,spdx_id,MapFuzzyMatch
1866035,MIT,spdx_id,MapFuzzyMatch
4880700,NIST-PD,spdx_id,MapExactID
751939,MIT,spdx_id,MapFuzzyMatch
2455879,ISO-permission,spdx_id,MapFuzzyMatch
6322511,BSD-3-Clause,spdx_id,MapFuzzyMatch
162138,BSD-2-Clause,spdx_id,MapFuzzyMatch
1014111,BUSL-1.1,spdx_id,MapFuzzyMatch
1079648,BUSL-1.1,spdx_id,MapFuzzyMatch
2849121,MIT,spdx_id,MapFuzzyMatch
5732707,MIT,spdx_id,MapFuzzyMatch
2849132,MIT,spdx_id,MapFuzzyMatch
424301,MIT,spdx_id,MapFuzzyMatch
2849139,MIT,spdx_id,MapFuzzyMatch
6060412,MIT,spdx_id,MapFuzzyMatch
5536128,MIT,spdx_id,MapFuzzyMatch
7567754,MIT,spdx_id,MapFuzzyMatch
2455947,MIT,spdx_id,MapExactMatch
2390413,MIT,spdx_id,MapFuzzyMatch
6650257,MIT,spdx_id,MapFuzzyMatch
2849171,MIT,spdx_id,MapFuzzyMatch
2390421,ISO-permission,spdx_id,MapFuzzyMatch
7043490,MIT,spdx_id,MapFuzzyMatch
3176870,BSD-2-Clause-Patent,spdx_id,MapExactMatch
6977962,Apache-1.1,spdx_id,MapFuzzyMatch
4880818,MIT,spdx_id,MapFuzzyMatch
5798324,MIT,spdx_id,MapFuzzyMatch
7371186,MIT,spdx_id,MapFuzzyMatch
6060493,ANTLR-PD,spdx_id,MapFuzzyMatch
2587087,copyleft-next-0.3.0,spdx_id,MapFuzzyMatch
2587088,MIT,spdx_id,MapFuzzyMatch
3439055,MIT,spdx_id,MapFuzzyMatch
293330,ZPL-1.1,spdx_id,MapFuzzyMatch
4225487,BSD-1-Clause,spdx_id,MapFuzzyMatch
5405135,MIT,spdx_id,MapFuzzyMatch
4880858,MIT,spdx_id,MapFuzzyMatch
3701215,MIT,spdx_id,MapFuzzyMatch
6978019,MIT,spdx_id,MapFuzzyMatch
5929452,MIT,spdx_id,MapFuzzyMatch
3963374,ISO-permission,spdx_id,MapFuzzyMatch
6978037,MIT,spdx_id,MapFuzzyMatch
1341945,ISO-permission,spdx_id,MapFuzzyMatch
2062841,Apache-2.0,spdx_id,MapExactMatch
1604094,MIT,spdx_id,MapFuzzyMatch
2718206,BitTorrent-1.0,spdx_id,MapFuzzyMatch
2128389,MIT,spdx_id,MapFuzzyMatch
293382,MPL-1.1,spdx_id,MapExactMatch
96775,Apache-2.0,spdx_id,MapFuzzyMatch
2128391,BSD-Advertising-Acknowledgement,spdx_id,MapFuzzyMatch
2849288,MIT,spdx_id,MapFuzzyMatch
31244,AGPL-3.0,spdx_id,MapFuzzyMatch
752160,GPL-3.0,spdx_id,MapExactMatch
2062892,ISO-permission,spdx_id,MapFuzzyMatch
96814,BSD-1-Clause,spdx_id,MapFuzzyMatch
4225586,MIT,spdx_id,MapFuzzyMatch
686645,LGPL-3.0,spdx_id,MapFuzzyMatch
5536310,MIT,spdx_id,MapFuzzyMatch
2587205,MIT,spdx_id,MapFuzzyMatch
424523,CC-BY-1.0,spdx_id,MapFuzzyMatch
2259535,MIT,spdx_id,MapFuzzyMatch
1800788,MIT,spdx_id,MapFuzzyMatch
5536352,GPL-1.0,spdx_id,MapFuzzyMatch
1866339,GPL-3.0,spdx_id,MapFuzzyMatch
3308132,MIT,spdx_id,MapFuzzyMatch
3963498,MIT,spdx_id,MapFuzzyMatch
7567978,MIT,spdx_id,MapFuzzyMatch
5536370,BSD-2-Clause,spdx_id,MapFuzzyMatch
1145461,MIT,spdx_id,MapFuzzyMatch
4881028,ISO-permission,spdx_id,MapFuzzyMatch
2325140,Apache-2.0,spdx_id,MapExactMatch
3373718,MIT,spdx_id,MapFuzzyMatch
817815,EPL-1.0,spdx_id,MapFuzzyMatch
4487834,AGPL-3.0,spdx_id,MapFuzzyMatch
3177119,ISO-permission,spdx_id,MapFuzzyMatch
6191787,MIT,spdx_id,MapFuzzyMatch
3701420,MIT,spdx_id,MapFuzzyMatch
5274285,MIT,spdx_id,MapFuzzyMatch
5733036,MIT,spdx_id,MapFuzzyMatch
2063023,Apache-2.0,spdx_id,MapFuzzyMatch
7109294,MIT,spdx_id,MapFuzzyMatch
1866427,GPL-1.0,spdx_id,MapFuzzyMatch
5536444,MIT,spdx_id,MapFuzzyMatch
1538751,MIT,spdx_id,MapFuzzyMatch
6978241,MIT,spdx_id,MapFuzzyMatch
883403,ISO-permission,spdx_id,MapFuzzyMatch
6585037,MIT,spdx_id,MapFuzzyMatch
1866455,MIT,spdx_id,MapFuzzyMatch
5012187,MIT,spdx_id,MapFuzzyMatch
5929694,ISO-permission,spdx_id,MapFuzzyMatch
7109343,MIT,spdx_id,MapFuzzyMatch
96997,GPL-3.0,spdx_id,MapFuzzyMatch
5798629,MIT,spdx_id,MapFuzzyMatch
1604328,GPL-3.0,spdx_id,MapFuzzyMatch
6191850,MIT,spdx_id,MapFuzzyMatch
817903,EPL-2.0,spdx_id,MapFuzzyMatch
4946671,Apache-2.0,spdx_id,MapFuzzyMatch
6322928,BSD-1-Clause,spdx_id,MapFuzzyMatch
6519536,MIT,spdx_id,MapFuzzyMatch
2456324,GPL-2.0,spdx_id,MapFuzzyMatch
6388489,PHP-3.0,spdx_id,MapFuzzyMatch
1866507,BSD-1-Clause,spdx_id,MapFuzzyMatch
1014540,MIT,spdx_id,MapFuzzyMatch
7568145,LGPL-2.0,spdx_id,MapFuzzyMatch
5208854,MIT,spdx_id,MapFuzzyMatch
1014551,Apache-2.0,spdx_id,MapExactMatch
1997592,MIT,spdx_id,MapFuzzyMatch
1014560,MIT,spdx_id,MapFuzzyMatch
3701537,Hippocratic-2.1,spdx_id,MapFuzzyMatch
2194211,MIT,spdx_id,MapFuzzyMatch
424740,MIT,spdx_id,MapFuzzyMatch
1669930,MIT,spdx_id,MapFuzzyMatch
162604,BSD-2-Clause,spdx_id,MapFuzzyMatch
2718509,LGPL-2.0,spdx_id,MapFuzzyMatch
359215,MIT,spdx_id,MapFuzzyMatch
5667632,LGPL-2.0,spdx_id,MapFuzzyMatch
1669939,ISO-permission,spdx_id,MapFuzzyMatch
1342268,BSD-2-Clause,spdx_id,MapFuzzyMatch
1080130,ISO-permission,spdx_id,MapFuzzyMatch
5733192,MIT,spdx_id,MapFuzzyMatch
2259788,MIT,spdx_id,MapFuzzyMatch
3963734,MIT,spdx_id,MapFuzzyMatch
2718556,NIST-Software,spdx_id,MapFuzzyMatch
6388574,OSL-3.0,spdx_id,MapFuzzyMatch
2390886,MIT,spdx_id,MapFuzzyMatch
4946793,ISO-permission,spdx_id,MapFuzzyMatch
3505004,MIT,spdx_id,MapFuzzyMatch
2521972,MIT,spdx_id,MapFuzzyMatch
4946805,MIT,spdx_id,MapFuzzyMatch
6585205,AGPL-3.0-or-later,spdx_id,MapFuzzyMatch
97144,BSD-3-Clause,spdx_id,MapFuzzyMatch
1342332,Apache-2.0,spdx_id,MapFuzzyMatch
3308414,MIT,spdx_id,MapFuzzyMatch
2456452,BSD-1-Clause,spdx_id,MapFuzzyMatch
752521,MIT,spdx_id,MapFuzzyMatch
6650763,MIT,spdx_id,MapFuzzyMatch
2521998,MIT,spdx_id,MapFuzzyMatch
5405587,MIT,spdx_id,MapFuzzyMatch
359319,Apache-1.0,spdx_id,MapFuzzyMatch
31640,MIT,spdx_id,MapFuzzyMatch
1604513,Apache-2.0,spdx_id,MapFuzzyMatch
2522021,MIT,spdx_id,MapFuzzyMatch
2390952,GPL-3.0,spdx_id,MapFuzzyMatch
1014697,GPL-1.0,spdx_id,MapFuzzyMatch
2390967,MIT,spdx_id,MapFuzzyMatch
162745,FreeBSD-DOC,spdx_id,MapFuzzyMatch
97213,CECILL-2.1,spdx_id,MapExactID
2718661,MIT,spdx_id,MapFuzzyMatch
97232,MIT,spdx_id,MapFuzzyMatch
5864404,MIT,spdx_id,MapFuzzyMatch
752602,BSD-1-Clause,spdx_id,MapFuzzyMatch
2653150,MIT,spdx_id,MapFuzzyMatch
3505124,Apache-2.0,spdx_id,MapFuzzyMatch
3308517,MIT,spdx_id,MapFuzzyMatch
5209067,MIT,spdx_id,MapFuzzyMatch
2325484,NLPL,spdx_id,MapFuzzyMatch
2456574,MIT,spdx_id,MapFuzzyMatch
2784254,ISO-permission,spdx_id,MapFuzzyMatch
4094982,ISO-permission,spdx_id,MapFuzzyMatch
31754,GPL-3.0,spdx_id,MapExactID
2784269,MPL-1.1,spdx_id,MapFuzzyMatch
3701774,BSD-3-Clause,spdx_id,MapFuzzyMatch
5930003,MIT,spdx_id,MapFuzzyMatch
2128923,GPL-3.0,spdx_id,MapFuzzyMatch
97317,Apache-2.0,spdx_id,MapFuzzyMatch
5012521,MIT,spdx_id,MapFuzzyMatch
97323,GPL-3.0,spdx_id,MapFuzzyMatch
3046449,MIT,spdx_id,MapFuzzyMatch
3832882,MIT,spdx_id,MapFuzzyMatch
5405750,MIT,spdx_id,MapFuzzyMatch
3832895,BSD-1-Clause,spdx_id,MapFuzzyMatch
5733440,MIT,spdx_id,MapFuzzyMatch
2456643,MIT,spdx_id,MapFuzzyMatch
2128966,MIT,spdx_id,MapFuzzyMatch
4619339,BUSL-1.1,spdx_id,MapFuzzyMatch
3177561,MIT,spdx_id,MapFuzzyMatch
7109722,MIT,spdx_id,MapFuzzyMatch
2915423,MIT,spdx_id,MapFuzzyMatch
2456673,GPL-3.0,spdx_id,MapExactID
3308655,MIT,spdx_id,MapFuzzyMatch
4881521,Apache-1.0,spdx_id,MapFuzzyMatch
31863,BSD-3-Clause-No-Nuclear-License,spdx_id,MapFuzzyMatch
2849913,BSD-1-Clause,spdx_id,MapFuzzyMatch
3701890,GPL-3.0,spdx_id,MapFuzzyMatch
6388872,Apache-1.0,spdx_id,MapFuzzyMatch
2063500,Beerware,spdx_id,MapFuzzyMatch
5471374,ISO-permission,spdx_id,MapFuzzyMatch
5471378,MIT,spdx_id,MapFuzzyMatch
2325651,BSD-1-Clause,spdx_id,MapFuzzyMatch
3177625,BlueOak-1.0.0,spdx_id,MapFuzzyMatch
31898,Apache-1.0,spdx_id,MapFuzzyMatch
3701914,MIT,spdx_id,MapFuzzyMatch
4947097,MIT,spdx_id,MapFuzzyMatch
5930146,MIT,spdx_id,MapFuzzyMatch
1801381,MIT,spdx_id,MapFuzzyMatch
1014951,Apache-1.0,spdx_id,MapFuzzyMatch
7175338,MIT,spdx_id,MapFuzzyMatch
3046584,MIT,spdx_id,MapFuzzyMatch
6519997,Apache-2.0,spdx_id,MapFuzzyMatch
6192317,MIT,spdx_id,MapFuzzyMatch
556226,MIT,spdx_id,MapFuzzyMatch
5536964,ISO-permission,spdx_id,MapFuzzyMatch
3701957,ISO-permission,spdx_id,MapFuzzyMatch
3439817,MIT,spdx_id,MapFuzzyMatch
3636430,MIT,spdx_id,MapFuzzyMatch
556247,MIT,spdx_id,MapFuzzyMatch
425182,MIT,spdx_id,MapFuzzyMatch
1080542,MIT,spdx_id,MapFuzzyMatch
3439842,CDDL-1.0,spdx_id,MapFuzzyMatch
1604836,Apache-1.0,spdx_id,MapFuzzyMatch
7372006,AFL-1.1,spdx_id,MapFuzzyMatch
3177714,MIT,spdx_id,MapFuzzyMatch
556279,Apache-1.0,spdx_id,MapFuzzyMatch
5143803,ISO-permission,spdx_id,MapFuzzyMatch
4619517,NIST-Software,spdx_id,MapFuzzyMatch
1670410,MIT,spdx_id,MapFuzzyMatch
4881683,MIT,spdx_id,MapFuzzyMatch
3112218,MIT,spdx_id,MapFuzzyMatch
3112219,ISO-permission,spdx_id,MapFuzzyMatch
4947246,APL-1.0,spdx_id,MapExactID
97587,AGPL-3.0,spdx_id,MapFuzzyMatch
1998133,MIT,spdx_id,MapFuzzyMatch
4554035,copyleft-next-0.3.0,spdx_id,MapFuzzyMatch
7175477,MIT,spdx_id,MapFuzzyMatch
3177786,MIT,spdx_id,MapFuzzyMatch
2456893,MIT,spdx_id,MapFuzzyMatch
7175486,MIT,spdx_id,MapFuzzyMatch
2850114,MIT,spdx_id,MapFuzzyMatch
6126914,MIT,spdx_id,MapFuzzyMatch
2063686,GPL-1.0,spdx_id,MapFuzzyMatch
1801546,MIT,spdx_id,MapFuzzyMatch
3439946,ISO-permission,spdx_id,MapFuzzyMatch
1015120,NGPL,spdx_id,MapExactMatch
163162,BSD-1-Clause,spdx_id,MapFuzzyMatch
6585691,Apache-1.0,spdx_id,MapFuzzyMatch
2522464,ISO-permission,spdx_id,MapFuzzyMatch
1801569,AGPL-3.0,spdx_id,MapExactID
6454626,BSD-1-Clause,spdx_id,MapFuzzyMatch
884069,GPL-2.0,spdx_id,MapFuzzyMatch
7437669,MIT,spdx_id,MapFuzzyMatch
1539432,MIT,spdx_id,MapFuzzyMatch
6520169,ISO-permission,spdx_id,MapFuzzyMatch
2063726,MIT,spdx_id,MapFuzzyMatch
5537141,Apache-1.1,spdx_id,MapFuzzyMatch
2653558,MIT,spdx_id,MapFuzzyMatch
7437696,MIT,spdx_id,MapFuzzyMatch
425346,MIT,spdx_id,MapFuzzyMatch
2784645,MIT,spdx_id,MapFuzzyMatch
3308948,MIT,spdx_id,MapFuzzyMatch
3308949,MIT,spdx_id,MapFuzzyMatch
7437751,MIT,spdx_id,MapFuzzyMatch
753082,SMAIL-GPL,spdx_id,MapFuzzyMatch
4619714,BSD-1-Clause,spdx_id,MapFuzzyMatch
4881861,MIT,spdx_id,MapFuzzyMatch
3702220,MIT,spdx_id,MapFuzzyMatch
3374544,MIT,spdx_id,MapFuzzyMatch
4423122,Nunit,spdx_id,MapFuzzyMatch
6454744,MIT,spdx_id,MapFuzzyMatch
2588122,ISO-permission,spdx_id,MapFuzzyMatch
1342941,MIT,spdx_id,MapFuzzyMatch
4029926,MIT,spdx_id,MapFuzzyMatch
2129387,LGPLLR,spdx_id,MapExactID
2653688,NCL,spdx_id,MapFuzzyMatch
4554233,MIT,spdx_id,MapFuzzyMatch
3505664,MIT,spdx_id,MapFuzzyMatch
6585866,Apache-1.0,spdx_id,MapFuzzyMatch
3112466,ISO-permission,spdx_id,MapFuzzyMatch
884244,MIT,spdx_id,MapFuzzyMatch
3112471,MIT,spdx_id,MapFuzzyMatch
32294,BSD-3-Clause,spdx_id,MapFuzzyMatch
1343015,MIT,spdx_id,MapFuzzyMatch
556593,MIT,spdx_id,MapFuzzyMatch
4881970,ISO-permission,spdx_id,MapFuzzyMatch
6192696,MIT,spdx_id,MapFuzzyMatch
5799487,Apache-2.0,spdx_id,MapFuzzyMatch
228933,AGPL-3.0,spdx_id,MapFuzzyMatch
4619846,OSL-1.1,spdx_id,MapFuzzyMatch
97863,MIT,spdx_id,MapFuzzyMatch
4619849,Apache-1.0,spdx_id,MapFuzzyMatch
3636814,MIT,spdx_id,MapFuzzyMatch
6127184,MIT,spdx_id,MapFuzzyMatch
1408595,MIT,spdx_id,MapFuzzyMatch
2260565,MIT,spdx_id,MapFuzzyMatch
5471837,MIT,spdx_id,MapFuzzyMatch
3505758,MIT,spdx_id,MapFuzzyMatch
3505771,BSD-1-Clause,spdx_id,MapFuzzyMatch
32364,DOC,spdx_id,MapFuzzyMatch
2260608,MIT,spdx_id,MapFuzzyMatch
3440256,MIT,spdx_id,MapFuzzyMatch
97927,BSD-3-Clause-No-Nuclear-License,spdx_id,MapFuzzyMatch
2064012,AGPL-3.0-only,spdx_id,MapExactMatch
6585998,MIT,spdx_id,MapFuzzyMatch
5537427,ISO-permission,spdx_id,MapFuzzyMatch
3047060,GPL-1.0,spdx_id,MapFuzzyMatch
3309213,CC-BY-4.0,spdx_id,MapFuzzyMatch
294571,MIT,spdx_id,MapFuzzyMatch
3899057,copyleft-next-0.3.0,spdx_id,MapFuzzyMatch
4554419,MIT,spdx_id,MapFuzzyMatch
5668535,EUPL-1.0,spdx_id,MapFuzzyMatch
4488888,CC-BY-3.0,spdx_id,MapFuzzyMatch
556734,MIT,spdx_id,MapFuzzyMatch
3833536,MIT,spdx_id,MapFuzzyMatch
6323910,MIT,spdx_id,MapFuzzyMatch
818891,AGPL-3.0,spdx_id,MapFuzzyMatch
1867476,MIT,spdx_id,MapFuzzyMatch
1801947,Apache-2.0,spdx_id,MapFuzzyMatch
4226780,GPL-3.0,spdx_id,MapExactID
2129633,Apache-1.0,spdx_id,MapFuzzyMatch
5275377,ISO-permission,spdx_id,MapFuzzyMatch
1343220,MIT,spdx_id,MapFuzzyMatch
818935,MIT,spdx_id,MapFuzzyMatch
3964681,MIT,spdx_id,MapFuzzyMatch
6455050,GPL-1.0,spdx_id,MapFuzzyMatch
1867534,ISO-permission,spdx_id,MapFuzzyMatch
294671,MIT,spdx_id,MapFuzzyMatch
4554511,MIT,spdx_id,MapFuzzyMatch
4620062,Apache-2.0,spdx_id,MapFuzzyMatch
5930784,MIT,spdx_id,MapFuzzyMatch
687905,GPL-3.0,spdx_id,MapFuzzyMatch
2129701,ISO-permission,spdx_id,MapFuzzyMatch
2260778,Unlicense,spdx_id,MapFuzzyMatch
3505978,MIT,spdx_id,MapFuzzyMatch
5406523,MIT,spdx_id,MapFuzzyMatch
5668681,WTFPL,spdx_id,MapFuzzyMatch
2588493,MIT,spdx_id,MapFuzzyMatch
2588495,Apache-1.0,spdx_id,MapFuzzyMatch
5406547,Apache-1.1,spdx_id,MapFuzzyMatch
2064212,ISO-permission,spdx_id,MapFuzzyMatch
7372631,ISO-permission,spdx_id,MapFuzzyMatch
3637084,BSD-1-Clause,spdx_id,MapFuzzyMatch
884576,Apache-2.0,spdx_id,MapFuzzyMatch
5996386,MIT,spdx_id,MapFuzzyMatch
3178339,MIT,spdx_id,MapFuzzyMatch
5799781,MIT,spdx_id,MapFuzzyMatch
4226928,MIT,spdx_id,MapFuzzyMatch
1671026,MIT,spdx_id,MapFuzzyMatch
2195316,ISO-permission,spdx_id,MapFuzzyMatch
4226936,ISO-permission,spdx_id,MapFuzzyMatch
6127483,MIT,spdx_id,MapFuzzyMatch
3506044,MIT,spdx_id,MapFuzzyMatch
6193023,copyleft-next-0.3.0,spdx_id,MapFuzzyMatch
32640,MIT,spdx_id,MapFuzzyMatch
1802113,MIT,spdx_id,MapFuzzyMatch
5996419,Apache-1.0,spdx_id,MapFuzzyMatch
32658,GPL-3.0,spdx_id,MapExactID
4030354,MIT,spdx_id,MapFuzzyMatch
6127508,Fair,spdx_id,MapFuzzyMatch
2457494,CECILL-1.0,spdx_id,MapFuzzyMatch
4030364,MIT,spdx_id,MapFuzzyMatch
98206,CC-BY-4.0,spdx_id,MapFuzzyMatch
2457518,MIT,spdx_id,MapFuzzyMatch
2260911,MIT,spdx_id,MapFuzzyMatch
7110578,GPL-3.0,spdx_id,MapFuzzyMatch
4620212,BUSL-1.1,spdx_id,MapFuzzyMatch
294842,MIT,spdx_id,MapFuzzyMatch
229307,CNRI-Python,spdx_id,MapFuzzyMatch
2719683,MIT,spdx_id,MapFuzzyMatch
425927,Unlicense,spdx_id,MapExactMatch
2129892,MIT,spdx_id,MapExactID
5996526,BSD-3-Clause,spdx_id,MapFuzzyMatch
819190,MIT,spdx_id,MapFuzzyMatch
6258681,MIT,spdx_id,MapFuzzyMatch
1671173,MPL-2.0,spdx_id,MapFuzzyMatch
7110662,MIT,spdx_id,MapFuzzyMatch
5537807,MIT,spdx_id,MapFuzzyMatch
1802259,AGPL-3.0,spdx_id,MapFuzzyMatch
1146909,MIT,spdx_id,MapFuzzyMatch
5734434,MIT,spdx_id,MapFuzzyMatch
163889,Artistic-1.0,spdx_id,MapFuzzyMatch
7110705,MIT,spdx_id,MapFuzzyMatch
3768371,MIT,spdx_id,MapFuzzyMatch
7438391,MIT,spdx_id,MapFuzzyMatch
2523194,MIT,spdx_id,MapFuzzyMatch
3768378,BSD-Source-Code,spdx_id,MapFuzzyMatch
5734461,MIT,spdx_id,MapFuzzyMatch
3964990,MIT,spdx_id,MapFuzzyMatch
2523204,MIT,spdx_id,MapFuzzyMatch
2523205,MIT,spdx_id,MapFuzzyMatch
32846,ISO-permission,spdx_id,MapFuzzyMatch
2130000,MIT,spdx_id,MapFuzzyMatch
6651985,MIT,spdx_id,MapFuzzyMatch
5472338,GPL-2.0,spdx_id,MapFuzzyMatch
3571802,MIT,spdx_id,MapFuzzyMatch
2523227,MIT,spdx_id,MapFuzzyMatch
7372895,LGPL-3.0,spdx_id,MapFuzzyMatch
3375204,MIT,spdx_id,MapFuzzyMatch
6127726,MIT,spdx_id,MapFuzzyMatch
32886,LGPL-3.0,spdx_id,MapExactID
3768439,BSD-Source-Code,spdx_id,MapFuzzyMatch
98430,AGPL-3.0-or-later,spdx_id,MapExactID
2064515,MIT,spdx_id,MapFuzzyMatch
6586500,MIT,spdx_id,MapFuzzyMatch
3178638,BSD-3-Clause,spdx_id,MapFuzzyMatch
2392209,MIT,spdx_id,MapFuzzyMatch
5537936,MIT,spdx_id,MapFuzzyMatch
5275797,Apache-1.0,spdx_id,MapFuzzyMatch
7045270,MIT,spdx_id,MapFuzzyMatch
7635095,MIT,spdx_id,MapFuzzyMatch
3965089,MIT,spdx_id,MapFuzzyMatch
2261162,BSD-1-Clause,spdx_id,MapFuzzyMatch
5734575,MIT,spdx_id,MapFuzzyMatch
5275825,BSD-Source-Code,spdx_id,MapFuzzyMatch
5275826,CC-BY-1.0,spdx_id,MapFuzzyMatch
4423859,ISO-permission,spdx_id,MapFuzzyMatch
6389938,MIT,spdx_id,MapFuzzyMatch
7569591,ISO-permission,spdx_id,MapFuzzyMatch
6521016,MIT,spdx_id,MapFuzzyMatch
1540284,BSD-1-Clause,spdx_id,MapFuzzyMatch
753867,MPL-2.0,spdx_id,MapFuzzyMatch
295133,CC-BY-4.0,spdx_id,MapExactID
164067,MIT,spdx_id,MapFuzzyMatch
1802467,JSON,spdx_id,MapFuzzyMatch
32997,PSF-2.0,spdx_id,MapFuzzyMatch
7569641,MIT,spdx_id,MapFuzzyMatch
7110890,ISO-permission,spdx_id,MapFuzzyMatch
1540334,MIT,spdx_id,MapFuzzyMatch
4423924,MIT,spdx_id,MapFuzzyMatch
4423935,ISO-permission,spdx_id,MapFuzzyMatch
3178752,MIT,spdx_id,MapFuzzyMatch
2851080,MIT,spdx_id,MapFuzzyMatch
33034,MIT,spdx_id,MapFuzzyMatch
6193419,Artistic-1.0,spdx_id,MapFuzzyMatch
2851094,Apache-1.0,spdx_id,MapFuzzyMatch
5538071,GPL-3.0,spdx_id,MapFuzzyMatch
33048,AGPL-3.0-only,spdx_id,MapExactMatch
3768600,ISO-permission,spdx_id,MapFuzzyMatch
7635227,MIT,spdx_id,MapFuzzyMatch
360735,GPL-3.0,spdx_id,MapFuzzyMatch
5407008,MIT,spdx_id,MapFuzzyMatch
7373089,MIT,spdx_id,MapFuzzyMatch
360738,MIT,spdx_id,MapFuzzyMatch
2851116,MIT,spdx_id,MapFuzzyMatch
5734702,0BSD,spdx_id,MapFuzzyMatch
5996860,MIT,spdx_id,MapFuzzyMatch
98623,LGPL-3.0,spdx_id,MapFuzzyMatch
1343808,copyleft-next-0.3.0,spdx_id,MapFuzzyMatch
4227391,MIT,spdx_id,MapFuzzyMatch
1409354,MIT,spdx_id,MapFuzzyMatch
2261321,GPL-1.0,spdx_id,MapFuzzyMatch
5996874,MIT,spdx_id,MapFuzzyMatch
5275985,MIT,spdx_id,MapFuzzyMatch
3637586,ISO-permission,spdx_id,MapFuzzyMatch
6062431,MIT,spdx_id,MapFuzzyMatch
3441000,MIT,spdx_id,MapFuzzyMatch
5669231,copyleft-next-0.3.0,spdx_id,MapFuzzyMatch
295287,BSD-1-Clause,spdx_id,MapFuzzyMatch
5800312,CECILL-1.1,spdx_id,MapFuzzyMatch
3834233,MIT,spdx_id,MapFuzzyMatch
1540474,3D-Slicer-1.0,spdx_id,MapFuzzyMatch
1147267,Apache-1.0,spdx_id,MapFuzzyMatch
4030854,Elastic-2.0,spdx_id,MapExactMatch
1343879,MIT,spdx_id,MapFuzzyMatch
3637642,MIT,spdx_id,MapFuzzyMatch
295307,MIT,spdx_id,MapFuzzyMatch
1802638,AGPL-3.0,spdx_id,MapExactID
4882833,BSD-Source-Code,spdx_id,MapFuzzyMatch
360850,MIT,spdx_id,MapFuzzyMatch
426387,MIT,spdx_id,MapFuzzyMatch
5800344,MIT,spdx_id,MapFuzzyMatch
754075,ISO-permission,spdx_id,MapFuzzyMatch
1540508,BSD-1-Clause,spdx_id,MapFuzzyMatch
5144990,ISO-permission,spdx_id,MapFuzzyMatch
3047839,MIT,spdx_id,MapFuzzyMatch
7307689,Apache-1.0,spdx_id,MapFuzzyMatch
7504300,ANTLR-PD,spdx_id,MapFuzzyMatch
7176622,MIT,spdx_id,MapFuzzyMatch
7111088,MIT,spdx_id,MapFuzzyMatch
3375540,BSD-1-Clause,spdx_id,MapFuzzyMatch
3178942,ISO-permission,spdx_id,MapFuzzyMatch
1409474,MIT,spdx_id,MapFuzzyMatch
4620745,AGPL-3.0,spdx_id,MapFuzzyMatch
33229,Apache-2.0,spdx_id,MapExactMatch
3441102,MIT,spdx_id,MapFuzzyMatch
7111134,MIT,spdx_id,MapFuzzyMatch
3506656,MIT,spdx_id,MapFuzzyMatch
754148,ISO-permission,spdx_id,MapFuzzyMatch
2589163,LGPL-2.1,spdx_id,MapExactID
229869,,unknown,MapNA
1147385,MIT,spdx_id,MapFuzzyMatch
688650,MIT,spdx_id,MapFuzzyMatch
6980108,MIT,spdx_id,MapFuzzyMatch
4424208,ISO-permission,spdx_id,MapFuzzyMatch
2195993,ISO-permission,spdx_id,MapFuzzyMatch
1016355,ISO-permission,spdx_id,MapFuzzyMatch
5931558,BUSL-1.1,spdx_id,MapFuzzyMatch
5145132,BSD-1-Clause,spdx_id,MapFuzzyMatch
164398,CECILL-1.1,spdx_id,MapFuzzyMatch
164400,BSD-1-Clause,spdx_id,MapFuzzyMatch
819765,Unlicense,spdx_id,MapFuzzyMatch
1540661,CC-BY-NC-SA-1.0,spdx_id,MapFuzzyMatch
5145141,BSD-Source-Code,spdx_id,MapFuzzyMatch
3047993,MIT,spdx_id,MapFuzzyMatch
3113529,Apache-2.0,spdx_id,MapFuzzyMatch
3965502,ISO-permission,spdx_id,MapFuzzyMatch
1671743,MIT,spdx_id,MapFuzzyMatch
7504454,MIT,spdx_id,MapFuzzyMatch
4424266,MIT,spdx_id,MapFuzzyMatch
6455882,MIT,spdx_id,MapFuzzyMatch
4424270,Fair,spdx_id,MapFuzzyMatch
5145174,MIT,spdx_id,MapFuzzyMatch
7635543,MIT,spdx_id,MapFuzzyMatch
33370,MIT,spdx_id,MapFuzzyMatch
7176798,MIT,spdx_id,MapFuzzyMatch
5276258,MIT,spdx_id,MapFuzzyMatch
4424291,MIT,spdx_id,MapFuzzyMatch
33382,ECL-2.0,spdx_id,MapExactID
6455916,MIT,spdx_id,MapFuzzyMatch
6455929,MIT,spdx_id,MapFuzzyMatch
6455930,BSD-1-Clause,spdx_id,MapFuzzyMatch
6390399,Apache-1.0,spdx_id,MapFuzzyMatch
1344130,ISO-permission,spdx_id,MapFuzzyMatch
5145218,Apache-1.1,spdx_id,MapFuzzyMatch
4031108,Apache-2.0,spdx_id,MapFuzzyMatch
754315,MIT,spdx_id,MapFuzzyMatch
7111308,MIT,spdx_id,MapFuzzyMatch
6521485,BSD-1-Clause,spdx_id,MapFuzzyMatch
4883086,MIT,spdx_id,MapFuzzyMatch
5538450,MIT,spdx_id,MapFuzzyMatch
295571,ISO-permission,spdx_id,MapFuzzyMatch
33428,GPL-2.0,spdx_id,MapFuzzyMatch
6455955,MIT,spdx_id,MapFuzzyMatch
1344156,MIT,spdx_id,MapFuzzyMatch
6455967,BSD-1-Clause,spdx_id,MapFuzzyMatch
5407397,MIT,spdx_id,MapFuzzyMatch
7373477,MIT,spdx_id,MapFuzzyMatch
1802934,MIT,spdx_id,MapFuzzyMatch
754364,ISO-permission,spdx_id,MapFuzzyMatch
3769022,ISO-permission,spdx_id,MapFuzzyMatch
3506880,MIT,spdx_id,MapFuzzyMatch
3769024,ISO-permission,spdx_id,MapFuzzyMatch
5407426,MIT,spdx_id,MapFuzzyMatch
3769028,MIT,spdx_id,MapFuzzyMatch
754386,Apache-1.0,spdx_id,MapFuzzyMatch
2589397,MIT,spdx_id,MapFuzzyMatch
754392,GPL-1.0,spdx_id,MapFuzzyMatch
2720479,ISO-permission,spdx_id,MapFuzzyMatch
1409760,Intel,spdx_id,MapFuzzyMatch
7308004,ISO-permission,spdx_id,MapFuzzyMatch
230126,CECILL-2.0,spdx_id,MapFuzzyMatch
3703538,CC-BY-4.0,spdx_id,MapFuzzyMatch
3113716,ISO-permission,spdx_id,MapFuzzyMatch
3834617,MIT,spdx_id,MapFuzzyMatch
4424453,Apache-2.0,spdx_id,MapExactMatch
6390533,MIT,spdx_id,MapFuzzyMatch
4424457,ISO-permission,spdx_id,MapFuzzyMatch
3703564,Apache-1.0,spdx_id,MapFuzzyMatch
819991,MIT,spdx_id,MapFuzzyMatch
7373592,MIT,spdx_id,MapFuzzyMatch
4883237,MIT,spdx_id,MapFuzzyMatch
426790,MIT,spdx_id,MapFuzzyMatch
1540904,BSD-1-Clause,spdx_id,MapFuzzyMatch
5538607,Apache-2.0,spdx_id,MapFuzzyMatch
688947,OSL-1.0,spdx_id,MapFuzzyMatch
557877,MIT,spdx_id,MapFuzzyMatch
1540918,ISO-permission,spdx_id,MapFuzzyMatch
6193974,LGPL-3.0,spdx_id,MapFuzzyMatch
6521654,MIT,spdx_id,MapFuzzyMatch
2720571,MIT,spdx_id,MapFuzzyMatch
6521659,ISO-permission,spdx_id,MapFuzzyMatch
33604,BSD-2-Clause,spdx_id,MapFuzzyMatch
295754,GPL-3.0,spdx_id,MapFuzzyMatch
7177038,BSD-Source-Code,spdx_id,MapFuzzyMatch
1147732,MIT,spdx_id,MapFuzzyMatch
5735253,MIT,spdx_id,MapFuzzyMatch
3703640,MIT,spdx_id,MapFuzzyMatch
5997414,MIT,spdx_id,MapFuzzyMatch
7177062,MIT,spdx_id,MapFuzzyMatch
2458484,Apache-2.0,spdx_id,MapFuzzyMatch
1540983,BSD-3-Clause,spdx_id,MapExactID
2720633,LGPL-3.0,spdx_id,MapFuzzyMatch
1409914,Apache-1.0,spdx_id,MapFuzzyMatch
3900283,BSD-1-Clause,spdx_id,MapFuzzyMatch
5735299,copyleft-next-0.3.0,spdx_id,MapFuzzyMatch
164745,AGPL-3.0,spdx_id,MapFuzzyMatch
2524045,ISO-permission,spdx_id,MapFuzzyMatch
2524047,MIT,spdx_id,MapFuzzyMatch
295828,Unlicense,spdx_id,MapExactMatch
2196374,ISO-permission,spdx_id,MapFuzzyMatch
1606552,ISO-permission,spdx_id,MapFuzzyMatch
5538721,MIT,spdx_id,MapFuzzyMatch
295846,MIT,spdx_id,MapFuzzyMatch
2589606,MIT,spdx_id,MapFuzzyMatch
2589611,ISO-permission,spdx_id,MapFuzzyMatch
1672111,MIT,spdx_id,MapFuzzyMatch
4424635,Apache-1.0,spdx_id,MapFuzzyMatch
4424637,Apache-1.0,spdx_id,MapFuzzyMatch
5473217,MIT,spdx_id,MapFuzzyMatch
2196419,CC-BY-SA-2.1-JP,spdx_id,MapFuzzyMatch
820172,BUSL-1.1,spdx_id,MapFuzzyMatch
2261966,Apache-1.0,spdx_id,MapFuzzyMatch
5538781,GPL-2.0,spdx_id,MapFuzzyMatch
4031455,Apache-1.0,spdx_id,MapFuzzyMatch
2589665,MIT,spdx_id,MapFuzzyMatch
689129,Apache-2.0,spdx_id,MapFuzzyMatch
295914,ISO-permission,spdx_id,MapFuzzyMatch
1672170,GPL-2.0-only,spdx_id,MapExactMatch
7111659,ISO-permission,spdx_id,MapFuzzyMatch
689134,copyleft-next-0.3.0,spdx_id,MapFuzzyMatch
3507184,ISO-permission,spdx_id,MapFuzzyMatch
5997552,MIT,spdx_id,MapFuzzyMatch
2196471,AGPL-3.0,spdx_id,MapFuzzyMatch
1016824,MIT,spdx_id,MapFuzzyMatch
33785,ISO-permission,spdx_id,MapFuzzyMatch
3310588,MIT,spdx_id,MapFuzzyMatch
361469,WTFNMFPL,spdx_id,MapFuzzyMatch
5473285,CC-BY-NC-SA-2.0-FR,spdx_id,MapFuzzyMatch
7373832,ISO-permission,spdx_id,MapFuzzyMatch
164875,Apache-2.0,spdx_id,MapFuzzyMatch
3310603,ISO-permission,spdx_id,MapFuzzyMatch
7046156,ANTLR-PD,spdx_id,MapFuzzyMatch
33806,MIT-0,spdx_id,MapFuzzyMatch
164881,BSD-1-Clause,spdx_id,MapFuzzyMatch
7373854,Apache-2.0,spdx_id,MapFuzzyMatch
33826,CC-BY-3.0,spdx_id,MapFuzzyMatch
5800996,MIT,spdx_id,MapFuzzyMatch
6456357,ISO-permission,spdx_id,MapFuzzyMatch
7308326,MIT,spdx_id,MapFuzzyMatch
2655271,BSD-3-Clause,spdx_id,MapFuzzyMatch
4424744,MIT,spdx_id,MapFuzzyMatch
1606701,MIT,spdx_id,MapFuzzyMatch
3965997,BSD-3-Clause,spdx_id,MapFuzzyMatch
5145645,ISO-permission,spdx_id,MapFuzzyMatch
3966001,OSSP,spdx_id,MapFuzzyMatch
6980658,MIT,spdx_id,MapFuzzyMatch
1606711,MIT,spdx_id,MapFuzzyMatch
5145662,MIT,spdx_id,MapFuzzyMatch
4424771,ISO-permission,spdx_id,MapFuzzyMatch
2589770,MIT,spdx_id,MapFuzzyMatch
689229,MIT,spdx_id,MapFuzzyMatch
164946,MIT,spdx_id,MapFuzzyMatch
1672280,GPL-2.0,spdx_id,MapFuzzyMatch
2393176,ISO-permission,spdx_id,MapFuzzyMatch
3179609,ISO-permission,spdx_id,MapFuzzyMatch
6980696,GPL,license_family,MapLicenseFamily
3376221,,unknown,MapNA
7636067,MIT,spdx_id,MapFuzzyMatch
5473383,LGPL-3.0,spdx_id,MapFuzzyMatch
427116,GPL-2.0,spdx_id,MapExactID
754805,MIT,spdx_id,MapFuzzyMatch
5801077,MIT,spdx_id,MapFuzzyMatch
6521979,MIT,spdx_id,MapFuzzyMatch
4424828,ISO-permission,spdx_id,MapFuzzyMatch
5997695,MIT,spdx_id,MapFuzzyMatch
4424850,MIT,spdx_id,MapFuzzyMatch
4424853,ISO-permission,spdx_id,MapFuzzyMatch
6522020,MIT,spdx_id,MapFuzzyMatch
3048630,Apache-2.0,spdx_id,MapFuzzyMatch
3441848,MIT,spdx_id,MapFuzzyMatch
3638457,GPL-3.0,spdx_id,MapFuzzyMatch
165058,MIT,spdx_id,MapFuzzyMatch
2655426,MIT,spdx_id,MapFuzzyMatch
99526,MIT,spdx_id,MapFuzzyMatch
1541321,BSD-1-Clause,spdx_id,MapFuzzyMatch
820426,MIT,spdx_id,MapFuzzyMatch
2655433,MIT,spdx_id,MapFuzzyMatch
33996,MIT,spdx_id,MapFuzzyMatch
7570638,MIT,spdx_id,MapFuzzyMatch
6259920,MIT,spdx_id,MapFuzzyMatch
2720980,SMAIL-GPL,spdx_id,MapFuzzyMatch
689368,MIT,spdx_id,MapFuzzyMatch
3310814,ISO-permission,spdx_id,MapFuzzyMatch
34015,GPL-2.0,spdx_id,MapExactID
1672420,GPL-3.0-or-later,spdx_id,MapExactID
34021,MIT,spdx_id,MapFuzzyMatch
1606886,EUPL-1.1,spdx_id,MapFuzzyMatch
4424932,ISO-permission,spdx_id,MapFuzzyMatch
6980842,MIT,spdx_id,MapFuzzyMatch
3310828,CC-BY-SA-4.0,spdx_id,MapExactMatch
3441904,BSD-1-Clause,spdx_id,MapFuzzyMatch
4228338,MIT,spdx_id,MapFuzzyMatch
2196724,BSD-3-Clause-No-Nuclear-License,spdx_id,MapFuzzyMatch
2524405,MIT,spdx_id,MapFuzzyMatch
7111930,copyleft-next-0.3.0,spdx_id,MapFuzzyMatch
3704060,MIT,spdx_id,MapFuzzyMatch
34046,MIT,spdx_id,MapFuzzyMatch
2458884,MIT,spdx_id,MapFuzzyMatch
4424964,ISO-permission,spdx_id,MapFuzzyMatch
4031754,GPL-3.0,spdx_id,MapFuzzyMatch
4424972,ISO-permission,spdx_id,MapFuzzyMatch
3704078,MIT,spdx_id,MapFuzzyMatch
1344788,APL-1.0,spdx_id,MapFuzzyMatch
1672474,MIT,spdx_id,MapFuzzyMatch
754973,MIT,spdx_id,MapFuzzyMatch
3704103,MIT,spdx_id,MapFuzzyMatch
558376,Apache-1.0,spdx_id,MapFuzzyMatch
5735732,BSD-2-Clause,spdx_id,MapFuzzyMatch
2524472,MIT,spdx_id,MapFuzzyMatch
6456638,ISO-permission,spdx_id,MapFuzzyMatch
820545,BSD-1-Clause,spdx_id,MapFuzzyMatch
1672514,MIT,spdx_id,MapFuzzyMatch
3966283,NPOSL-3.0,spdx_id,MapFuzzyMatch
6260043,MIT,spdx_id,MapFuzzyMatch
2393435,ANTLR-PD,spdx_id,MapFuzzyMatch
427359,MIT,spdx_id,MapFuzzyMatch
4031841,BSD-Source-Code,spdx_id,MapFuzzyMatch
4425060,ISO-permission,spdx_id,MapFuzzyMatch
5539174,MIT,spdx_id,MapFuzzyMatch
2131311,BSD-1-Clause,spdx_id,MapFuzzyMatch
34164,BSD-3-Clause,spdx_id,MapFuzzyMatch
1672565,ISO-permission,spdx_id,MapFuzzyMatch
689529,MIT,spdx_id,MapFuzzyMatch
5735802,PSF-2.0,spdx_id,MapFuzzyMatch
1803644,MIT,spdx_id,MapFuzzyMatch
2459004,AGPL-1.0,spdx_id,MapFuzzyMatch
3638653,MIT,spdx_id,MapFuzzyMatch
4425107,ISO-permission,spdx_id,MapFuzzyMatch
99735,BSD-1-Clause,spdx_id,MapFuzzyMatch
6260119,ISO-permission,spdx_id,MapFuzzyMatch
7374232,ISO-permission,spdx_id,MapFuzzyMatch
361883,,unknown,MapNA
1607068,MIT,spdx_id,MapFuzzyMatch
3573156,MIT,spdx_id,MapFuzzyMatch
1607084,ISO-permission,spdx_id,MapFuzzyMatch
1607087,ISO-permission,spdx_id,MapFuzzyMatch
1607088,ISO-permission,spdx_id,MapFuzzyMatch
2065840,OGC-1.0,spdx_id,MapFuzzyMatch
6456753,MIT,spdx_id,MapFuzzyMatch
2065851,MIT,spdx_id,MapFuzzyMatch
689599,MIT,spdx_id,MapFuzzyMatch
1607104,MIT,spdx_id,MapFuzzyMatch
1738179,ISO-permission,spdx_id,MapFuzzyMatch
2590151,MIT,spdx_id,MapFuzzyMatch
5408203,MIT,spdx_id,MapFuzzyMatch
4556238,MIT,spdx_id,MapFuzzyMatch
34264,MIT,spdx_id,MapFuzzyMatch
4883934,MIT,spdx_id,MapFuzzyMatch
2065891,BSD-1-Clause,spdx_id,MapFuzzyMatch
3048932,MIT,spdx_id,MapFuzzyMatch
34277,BSD-2-Clause,spdx_id,MapFuzzyMatch
3573227,MIT,spdx_id,MapFuzzyMatch
3769835,MIT,spdx_id,MapFuzzyMatch
755185,CC-BY-NC-SA-2.0-FR,spdx_id,MapFuzzyMatch
4163057,BSD-1-Clause,spdx_id,MapFuzzyMatch
4097527,OSL-1.1,spdx_id,MapFuzzyMatch
4425214,BSD-3-Clause,spdx_id,MapFuzzyMatch
7112191,MIT,spdx_id,MapFuzzyMatch
296454,ISO-permission,spdx_id,MapFuzzyMatch
5277192,MIT,spdx_id,MapFuzzyMatch
1017353,Apache-2.0,spdx_id,MapFuzzyMatch
6194698,MIT,spdx_id,MapFuzzyMatch
689678,copyleft-next-0.3.0,spdx_id,MapFuzzyMatch
2328079,Apache-1.0,spdx_id,MapFuzzyMatch
3769870,MIT,spdx_id,MapFuzzyMatch
4425248,ISO-permission,spdx_id,MapFuzzyMatch
427554,ISO-permission,spdx_id,MapFuzzyMatch
2131491,BSD-1-Clause,spdx_id,MapFuzzyMatch
165413,BSD-3-Clause-No-Nuclear-License,spdx_id,MapFuzzyMatch
2524710,MIT,spdx_id,MapFuzzyMatch
3442220,MIT,spdx_id,MapFuzzyMatch
6194732,BSD-1-Clause,spdx_id,MapFuzzyMatch
427576,MIT,spdx_id,MapFuzzyMatch
2131525,AGPL-3.0,spdx_id,MapFuzzyMatch
5146181,MIT,spdx_id,MapFuzzyMatch
7308870,MIT,spdx_id,MapFuzzyMatch
34391,MIT,spdx_id,MapFuzzyMatch
3180122,GPL-2.0,spdx_id,MapFuzzyMatch
5932637,MIT,spdx_id,MapFuzzyMatch
6653534,Apache-1.0,spdx_id,MapFuzzyMatch
2524767,WTFNMFPL,spdx_id,MapFuzzyMatch
5932644,BSD-1-Clause,spdx_id,MapFuzzyMatch
558698,MIT,spdx_id,MapFuzzyMatch
7308908,BSD-2-Clause,spdx_id,MapFuzzyMatch
7505516,MIT,spdx_id,MapFuzzyMatch
3311214,OGTSL,spdx_id,MapFuzzyMatch
755314,GPL-3.0,spdx_id,MapFuzzyMatch
3311219,Python-2.0,spdx_id,MapFuzzyMatch
165494,MIT,spdx_id,MapFuzzyMatch
5932658,MIT,spdx_id,MapFuzzyMatch
5670521,ISO-permission,spdx_id,MapFuzzyMatch
2459260,Apache-1.0,spdx_id,MapFuzzyMatch
2459261,Apache-1.0,spdx_id,MapFuzzyMatch
3704445,BSD-3-Clause,spdx_id,MapFuzzyMatch
5932675,GPL-3.0,spdx_id,MapFuzzyMatch
755336,MIT,spdx_id,MapFuzzyMatch
5801615,MIT,spdx_id,MapFuzzyMatch
1803931,PSF-2.0,spdx_id,MapFuzzyMatch
3835551,MIT,spdx_id,MapFuzzyMatch
6588068,ANTLR-PD,spdx_id,MapFuzzyMatch
4228781,ISO-permission,spdx_id,MapFuzzyMatch
3180208,MIT,spdx_id,MapFuzzyMatch
1541822,MIT,spdx_id,MapFuzzyMatch
2262720,ANTLR-PD,spdx_id,MapFuzzyMatch
2721482,MIT,spdx_id,MapFuzzyMatch
5670604,ISO-permission,spdx_id,MapFuzzyMatch
3901133,MIT,spdx_id,MapFuzzyMatch
7112397,Fair,spdx_id,MapFuzzyMatch
3507925,BSD-1-Clause,spdx_id,MapFuzzyMatch
2655962,MIT,spdx_id,MapFuzzyMatch
6129373,CECILL-B,spdx_id,MapFuzzyMatch
100063,AGPL-3.0,spdx_id,MapFuzzyMatch
2197231,ISO-permission,spdx_id,MapFuzzyMatch
6129398,WTFPL,spdx_id,MapExactMatch
6588152,MIT,spdx_id,MapFuzzyMatch
4622077,GPL-2.0-or-later,spdx_id,MapFuzzyMatch
3966718,MIT,spdx_id,MapFuzzyMatch
5211912,MIT,spdx_id,MapFuzzyMatch
2590481,MIT,spdx_id,MapFuzzyMatch
427799,MIT,spdx_id,MapFuzzyMatch
1345304,ISO-permission,spdx_id,MapFuzzyMatch
5408554,MIT,spdx_id,MapFuzzyMatch
4097838,ISO-permission,spdx_id,MapFuzzyMatch
3049263,GPL-1.0,spdx_id,MapFuzzyMatch
3049266,ISO-permission,spdx_id,MapFuzzyMatch
3442483,MIT,spdx_id,MapFuzzyMatch
165685,MIT,spdx_id,MapFuzzyMatch
5932851,MIT,spdx_id,MapFuzzyMatch
34616,CC0-1.0,spdx_id,MapFuzzyMatch
7636794,BSD-2-Clause,spdx_id,MapFuzzyMatch
3376957,MIT,spdx_id,MapFuzzyMatch
2721598,MIT,spdx_id,MapFuzzyMatch
5408578,GPL-2.0,spdx_id,MapFuzzyMatch
7309123,MIT,spdx_id,MapFuzzyMatch
5932869,CPAL-1.0,spdx_id,MapFuzzyMatch
1804103,MIT,spdx_id,MapFuzzyMatch
1607511,MIT,spdx_id,MapFuzzyMatch
3966807,MIT,spdx_id,MapFuzzyMatch
296795,Python-2.0,spdx_id,MapFuzzyMatch
2721629,MIT,spdx_id,MapFuzzyMatch
3180383,MIT,spdx_id,MapFuzzyMatch
7636836,MIT,spdx_id,MapFuzzyMatch
296811,MIT,spdx_id,MapFuzzyMatch
1345391,ISO-permission,spdx_id,MapFuzzyMatch
4425585,MIT,spdx_id,MapFuzzyMatch
165756,MIT,spdx_id,MapFuzzyMatch
6391679,GPL-3.0,spdx_id,MapFuzzyMatch
821124,SCEA,spdx_id,MapFuzzyMatch
3442570,MIT,spdx_id,MapFuzzyMatch
5539722,MIT,spdx_id,MapFuzzyMatch
3966865,Apache-1.0,spdx_id,MapFuzzyMatch
755604,MIT,spdx_id,MapFuzzyMatch
3442580,BSD-Source-Code,spdx_id,MapFuzzyMatch
3573652,BSD-1-Clause,spdx_id,MapFuzzyMatch
7505814,ISO-permission,spdx_id,MapFuzzyMatch
4163485,MIT,spdx_id,MapFuzzyMatch
6588320,MIT,spdx_id,MapFuzzyMatch
2328482,CC0-1.0,spdx_id,MapFuzzyMatch
4163491,MIT,spdx_id,MapFuzzyMatch
4163496,MIT,spdx_id,MapFuzzyMatch
3704747,LPPL-1.1,spdx_id,MapFuzzyMatch
5867437,MIT,spdx_id,MapFuzzyMatch
34755,MIT,spdx_id,MapFuzzyMatch
3901381,AGPL-3.0,spdx_id,MapFuzzyMatch
4425669,ISO-permission,spdx_id,MapFuzzyMatch
5998534,ISO-permission,spdx_id,MapFuzzyMatch
100302,BitTorrent-1.0,spdx_id,MapFuzzyMatch
362468,ISO-permission,spdx_id,MapFuzzyMatch
5670885,MIT,spdx_id,MapFuzzyMatch
362470,Apache-2.0,spdx_id,MapFuzzyMatch
3508204,MIT,spdx_id,MapFuzzyMatch
1542125,MIT,spdx_id,MapFuzzyMatch
7309292,MIT,spdx_id,MapFuzzyMatch
7571438,MIT,spdx_id,MapFuzzyMatch
165872,AGPL-3.0,spdx_id,MapExactID
2000883,BSD-3-Clause,spdx_id,MapFuzzyMatch
165879,LGPL-3.0,spdx_id,MapExactID
5408762,MIT,spdx_id,MapFuzzyMatch
3573759,WTFPL,spdx_id,MapFuzzyMatch
5408770,MIT,spdx_id,MapFuzzyMatch
3704838,LPPL-1.1,spdx_id,MapFuzzyMatch
4425741,BSD-3-Clause,spdx_id,MapFuzzyMatch
2721816,MIT,spdx_id,MapFuzzyMatch
2721822,MIT,spdx_id,MapFuzzyMatch
3967007,MIT,spdx_id,MapFuzzyMatch
5474335,MIT,spdx_id,MapFuzzyMatch
3180577,Caldera,spdx_id,MapFuzzyMatch
1542178,MIT,spdx_id,MapFuzzyMatch
3377190,MIT,spdx_id,MapFuzzyMatch
755754,MIT,spdx_id,MapFuzzyMatch
6588461,IPL-1.0,spdx_id,MapFuzzyMatch
5539886,MIT,spdx_id,MapFuzzyMatch
6260783,Apache-1.0,spdx_id,MapFuzzyMatch
3508273,JSON,spdx_id,MapFuzzyMatch
6588464,MIT,spdx_id,MapFuzzyMatch
34878,CC-BY-NC-4.0,spdx_id,MapExactID
2590791,ISO-permission,spdx_id,MapFuzzyMatch
297033,Beerware,spdx_id,MapExactID
362570,Fair,spdx_id,MapFuzzyMatch
7047242,MIT,spdx_id,MapFuzzyMatch
1673293,MIT,spdx_id,MapFuzzyMatch
5867610,MIT,spdx_id,MapFuzzyMatch
362595,MIT,spdx_id,MapFuzzyMatch
6522982,Python-2.0,spdx_id,MapFuzzyMatch
297065,MIT,spdx_id,MapFuzzyMatch
4425841,MIT,spdx_id,MapFuzzyMatch
4425845,MIT,spdx_id,MapFuzzyMatch
6391929,MIT,spdx_id,MapFuzzyMatch
1149059,,unknown,MapNA
690320,MIT,spdx_id,MapFuzzyMatch
100502,LGPL-2.0,spdx_id,MapExactID
4884631,MIT,spdx_id,MapFuzzyMatch
6391959,MIT,spdx_id,MapFuzzyMatch
2197660,MIT,spdx_id,MapFuzzyMatch
7637149,MIT,spdx_id,MapFuzzyMatch
100510,CC-BY-NC-SA-2.0-FR,spdx_id,MapFuzzyMatch
2197662,BSD-3-Clause-No-Nuclear-License,spdx_id,MapFuzzyMatch
3967144,MIT,spdx_id,MapFuzzyMatch
3967146,MIT,spdx_id,MapFuzzyMatch
4884656,MIT,spdx_id,MapFuzzyMatch
3967156,MIT,spdx_id,MapFuzzyMatch
5802195,BUSL-1.1,spdx_id,MapFuzzyMatch
7047381,MIT,spdx_id,MapFuzzyMatch
3311832,ISO-permission,spdx_id,MapFuzzyMatch
2001119,MIT,spdx_id,MapFuzzyMatch
3049696,LGPL-2.0,spdx_id,MapExactID
2263268,MIT,spdx_id,MapFuzzyMatch
3508455,Apache-1.1,spdx_id,MapFuzzyMatch
1018096,AFL-1.1,spdx_id,MapFuzzyMatch
1542384,ISO-permission,spdx_id,MapFuzzyMatch
3967219,MIT,spdx_id,MapFuzzyMatch
4557054,MIT,spdx_id,MapFuzzyMatch
35071,GPL-1.0,spdx_id,MapFuzzyMatch
7047423,NIST-Software,spdx_id,MapFuzzyMatch
35074,MIT,spdx_id,MapFuzzyMatch
2525442,AGPL-3.0,spdx_id,MapFuzzyMatch
3574020,GPL-2.0,spdx_id,MapExactID
5540120,MIT,spdx_id,MapFuzzyMatch
1739043,ANTLR-PD,spdx_id,MapFuzzyMatch
4426029,Artistic-1.0,spdx_id,MapFuzzyMatch
4622637,BSL-1.0,spdx_id,MapFuzzyMatch
5474609,MIT,spdx_id,MapFuzzyMatch
3967288,MIT,spdx_id,MapFuzzyMatch
3639610,MIT,spdx_id,MapFuzzyMatch
3049789,MIT,spdx_id,MapFuzzyMatch
2328895,MIT,spdx_id,MapFuzzyMatch
6064454,MIT,spdx_id,MapFuzzyMatch
6588743,MIT,spdx_id,MapFuzzyMatch
821582,MIT,spdx_id,MapFuzzyMatch
3180878,copyleft-next-0.3.0,spdx_id,MapFuzzyMatch
3967321,BSD-1-Clause,spdx_id,MapFuzzyMatch
6261084,GPL-3.0,spdx_id,MapFuzzyMatch
3574120,MIT,spdx_id,MapFuzzyMatch
4426092,ISO-permission,spdx_id,MapFuzzyMatch
35186,GPL-3.0,spdx_id,MapExactID
3705206,MIT,spdx_id,MapFuzzyMatch
2263421,BSD-Source-Code,spdx_id,MapFuzzyMatch
7309703,Apache-2.0,spdx_id,MapFuzzyMatch
7440776,MIT,spdx_id,MapFuzzyMatch
1608076,MIT,spdx_id,MapFuzzyMatch
6588814,MIT,spdx_id,MapFuzzyMatch
1608082,BSD-1-Clause,spdx_id,MapFuzzyMatch
6392214,MIT,spdx_id,MapFuzzyMatch
3836315,MIT,spdx_id,MapFuzzyMatch
3180957,MIT,spdx_id,MapFuzzyMatch
4426142,ISO-permission,spdx_id,MapFuzzyMatch
7440798,MIT,spdx_id,MapFuzzyMatch
7309737,MIT,spdx_id,MapFuzzyMatch
2722218,MIT,spdx_id,MapFuzzyMatch
3901868,MIT,spdx_id,MapFuzzyMatch
3508660,TGPPL-1.0,spdx_id,MapFuzzyMatch
3639741,MIT,spdx_id,MapFuzzyMatch
35262,copyleft-next-0.3.0,spdx_id,MapFuzzyMatch
6392253,MIT,spdx_id,MapFuzzyMatch
231873,LGPL-2.1,spdx_id,MapFuzzyMatch
2132422,MIT,spdx_id,MapFuzzyMatch
4884941,MIT,spdx_id,MapFuzzyMatch
3967444,MIT,spdx_id,MapFuzzyMatch
1346010,copyleft-next-0.3.0,spdx_id,MapFuzzyMatch
428509,LGPL-3.0,spdx_id,MapFuzzyMatch
7375330,MIT,spdx_id,MapFuzzyMatch
3508708,LGPL-2.1,spdx_id,MapFuzzyMatch
4098535,MIT,spdx_id,MapFuzzyMatch
5212647,GPL-3.0-or-later,spdx_id,MapFuzzyMatch
35307,CECILL-1.1,spdx_id,MapFuzzyMatch
4622849,SMAIL-GPL,spdx_id,MapFuzzyMatch
2394627,MIT,spdx_id,MapFuzzyMatch
1804804,MIT,spdx_id,MapFuzzyMatch
1346053,0BSD,spdx_id,MapFuzzyMatch
4426246,ISO-permission,spdx_id,MapFuzzyMatch
5147156,copyleft-next-0.3.0,spdx_id,MapFuzzyMatch
4885014,Apache-1.0,spdx_id,MapFuzzyMatch
4885016,MIT,spdx_id,MapFuzzyMatch
2198052,LGPL-3.0,spdx_id,MapFuzzyMatch
1018406,MIT,spdx_id,MapFuzzyMatch
2918948,GPL-3.0,spdx_id,MapFuzzyMatch
166440,ISO-permission,spdx_id,MapFuzzyMatch
3967529,MIT,spdx_id,MapFuzzyMatch
1608234,MIT,spdx_id,MapFuzzyMatch
7637543,ISO-permission,spdx_id,MapFuzzyMatch
1673778,Artistic-1.0,spdx_id,MapFuzzyMatch
2722357,MIT,spdx_id,MapFuzzyMatch
166470,GPL-1.0,spdx_id,MapFuzzyMatch
5999174,AGPL-3.0,spdx_id,MapFuzzyMatch
6457929,copyleft-next-0.3.0,spdx_id,MapFuzzyMatch
2591312,Apache-2.0,spdx_id,MapFuzzyMatch
4622932,SMAIL-GPL,spdx_id,MapFuzzyMatch
3377752,BSD-1-Clause,spdx_id,MapFuzzyMatch
1149542,MIT,spdx_id,MapFuzzyMatch
756328,MIT,spdx_id,MapFuzzyMatch
1018472,BSD-3-Clause,spdx_id,MapExactID
7047803,MIT,spdx_id,MapFuzzyMatch
7441026,MIT,spdx_id,MapFuzzyMatch
3902086,MIT,spdx_id,MapFuzzyMatch
5802632,MIT,spdx_id,MapFuzzyMatch
3508877,MIT,spdx_id,MapFuzzyMatch
6523533,MIT,spdx_id,MapFuzzyMatch
4426391,ISO-permission,spdx_id,MapFuzzyMatch
1018522,BSD-3-Clause,spdx_id,MapFuzzyMatch
756379,ISO-permission,spdx_id,MapFuzzyMatch
2919066,MIT,spdx_id,MapFuzzyMatch
4229787,MIT,spdx_id,MapFuzzyMatch
6982304,MIT,spdx_id,MapFuzzyMatch
3639971,MIT,spdx_id,MapFuzzyMatch
2525870,MIT,spdx_id,MapFuzzyMatch
5802674,MIT,spdx_id,MapFuzzyMatch
1673913,GPL-1.0,spdx_id,MapFuzzyMatch
4229821,ISO-permission,spdx_id,MapFuzzyMatch
3967680,MIT,spdx_id,MapFuzzyMatch
4688577,GPL-3.0,spdx_id,MapFuzzyMatch
3050184,MIT,spdx_id,MapFuzzyMatch
4229833,Apache-1.0,spdx_id,MapFuzzyMatch
6064844,AGPL-3.0,spdx_id,MapFuzzyMatch
4098768,MIT,spdx_id,MapFuzzyMatch
1739474,Apache-2.0,spdx_id,MapFuzzyMatch
35541,SMAIL-GPL,spdx_id,MapFuzzyMatch
6523612,MIT,spdx_id,MapFuzzyMatch
35549,WTFPL,spdx_id,MapFuzzyMatch
3967717,Apache-1.0,spdx_id,MapFuzzyMatch
4557542,MIT,spdx_id,MapFuzzyMatch
3050222,MIT,spdx_id,MapFuzzyMatch
2394863,MIT,spdx_id,MapFuzzyMatch
297712,MIT,spdx_id,MapFuzzyMatch
2394869,MIT,spdx_id,MapFuzzyMatch
1608439,MIT,spdx_id,MapFuzzyMatch
2394871,MIT,spdx_id,MapFuzzyMatch
1149689,MIT,spdx_id,MapFuzzyMatch
2853632,WTFPL,spdx_id,MapFuzzyMatch
3771137,MIT,spdx_id,MapFuzzyMatch
101122,MIT,spdx_id,MapFuzzyMatch
2394884,MIT,spdx_id,MapFuzzyMatch
166664,AGPL-3.0,spdx_id,MapExactID
2722574,BUSL-1.1,spdx_id,MapFuzzyMatch
428821,GPL-2.0,spdx_id,MapFuzzyMatch
6982433,MIT,spdx_id,MapFuzzyMatch
101158,Beerware,spdx_id,MapFuzzyMatch
3967784,MIT,spdx_id,MapFuzzyMatch
7310120,MIT,spdx_id,MapFuzzyMatch
3443508,MPL-2.0,spdx_id,MapFuzzyMatch
4164413,MIT,spdx_id,MapFuzzyMatch
1805126,ISO-permission,spdx_id,MapFuzzyMatch
953171,Apache-1.0,spdx_id,MapFuzzyMatch
5409621,MPL-2.0,spdx_id,MapFuzzyMatch
2263894,MIT,spdx_id,MapFuzzyMatch
35673,MIT,spdx_id,MapFuzzyMatch
1674083,MIT,spdx_id,MapFuzzyMatch
7572326,ISO-permission,spdx_id,MapFuzzyMatch
4623208,MIT,spdx_id,MapFuzzyMatch
1674091,MIT,spdx_id,MapFuzzyMatch
232305,MIT,spdx_id,MapFuzzyMatch
101234,MIT,spdx_id,MapFuzzyMatch
2067313,X11-no-permit-persons,spdx_id,MapFuzzyMatch
1411957,MIT,spdx_id,MapFuzzyMatch
101245,MIT,spdx_id,MapFuzzyMatch
1674113,MIT,spdx_id,MapFuzzyMatch
2526085,EPL-1.0,spdx_id,MapFuzzyMatch
7310223,MIT,spdx_id,MapFuzzyMatch
4426643,ISO-permission,spdx_id,MapFuzzyMatch
2722708,MIT,spdx_id,MapFuzzyMatch
4230046,GPL-3.0,spdx_id,MapFuzzyMatch
2067361,MIT,spdx_id,MapFuzzyMatch
3967914,MIT,spdx_id,MapFuzzyMatch
2001838,BSD-1-Clause,spdx_id,MapFuzzyMatch
166836,MIT,spdx_id,MapFuzzyMatch
560053,MIT,spdx_id,MapFuzzyMatch
2198466,MIT,spdx_id,MapFuzzyMatch
2067406,MIT,spdx_id,MapFuzzyMatch
5999569,MIT,spdx_id,MapFuzzyMatch
4426706,ISO-permission,spdx_id,MapFuzzyMatch
2001880,BSD-1-Clause,spdx_id,MapFuzzyMatch
3967960,MIT,spdx_id,MapFuzzyMatch
2329564,BSD-1-Clause,spdx_id,MapFuzzyMatch
5540832,NCSA,spdx_id,MapFuzzyMatch
1608676,Apache-2.0,spdx_id,MapFuzzyMatch
560104,AGPL-3.0,spdx_id,MapFuzzyMatch
1543145,LGPL-2.1,spdx_id,MapFuzzyMatch
166893,MIT,spdx_id,MapFuzzyMatch
2067440,MIT,spdx_id,MapFuzzyMatch
297975,AGPL-3.0,spdx_id,MapFuzzyMatch
7310327,BSD-1-Clause,spdx_id,MapFuzzyMatch
297978,CC-BY-4.0,spdx_id,MapFuzzyMatch
756730,BSD-1-Clause,spdx_id,MapFuzzyMatch
2395131,Apache-1.0,spdx_id,MapFuzzyMatch
1412096,Apache-2.0,spdx_id,MapFuzzyMatch
7179264,BSD-1-Clause,spdx_id,MapFuzzyMatch
4426756,ISO-permission,spdx_id,MapFuzzyMatch
6392836,ANTLR-PD,spdx_id,MapFuzzyMatch
363527,GPL-3.0,spdx_id,MapExactID
756743,BSD-3-Clause,spdx_id,MapFuzzyMatch
3181581,MIT,spdx_id,MapFuzzyMatch
3181587,MIT,spdx_id,MapFuzzyMatch
2198556,ISO-permission,spdx_id,MapFuzzyMatch
4426783,ISO-permission,spdx_id,MapFuzzyMatch
756769,MIT,spdx_id,MapFuzzyMatch
2198562,MIT,spdx_id,MapFuzzyMatch
7048228,MIT,spdx_id,MapFuzzyMatch
1412157,MIT,spdx_id,MapFuzzyMatch
166976,BSD-3-Clause-No-Nuclear-License,spdx_id,MapFuzzyMatch
2133058,MIT,spdx_id,MapFuzzyMatch
4623426,BSD-Source-Code,spdx_id,MapFuzzyMatch
4230212,MIT,spdx_id,MapFuzzyMatch
3968104,MIT,spdx_id,MapFuzzyMatch
691308,MIT,spdx_id,MapFuzzyMatch
2526317,ANTLR-PD,spdx_id,MapFuzzyMatch
4099190,ISO-permission,spdx_id,MapFuzzyMatch
6982774,MIT,spdx_id,MapFuzzyMatch
7048322,MIT,spdx_id,MapFuzzyMatch
1412231,MIT,spdx_id,MapExactID
2919560,Apache-1.0,spdx_id,MapFuzzyMatch
1346702,MIT,spdx_id,MapFuzzyMatch
2198674,MIT,spdx_id,MapFuzzyMatch
7376020,MIT,spdx_id,MapFuzzyMatch
7441556,GPL-3.0,spdx_id,MapFuzzyMatch
4426902,ISO-permission,spdx_id,MapFuzzyMatch
7310486,MIT,spdx_id,MapFuzzyMatch
7310487,MIT,spdx_id,MapFuzzyMatch
2002075,Apache-1.0,spdx_id,MapFuzzyMatch
6458534,ISO-permission,spdx_id,MapFuzzyMatch
4492458,MIT,spdx_id,MapFuzzyMatch
2657466,MIT,spdx_id,MapFuzzyMatch
2067644,MIT,spdx_id,MapFuzzyMatch
4426942,ISO-permission,spdx_id,MapFuzzyMatch
2133183,MIT,spdx_id,MapFuzzyMatch
4426943,ISO-permission,spdx_id,MapFuzzyMatch
429254,MIT,spdx_id,MapFuzzyMatch
3050695,ISO-permission,spdx_id,MapFuzzyMatch
363723,BSD-1-Clause,spdx_id,MapFuzzyMatch
2395340,GPL-1.0,spdx_id,MapFuzzyMatch
5541072,MIT,spdx_id,MapFuzzyMatch
5541089,MIT,spdx_id,MapFuzzyMatch
6261986,MIT,spdx_id,MapFuzzyMatch
2002150,MIT,spdx_id,MapFuzzyMatch
2329832,Apache-1.0,spdx_id,MapFuzzyMatch
6524140,Apache-1.0,spdx_id,MapFuzzyMatch
6327542,BSD-3-Clause,spdx_id,MapFuzzyMatch
5475577,Apache-1.0,spdx_id,MapFuzzyMatch
5934331,GPL-3.0,spdx_id,MapFuzzyMatch
3050748,MIT,spdx_id,MapFuzzyMatch
101632,SSPL-1.0,spdx_id,MapFuzzyMatch
2919680,MIT,spdx_id,MapFuzzyMatch
3443974,ISO-permission,spdx_id,MapFuzzyMatch
167179,MIT,spdx_id,MapFuzzyMatch
2067723,Apache-1.0,spdx_id,MapFuzzyMatch
2133278,MIT,spdx_id,MapFuzzyMatch
2329890,MIT,spdx_id,MapFuzzyMatch
36132,LGPL-2.1,spdx_id,MapExactID
4427047,ISO-permission,spdx_id,MapFuzzyMatch
7638319,MIT,spdx_id,MapFuzzyMatch
4230450,MIT,spdx_id,MapFuzzyMatch
7441723,MIT,spdx_id,MapFuzzyMatch
1674559,Intel,spdx_id,MapFuzzyMatch
5475655,MIT,spdx_id,MapFuzzyMatch
6655303,Apache-1.0,spdx_id,MapFuzzyMatch
3181897,ISO-permission,spdx_id,MapFuzzyMatch
2461004,AGPL-3.0-only,spdx_id,MapExactMatch
5410126,MIT,spdx_id,MapFuzzyMatch
363856,Beerware,spdx_id,MapFuzzyMatch
4427096,ISO-permission,spdx_id,MapFuzzyMatch
6524254,MIT,spdx_id,MapFuzzyMatch
6524256,CC0-1.0,spdx_id,MapFuzzyMatch
36201,MIT,spdx_id,MapFuzzyMatch
2198889,AGPL-3.0,spdx_id,MapFuzzyMatch
4885868,MIT,spdx_id,MapFuzzyMatch
3837297,ISC,spdx_id,MapFuzzyMatch
101747,GPL-3.0,spdx_id,MapFuzzyMatch
6262139,MIT,spdx_id,MapFuzzyMatch
2461058,MIT,spdx_id,MapFuzzyMatch
7114117,MIT,spdx_id,MapFuzzyMatch
6327686,MIT,spdx_id,MapFuzzyMatch
3050887,MIT,spdx_id,MapFuzzyMatch
6393226,EFL-2.0,spdx_id,MapExactID
232848,MIT,spdx_id,MapFuzzyMatch
2264473,MIT,spdx_id,MapFuzzyMatch
4165022,CC-BY-4.0,spdx_id,MapFuzzyMatch
7048611,copyleft-next-0.3.0,spdx_id,MapFuzzyMatch
2198962,MIT,spdx_id,MapFuzzyMatch
2067894,GFDL-1.1,spdx_id,MapFuzzyMatch
6458809,MIT,spdx_id,MapFuzzyMatch
3968443,MIT,spdx_id,MapFuzzyMatch
822716,AGPL-1.0,spdx_id,MapFuzzyMatch
2723260,MIT,spdx_id,MapFuzzyMatch
2919874,Apache-1.0,spdx_id,MapFuzzyMatch
7638478,MIT,spdx_id,MapFuzzyMatch
3050960,MIT,spdx_id,MapFuzzyMatch
5934544,BSD-1-Clause,spdx_id,MapFuzzyMatch
6000080,MIT,spdx_id,MapFuzzyMatch
6000083,Apache-1.0,spdx_id,MapFuzzyMatch
2657750,MIT,spdx_id,MapFuzzyMatch
3182041,BSD-4.3RENO,spdx_id,MapFuzzyMatch
3182054,MIT,spdx_id,MapFuzzyMatch
7638512,MulanPSL-2.0,spdx_id,MapFuzzyMatch
2919927,MIT,spdx_id,MapFuzzyMatch
7310845,CECILL-1.0,spdx_id,MapFuzzyMatch
6983166,MIT,spdx_id,MapFuzzyMatch
7310848,CECILL-1.0,spdx_id,MapFuzzyMatch
5934595,MIT,spdx_id,MapFuzzyMatch
1150474,MIT,spdx_id,MapFuzzyMatch
3444239,MIT,spdx_id,MapFuzzyMatch
7114260,MIT,spdx_id,MapFuzzyMatch
1019435,MIT,spdx_id,MapFuzzyMatch
7179824,MIT,spdx_id,MapFuzzyMatch
298545,MIT,spdx_id,MapFuzzyMatch
298547,MIT,spdx_id,MapFuzzyMatch
1412662,Apache-1.0,spdx_id,MapFuzzyMatch
1740343,MIT,spdx_id,MapFuzzyMatch
2264630,MIT,spdx_id,MapFuzzyMatch
5803577,MIT,spdx_id,MapFuzzyMatch
5475900,Apache-1.0,spdx_id,MapFuzzyMatch
6327873,MIT,spdx_id,MapFuzzyMatch
6065737,BSD-1-Clause,spdx_id,MapFuzzyMatch
3509836,MIT,spdx_id,MapFuzzyMatch
1740381,MIT,spdx_id,MapFuzzyMatch
2461279,ISO-permission,spdx_id,MapFuzzyMatch
4099681,MIT,spdx_id,MapFuzzyMatch
6983269,copyleft-next-0.3.0,spdx_id,MapFuzzyMatch
101990,BSD-1-Clause,spdx_id,MapFuzzyMatch
2592361,MIT,spdx_id,MapFuzzyMatch
1150579,ISO-permission,spdx_id,MapFuzzyMatch
7114363,ISO-permission,spdx_id,MapFuzzyMatch
1019521,ISO-permission,spdx_id,MapFuzzyMatch
2330243,ANTLR-PD,spdx_id,MapFuzzyMatch
7310985,Apache-1.0,spdx_id,MapFuzzyMatch
3837580,MIT,spdx_id,MapFuzzyMatch
4624019,MIT,spdx_id,MapFuzzyMatch
2592404,GPL-2.0-or-later,spdx_id,MapFuzzyMatch
4886166,MIT,spdx_id,MapFuzzyMatch
1150626,CC-BY-NC-SA-1.0,spdx_id,MapFuzzyMatch
7114405,MIT,spdx_id,MapFuzzyMatch
691881,Apache-1.0,spdx_id,MapFuzzyMatch
2526891,MIT,spdx_id,MapFuzzyMatch
3837627,MIT,spdx_id,MapFuzzyMatch
1674961,ISO-permission,spdx_id,MapFuzzyMatch
2723538,LGPL-2.1-or-later,spdx_id,MapExactID
1543895,MIT,spdx_id,MapFuzzyMatch
2658034,MIT,spdx_id,MapFuzzyMatch
6262515,MIT,spdx_id,MapFuzzyMatch
2723576,ISC,spdx_id,MapFuzzyMatch
7442170,ISO-permission,spdx_id,MapFuzzyMatch
560895,MIT,spdx_id,MapFuzzyMatch
2461439,MIT,spdx_id,MapFuzzyMatch
2920209,MIT,spdx_id,MapFuzzyMatch
6590238,Apache-1.0,spdx_id,MapFuzzyMatch
2199329,ISO-permission,spdx_id,MapFuzzyMatch
102179,GPL-3.0,spdx_id,MapFuzzyMatch
2264867,MIT,spdx_id,MapFuzzyMatch
2723623,MIT,spdx_id,MapFuzzyMatch
4034349,BitTorrent-1.0,spdx_id,MapFuzzyMatch
102190,BSD-3-Clause,spdx_id,MapFuzzyMatch
102198,GPL-1.0,spdx_id,MapFuzzyMatch
4427575,MIT,spdx_id,MapFuzzyMatch
6131517,MIT,spdx_id,MapFuzzyMatch
3968831,MIT,spdx_id,MapFuzzyMatch
5410632,MIT,spdx_id,MapFuzzyMatch
3051341,BSD-3-Clause-No-Nuclear-License,spdx_id,MapFuzzyMatch
2133839,ISO-permission,spdx_id,MapFuzzyMatch
5934939,LGPL-3.0,spdx_id,MapExactID
7311198,MIT,spdx_id,MapFuzzyMatch
3051363,ISO-permission,spdx_id,MapFuzzyMatch
2068331,MIT,spdx_id,MapFuzzyMatch
3641207,GPL-3.0,spdx_id,MapFuzzyMatch
3903351,MIT,spdx_id,MapFuzzyMatch
4231032,MIT,spdx_id,MapFuzzyMatch
5803899,MIT,spdx_id,MapFuzzyMatch
3379077,LiLiQ-P-1.1,spdx_id,MapFuzzyMatch
233352,AGPL-3.0,spdx_id,MapFuzzyMatch
2133897,BSD-1-Clause,spdx_id,MapFuzzyMatch
823179,Apache-1.0,spdx_id,MapFuzzyMatch
5410706,MIT,spdx_id,MapFuzzyMatch
6459290,ISO-permission,spdx_id,MapFuzzyMatch
2133931,BSD-1-Clause,spdx_id,MapFuzzyMatch
823212,Apache-1.0,spdx_id,MapFuzzyMatch
3837869,GD,spdx_id,MapExactMatch
2133941,BSD-1-Clause,spdx_id,MapFuzzyMatch
233398,AGPL-3.0-or-later,spdx_id,MapFuzzyMatch
102331,ISO-permission,spdx_id,MapFuzzyMatch
233404,AGPL-1.0,spdx_id,MapFuzzyMatch
3510211,MIT,spdx_id,MapFuzzyMatch
2133963,Apache-2.0,spdx_id,MapExactMatch
2133969,Apache-1.0,spdx_id,MapFuzzyMatch
3968979,ISO-permission,spdx_id,MapFuzzyMatch
2658264,BSD-1-Clause,spdx_id,MapFuzzyMatch
6131683,BSD-1-Clause,spdx_id,MapFuzzyMatch
6262758,MIT,spdx_id,MapFuzzyMatch
5476327,ISO-permission,spdx_id,MapFuzzyMatch
6066152,GPL-2.0,spdx_id,MapFuzzyMatch
7573481,MIT,spdx_id,MapFuzzyMatch
1675242,MIT,spdx_id,MapFuzzyMatch
6262781,MIT,spdx_id,MapFuzzyMatch
3051523,Apache-2.0,spdx_id,MapFuzzyMatch
4034564,MIT,spdx_id,MapFuzzyMatch
3444745,MIT,spdx_id,MapFuzzyMatch
2068494,GPL-3.0-only,spdx_id,MapExactMatch
3837968,MIT,spdx_id,MapFuzzyMatch
1150997,BSD-3-Clause,spdx_id,MapFuzzyMatch
5541911,AGPL,license_family,MapLicenseFamily
7639068,MIT,spdx_id,MapFuzzyMatch
4231200,X11-no-permit-persons,spdx_id,MapFuzzyMatch
2265125,MIT,spdx_id,MapFuzzyMatch
5410861,MIT,spdx_id,MapFuzzyMatch
3838002,BSD-1-Clause,spdx_id,MapFuzzyMatch
3117107,MIT,spdx_id,MapFuzzyMatch
2592820,MIT,spdx_id,MapFuzzyMatch
692284,MIT,spdx_id,MapFuzzyMatch
2854972,MIT,spdx_id,MapFuzzyMatch
7442493,CECILL-C,spdx_id,MapFuzzyMatch
5410889,MIT,spdx_id,MapFuzzyMatch
5476427,MIT,spdx_id,MapFuzzyMatch
7639119,MIT,spdx_id,MapFuzzyMatch
2330704,EPICS,spdx_id,MapExactMatch
7639122,MIT,spdx_id,MapFuzzyMatch
5804115,ISO-permission,spdx_id,MapFuzzyMatch
5476445,ISO-permission,spdx_id,MapFuzzyMatch
233582,AGPL-3.0,spdx_id,MapFuzzyMatch
823411,MIT,spdx_id,MapFuzzyMatch
2003059,MIT,spdx_id,MapFuzzyMatch
2265203,GPL-3.0,spdx_id,MapFuzzyMatch
3510388,MIT,spdx_id,MapFuzzyMatch
4231285,ISO-permission,spdx_id,MapFuzzyMatch
4886650,MIT,spdx_id,MapFuzzyMatch
6328444,MIT,spdx_id,MapFuzzyMatch
5476480,MIT,spdx_id,MapFuzzyMatch
3772546,BSD-3-Clause,spdx_id,MapFuzzyMatch
1806467,MIT,spdx_id,MapFuzzyMatch
5673095,MIT,spdx_id,MapFuzzyMatch
2068619,ISO-permission,spdx_id,MapFuzzyMatch
168080,EPL-2.0,spdx_id,MapExactID
37017,,unknown,MapNA
2330779,MIT,spdx_id,MapFuzzyMatch
3510441,MIT,spdx_id,MapFuzzyMatch
3051693,MIT,spdx_id,MapFuzzyMatch
4100274,BSD-1-Clause,spdx_id,MapFuzzyMatch
3379384,MIT,spdx_id,MapFuzzyMatch
1347773,BSD-1-Clause,spdx_id,MapFuzzyMatch
1806528,Apache-1.0,spdx_id,MapFuzzyMatch
3903683,ISO-permission,spdx_id,MapFuzzyMatch
6328514,MIT,spdx_id,MapFuzzyMatch
2330823,MIT,spdx_id,MapFuzzyMatch
4886728,CC-BY-SA,license_family,MapLicenseFamily
5607625,MIT,spdx_id,MapFuzzyMatch
3707087,BSD-3-Clause,spdx_id,MapExactID
5738711,MIT,spdx_id,MapFuzzyMatch
2592984,BSD-3-Clause,spdx_id,MapFuzzyMatch
7114971,MIT,spdx_id,MapFuzzyMatch
3707104,BSD-1-Clause,spdx_id,MapFuzzyMatch
168162,MIT,spdx_id,MapFuzzyMatch
6131942,MIT,spdx_id,MapFuzzyMatch
1741033,AGPL-3.0,spdx_id,MapFuzzyMatch
6590698,BSD-1-Clause,spdx_id,MapFuzzyMatch
4493550,MIT,spdx_id,MapFuzzyMatch
37103,AGPL-3.0,spdx_id,MapFuzzyMatch
823535,MIT,spdx_id,MapFuzzyMatch
3313905,MIT,spdx_id,MapFuzzyMatch
3444980,Apache-1.0,spdx_id,MapFuzzyMatch
3510522,MIT,spdx_id,MapFuzzyMatch
1020157,MIT,spdx_id,MapFuzzyMatch
6000900,Apache-1.0,spdx_id,MapFuzzyMatch
7049479,ISO-permission,spdx_id,MapFuzzyMatch
561417,MIT,spdx_id,MapFuzzyMatch
6263053,Beerware,spdx_id,MapExactMatch
1741093,MIT,spdx_id,MapFuzzyMatch
299304,MIT,spdx_id,MapFuzzyMatch
5673259,Apache-2.0,spdx_id,MapFuzzyMatch
2855212,GPL-3.0,spdx_id,MapFuzzyMatch
3510592,Apache-2.0,spdx_id,MapFuzzyMatch
3510593,Libpng,spdx_id,MapFuzzyMatch
299333,GPL-3.0,spdx_id,MapFuzzyMatch
4624710,copyleft-next-0.3.0,spdx_id,MapFuzzyMatch
5411141,MIT,spdx_id,MapFuzzyMatch
1020234,BSD-2-Clause,spdx_id,MapExactID
2396491,BSD-3-Clause,spdx_id,MapExactMatch
6132044,MIT,spdx_id,MapFuzzyMatch
5738835,Apache-1.0,spdx_id,MapFuzzyMatch
6590808,Apache-2.0,spdx_id,MapExactMatch
6000990,MIT,spdx_id,MapFuzzyMatch
3314018,LPD-document,spdx_id,MapFuzzyMatch
168294,MIT,spdx_id,MapFuzzyMatch
5280103,MIT,spdx_id,MapFuzzyMatch
6394214,CDLA-Permissive-2.0,spdx_id,MapFuzzyMatch
6001002,Apache-1.0,spdx_id,MapFuzzyMatch
2986348,MIT,spdx_id,MapFuzzyMatch
6459769,MIT,spdx_id,MapFuzzyMatch
4034941,SSPL-1.0,spdx_id,MapExactMatch
299397,BSD-1-Clause,spdx_id,MapFuzzyMatch
430475,ISO-permission,spdx_id,MapFuzzyMatch
6459789,MIT,spdx_id,MapFuzzyMatch
3182993,MIT,spdx_id,MapFuzzyMatch
2855324,MIT,spdx_id,MapFuzzyMatch
1872286,MIT,spdx_id,MapFuzzyMatch
4034976,MIT,spdx_id,MapFuzzyMatch
3772833,MIT,spdx_id,MapFuzzyMatch
7573931,ISO-permission,spdx_id,MapFuzzyMatch
5214636,MIT,spdx_id,MapFuzzyMatch
3838383,Apache-2.0,spdx_id,MapFuzzyMatch
2986417,MIT,spdx_id,MapFuzzyMatch
3510710,MIT,spdx_id,MapFuzzyMatch
3510711,MIT,spdx_id,MapFuzzyMatch
5476793,MIT,spdx_id,MapFuzzyMatch
2068928,MIT,spdx_id,MapFuzzyMatch
3183045,GPL-3.0,spdx_id,MapExactID
299465,Apache-2.0,spdx_id,MapFuzzyMatch
7049677,MIT,spdx_id,MapFuzzyMatch
7180753,MIT,spdx_id,MapFuzzyMatch
5411285,MIT,spdx_id,MapFuzzyMatch
2527705,Apache-2.0,spdx_id,MapFuzzyMatch
3052004,ISO-permission,spdx_id,MapFuzzyMatch
758247,GPL-3.0,spdx_id,MapExactID
5738989,GPL-2.0,spdx_id,MapFuzzyMatch
5280238,copyleft-next-0.3.0,spdx_id,MapFuzzyMatch
6066672,BSD-3-Clause,spdx_id,MapFuzzyMatch
5214711,MIT,spdx_id,MapFuzzyMatch
4231672,MIT,spdx_id,MapFuzzyMatch
7442944,MIT,spdx_id,MapFuzzyMatch
7442945,MIT,spdx_id,MapFuzzyMatch
7115275,MIT,spdx_id,MapFuzzyMatch
3641870,MIT,spdx_id,MapFuzzyMatch
2069009,Apache-1.0,spdx_id,MapFuzzyMatch
5870097,GPL-3.0,spdx_id,MapFuzzyMatch
3641878,MIT,spdx_id,MapFuzzyMatch
2265626,AGPL-3.0,spdx_id,MapFuzzyMatch
6328858,ISO-permission,spdx_id,MapFuzzyMatch
2265629,MIT,spdx_id,MapFuzzyMatch
365087,MIT,spdx_id,MapFuzzyMatch
102944,LGPL-3.0,spdx_id,MapFuzzyMatch
6001185,CC-BY-4.0,spdx_id,MapFuzzyMatch
2724396,Apache-1.0,spdx_id,MapFuzzyMatch
3838512,Python-2.0,spdx_id,MapFuzzyMatch
5476911,MIT,spdx_id,MapFuzzyMatch
3969586,MIT,spdx_id,MapFuzzyMatch
5870128,Apache-2.0,spdx_id,MapFuzzyMatch
6197821,MIT,spdx_id,MapFuzzyMatch
2331209,MIT,spdx_id,MapFuzzyMatch
3445342,MIT,spdx_id,MapFuzzyMatch
234088,GPL-3.0,spdx_id,MapFuzzyMatch
234089,LGPL-2.1,spdx_id,MapFuzzyMatch
6591082,MIT,spdx_id,MapFuzzyMatch
6984305,MIT,spdx_id,MapFuzzyMatch
37495,ISO-permission,spdx_id,MapFuzzyMatch
3773055,MIT,spdx_id,MapFuzzyMatch
1872512,GPL-2.0,spdx_id,MapFuzzyMatch
5214848,MIT,spdx_id,MapFuzzyMatch
1610376,MIT,spdx_id,MapFuzzyMatch
1610389,Apache-1.0,spdx_id,MapFuzzyMatch
430746,GPL-2.0,spdx_id,MapFuzzyMatch
3969692,MIT,spdx_id,MapFuzzyMatch
6591137,CC-BY-NC-SA-3.0,spdx_id,MapExactID
3052203,MIT,spdx_id,MapFuzzyMatch
299693,LGPL-2.0,spdx_id,MapFuzzyMatch
3707567,WTFPL,spdx_id,MapFuzzyMatch
7312051,MIT,spdx_id,MapFuzzyMatch
5673661,MIT-feh,spdx_id,MapFuzzyMatch
5280452,MIT,spdx_id,MapFuzzyMatch
5477060,Apache-1.0,spdx_id,MapFuzzyMatch
4231880,GPL-2.0,spdx_id,MapFuzzyMatch
5542603,GPL-1.0,spdx_id,MapFuzzyMatch
6984397,MIT,spdx_id,MapFuzzyMatch
3969754,MIT,spdx_id,MapFuzzyMatch
6197984,MIT,spdx_id,MapFuzzyMatch
2200289,BSD-3-Clause,spdx_id,MapFuzzyMatch
5804778,MIT,spdx_id,MapFuzzyMatch
168687,MIT,spdx_id,MapFuzzyMatch
299759,ISO-permission,spdx_id,MapFuzzyMatch
1348336,MIT,spdx_id,MapFuzzyMatch
2200310,MIT,spdx_id,MapFuzzyMatch
1610496,BSD-4-Clause,spdx_id,MapFuzzyMatch
4559621,MIT,spdx_id,MapFuzzyMatch
4559625,LGPL-3.0,spdx_id,MapFuzzyMatch
6263563,MIT,spdx_id,MapFuzzyMatch
2528013,MIT,spdx_id,MapFuzzyMatch
2659108,MIT,spdx_id,MapFuzzyMatch
168741,MIT,spdx_id,MapFuzzyMatch
1413933,BSD-1-Clause,spdx_id,MapFuzzyMatch
4952879,MIT,spdx_id,MapFuzzyMatch
1872690,BSD-3-Clause-No-Nuclear-License,spdx_id,MapFuzzyMatch
234292,MIT,spdx_id,MapFuzzyMatch
1610548,MIT,spdx_id,MapFuzzyMatch
1872692,MIT,spdx_id,MapFuzzyMatch
3511093,ISO-permission,spdx_id,MapFuzzyMatch
7050041,MIT,spdx_id,MapFuzzyMatch
6984520,MIT,spdx_id,MapFuzzyMatch
7312204,MIT,spdx_id,MapFuzzyMatch
6263634,MIT,spdx_id,MapFuzzyMatch
5870421,MIT,spdx_id,MapFuzzyMatch
5477211,MIT,spdx_id,MapFuzzyMatch
6001500,MIT,spdx_id,MapFuzzyMatch
1807197,MIT,spdx_id,MapFuzzyMatch
365406,ISO-permission,spdx_id,MapFuzzyMatch
1413991,MIT,spdx_id,MapFuzzyMatch
5870445,Apache-1.0,spdx_id,MapFuzzyMatch
7574386,ISO-permission,spdx_id,MapFuzzyMatch
6198133,BSD-3-Clause,spdx_id,MapFuzzyMatch
3838840,Apache-2.0,spdx_id,MapFuzzyMatch
1545094,MIT,spdx_id,MapFuzzyMatch
5936007,MIT,spdx_id,MapFuzzyMatch
2593672,MIT,spdx_id,MapFuzzyMatch
6984582,MIT,spdx_id,MapFuzzyMatch
6001552,MIT,spdx_id,MapFuzzyMatch
3183511,MIT,spdx_id,MapFuzzyMatch
431000,ISO-permission,spdx_id,MapFuzzyMatch
37785,GPL-3.0,spdx_id,MapExactID
3904414,ISO-permission,spdx_id,MapFuzzyMatch
2593698,MIT,spdx_id,MapFuzzyMatch
6001569,MIT,spdx_id,MapFuzzyMatch
758705,ISO-permission,spdx_id,MapFuzzyMatch
7574453,CNRI-Python,spdx_id,MapFuzzyMatch
824249,MIT,spdx_id,MapFuzzyMatch
2331589,AGPL-3.0,spdx_id,MapFuzzyMatch
3511253,LPD-document,spdx_id,MapFuzzyMatch
1872859,ISO-permission,spdx_id,MapFuzzyMatch
7574496,MIT,spdx_id,MapFuzzyMatch
2200546,ISO-permission,spdx_id,MapFuzzyMatch
234467,MIT,spdx_id,MapFuzzyMatch
3183586,APSL-2.0,spdx_id,MapFuzzyMatch
3511268,LPD-document,spdx_id,MapFuzzyMatch
5805034,MIT,spdx_id,MapFuzzyMatch
3970045,MIT,spdx_id,MapFuzzyMatch
3970049,MIT,spdx_id,MapFuzzyMatch
1807362,ISO-permission,spdx_id,MapFuzzyMatch
3511302,MIT,spdx_id,MapFuzzyMatch
3773447,MIT,spdx_id,MapFuzzyMatch
2200589,ISO-permission,spdx_id,MapFuzzyMatch
3183632,MIT,spdx_id,MapFuzzyMatch
431135,ISO-permission,spdx_id,MapFuzzyMatch
2004001,MIT,spdx_id,MapFuzzyMatch
824358,MIT,spdx_id,MapFuzzyMatch
7312428,MIT,spdx_id,MapFuzzyMatch
3511342,MIT,spdx_id,MapFuzzyMatch
2659375,MIT,spdx_id,MapFuzzyMatch
5215284,MIT,spdx_id,MapFuzzyMatch
37941,BSD-3-Clause,spdx_id,MapFuzzyMatch
5477429,MIT,spdx_id,MapFuzzyMatch
4035640,BSD-1-Clause,spdx_id,MapFuzzyMatch
2069562,MIT,spdx_id,MapFuzzyMatch
5477437,copyleft-next-0.3.0,spdx_id,MapFuzzyMatch
824398,MIT,spdx_id,MapFuzzyMatch
300120,NCSA,spdx_id,MapExactID
5215328,MIT,spdx_id,MapFuzzyMatch
1348705,MIT,spdx_id,MapFuzzyMatch
431214,DOC,spdx_id,MapFuzzyMatch
6329468,MIT,spdx_id,MapFuzzyMatch
3052672,BSD-1-Clause,spdx_id,MapFuzzyMatch
3052676,MIT,spdx_id,MapFuzzyMatch
5543046,MIT,spdx_id,MapFuzzyMatch
3183752,MIT,spdx_id,MapFuzzyMatch
234644,copyleft-next-0.3.0,spdx_id,MapFuzzyMatch
5805213,LGPL-3.0,spdx_id,MapExactID
234654,ISO-permission,spdx_id,MapFuzzyMatch
7443613,ISO-permission,spdx_id,MapFuzzyMatch
3511461,MIT,spdx_id,MapFuzzyMatch
2528426,Apache-1.1,spdx_id,MapFuzzyMatch
5870773,MIT,spdx_id,MapFuzzyMatch
5805238,MIT,spdx_id,MapFuzzyMatch
2462906,ISO-permission,spdx_id,MapFuzzyMatch
2659522,MIT,spdx_id,MapFuzzyMatch
3839191,Apache-2.0,spdx_id,MapFuzzyMatch
6591709,Apache-1.0,spdx_id,MapFuzzyMatch
6395106,Apache-2.0,spdx_id,MapFuzzyMatch
5805287,MIT,spdx_id,MapFuzzyMatch
2528491,Apache-1.0,spdx_id,MapFuzzyMatch
5936375,BSD-3-Clause,spdx_id,MapFuzzyMatch
5805305,MIT,spdx_id,MapFuzzyMatch
3118331,ISO-permission,spdx_id,MapFuzzyMatch
2135295,MIT,spdx_id,MapFuzzyMatch
4625669,MIT,spdx_id,MapFuzzyMatch
6198533,GPL-3.0,spdx_id,MapFuzzyMatch
1348872,MPL-2.0,spdx_id,MapFuzzyMatch
6198538,MIT,spdx_id,MapFuzzyMatch
4232480,MIT,spdx_id,MapFuzzyMatch
6395170,copyleft-next-0.3.0,spdx_id,MapFuzzyMatch
1152298,MIT,spdx_id,MapFuzzyMatch
1348907,MIT,spdx_id,MapFuzzyMatch
4101422,Apache-1.0,spdx_id,MapFuzzyMatch
1611057,MIT,spdx_id,MapFuzzyMatch
300339,LGPL-2.1,spdx_id,MapFuzzyMatch
1414455,MIT,spdx_id,MapFuzzyMatch
5805367,MIT,spdx_id,MapFuzzyMatch
5805385,MIT,spdx_id,MapFuzzyMatch
1152330,ISO-permission,spdx_id,MapFuzzyMatch
5805388,MIT,spdx_id,MapFuzzyMatch
2463053,Unlicense,spdx_id,MapExactMatch
2397520,BSD-3-Clause,spdx_id,MapFuzzyMatch
2856272,MIT,spdx_id,MapFuzzyMatch
3446099,MIT,spdx_id,MapFuzzyMatch
2135390,MIT,spdx_id,MapFuzzyMatch
3708256,MIT,spdx_id,MapFuzzyMatch
759141,Elastic-2.0,spdx_id,MapExactID
2659692,MIT,spdx_id,MapFuzzyMatch
3970412,MIT,spdx_id,MapFuzzyMatch
5215598,MIT,spdx_id,MapFuzzyMatch
7050608,MIT,spdx_id,MapFuzzyMatch
1742195,BSD-1-Clause,spdx_id,MapFuzzyMatch
6526326,MIT,spdx_id,MapFuzzyMatch
2332037,ISO-permission,spdx_id,MapFuzzyMatch
5739919,Zlib,spdx_id,MapExactMatch
1742237,BSD-1-Clause,spdx_id,MapFuzzyMatch
5805491,MIT,spdx_id,MapFuzzyMatch
6198708,CECILL-1.1,spdx_id,MapFuzzyMatch
4494773,ISO-permission,spdx_id,MapFuzzyMatch
1414586,MIT,spdx_id,MapFuzzyMatch
5805506,MIT,spdx_id,MapFuzzyMatch
6329803,BSD-3-Clause,spdx_id,MapFuzzyMatch
6067663,MIT,spdx_id,MapFuzzyMatch
3446244,MIT,spdx_id,MapFuzzyMatch
5871077,MIT,spdx_id,MapFuzzyMatch
824807,BSD-1-Clause,spdx_id,MapFuzzyMatch
3970549,MIT,spdx_id,MapFuzzyMatch
3839483,MIT,spdx_id,MapFuzzyMatch
1807871,MIT,spdx_id,MapFuzzyMatch
300544,MIT,spdx_id,MapFuzzyMatch
2463231,QPL-1.0,spdx_id,MapFuzzyMatch
3839501,MIT,spdx_id,MapFuzzyMatch
2135567,ISO-permission,spdx_id,MapFuzzyMatch
2987536,MIT,spdx_id,MapFuzzyMatch
824851,BSD-Source-Code,spdx_id,MapFuzzyMatch
2201113,MIT,spdx_id,MapFuzzyMatch
1873438,Apache-2.0,spdx_id,MapFuzzyMatch
7575073,PADL,spdx_id,MapFuzzyMatch
3905058,MIT,spdx_id,MapFuzzyMatch
2201125,MIT,spdx_id,MapFuzzyMatch
1938987,MIT,spdx_id,MapFuzzyMatch
1676844,Apache-2.0,spdx_id,MapFuzzyMatch
6067794,Apache-2.0,spdx_id,MapFuzzyMatch
7312995,Apache-2.0,spdx_id,MapFuzzyMatch
5805682,MIT,spdx_id,MapFuzzyMatch
7378547,MIT,spdx_id,MapFuzzyMatch
6985336,SMAIL-GPL,spdx_id,MapFuzzyMatch
104060,MIT,spdx_id,MapFuzzyMatch
300674,MIT,spdx_id,MapFuzzyMatch
2463380,MIT,spdx_id,MapFuzzyMatch
7050900,Apache-2.0,spdx_id,MapFuzzyMatch
3643035,MIT,spdx_id,MapFuzzyMatch
5478053,ANTLR-PD,spdx_id,MapFuzzyMatch
169652,CECILL-C,spdx_id,MapExactID
431803,LGPL-2.0-or-later,spdx_id,MapExactID
6198971,MIT,spdx_id,MapFuzzyMatch
4953791,CECILL-1.1,spdx_id,MapFuzzyMatch
169669,GPL-3.0,spdx_id,MapFuzzyMatch
7116484,BSD-1-Clause,spdx_id,MapFuzzyMatch
5478088,ANTLR-PD,spdx_id,MapFuzzyMatch
3053260,MIT,spdx_id,MapFuzzyMatch
1873617,MIT,spdx_id,MapFuzzyMatch
300755,LGPL-3.0-or-later,spdx_id,MapExactID
5871313,MIT,spdx_id,MapFuzzyMatch
300757,BSD-3-Clause,spdx_id,MapFuzzyMatch
6592220,MIT,spdx_id,MapFuzzyMatch
104158,MIT,spdx_id,MapFuzzyMatch
1873633,MIT,spdx_id,MapFuzzyMatch
7116514,AGPL-3.0,spdx_id,MapFuzzyMatch
104165,MIT,spdx_id,MapFuzzyMatch
3905260,ISO-permission,spdx_id,MapFuzzyMatch
5347057,MIT,spdx_id,MapFuzzyMatch
6592242,MIT,spdx_id,MapFuzzyMatch
2135799,MIT,spdx_id,MapFuzzyMatch
5478143,MIT,spdx_id,MapFuzzyMatch
1677056,MIT,spdx_id,MapFuzzyMatch
759565,CECILL-C,spdx_id,MapExactID
759568,MIT,spdx_id,MapFuzzyMatch
1742614,MIT,spdx_id,MapFuzzyMatch
169751,MIT,spdx_id,MapFuzzyMatch
759581,FSL-1.1-MIT,spdx_id,MapFuzzyMatch
2004765,GPL-3.0,spdx_id,MapFuzzyMatch
3053341,MIT,spdx_id,MapFuzzyMatch
38688,ADSL,spdx_id,MapFuzzyMatch
7116585,MIT,spdx_id,MapFuzzyMatch
1152815,AGPL-1.0,spdx_id,MapFuzzyMatch
2725680,3D-Slicer-1.0,spdx_id,MapFuzzyMatch
3315512,ISO-permission,spdx_id,MapFuzzyMatch
1873722,LGPL-3.0,spdx_id,MapFuzzyMatch
1152829,MIT,spdx_id,MapFuzzyMatch
825153,CC-BY-4.0,spdx_id,MapFuzzyMatch
3970881,GPL-3.0,spdx_id,MapFuzzyMatch
2987847,MIT,spdx_id,MapFuzzyMatch
7116622,MIT,spdx_id,MapFuzzyMatch
6002519,MIT,spdx_id,MapFuzzyMatch
6002521,MIT,spdx_id,MapFuzzyMatch
7116633,MIT,spdx_id,MapFuzzyMatch
7575391,MIT,spdx_id,MapFuzzyMatch
5150567,MIT,spdx_id,MapFuzzyMatch
7313256,MIT,spdx_id,MapFuzzyMatch
2201449,GPL-2.0,spdx_id,MapFuzzyMatch
1742701,MIT,spdx_id,MapFuzzyMatch
3839855,Apache-2.0,spdx_id,MapFuzzyMatch
6461297,BSD-3-Clause-No-Nuclear-License,spdx_id,MapFuzzyMatch
2922354,BSL-1.0,spdx_id,MapFuzzyMatch
1546099,MIT,spdx_id,MapFuzzyMatch
1546100,MIT,spdx_id,MapFuzzyMatch
1808243,Apache-2.0,spdx_id,MapFuzzyMatch
3053429,MIT,spdx_id,MapFuzzyMatch
7509873,MIT,spdx_id,MapFuzzyMatch
7575425,LGPL-3.0,spdx_id,MapFuzzyMatch
1808258,Apache-1.0,spdx_id,MapFuzzyMatch
5674883,Apache-2.0,spdx_id,MapFuzzyMatch
7182214,Python-2.0,spdx_id,MapFuzzyMatch
6461330,MIT,spdx_id,MapFuzzyMatch
7182227,ISO-permission,spdx_id,MapFuzzyMatch
3905430,AGPL-3.0,spdx_id,MapFuzzyMatch
6068127,LGPL-2.0,spdx_id,MapFuzzyMatch
694178,MIT,spdx_id,MapFuzzyMatch
2332581,MIT,spdx_id,MapFuzzyMatch
235430,NIST-Software,spdx_id,MapFuzzyMatch
759719,GPL-2.0,spdx_id,MapFuzzyMatch
6264747,MIT,spdx_id,MapFuzzyMatch
235447,MIT,spdx_id,MapFuzzyMatch
694199,LGPL-3.0,spdx_id,MapFuzzyMatch
2922424,ISO-permission,spdx_id,MapFuzzyMatch
7509943,MIT,spdx_id,MapFuzzyMatch
7575482,ISO-permission,spdx_id,MapFuzzyMatch
366525,MIT,spdx_id,MapFuzzyMatch
1742785,Apache-1.1,spdx_id,MapFuzzyMatch
5871554,ISO-permission,spdx_id,MapFuzzyMatch
5478340,MIT,spdx_id,MapFuzzyMatch
5937092,MIT,spdx_id,MapFuzzyMatch
5478342,ANTLR-PD,spdx_id,MapFuzzyMatch
2529233,BSD-4-Clause,spdx_id,MapExactID
1152991,MIT,spdx_id,MapFuzzyMatch
5478369,MIT,spdx_id,MapFuzzyMatch
4233196,ISO-permission,spdx_id,MapFuzzyMatch
4233197,ISO-permission,spdx_id,MapFuzzyMatch
5871603,ISO-permission,spdx_id,MapFuzzyMatch
5937142,MIT,spdx_id,MapFuzzyMatch
6068220,MIT,spdx_id,MapFuzzyMatch
3184646,BSD-1-Clause,spdx_id,MapFuzzyMatch
38919,AGPL-3.0,spdx_id,MapFuzzyMatch
4036621,MIT,spdx_id,MapFuzzyMatch
38927,MIT,spdx_id,MapFuzzyMatch
3119127,MIT,spdx_id,MapFuzzyMatch
6395928,MIT,spdx_id,MapFuzzyMatch
4495389,MIT,spdx_id,MapFuzzyMatch
1742886,ISC,spdx_id,MapExactID
2988071,MIT,spdx_id,MapFuzzyMatch
2070575,BSD-3-Clause-No-Nuclear-License,spdx_id,MapFuzzyMatch
7313472,MIT,spdx_id,MapFuzzyMatch
38977,PSF-2.0,spdx_id,MapFuzzyMatch
104519,AGPL-3.0,spdx_id,MapExactMatch
1611850,Apache-2.0,spdx_id,MapFuzzyMatch
5544011,ISO-permission,spdx_id,MapFuzzyMatch
1546316,GPL-3.0,spdx_id,MapFuzzyMatch
2267227,GPL-3.0,spdx_id,MapFuzzyMatch
3381342,MIT,spdx_id,MapFuzzyMatch
4102239,Apache-1.0,spdx_id,MapFuzzyMatch
4561007,MIT,spdx_id,MapFuzzyMatch
4626548,MIT,spdx_id,MapFuzzyMatch
7116916,MIT,spdx_id,MapFuzzyMatch
5937272,ISO-permission,spdx_id,MapFuzzyMatch
1415297,MIT,spdx_id,MapFuzzyMatch
4233348,Apache-1.0,spdx_id,MapFuzzyMatch
3774599,Apache-1.0,spdx_id,MapFuzzyMatch
1415306,MIT,spdx_id,MapFuzzyMatch
2660494,MIT,spdx_id,MapFuzzyMatch
6527120,LGPL-2.1,spdx_id,MapFuzzyMatch
39060,BitTorrent-1.0,spdx_id,MapFuzzyMatch
170133,AGPL-3.0,spdx_id,MapFuzzyMatch
563360,Apache-1.0,spdx_id,MapFuzzyMatch
3578023,MIT,spdx_id,MapFuzzyMatch
2988204,ISO-permission,spdx_id,MapFuzzyMatch
825517,MIT,spdx_id,MapFuzzyMatch
6002865,AGPL-1.0,spdx_id,MapFuzzyMatch
4954293,OGL-Canada-2.0,spdx_id,MapFuzzyMatch
5544131,CECILL-1.1,spdx_id,MapFuzzyMatch
6461641,MIT,spdx_id,MapFuzzyMatch
4954315,WTFPL,spdx_id,MapExactMatch
6527178,MIT,spdx_id,MapFuzzyMatch
4102355,MIT,spdx_id,MapFuzzyMatch
2070741,BSD-3-Clause,spdx_id,MapFuzzyMatch
4954328,Apache-2.0,spdx_id,MapExactMatch
301284,BSD-3-Clause-LBNL,spdx_id,MapFuzzyMatch
5675236,MIT,spdx_id,MapFuzzyMatch
7117035,BSD-1-Clause,spdx_id,MapFuzzyMatch
3578093,MIT,spdx_id,MapFuzzyMatch
104688,MIT,spdx_id,MapFuzzyMatch
3971325,MIT,spdx_id,MapFuzzyMatch
3905799,MIT,spdx_id,MapFuzzyMatch
39177,MPL-2.0,spdx_id,MapExactID
2136342,AGPL-1.0,spdx_id,MapFuzzyMatch
366871,MIT,spdx_id,MapFuzzyMatch
3381543,MIT,spdx_id,MapFuzzyMatch
2136361,AGPL-3.0-or-later,spdx_id,MapFuzzyMatch
2922803,MIT,spdx_id,MapFuzzyMatch
3184950,WTFPL,spdx_id,MapExactID
1022266,MIT,spdx_id,MapFuzzyMatch
2398525,MIT,spdx_id,MapFuzzyMatch
3774782,MIT,spdx_id,MapFuzzyMatch
6986045,BSD-1-Clause,spdx_id,MapFuzzyMatch
3184960,MIT,spdx_id,MapFuzzyMatch
2070855,MIT,spdx_id,MapFuzzyMatch
5871954,MIT,spdx_id,MapFuzzyMatch
4495702,BSD-1-Clause,spdx_id,MapFuzzyMatch
3119451,AGPL-3.0,spdx_id,MapFuzzyMatch
170339,CC0-1.0,spdx_id,MapFuzzyMatch
39269,CNRI-Python,spdx_id,MapFuzzyMatch
5413233,WTFPL,spdx_id,MapExactMatch
4495735,MIT,spdx_id,MapFuzzyMatch
1546616,GPL-1.0,spdx_id,MapFuzzyMatch
6986109,ISO-permission,spdx_id,MapFuzzyMatch
6986113,ISO-permission,spdx_id,MapFuzzyMatch
2726275,MIT,spdx_id,MapFuzzyMatch
6527369,MIT,spdx_id,MapFuzzyMatch
6527370,MIT,spdx_id,MapFuzzyMatch
1022353,Apache-2.0,spdx_id,MapFuzzyMatch
7117212,MIT,spdx_id,MapFuzzyMatch
4430238,MIT,spdx_id,MapFuzzyMatch
2398624,Apache-1.0,spdx_id,MapFuzzyMatch
5872037,ANTLR-PD,spdx_id,MapFuzzyMatch
3119531,MIT,spdx_id,MapFuzzyMatch
3643819,BSD-1-Clause,spdx_id,MapFuzzyMatch
4430252,MIT,spdx_id,MapFuzzyMatch
3185076,Apache-2.0,spdx_id,MapFuzzyMatch
6003123,BSD-2-Clause,spdx_id,MapFuzzyMatch
6199736,MIT,spdx_id,MapFuzzyMatch
2136507,ISO-permission,spdx_id,MapFuzzyMatch
5282242,MIT,spdx_id,MapFuzzyMatch
5020100,any-OSI,spdx_id,MapFuzzyMatch
6068676,MIT,spdx_id,MapFuzzyMatch
7510475,MIT,spdx_id,MapFuzzyMatch
367073,GPL-3.0,spdx_id,MapExactID
6068705,MIT,spdx_id,MapFuzzyMatch
2660836,ISO-permission,spdx_id,MapFuzzyMatch
432613,ECL-2.0,spdx_id,MapExactID
3447271,ISO-permission,spdx_id,MapFuzzyMatch
1612266,GPL-1.0,spdx_id,MapFuzzyMatch
1808874,ANTLR-PD,spdx_id,MapFuzzyMatch
2071021,MIT,spdx_id,MapFuzzyMatch
301550,MulanPSL-2.0,spdx_id,MapExactID
6199790,MIT,spdx_id,MapFuzzyMatch
1808881,MIT,spdx_id,MapFuzzyMatch
6265335,MIT,spdx_id,MapFuzzyMatch
563714,MIT,spdx_id,MapFuzzyMatch
2988546,AGPL-3.0,spdx_id,MapFuzzyMatch
3578374,BSD-1-Clause,spdx_id,MapFuzzyMatch
6265351,MIT,spdx_id,MapFuzzyMatch
2988559,NIST-Software,spdx_id,MapFuzzyMatch
760343,CC-BY-NC-3.0,spdx_id,MapExactID
3447319,MIT,spdx_id,MapFuzzyMatch
3906072,ISO-permission,spdx_id,MapFuzzyMatch
5282330,MIT,spdx_id,MapFuzzyMatch
5872154,MIT,spdx_id,MapFuzzyMatch
2988574,MIT,spdx_id,MapFuzzyMatch
2595367,BSD-1-Clause,spdx_id,MapFuzzyMatch
5478960,MIT,spdx_id,MapFuzzyMatch
4561457,Unlicense,spdx_id,MapFuzzyMatch
7182896,copyleft-next-0.3.0,spdx_id,MapFuzzyMatch
1022518,BSL-1.0,spdx_id,MapExactID
5610041,MIT,spdx_id,MapFuzzyMatch
5675581,Apache-1.0,spdx_id,MapFuzzyMatch
6986306,ISO-permission,spdx_id,MapFuzzyMatch
1022534,CECILL-B,spdx_id,MapFuzzyMatch
39508,LGPL-3.0,spdx_id,MapFuzzyMatch
5741166,MIT,spdx_id,MapFuzzyMatch
39549,AGPL-3.0,spdx_id,MapExactID
5806721,Apache-1.0,spdx_id,MapFuzzyMatch
3447427,MIT,spdx_id,MapFuzzyMatch
2661003,BSD-3-Clause-No-Nuclear-License,spdx_id,MapFuzzyMatch
7445135,MIT,spdx_id,MapFuzzyMatch
4561554,BSD-1-Clause,spdx_id,MapFuzzyMatch
498326,Fair,spdx_id,MapFuzzyMatch
4430487,GPL-3.0,spdx_id,MapFuzzyMatch
6986395,Apache-2.0,spdx_id,MapFuzzyMatch
4496036,MIT,spdx_id,MapFuzzyMatch
4037285,Apache-1.0,spdx_id,MapFuzzyMatch
5544615,Apache-1.0,spdx_id,MapFuzzyMatch
694953,LGPL-2.1,spdx_id,MapExactID
6658726,LPD-document,spdx_id,MapFuzzyMatch
1546927,GPL-3.0,spdx_id,MapFuzzyMatch
105137,Apache,license_family,MapLicenseFamily
3316404,MIT,spdx_id,MapFuzzyMatch
2333368,copyleft-next-0.3.0,spdx_id,MapFuzzyMatch
6462139,MIT,spdx_id,MapFuzzyMatch
826060,MIT,spdx_id,MapFuzzyMatch
7314124,Apache-2.0,spdx_id,MapFuzzyMatch
6462163,MIT,spdx_id,MapFuzzyMatch
694998,MIT,spdx_id,MapFuzzyMatch
6462168,MIT,spdx_id,MapFuzzyMatch
2726623,ISO-permission,spdx_id,MapFuzzyMatch
1415905,MIT,spdx_id,MapFuzzyMatch
3906275,MIT,spdx_id,MapFuzzyMatch
301797,MIT,spdx_id,MapFuzzyMatch
2726630,ISO-permission,spdx_id,MapFuzzyMatch
2333421,MIT,spdx_id,MapFuzzyMatch
432879,MIT,spdx_id,MapFuzzyMatch
5937904,BSD-3-Clause,spdx_id,MapFuzzyMatch
2071282,CC-BY-NC-SA-4.0,spdx_id,MapExactID
3316470,MIT,spdx_id,MapFuzzyMatch
170749,AGPL-3.0,spdx_id,MapExactID
2726656,Apache-1.0,spdx_id,MapFuzzyMatch
2661130,Apache-2.0,spdx_id,MapFuzzyMatch
2661131,Apache-2.0,spdx_id,MapFuzzyMatch
3775280,MIT,spdx_id,MapFuzzyMatch
498487,BSD-3-Clause,spdx_id,MapFuzzyMatch
3054392,ISO-permission,spdx_id,MapFuzzyMatch
5741370,MIT,spdx_id,MapFuzzyMatch
3054396,MIT,spdx_id,MapFuzzyMatch
2202447,MIT,spdx_id,MapFuzzyMatch
4627286,BSD-4-Clause,spdx_id,MapFuzzyMatch
39774,copyleft-next-0.3.0,spdx_id,MapFuzzyMatch
105312,Apache-2.0,spdx_id,MapFuzzyMatch
5741410,MIT,spdx_id,MapFuzzyMatch
3840873,MIT,spdx_id,MapFuzzyMatch
5544809,MIT,spdx_id,MapFuzzyMatch
1874795,CC-BY-4.0,spdx_id,MapFuzzyMatch
5938029,MIT,spdx_id,MapFuzzyMatch
170865,AGPL-3.0,spdx_id,MapFuzzyMatch
2595699,BSD-3-Clause,spdx_id,MapFuzzyMatch
5413749,MIT,spdx_id,MapFuzzyMatch
3644278,BSD-1-Clause,spdx_id,MapFuzzyMatch
2333561,MIT,spdx_id,MapFuzzyMatch
39807,GPL-3.0,spdx_id,MapFuzzyMatch
301961,OSL-2.1,spdx_id,MapFuzzyMatch
3775375,ISO-permission,spdx_id,MapFuzzyMatch
4103064,MIT,spdx_id,MapFuzzyMatch
433057,MIT,spdx_id,MapExactID
3513251,PSF-2.0,spdx_id,MapFuzzyMatch
1416100,GPL-3.0,spdx_id,MapFuzzyMatch
498597,GPL-3.0,spdx_id,MapFuzzyMatch
3644331,BSD-1-Clause,spdx_id,MapFuzzyMatch
2530220,MIT,spdx_id,MapFuzzyMatch
3775405,MIT,spdx_id,MapFuzzyMatch
2595765,MIT,spdx_id,MapFuzzyMatch
5348278,MIT,spdx_id,MapFuzzyMatch
1350585,Apache-2.0,spdx_id,MapFuzzyMatch
3382204,Apache-1.0,spdx_id,MapFuzzyMatch
1022914,MIT,spdx_id,MapFuzzyMatch
3906498,MIT,spdx_id,MapFuzzyMatch
564168,Apache-1.1,spdx_id,MapFuzzyMatch
1678293,MIT,spdx_id,MapFuzzyMatch
6462421,ISO-permission,spdx_id,MapFuzzyMatch
3578839,MIT,spdx_id,MapFuzzyMatch
4889561,Apache-2.0,spdx_id,MapFuzzyMatch
5610459,MIT,spdx_id,MapFuzzyMatch
695260,EPL-1.0,spdx_id,MapFuzzyMatch
3316712,ISO-permission,spdx_id,MapFuzzyMatch
1416178,MIT,spdx_id,MapFuzzyMatch
3447794,MIT,spdx_id,MapFuzzyMatch
3316729,NCSA,spdx_id,MapFuzzyMatch
2464768,ISO-permission,spdx_id,MapFuzzyMatch
4430849,BSD-Protection,spdx_id,MapFuzzyMatch
1809411,MIT,spdx_id,MapFuzzyMatch
4889605,GPL-1.0,spdx_id,MapFuzzyMatch
1809414,BSD-2-Clause,spdx_id,MapFuzzyMatch
2464775,AGPL-3.0,spdx_id,MapFuzzyMatch
6659079,MIT,spdx_id,MapFuzzyMatch
7379976,MIT,spdx_id,MapFuzzyMatch
171024,Apache,license_family,MapLicenseFamily
2530323,Unlicense,spdx_id,MapFuzzyMatch
7576601,ISO-permission,spdx_id,MapFuzzyMatch
5676061,MIT,spdx_id,MapFuzzyMatch
7380007,MIT,spdx_id,MapFuzzyMatch
2989106,MIT,spdx_id,MapFuzzyMatch
4889656,Apache-1.0,spdx_id,MapFuzzyMatch
4103238,ISO-permission,spdx_id,MapFuzzyMatch
2858060,MIT,spdx_id,MapFuzzyMatch
4889692,ECL-2.0,spdx_id,MapExactID
3447901,AGPL-3.0,spdx_id,MapExactID
3841120,MIT,spdx_id,MapFuzzyMatch
105572,MIT,spdx_id,MapFuzzyMatch
4103270,GPL-3.0,spdx_id,MapFuzzyMatch
3841130,MIT,spdx_id,MapFuzzyMatch
6331505,Apache-2.0,spdx_id,MapFuzzyMatch
1023095,MIT,spdx_id,MapFuzzyMatch
5217415,ISO-permission,spdx_id,MapFuzzyMatch
2595977,MIT,spdx_id,MapFuzzyMatch
4496524,MIT,spdx_id,MapFuzzyMatch
7576717,AGPL-3.0,spdx_id,MapFuzzyMatch
4234387,MIT,spdx_id,MapFuzzyMatch
171156,Apache-1.0,spdx_id,MapFuzzyMatch
1678484,ISO-permission,spdx_id,MapFuzzyMatch
4496545,Fair,spdx_id,MapFuzzyMatch
6397092,MIT,spdx_id,MapFuzzyMatch
2399400,Jam,spdx_id,MapFuzzyMatch
629934,MIT,spdx_id,MapFuzzyMatch
6593716,ISO-permission,spdx_id,MapFuzzyMatch
3054776,Apache-1.0,spdx_id,MapFuzzyMatch
6593734,MIT,spdx_id,MapFuzzyMatch
6331593,ISO-permission,spdx_id,MapFuzzyMatch
7380181,MIT,spdx_id,MapFuzzyMatch
629975,Apache-1.1,spdx_id,MapFuzzyMatch
1023193,BSD-3-Clause,spdx_id,MapFuzzyMatch
4496602,AGPL-3.0,spdx_id,MapFuzzyMatch
7380187,MIT,spdx_id,MapFuzzyMatch
826611,BSD-3-Clause,spdx_id,MapFuzzyMatch
4496629,ISO-permission,spdx_id,MapFuzzyMatch
3841276,MIT,spdx_id,MapFuzzyMatch
3710216,Apache-2.0,spdx_id,MapFuzzyMatch
5872908,MIT,spdx_id,MapFuzzyMatch
4431123,BUSL-1.1,spdx_id,MapFuzzyMatch
4431124,ISO-permission,spdx_id,MapFuzzyMatch
5872927,MIT,spdx_id,MapFuzzyMatch
40228,MIT,spdx_id,MapFuzzyMatch
5152040,MIT,spdx_id,MapFuzzyMatch
40234,ISO-permission,spdx_id,MapFuzzyMatch
2202938,ISO-permission,spdx_id,MapFuzzyMatch
5414212,BSD-2-Clause,spdx_id,MapFuzzyMatch
3185989,ISO-permission,spdx_id,MapFuzzyMatch
40266,CC0-1.0,spdx_id,MapFuzzyMatch
826702,EPL-1.0,spdx_id,MapExactMatch
3120468,BSD-3-Clause,spdx_id,MapFuzzyMatch
6331734,MIT,spdx_id,MapFuzzyMatch
171351,BSD-4-Clause,spdx_id,MapExactID
105821,copyleft-next-0.3.0,spdx_id,MapFuzzyMatch
4037991,3D-Slicer-1.0,spdx_id,MapFuzzyMatch
5741927,MIT,spdx_id,MapFuzzyMatch
4037996,MIT,spdx_id,MapFuzzyMatch
4103535,ISO-permission,spdx_id,MapFuzzyMatch
302454,AFL-2.0,spdx_id,MapFuzzyMatch
3710325,MIT,spdx_id,MapFuzzyMatch
6987128,MIT,spdx_id,MapFuzzyMatch
826747,Fair,spdx_id,MapFuzzyMatch
6004091,MIT,spdx_id,MapFuzzyMatch
368001,CNRI-Python-GPL-Compatible,spdx_id,MapFuzzyMatch
2268545,ANTLR-PD,spdx_id,MapFuzzyMatch
40331,CC-BY-NC-3.0,spdx_id,MapExactID
4103565,BSD-1-Clause,spdx_id,MapFuzzyMatch
3382674,LGPL-3.0,spdx_id,MapFuzzyMatch
105876,MIT,spdx_id,MapFuzzyMatch
40343,MIT,spdx_id,MapFuzzyMatch
40345,MIT,spdx_id,MapExactID
7511449,GPL-2.0,spdx_id,MapFuzzyMatch
3382688,MIT,spdx_id,MapFuzzyMatch
4103587,ISO-permission,spdx_id,MapFuzzyMatch
6659499,MIT,spdx_id,MapFuzzyMatch
5545391,MIT,spdx_id,MapFuzzyMatch
236981,GPL-1.0,spdx_id,MapFuzzyMatch
2203064,MIT,spdx_id,MapFuzzyMatch
368058,MIT,spdx_id,MapFuzzyMatch
3644868,NIST-PD,spdx_id,MapFuzzyMatch
171471,MIT,spdx_id,MapFuzzyMatch
1416659,Apache-1.0,spdx_id,MapFuzzyMatch
7052764,ISO-permission,spdx_id,MapFuzzyMatch
1351151,MIT,spdx_id,MapFuzzyMatch
40436,ISO-permission,spdx_id,MapFuzzyMatch
40441,MIT,spdx_id,MapFuzzyMatch
302587,Apache-2.0,spdx_id,MapFuzzyMatch
368131,BSD-2-Clause,spdx_id,MapFuzzyMatch
761361,MIT,spdx_id,MapFuzzyMatch
5152276,GPL-1.0,spdx_id,MapFuzzyMatch
1023511,MIT,spdx_id,MapFuzzyMatch
1023512,MIT,spdx_id,MapFuzzyMatch
3055134,BSD-Source-Code,spdx_id,MapFuzzyMatch
5283360,MIT,spdx_id,MapFuzzyMatch
2399778,MIT,spdx_id,MapFuzzyMatch
2334252,MIT,spdx_id,MapFuzzyMatch
6331948,Beerware,spdx_id,MapFuzzyMatch
7380532,ISO-permission,spdx_id,MapFuzzyMatch
2334265,MIT,spdx_id,MapFuzzyMatch
3448378,LGPL-2.0,spdx_id,MapFuzzyMatch
2334269,MIT,spdx_id,MapFuzzyMatch
5611074,ISO-permission,spdx_id,MapFuzzyMatch
433731,SMAIL-GPL,spdx_id,MapFuzzyMatch
368199,MIT,spdx_id,MapFuzzyMatch
6331980,Apache-1.0,spdx_id,MapFuzzyMatch
6397524,ISO-permission,spdx_id,MapFuzzyMatch
2334295,MIT,spdx_id,MapFuzzyMatch
2268761,MIT,spdx_id,MapFuzzyMatch
5807714,ISO-permission,spdx_id,MapFuzzyMatch
5742185,copyleft-next-0.3.0,spdx_id,MapFuzzyMatch
6069866,Apache-1.0,spdx_id,MapFuzzyMatch
4562539,MIT,spdx_id,MapFuzzyMatch
5807724,ISO-permission,spdx_id,MapFuzzyMatch
695921,MIT,spdx_id,MapFuzzyMatch
6200947,GPL-3.0,spdx_id,MapFuzzyMatch
3645057,CC-BY-SA-4.0,spdx_id,MapExactID
3317381,ISO-permission,spdx_id,MapFuzzyMatch
3841688,ISO-permission,spdx_id,MapFuzzyMatch
7315099,Artistic-1.0,spdx_id,MapFuzzyMatch
1744542,GPL-1.0,spdx_id,MapFuzzyMatch
6594208,ISO-permission,spdx_id,MapFuzzyMatch
2072234,CPL-1.0,spdx_id,MapFuzzyMatch
5152430,ISO-permission,spdx_id,MapFuzzyMatch
7577264,MIT,spdx_id,MapFuzzyMatch
5283512,MIT,spdx_id,MapFuzzyMatch
433852,GPL-3.0,spdx_id,MapFuzzyMatch
2137788,Apache-1.0,spdx_id,MapFuzzyMatch
2727625,copyleft-next-0.3.0,spdx_id,MapFuzzyMatch
7315145,MIT,spdx_id,MapFuzzyMatch
6594263,BSD-Source-Code,spdx_id,MapFuzzyMatch
3383006,MIT,spdx_id,MapFuzzyMatch
6987487,ISO-permission,spdx_id,MapFuzzyMatch
3776227,AGPL-3.0,spdx_id,MapFuzzyMatch
5545708,ISO-permission,spdx_id,MapFuzzyMatch
630519,AGPL-3.0,spdx_id,MapFuzzyMatch
827131,MIT,spdx_id,MapFuzzyMatch
4497153,MIT,spdx_id,MapFuzzyMatch
6463233,Apache-1.0,spdx_id,MapFuzzyMatch
2072323,ISO-permission,spdx_id,MapFuzzyMatch
3907331,BSD-Source-Code,spdx_id,MapFuzzyMatch
3448590,MIT,spdx_id,MapFuzzyMatch
3776273,MIT,spdx_id,MapFuzzyMatch
5545747,GPL-3.0,spdx_id,MapFuzzyMatch
6397729,MIT,spdx_id,MapFuzzyMatch
499491,MIT,spdx_id,MapFuzzyMatch
3907366,Unlicense,spdx_id,MapFuzzyMatch
5021486,MIT,spdx_id,MapFuzzyMatch
368431,W3C,spdx_id,MapFuzzyMatch
3907375,AGPL-3.0,spdx_id,MapFuzzyMatch
1548082,MIT,spdx_id,MapFuzzyMatch
499515,MIT,spdx_id,MapFuzzyMatch
2203454,MIT,spdx_id,MapFuzzyMatch
5939015,MIT,spdx_id,MapFuzzyMatch
1548104,BSD-Protection,spdx_id,MapFuzzyMatch
368461,W3C,spdx_id,MapFuzzyMatch
4104017,MPL-2.0,spdx_id,MapFuzzyMatch
499539,MIT,spdx_id,MapFuzzyMatch
6201174,MIT,spdx_id,MapFuzzyMatch
2989913,MIT,spdx_id,MapFuzzyMatch
3841881,Apache-1.0,spdx_id,MapFuzzyMatch
3841882,Apache-1.0,spdx_id,MapFuzzyMatch
499552,MIT,spdx_id,MapFuzzyMatch
106346,MIT,spdx_id,MapFuzzyMatch
1613674,MIT,spdx_id,MapFuzzyMatch
7315319,ANTLR-PD,spdx_id,MapFuzzyMatch
302968,ZPL-2.0,spdx_id,MapExactID
7315322,MIT,spdx_id,MapFuzzyMatch
696190,MIT,spdx_id,MapFuzzyMatch
696195,MIT,spdx_id,MapFuzzyMatch
6070150,MIT,spdx_id,MapFuzzyMatch
3841930,MIT,spdx_id,MapFuzzyMatch
3841936,ISO-permission,spdx_id,MapFuzzyMatch
5873553,MIT,spdx_id,MapFuzzyMatch
6266772,MIT,spdx_id,MapFuzzyMatch
3514261,BSD-1-Clause,spdx_id,MapFuzzyMatch
3841942,ISO-permission,spdx_id,MapFuzzyMatch
5676950,GPL-1.0,spdx_id,MapFuzzyMatch
1023896,Artistic-1.0,spdx_id,MapFuzzyMatch
6397845,MIT,spdx_id,MapFuzzyMatch
2727835,ISO-permission,spdx_id,MapFuzzyMatch
303007,GPL-3.0,spdx_id,MapExactID
5283746,MIT,spdx_id,MapFuzzyMatch
434083,MIT,spdx_id,MapFuzzyMatch
2138025,Artistic-1.0,spdx_id,MapFuzzyMatch
3841961,Apache-1.0,spdx_id,MapFuzzyMatch
5152689,MIT,spdx_id,MapFuzzyMatch
106418,ISO-permission,spdx_id,MapFuzzyMatch
5939128,ANTLR-PD,spdx_id,MapFuzzyMatch
5939131,BSD-1-Clause,spdx_id,MapFuzzyMatch
696252,MIT,spdx_id,MapFuzzyMatch
565180,ISO-permission,spdx_id,MapFuzzyMatch
696259,MIT,spdx_id,MapFuzzyMatch
7643076,MIT,spdx_id,MapFuzzyMatch
7512006,ISO-permission,spdx_id,MapFuzzyMatch
303047,MIT,spdx_id,MapFuzzyMatch
2531271,WTFNMFPL,spdx_id,MapFuzzyMatch
303058,BSD-1-Clause,spdx_id,MapFuzzyMatch
4038619,copyleft-next-0.3.0,spdx_id,MapFuzzyMatch
6070236,LGPL-2.0,spdx_id,MapFuzzyMatch
2596830,ISO-permission,spdx_id,MapFuzzyMatch
1810401,MIT,spdx_id,MapFuzzyMatch
368612,CC-BY-SA-4.0,spdx_id,MapExactID
1023973,AGPL-3.0-only,spdx_id,MapExactMatch
237543,MIT,spdx_id,MapFuzzyMatch
1351658,LGPL-3.0,spdx_id,MapFuzzyMatch
1351661,MIT,spdx_id,MapFuzzyMatch
4104173,Apache-2.0,spdx_id,MapFuzzyMatch
4956143,BSD-1-Clause,spdx_id,MapFuzzyMatch
368626,MIT,spdx_id,MapFuzzyMatch
5742584,MIT,spdx_id,MapFuzzyMatch
4431866,MIT,spdx_id,MapFuzzyMatch
1810441,ISO-permission,spdx_id,MapFuzzyMatch
5611536,MIT,spdx_id,MapFuzzyMatch
3579927,MIT,spdx_id,MapFuzzyMatch
1417246,MIT,spdx_id,MapFuzzyMatch
172072,BSD-Source-Code,spdx_id,MapFuzzyMatch
6594606,GPL-1.0,spdx_id,MapFuzzyMatch
1024048,Apache-1.0,spdx_id,MapFuzzyMatch
3055672,MIT,spdx_id,MapFuzzyMatch
1744958,ZPL-1.1,spdx_id,MapFuzzyMatch
6398020,GPL-2.0,spdx_id,MapFuzzyMatch
2728006,BSD-1-Clause,spdx_id,MapFuzzyMatch
3317830,BSD-1-Clause,spdx_id,MapFuzzyMatch
5742667,MIT,spdx_id,MapFuzzyMatch
1548369,MIT,spdx_id,MapFuzzyMatch
5677141,ISO-permission,spdx_id,MapFuzzyMatch
7053399,MIT,spdx_id,MapFuzzyMatch
2007129,ISO-permission,spdx_id,MapFuzzyMatch
7381082,MIT,spdx_id,MapFuzzyMatch
5283933,ISO-permission,spdx_id,MapFuzzyMatch
1417313,MIT,spdx_id,MapFuzzyMatch
4431979,ISO-permission,spdx_id,MapFuzzyMatch
5546093,MIT,spdx_id,MapFuzzyMatch
1810544,ISO-permission,spdx_id,MapFuzzyMatch
1810547,MIT,spdx_id,MapFuzzyMatch
2990197,GPL-1.0,spdx_id,MapFuzzyMatch
2531449,MIT,spdx_id,MapFuzzyMatch
434315,MIT,spdx_id,MapFuzzyMatch
3711118,MIT,spdx_id,MapFuzzyMatch
434321,MS-RL,spdx_id,MapFuzzyMatch
5808273,GPL-1.0,spdx_id,MapFuzzyMatch
434324,MIT,spdx_id,MapFuzzyMatch
5415062,Apache-1.0,spdx_id,MapFuzzyMatch
3055778,MIT,spdx_id,MapFuzzyMatch
106663,copyleft-next-0.3.0,spdx_id,MapFuzzyMatch
106665,ISO-permission,spdx_id,MapFuzzyMatch
6267050,GPL-1.0,spdx_id,MapFuzzyMatch
1613997,MIT,spdx_id,MapFuzzyMatch
3711157,MIT,spdx_id,MapFuzzyMatch
2859193,ANTLR-PD,spdx_id,MapFuzzyMatch
2203835,MIT,spdx_id,MapFuzzyMatch
5415099,MIT,spdx_id,MapFuzzyMatch
106688,MIT,spdx_id,MapFuzzyMatch
237760,copyleft-next-0.3.0,spdx_id,MapFuzzyMatch
2859201,ISO-permission,spdx_id,MapFuzzyMatch
368836,GPL-3.0,spdx_id,MapExactID
5480654,Apache-2.0,spdx_id,MapFuzzyMatch
7577808,MIT,spdx_id,MapFuzzyMatch
368850,MIT,spdx_id,MapFuzzyMatch
4890835,MIT,spdx_id,MapFuzzyMatch
762084,ISO-permission,spdx_id,MapFuzzyMatch
2138347,MIT,spdx_id,MapFuzzyMatch
565495,MIT,spdx_id,MapFuzzyMatch
172282,LGPL-2.1,spdx_id,MapExactID
762108,MIT,spdx_id,MapFuzzyMatch
2662653,MIT,spdx_id,MapFuzzyMatch
3711229,BSD-1-Clause,spdx_id,MapFuzzyMatch
499969,,unknown,MapNA
1024257,MIT,spdx_id,MapFuzzyMatch
5677328,MIT,spdx_id,MapFuzzyMatch
6660371,MIT,spdx_id,MapFuzzyMatch
7577878,copyleft-next-0.3.0,spdx_id,MapFuzzyMatch
434460,MIT,spdx_id,MapFuzzyMatch
7577885,MIT,spdx_id,MapFuzzyMatch
2138401,MIT,spdx_id,MapFuzzyMatch
1155363,MIT,spdx_id,MapFuzzyMatch
303401,ISO-permission,spdx_id,MapFuzzyMatch
3449129,ISO-permission,spdx_id,MapFuzzyMatch
7577899,MIT,spdx_id,MapFuzzyMatch
5218604,CC-BY-4.0,spdx_id,MapFuzzyMatch
41266,MIT,spdx_id,MapFuzzyMatch
6267190,ISO-permission,spdx_id,MapFuzzyMatch
3907905,ASWF-Digital-Assets-1.0,spdx_id,MapFuzzyMatch
5284161,MIT,spdx_id,MapFuzzyMatch
3055940,MIT,spdx_id,MapFuzzyMatch
3907908,MIT,spdx_id,MapFuzzyMatch
368968,Apache-2.0,spdx_id,MapFuzzyMatch
434509,MIT,spdx_id,MapFuzzyMatch
41299,AGPL-3.0,spdx_id,MapFuzzyMatch
106836,ISO-permission,spdx_id,MapFuzzyMatch
1024340,LGPL-3.0,spdx_id,MapExactID
7577946,MIT,spdx_id,MapFuzzyMatch
7577948,MIT,spdx_id,MapFuzzyMatch
7577949,MIT,spdx_id,MapFuzzyMatch
7577954,ISO-permission,spdx_id,MapFuzzyMatch
5808484,MIT,spdx_id,MapFuzzyMatch
6660452,MIT,spdx_id,MapFuzzyMatch
5677418,LPD-document,spdx_id,MapFuzzyMatch
7512432,Apache-2.0,spdx_id,MapFuzzyMatch
7577971,MIT,spdx_id,MapFuzzyMatch
434548,BSD-3-Clause,spdx_id,MapExactMatch
7577972,MIT,spdx_id,MapFuzzyMatch
172406,MIT,spdx_id,MapFuzzyMatch
41335,LGPL-2.1,spdx_id,MapFuzzyMatch
106874,Apache-2.0,spdx_id,MapFuzzyMatch
172415,ISO-permission,spdx_id,MapFuzzyMatch
106880,MIT,spdx_id,MapFuzzyMatch
2335113,MIT,spdx_id,MapFuzzyMatch
2007442,MIT,spdx_id,MapFuzzyMatch
3383699,Apache-2.0,spdx_id,MapFuzzyMatch
3711380,BSL-1.0,spdx_id,MapFuzzyMatch
5218714,MIT,spdx_id,MapFuzzyMatch
696735,GPL-2.0-or-later,spdx_id,MapExactID
6201764,MIT,spdx_id,MapFuzzyMatch
6201765,MIT,spdx_id,MapFuzzyMatch
434598,MIT,spdx_id,MapFuzzyMatch
7578026,MIT,spdx_id,MapFuzzyMatch
5022124,MIT,spdx_id,MapFuzzyMatch
1352109,AGPL-3.0,spdx_id,MapFuzzyMatch
5743020,MIT,spdx_id,MapFuzzyMatch
7053744,MIT,spdx_id,MapFuzzyMatch
6398391,MIT,spdx_id,MapFuzzyMatch
3908024,MIT,spdx_id,MapFuzzyMatch
6988216,MIT,spdx_id,MapFuzzyMatch
6398400,MIT,spdx_id,MapFuzzyMatch
4497862,MIT,spdx_id,MapFuzzyMatch
4497864,ISO-permission,spdx_id,MapFuzzyMatch
7578056,MIT,spdx_id,MapFuzzyMatch
6201802,MIT,spdx_id,MapFuzzyMatch
7578069,copyleft-next-0.3.0,spdx_id,MapFuzzyMatch
3842531,Apache-2.0,spdx_id,MapFuzzyMatch
5284323,MIT,spdx_id,MapFuzzyMatch
5612006,BSD-1-Clause,spdx_id,MapFuzzyMatch
2138604,BSD-Source-Code,spdx_id,MapFuzzyMatch
3514865,MIT,spdx_id,MapFuzzyMatch
1352178,MIT,spdx_id,MapFuzzyMatch
5022194,Apache-1.1,spdx_id,MapFuzzyMatch
5939699,MIT,spdx_id,MapFuzzyMatch
41477,BSD-3-Clause,spdx_id,MapExactID
1352236,Apache-1.1,spdx_id,MapFuzzyMatch
5284402,MIT,spdx_id,MapFuzzyMatch
2990646,MIT,spdx_id,MapFuzzyMatch
5022274,BSD-1-Clause,spdx_id,MapFuzzyMatch
2531908,GPL-1.0,spdx_id,MapFuzzyMatch
6070853,MIT,spdx_id,MapFuzzyMatch
3908168,MIT,spdx_id,MapFuzzyMatch
6988364,MIT,spdx_id,MapFuzzyMatch
3580496,GPL-3.0,spdx_id,MapFuzzyMatch
3711581,Apache-2.0,spdx_id,MapFuzzyMatch
500320,MIT,spdx_id,MapFuzzyMatch
2335329,Apache-2.0,spdx_id,MapFuzzyMatch
2925157,ISO-permission,spdx_id,MapFuzzyMatch
4432493,MIT,spdx_id,MapFuzzyMatch
6660718,MIT,spdx_id,MapFuzzyMatch
434807,MIT,spdx_id,MapFuzzyMatch
2531961,Python-2.0,spdx_id,MapFuzzyMatch
238204,copyleft-next-0.3.0,spdx_id,MapFuzzyMatch
7578240,ISO-permission,spdx_id,MapFuzzyMatch
2531986,MIT,spdx_id,MapFuzzyMatch
5743250,Apache-1.0,spdx_id,MapFuzzyMatch
1155732,MIT,spdx_id,MapFuzzyMatch
2269844,MIT,spdx_id,MapFuzzyMatch
2859668,BSD-1-Clause,spdx_id,MapFuzzyMatch
434840,copyleft-next-0.3.0,spdx_id,MapFuzzyMatch
4498069,MIT,spdx_id,MapFuzzyMatch
1417890,MIT,spdx_id,MapFuzzyMatch
2138795,MIT,spdx_id,MapFuzzyMatch
2859695,ISO-permission,spdx_id,MapFuzzyMatch
7578292,MIT,spdx_id,MapFuzzyMatch
7185080,MIT,spdx_id,MapFuzzyMatch
2859710,CC-BY-1.0,spdx_id,MapFuzzyMatch
1155779,MIT,spdx_id,MapFuzzyMatch
1548998,Apache-1.0,spdx_id,MapFuzzyMatch
434902,MIT,spdx_id,MapFuzzyMatch
2400987,copyleft-next-0.3.0,spdx_id,MapFuzzyMatch
172764,MIT,spdx_id,MapFuzzyMatch
4432613,MIT,spdx_id,MapFuzzyMatch
172775,ISO-permission,spdx_id,MapFuzzyMatch
2269929,BSD-1-Clause,spdx_id,MapFuzzyMatch
4432617,MIT,spdx_id,MapFuzzyMatch
7119594,Apache-1.0,spdx_id,MapFuzzyMatch
7578349,ISO-permission,spdx_id,MapFuzzyMatch
7578353,MIT,spdx_id,MapFuzzyMatch
7578354,MIT,spdx_id,MapFuzzyMatch
1811191,ISO-permission,spdx_id,MapFuzzyMatch
2401018,MIT,spdx_id,MapFuzzyMatch
7054088,MIT,spdx_id,MapFuzzyMatch
3515149,BSD-1-Clause,spdx_id,MapFuzzyMatch
3515155,BSD-3-Clause,spdx_id,MapFuzzyMatch
3646231,MIT,spdx_id,MapFuzzyMatch
7119643,MIT,spdx_id,MapFuzzyMatch
4104991,MIT,spdx_id,MapFuzzyMatch
107296,MIT,spdx_id,MapFuzzyMatch
7054114,MIT,spdx_id,MapFuzzyMatch
3973923,MIT,spdx_id,MapFuzzyMatch
1352484,MIT,spdx_id,MapFuzzyMatch
6464292,MIT,spdx_id,MapFuzzyMatch
566060,MIT,spdx_id,MapFuzzyMatch
4105012,MIT,spdx_id,MapFuzzyMatch
4105015,MIT,spdx_id,MapFuzzyMatch
697151,MIT,spdx_id,MapFuzzyMatch
5022527,MIT,spdx_id,MapFuzzyMatch
4105025,ISO-permission,spdx_id,MapFuzzyMatch
566082,AGPL-3.0,spdx_id,MapFuzzyMatch
5022530,MIT,spdx_id,MapFuzzyMatch
5022535,MIT,spdx_id,MapFuzzyMatch
1876814,Apache-1.0,spdx_id,MapFuzzyMatch
1876815,Apache-1.0,spdx_id,MapFuzzyMatch
5022544,MIT,spdx_id,MapFuzzyMatch
5022545,MIT,spdx_id,MapFuzzyMatch
1876816,Apache-1.0,spdx_id,MapFuzzyMatch
1876817,Apache-1.0,spdx_id,MapFuzzyMatch
3973972,BSD-1-Clause,spdx_id,MapFuzzyMatch
1876818,Apache-1.0,spdx_id,MapFuzzyMatch
2532178,GPL-3.0,spdx_id,MapFuzzyMatch
1876820,Apache-1.0,spdx_id,MapFuzzyMatch
5940056,MIT,spdx_id,MapFuzzyMatch
1876824,Apache-1.0,spdx_id,MapFuzzyMatch
1876825,Apache-1.0,spdx_id,MapFuzzyMatch
1876826,Apache-1.0,spdx_id,MapFuzzyMatch
1876827,Apache-1.0,spdx_id,MapFuzzyMatch
1876829,Apache-1.0,spdx_id,MapFuzzyMatch
1876830,Apache-1.0,spdx_id,MapFuzzyMatch
1876831,Apache-1.0,spdx_id,MapFuzzyMatch
1876832,Apache-1.0,spdx_id,MapFuzzyMatch
1876835,Apache-1.0,spdx_id,MapFuzzyMatch
1876836,Apache-1.0,spdx_id,MapFuzzyMatch
1876838,Apache-1.0,spdx_id,MapFuzzyMatch
303980,MIT,spdx_id,MapFuzzyMatch
1876844,Apache-1.0,spdx_id,MapFuzzyMatch
5874545,MIT,spdx_id,MapFuzzyMatch
3580786,MIT,spdx_id,MapFuzzyMatch
7381875,ISO-permission,spdx_id,MapFuzzyMatch
4039540,MIT,spdx_id,MapFuzzyMatch
172917,SMAIL-GPL,spdx_id,MapFuzzyMatch
1876855,Apache-1.0,spdx_id,MapFuzzyMatch
7512945,AGPL-3.0-only,spdx_id,MapExactMatch
1876857,Apache-1.0,spdx_id,MapFuzzyMatch
1876858,Apache-1.0,spdx_id,MapFuzzyMatch
1876859,Apache-1.0,spdx_id,MapFuzzyMatch
3122042,Apache-2.0,spdx_id,MapFuzzyMatch
1876861,Apache-1.0,spdx_id,MapFuzzyMatch
238462,ISO-permission,spdx_id,MapFuzzyMatch
1876862,Apache-1.0,spdx_id,MapFuzzyMatch
1876865,Apache-1.0,spdx_id,MapFuzzyMatch
1876867,Apache-1.0,spdx_id,MapFuzzyMatch
1876868,Apache-1.0,spdx_id,MapFuzzyMatch
5022594,MIT,spdx_id,MapFuzzyMatch
1876870,Apache-1.0,spdx_id,MapFuzzyMatch
2007951,NIST-Software,spdx_id,MapFuzzyMatch
4170642,ISO-permission,spdx_id,MapFuzzyMatch
1876892,MIT,spdx_id,MapFuzzyMatch
5022623,MIT,spdx_id,MapFuzzyMatch
2139046,ISO-permission,spdx_id,MapFuzzyMatch
1876903,Apache-1.0,spdx_id,MapFuzzyMatch
1876905,Apache-1.0,spdx_id,MapFuzzyMatch
435114,MIT,spdx_id,MapFuzzyMatch
2728874,MIT,spdx_id,MapFuzzyMatch
4563882,MIT,spdx_id,MapFuzzyMatch
1876909,Apache-1.0,spdx_id,MapFuzzyMatch
1876910,Apache-1.0,spdx_id,MapFuzzyMatch
1876911,Apache-1.0,spdx_id,MapFuzzyMatch
6202285,MIT,spdx_id,MapFuzzyMatch
1876913,Apache-1.0,spdx_id,MapFuzzyMatch
1876917,Apache-1.0,spdx_id,MapFuzzyMatch
1876918,Apache-1.0,spdx_id,MapFuzzyMatch
4563895,MIT,spdx_id,MapFuzzyMatch
1876921,Apache-1.0,spdx_id,MapFuzzyMatch
1876922,Apache-1.0,spdx_id,MapFuzzyMatch
1876923,Apache-1.0,spdx_id,MapFuzzyMatch
1876924,Apache-1.0,spdx_id,MapFuzzyMatch
238525,MIT,spdx_id,MapFuzzyMatch
1876926,Apache-1.0,spdx_id,MapFuzzyMatch
5743545,MIT,spdx_id,MapFuzzyMatch
1876930,Apache-1.0,spdx_id,MapFuzzyMatch
1876932,Apache-1.0,spdx_id,MapFuzzyMatch
172998,ISO-permission,spdx_id,MapFuzzyMatch
1876934,Apache-1.0,spdx_id,MapFuzzyMatch
1876940,Apache-1.0,spdx_id,MapFuzzyMatch
3777484,MIT,spdx_id,MapFuzzyMatch
1876944,Apache-1.0,spdx_id,MapFuzzyMatch
1876945,Apache-1.0,spdx_id,MapFuzzyMatch
5940176,MIT,spdx_id,MapFuzzyMatch
1876949,Apache-1.0,spdx_id,MapFuzzyMatch
1876951,Apache-1.0,spdx_id,MapFuzzyMatch
1876954,Apache-1.0,spdx_id,MapFuzzyMatch
1876955,Apache-1.0,spdx_id,MapFuzzyMatch
435164,LGPL-2.1-or-later,spdx_id,MapExactID
3711963,MIT,spdx_id,MapFuzzyMatch
4170718,MIT,spdx_id,MapFuzzyMatch
2859999,MIT,spdx_id,MapFuzzyMatch
2991075,BSD-3-Clause,spdx_id,MapFuzzyMatch
4891620,Apache-2.0,spdx_id,MapFuzzyMatch
5809126,MIT,spdx_id,MapFuzzyMatch
762857,Apache-2.0,spdx_id,MapFuzzyMatch
2401259,MIT,spdx_id,MapFuzzyMatch
1352685,Apache-2.0,spdx_id,MapFuzzyMatch
1418224,MIT,spdx_id,MapFuzzyMatch
2401267,MIT,spdx_id,MapFuzzyMatch
7447549,MIT,spdx_id,MapFuzzyMatch
304126,SMAIL-GPL,spdx_id,MapFuzzyMatch
5547021,MIT,spdx_id,MapFuzzyMatch
2728997,MIT,spdx_id,MapFuzzyMatch
6595626,MIT,spdx_id,MapFuzzyMatch
2860077,LPD-document,spdx_id,MapFuzzyMatch
173110,copyleft-next-0.3.0,spdx_id,MapFuzzyMatch
3515446,BSD-1-Clause,spdx_id,MapFuzzyMatch
3122234,MIT,spdx_id,MapFuzzyMatch
6267964,Apache-2.0,spdx_id,MapFuzzyMatch
4432958,copyleft-next-0.3.0,spdx_id,MapFuzzyMatch
3122239,MIT,spdx_id,MapFuzzyMatch
5416008,GPL-3.0,spdx_id,MapFuzzyMatch
2270288,Apache-2.0,spdx_id,MapFuzzyMatch
5153878,MIT,spdx_id,MapFuzzyMatch
435291,MIT,spdx_id,MapFuzzyMatch
435302,MIT,spdx_id,MapFuzzyMatch
1025127,OGL-UK-3.0,spdx_id,MapExactMatch
5022828,Apache-1.0,spdx_id,MapFuzzyMatch
2204788,MIT,spdx_id,MapFuzzyMatch
5547126,ISO-permission,spdx_id,MapFuzzyMatch
6071416,MIT,spdx_id,MapFuzzyMatch
6202489,MIT,spdx_id,MapFuzzyMatch
304260,ICU,spdx_id,MapFuzzyMatch
3384453,ANTLR-PD,spdx_id,MapFuzzyMatch
435334,MIT,spdx_id,MapFuzzyMatch
4170887,MIT,spdx_id,MapFuzzyMatch
107662,GPL-3.0,spdx_id,MapFuzzyMatch
5743760,MIT,spdx_id,MapFuzzyMatch
5219478,MIT,spdx_id,MapFuzzyMatch
1156260,MIT,spdx_id,MapFuzzyMatch
3908785,MIT,spdx_id,MapFuzzyMatch
5022905,MIT,spdx_id,MapFuzzyMatch
697531,MIT,spdx_id,MapFuzzyMatch
5612732,MPL-2.0,spdx_id,MapFuzzyMatch
7382226,MIT,spdx_id,MapFuzzyMatch
3712215,MIT,spdx_id,MapFuzzyMatch
7447776,Apache-2.0,spdx_id,MapFuzzyMatch
3843302,MIT,spdx_id,MapFuzzyMatch
6399206,MIT,spdx_id,MapFuzzyMatch
3712232,MIT,spdx_id,MapFuzzyMatch
5022952,AGPL-1.0,spdx_id,MapFuzzyMatch
3056878,Apache-2.0,spdx_id,MapFuzzyMatch
304369,MIT,spdx_id,MapFuzzyMatch
4170994,MIT,spdx_id,MapFuzzyMatch
4564217,MIT,spdx_id,MapFuzzyMatch
107771,ISO-permission,spdx_id,MapFuzzyMatch
3843325,MIT,spdx_id,MapFuzzyMatch
6595837,MIT,spdx_id,MapFuzzyMatch
6399233,MIT,spdx_id,MapFuzzyMatch
2270466,MIT,spdx_id,MapFuzzyMatch
3515650,BSD-1-Clause,spdx_id,MapFuzzyMatch
435462,CC-BY-NC-SA-4.0,spdx_id,MapExactID
566535,MIT,spdx_id,MapFuzzyMatch
6989062,MIT,spdx_id,MapFuzzyMatch
1352970,MIT,spdx_id,MapFuzzyMatch
5940490,Apache-1.0,spdx_id,MapFuzzyMatch
7447820,MIT,spdx_id,MapFuzzyMatch
4564238,OSET-PL-2.1,spdx_id,MapFuzzyMatch
2729231,AGPL-3.0-only,spdx_id,MapExactID
7447823,BSD-1-Clause,spdx_id,MapFuzzyMatch
4039953,AGPL-1.0,spdx_id,MapFuzzyMatch
6006039,BSD-2-Clause,spdx_id,MapFuzzyMatch
42265,Zlib,spdx_id,MapExactID
4564255,MIT,spdx_id,MapFuzzyMatch
1549602,MIT,spdx_id,MapFuzzyMatch
3515684,BSD-1-Clause,spdx_id,MapFuzzyMatch
5219621,MIT,spdx_id,MapFuzzyMatch
107822,MIT,spdx_id,MapFuzzyMatch
2532666,ANTLR-PD,spdx_id,MapFuzzyMatch
2860347,CC-BY-NC-4.0,spdx_id,MapExactID
4498748,ISO-permission,spdx_id,MapFuzzyMatch
2270530,MIT,spdx_id,MapFuzzyMatch
2729287,ISO-permission,spdx_id,MapFuzzyMatch
7054664,MIT,spdx_id,MapFuzzyMatch
42314,ISO-permission,spdx_id,MapFuzzyMatch
2532684,ISO-permission,spdx_id,MapFuzzyMatch
5547342,ISO-permission,spdx_id,MapFuzzyMatch
7578981,GPL-3.0,spdx_id,MapFuzzyMatch
3974505,MIT,spdx_id,MapFuzzyMatch
501099,MIT,spdx_id,MapFuzzyMatch
5940602,CC-BY,license_family,MapLicenseFamily
107902,Apache-2.0,spdx_id,MapExactID
3384707,ANTLR-PD,spdx_id,MapFuzzyMatch
2860425,psfrag,spdx_id,MapFuzzyMatch
4498827,MIT,spdx_id,MapFuzzyMatch
2270607,Apache-2.0,spdx_id,MapFuzzyMatch
2991503,MIT,spdx_id,MapFuzzyMatch
828817,GPL-3.0,spdx_id,MapExactMatch
1025425,SSPL-1.0,spdx_id,MapFuzzyMatch
2991506,MIT,spdx_id,MapFuzzyMatch
6989204,MIT,spdx_id,MapFuzzyMatch
4498838,MIT,spdx_id,MapFuzzyMatch
173467,MIT,spdx_id,MapFuzzyMatch
4564381,MIT,spdx_id,MapFuzzyMatch
1156513,MIT,spdx_id,MapFuzzyMatch
5219754,MIT,spdx_id,MapFuzzyMatch
763308,Apache-2.0,spdx_id,MapFuzzyMatch
5809582,MIT,spdx_id,MapFuzzyMatch
3581360,BSD-1-Clause,spdx_id,MapFuzzyMatch
2729395,MIT,spdx_id,MapFuzzyMatch
5744062,ISO-permission,spdx_id,MapFuzzyMatch
6268357,MIT,spdx_id,MapFuzzyMatch
3515846,BSD-1-Clause,spdx_id,MapFuzzyMatch
173516,MIT,spdx_id,MapFuzzyMatch
3384783,ANTLR-PD,spdx_id,MapFuzzyMatch
3384785,BSD-1-Clause,spdx_id,MapFuzzyMatch
3384787,MIT,spdx_id,MapFuzzyMatch
2598357,MIT,spdx_id,MapFuzzyMatch
2401750,Apache-2.0,spdx_id,MapFuzzyMatch
6989272,MIT,spdx_id,MapFuzzyMatch
7316952,MIT,spdx_id,MapFuzzyMatch
2139616,AGPL-3.0,spdx_id,MapFuzzyMatch
5547492,SMAIL-GPL,spdx_id,MapFuzzyMatch
2598387,eCos-2.0,spdx_id,MapFuzzyMatch
3188219,MIT,spdx_id,MapFuzzyMatch
1418751,OLFL-1.3,spdx_id,MapFuzzyMatch
3712520,MIT,spdx_id,MapFuzzyMatch
3712523,BSD-Source-Code,spdx_id,MapFuzzyMatch
3515924,BSD-1-Clause,spdx_id,MapFuzzyMatch
108055,MIT,spdx_id,MapFuzzyMatch
2074137,CECILL-C,spdx_id,MapFuzzyMatch
3122715,CECILL-1.0,spdx_id,MapFuzzyMatch
2532892,Apache-1.0,spdx_id,MapFuzzyMatch
697889,GPL-3.0,spdx_id,MapFuzzyMatch
42532,Apache-2.0,spdx_id,MapExactMatch
7382577,MIT,spdx_id,MapFuzzyMatch
828983,MIT,spdx_id,MapFuzzyMatch
3843641,MIT,spdx_id,MapFuzzyMatch
2532922,MIT,spdx_id,MapFuzzyMatch
108094,MIT,spdx_id,MapExactID
2205251,ISO-permission,spdx_id,MapFuzzyMatch
2991683,GPL-2.0,spdx_id,MapExactID
5023299,ISO-permission,spdx_id,MapFuzzyMatch
3319366,MIT,spdx_id,MapFuzzyMatch
5285449,MIT,spdx_id,MapFuzzyMatch
2139723,MIT,spdx_id,MapFuzzyMatch
3188304,GPL-3.0,spdx_id,MapFuzzyMatch
4499029,BSD-1-Clause,spdx_id,MapFuzzyMatch
1877590,FSFAP,spdx_id,MapFuzzyMatch
304727,NIST-Software,spdx_id,MapFuzzyMatch
7317077,NIST-Software,spdx_id,MapFuzzyMatch
1156711,BSD-1-Clause,spdx_id,MapFuzzyMatch
3516016,BSD-1-Clause,spdx_id,MapFuzzyMatch
7317107,NIST-Software,spdx_id,MapFuzzyMatch
1353332,BSD-1-Clause,spdx_id,MapFuzzyMatch
6989432,CC-PDDC,spdx_id,MapFuzzyMatch
829049,MIT,spdx_id,MapFuzzyMatch
3516031,BSD-1-Clause,spdx_id,MapFuzzyMatch
239232,NIST-Software,spdx_id,MapFuzzyMatch
2074241,MIT,spdx_id,MapFuzzyMatch
5613183,GPL-2.0,spdx_id,MapFuzzyMatch
2139779,MIT,spdx_id,MapFuzzyMatch
6596227,MIT,spdx_id,MapFuzzyMatch
1549963,Apache-2.0,spdx_id,MapFuzzyMatch
2139793,MIT,spdx_id,MapFuzzyMatch
239252,,unknown,MapNA
2205338,BSD-3-Clause,spdx_id,MapFuzzyMatch
4499100,Apache-1.0,spdx_id,MapFuzzyMatch
698018,MIT,spdx_id,MapFuzzyMatch
501417,MIT,spdx_id,MapFuzzyMatch
4040361,ISO-permission,spdx_id,MapFuzzyMatch
6203050,CC-BY-3.0,spdx_id,MapFuzzyMatch
3122861,BSD-3-Clause,spdx_id,MapFuzzyMatch
1353395,MIT,spdx_id,MapFuzzyMatch
173750,Apache-1.1,spdx_id,MapFuzzyMatch
3843767,MulanPSL-1.0,spdx_id,MapFuzzyMatch
4499130,AGPL-3.0,spdx_id,MapFuzzyMatch
1025729,MIT,spdx_id,MapFuzzyMatch
1353413,MIT,spdx_id,MapFuzzyMatch
1025734,MIT,spdx_id,MapFuzzyMatch
5154512,MIT,spdx_id,MapFuzzyMatch
3712722,MIT,spdx_id,MapFuzzyMatch
108243,BSD-3-Clause-Clear,spdx_id,MapExactID
1156825,GLWTPL,spdx_id,MapFuzzyMatch
3516127,BSD-1-Clause,spdx_id,MapFuzzyMatch
1156837,MIT,spdx_id,MapFuzzyMatch
5744364,Apache-2.0,spdx_id,MapFuzzyMatch
1877750,Apache-1.0,spdx_id,MapFuzzyMatch
1877751,LGPL-3.0-or-later,spdx_id,MapExactID
2402044,Apache-2.0,spdx_id,MapFuzzyMatch
6203137,OSL-1.0,spdx_id,MapFuzzyMatch
42757,MIT,spdx_id,MapFuzzyMatch
2664211,MIT,spdx_id,MapFuzzyMatch
4892442,ISO-permission,spdx_id,MapFuzzyMatch
5875491,Beerware,spdx_id,MapExactMatch
3319596,CC-BY-4.0,spdx_id,MapFuzzyMatch
5416749,Apache-2.0,spdx_id,MapFuzzyMatch
5613358,MIT,spdx_id,MapFuzzyMatch
5678913,Nokia,spdx_id,MapFuzzyMatch
5875522,MIT,spdx_id,MapFuzzyMatch
4040516,GPL-3.0,spdx_id,MapFuzzyMatch
3778381,MIT,spdx_id,MapFuzzyMatch
7382862,BSD-Source-Code,spdx_id,MapFuzzyMatch
2533205,BSD-1-Clause,spdx_id,MapFuzzyMatch
2926423,MIT,spdx_id,MapFuzzyMatch
6989658,Apache-2.0,spdx_id,MapFuzzyMatch
1419100,MIT,spdx_id,MapFuzzyMatch
304994,MIT,spdx_id,MapFuzzyMatch
3778402,ISO-permission,spdx_id,MapFuzzyMatch
1353577,MIT,spdx_id,MapFuzzyMatch
2926443,Apache-2.0,spdx_id,MapFuzzyMatch
7382894,ISO-permission,spdx_id,MapFuzzyMatch
436080,NLPL,spdx_id,MapFuzzyMatch
5154674,CC0-1.0,spdx_id,MapExactMatch
1681277,MIT,spdx_id,MapFuzzyMatch
2140030,MIT,spdx_id,MapFuzzyMatch
7382910,BSD-4-Clause,spdx_id,MapFuzzyMatch
7382914,Apache-1.0,spdx_id,MapFuzzyMatch
5416867,Apache-1.0,spdx_id,MapFuzzyMatch
5810083,Apache-2.0,spdx_id,MapFuzzyMatch
3975077,MIT,spdx_id,MapFuzzyMatch
2074541,MIT,spdx_id,MapFuzzyMatch
4892599,EPL-1.0,spdx_id,MapFuzzyMatch
2598842,MIT,spdx_id,MapFuzzyMatch
2402241,MIT,spdx_id,MapFuzzyMatch
3319751,MIT,spdx_id,MapFuzzyMatch
3647432,Apache-1.0,spdx_id,MapFuzzyMatch
6596553,MIT,spdx_id,MapFuzzyMatch
174029,Apache-1.0,spdx_id,MapFuzzyMatch
2992080,MIT,spdx_id,MapFuzzyMatch
3844050,MIT,spdx_id,MapFuzzyMatch
2861012,MIT,spdx_id,MapFuzzyMatch
3844060,Unlicense,spdx_id,MapFuzzyMatch
3975132,BSD-1-Clause,spdx_id,MapFuzzyMatch
2926568,MIT,spdx_id,MapFuzzyMatch
3975173,copyleft-next-0.3.0,spdx_id,MapFuzzyMatch
174088,MIT,spdx_id,MapFuzzyMatch
2598928,MIT,spdx_id,MapFuzzyMatch
6006803,Apache-1.0,spdx_id,MapFuzzyMatch
5679135,MIT,spdx_id,MapFuzzyMatch
3516449,MIT,spdx_id,MapFuzzyMatch
1681442,MIT,spdx_id,MapFuzzyMatch
2205733,Apache-2.0,spdx_id,MapFuzzyMatch
108582,MIT,spdx_id,MapFuzzyMatch
3516456,BSD-1-Clause,spdx_id,MapFuzzyMatch
1026089,GPL-3.0,spdx_id,MapFuzzyMatch
7055403,Apache-2.0,spdx_id,MapFuzzyMatch
7317550,MIT,spdx_id,MapFuzzyMatch
3188788,MIT,spdx_id,MapFuzzyMatch
7579707,CDDL-1.0,spdx_id,MapFuzzyMatch
5613632,MIT,spdx_id,MapFuzzyMatch
5875777,MIT,spdx_id,MapFuzzyMatch
2598978,MIT,spdx_id,MapFuzzyMatch
2009160,CDL-1.0,spdx_id,MapFuzzyMatch
7514190,MIT,spdx_id,MapFuzzyMatch
7645264,MIT,spdx_id,MapFuzzyMatch
1878098,LGPL-2.1,spdx_id,MapFuzzyMatch
7055444,CC-BY-4.0,spdx_id,MapFuzzyMatch
7383127,GPL-2.0,spdx_id,MapFuzzyMatch
239713,MIT,spdx_id,MapFuzzyMatch
3123301,MIT,spdx_id,MapFuzzyMatch
436334,GPL-3.0,spdx_id,MapFuzzyMatch
698480,MIT,spdx_id,MapFuzzyMatch
4499568,Apache-1.0,spdx_id,MapFuzzyMatch
4958320,MIT,spdx_id,MapFuzzyMatch
6465652,MIT,spdx_id,MapFuzzyMatch
829560,Apache-2.0,spdx_id,MapFuzzyMatch
4958331,GPL-1.0,spdx_id,MapFuzzyMatch
4630658,MIT,spdx_id,MapFuzzyMatch
6006916,CC-BY-4.0,spdx_id,MapFuzzyMatch
3778694,ANTLR-PD,spdx_id,MapFuzzyMatch
3123342,MIT,spdx_id,MapFuzzyMatch
6465679,MIT,spdx_id,MapFuzzyMatch
1026196,MIT,spdx_id,MapFuzzyMatch
1616024,ISO-permission,spdx_id,MapFuzzyMatch
1026201,ISO-permission,spdx_id,MapFuzzyMatch
3516572,BSD-1-Clause,spdx_id,MapFuzzyMatch
2730146,Apache-1.0,spdx_id,MapFuzzyMatch
2205875,GPL-1.0,spdx_id,MapFuzzyMatch
2271412,GPL-2.0,spdx_id,MapFuzzyMatch
3057849,ISO-permission,spdx_id,MapFuzzyMatch
1353918,MIT,spdx_id,MapFuzzyMatch
3451071,ISO-permission,spdx_id,MapFuzzyMatch
6334655,BSD-Source-Code,spdx_id,MapFuzzyMatch
436418,PHP-3.0,spdx_id,MapFuzzyMatch
43213,CC-BY-3.0,spdx_id,MapFuzzyMatch
43239,AFL,license_family,MapLicenseFamily
436455,GPL-3.0,spdx_id,MapFuzzyMatch
5417192,MIT,spdx_id,MapFuzzyMatch
6072554,CC-BY-NC-SA-4.0,spdx_id,MapExactID
1878252,MIT,spdx_id,MapFuzzyMatch
5941486,MIT,spdx_id,MapFuzzyMatch
502003,MIT,spdx_id,MapFuzzyMatch
239860,CC-BY-4.0,spdx_id,MapFuzzyMatch
5023988,MIT,spdx_id,MapFuzzyMatch
5155061,MIT,spdx_id,MapFuzzyMatch
2861303,MIT,spdx_id,MapFuzzyMatch
239866,Apache-1.0,spdx_id,MapFuzzyMatch
5613818,MIT,spdx_id,MapFuzzyMatch
6334716,copyleft-next-0.3.0,spdx_id,MapFuzzyMatch
2009346,GPL-2.0,spdx_id,MapFuzzyMatch
2664708,BSD-Source-Code,spdx_id,MapFuzzyMatch
239877,Apache-1.0,spdx_id,MapFuzzyMatch
6269188,MIT,spdx_id,MapFuzzyMatch
108808,copyleft-next-0.3.0,spdx_id,MapFuzzyMatch
3189000,BSD-1-Clause,spdx_id,MapFuzzyMatch
370955,Apache-1.0,spdx_id,MapFuzzyMatch
370961,SMAIL-GPL,spdx_id,MapFuzzyMatch
5220626,BSD-3-Clause,spdx_id,MapFuzzyMatch
5679380,CC-BY-SA-1.0,spdx_id,MapFuzzyMatch
6334741,BSD-1-Clause,spdx_id,MapFuzzyMatch
3189014,BSD-1-Clause,spdx_id,MapFuzzyMatch
567577,MIT,spdx_id,MapFuzzyMatch
108831,MIT,spdx_id,MapFuzzyMatch
3844388,Apache-1.0,spdx_id,MapFuzzyMatch
5613864,BSD-1-Clause,spdx_id,MapFuzzyMatch
3451178,Artistic-1.0,spdx_id,MapFuzzyMatch
5482796,MIT,spdx_id,MapFuzzyMatch
2992431,copyleft-next-0.3.0,spdx_id,MapFuzzyMatch
5613872,MIT,spdx_id,MapFuzzyMatch
3713336,LGPL-2.1,spdx_id,MapFuzzyMatch
1354042,NIST-Software,spdx_id,MapFuzzyMatch
3451196,MIT,spdx_id,MapFuzzyMatch
239935,copyleft-next-0.3.0,spdx_id,MapFuzzyMatch
7383362,MIT,spdx_id,MapFuzzyMatch
1354053,AGPL-3.0,spdx_id,MapFuzzyMatch
2599237,BSD-1-Clause,spdx_id,MapFuzzyMatch
7579976,CC-BY-3.0,spdx_id,MapFuzzyMatch
6203725,ANTLR-PD,spdx_id,MapFuzzyMatch
3844431,ISO-permission,spdx_id,MapFuzzyMatch
3975504,OSL-1.1,spdx_id,MapFuzzyMatch
436574,LPD-document,spdx_id,MapFuzzyMatch
239971,SMAIL-GPL,spdx_id,MapFuzzyMatch
5155172,MIT,spdx_id,MapFuzzyMatch
2206054,MIT,spdx_id,MapFuzzyMatch
436584,LPD-document,spdx_id,MapFuzzyMatch
502127,BSD-Source-Code,spdx_id,MapFuzzyMatch
3975539,MIT,spdx_id,MapFuzzyMatch
1157492,MIT,spdx_id,MapFuzzyMatch
3516789,BSD-3-Clause,spdx_id,MapFuzzyMatch
5613951,MIT,spdx_id,MapFuzzyMatch
502144,ISO-permission,spdx_id,MapFuzzyMatch
5482882,ISO-permission,spdx_id,MapFuzzyMatch
3713411,MulanPSL-1.0,spdx_id,MapFuzzyMatch
371085,LGPL-3.0,spdx_id,MapFuzzyMatch
3713421,Apache-1.1,spdx_id,MapFuzzyMatch
5679507,PSF-2.0,spdx_id,MapFuzzyMatch
5679509,MIT,spdx_id,MapFuzzyMatch
2599319,MIT,spdx_id,MapFuzzyMatch
5810584,BSD-1-Clause,spdx_id,MapFuzzyMatch
3647908,MIT,spdx_id,MapFuzzyMatch
6662567,MIT,spdx_id,MapFuzzyMatch
4893105,Apache-2.0,spdx_id,MapFuzzyMatch
2533816,MulanPSL-1.0,spdx_id,MapFuzzyMatch
3123640,MIT,spdx_id,MapFuzzyMatch
698812,ISO-permission,spdx_id,MapFuzzyMatch
6662595,MIT,spdx_id,MapFuzzyMatch
5155276,GPL-3.0,spdx_id,MapFuzzyMatch
2992603,MIT,spdx_id,MapFuzzyMatch
4172251,AGPL-3.0-only,spdx_id,MapExactMatch
4172253,BSD-1-Clause,spdx_id,MapFuzzyMatch
6138335,MIT,spdx_id,MapFuzzyMatch
4893152,LPD-document,spdx_id,MapFuzzyMatch
6597095,MIT,spdx_id,MapFuzzyMatch
6466025,ISO-permission,spdx_id,MapFuzzyMatch
6466026,ISO-permission,spdx_id,MapFuzzyMatch
1354221,Artistic-1.0,spdx_id,MapFuzzyMatch
4958704,ISO-permission,spdx_id,MapFuzzyMatch
6466036,ISO-permission,spdx_id,MapFuzzyMatch
174582,AGPL-3.0,spdx_id,MapFuzzyMatch
6466038,ISO-permission,spdx_id,MapFuzzyMatch
2927097,MIT,spdx_id,MapFuzzyMatch
43515,ISO-permission,spdx_id,MapFuzzyMatch
1812997,ISO-permission,spdx_id,MapFuzzyMatch
829959,MIT,spdx_id,MapFuzzyMatch
3713546,MIT,spdx_id,MapFuzzyMatch
5286410,MIT,spdx_id,MapFuzzyMatch
3189265,MIT,spdx_id,MapFuzzyMatch
5548566,MIT,spdx_id,MapFuzzyMatch
5089816,MIT,spdx_id,MapFuzzyMatch
829984,MIT,spdx_id,MapFuzzyMatch
4172321,Apache-1.0,spdx_id,MapFuzzyMatch
3189282,BSD-1-Clause,spdx_id,MapFuzzyMatch
2992675,MIT,spdx_id,MapExactID
1681960,copyleft-next-0.3.0,spdx_id,MapFuzzyMatch
5417512,OSL-1.1,spdx_id,MapFuzzyMatch
5417514,NIST-Software,spdx_id,MapFuzzyMatch
1878573,MIT,spdx_id,MapFuzzyMatch
4500014,MIT,spdx_id,MapFuzzyMatch
2533939,MIT,spdx_id,MapFuzzyMatch
3516989,ISO-permission,spdx_id,MapFuzzyMatch
6466111,ISO-permission,spdx_id,MapFuzzyMatch
240197,CC-BY-NC-1.0,spdx_id,MapFuzzyMatch
3385932,Apache-1.0,spdx_id,MapFuzzyMatch
3123797,MIT,spdx_id,MapFuzzyMatch
830038,Beerware,spdx_id,MapExactMatch
5614166,ISO-permission,spdx_id,MapFuzzyMatch
698972,ISO-permission,spdx_id,MapFuzzyMatch
2730591,WTFPL,spdx_id,MapFuzzyMatch
7449183,GPL-3.0,spdx_id,MapFuzzyMatch
5810796,MIT,spdx_id,MapFuzzyMatch
305778,MIT,spdx_id,MapFuzzyMatch
43637,,unknown,MapNA
6400632,MIT,spdx_id,MapFuzzyMatch
7449208,MIT,spdx_id,MapFuzzyMatch
830082,BSD-1-Clause,spdx_id,MapFuzzyMatch
4434565,MIT,spdx_id,MapFuzzyMatch
6072970,BUSL-1.1,spdx_id,MapFuzzyMatch
3517077,BSD-1-Clause,spdx_id,MapFuzzyMatch
436886,Apache-1.0,spdx_id,MapFuzzyMatch
109209,BSD-1-Clause,spdx_id,MapFuzzyMatch
109210,AGPL-3.0,spdx_id,MapFuzzyMatch
5679771,ISO-permission,spdx_id,MapFuzzyMatch
5417630,Apache-1.1,spdx_id,MapFuzzyMatch
3779232,MIT,spdx_id,MapFuzzyMatch
6466230,MIT,spdx_id,MapFuzzyMatch
3386040,MIT,spdx_id,MapFuzzyMatch
6073016,Apache-1.0,spdx_id,MapFuzzyMatch
2206394,ISO-permission,spdx_id,MapFuzzyMatch
3844794,MIT,spdx_id,MapFuzzyMatch
6466238,MIT,spdx_id,MapFuzzyMatch
5089983,Python-2.0,spdx_id,MapFuzzyMatch
5548737,MIT,spdx_id,MapFuzzyMatch
3844802,MIT,spdx_id,MapFuzzyMatch
109252,GPL-1.0,spdx_id,MapFuzzyMatch
5024467,MIT,spdx_id,MapFuzzyMatch
3189466,OSL-3.0,spdx_id,MapExactID
7318237,MIT,spdx_id,MapFuzzyMatch
2992872,ISO-permission,spdx_id,MapFuzzyMatch
5745400,GPL-2.0,spdx_id,MapFuzzyMatch
502521,MIT,spdx_id,MapFuzzyMatch
1551097,GPL-3.0,spdx_id,MapFuzzyMatch
371453,CC-BY,license_family,MapLicenseFamily
4500226,MIT,spdx_id,MapFuzzyMatch
4172547,MIT,spdx_id,MapFuzzyMatch
6073093,MIT,spdx_id,MapFuzzyMatch
371463,GPL-2.0,spdx_id,MapFuzzyMatch
4172555,MIT,spdx_id,MapFuzzyMatch
109324,MIT,spdx_id,MapFuzzyMatch
6007567,ISO-permission,spdx_id,MapFuzzyMatch
4500243,AGPL-3.0,spdx_id,MapFuzzyMatch
7580437,MIT,spdx_id,MapFuzzyMatch
2009879,Apache-1.0,spdx_id,MapFuzzyMatch
2796316,BSL-1.0,spdx_id,MapFuzzyMatch
3058462,MIT,spdx_id,MapFuzzyMatch
502560,MIT,spdx_id,MapFuzzyMatch
3517226,BSD-1-Clause,spdx_id,MapFuzzyMatch
568114,Unlicense,spdx_id,MapFuzzyMatch
7056181,Apache-1.0,spdx_id,MapFuzzyMatch
5679933,MIT,spdx_id,MapFuzzyMatch
7449405,ISO-permission,spdx_id,MapFuzzyMatch
5483327,MIT,spdx_id,MapFuzzyMatch
43840,MIT,spdx_id,MapFuzzyMatch
5483331,BSD-1-Clause,spdx_id,MapFuzzyMatch
3648331,MIT,spdx_id,MapFuzzyMatch
5024604,MIT,spdx_id,MapFuzzyMatch
3910493,MIT,spdx_id,MapFuzzyMatch
174943,AGPL-3.0,spdx_id,MapFuzzyMatch
437088,MIT,spdx_id,MapFuzzyMatch
2075491,BSL-1.0,spdx_id,MapExactMatch
6597483,MIT,spdx_id,MapFuzzyMatch
5876588,MIT,spdx_id,MapFuzzyMatch
5679983,Apache-1.0,spdx_id,MapFuzzyMatch
5942144,MIT,spdx_id,MapFuzzyMatch
1551238,MIT,spdx_id,MapFuzzyMatch
830344,MIT,spdx_id,MapFuzzyMatch
3189646,GPL-3.0,spdx_id,MapFuzzyMatch
7383950,ISO-permission,spdx_id,MapFuzzyMatch
4959121,MIT,spdx_id,MapFuzzyMatch
5483413,ISO-permission,spdx_id,MapFuzzyMatch
6663064,MIT,spdx_id,MapFuzzyMatch
5090207,Fair,spdx_id,MapFuzzyMatch
4238243,MIT,spdx_id,MapFuzzyMatch
371620,Apache-2.0,spdx_id,MapFuzzyMatch
5680035,MIT,spdx_id,MapFuzzyMatch
175016,GPL-2.0,spdx_id,MapFuzzyMatch
175019,MIT,spdx_id,MapFuzzyMatch
4041645,ISO-permission,spdx_id,MapFuzzyMatch
7056306,MIT,spdx_id,MapFuzzyMatch
4107189,MIT,spdx_id,MapFuzzyMatch
1158070,BSD-1-Clause,spdx_id,MapFuzzyMatch
5483446,Libpng,spdx_id,MapExactID
437178,AGPL-3.0,spdx_id,MapFuzzyMatch
5811130,ISO-permission,spdx_id,MapFuzzyMatch
175036,GPL-2.0,spdx_id,MapExactID
2010046,MIT,spdx_id,MapFuzzyMatch
2796478,MIT,spdx_id,MapFuzzyMatch
1551298,MIT,spdx_id,MapFuzzyMatch
3517380,BSD-3-Clause,spdx_id,MapFuzzyMatch
4041671,OSL-2.1,spdx_id,MapFuzzyMatch
5876679,MIT,spdx_id,MapFuzzyMatch
7056332,MIT,spdx_id,MapFuzzyMatch
5090253,MIT,spdx_id,MapFuzzyMatch
6335438,Apache-1.0,spdx_id,MapFuzzyMatch
2534353,MIT,spdx_id,MapFuzzyMatch
6466514,MIT,spdx_id,MapFuzzyMatch
3517396,MIT,spdx_id,MapFuzzyMatch
1551322,ISO-permission,spdx_id,MapFuzzyMatch
109535,MIT,spdx_id,MapFuzzyMatch
3517410,BSD-1-Clause,spdx_id,MapFuzzyMatch
3517416,ISO-permission,spdx_id,MapFuzzyMatch
3517420,Apache-1.0,spdx_id,MapFuzzyMatch
1551352,Apache-2.0,spdx_id,MapFuzzyMatch
3189765,MIT,spdx_id,MapFuzzyMatch
1158151,ISO-permission,spdx_id,MapFuzzyMatch
240658,ISO-permission,spdx_id,MapFuzzyMatch
2927638,GPL-3.0,spdx_id,MapFuzzyMatch
502815,MIT,spdx_id,MapFuzzyMatch
5876769,MIT,spdx_id,MapFuzzyMatch
4041769,MIT,spdx_id,MapFuzzyMatch
3189803,GPL-1.0,spdx_id,MapFuzzyMatch
