idx,license,mapping_type,map_name
4631595,WTFPL,spdx_id,MapExactMatch
4893750,MIT,spdx_id,MapFuzzyMatch
1158203,Apache-1.0,spdx_id,MapFuzzyMatch
175164,MIT,spdx_id,MapFuzzyMatch
3714130,MIT,spdx_id,MapFuzzyMatch
4959315,MIT,spdx_id,MapFuzzyMatch
3517529,BSD-1-Clause,spdx_id,MapFuzzyMatch
4041817,MIT,spdx_id,MapFuzzyMatch
240740,CC-BY-4.0,spdx_id,MapFuzzyMatch
7056486,MIT,spdx_id,MapFuzzyMatch
4172904,BUSL-1.1,spdx_id,MapFuzzyMatch
3452015,MIT,spdx_id,MapFuzzyMatch
7646321,MIT,spdx_id,MapFuzzyMatch
1813619,Apache-1.0,spdx_id,MapFuzzyMatch
6270068,Apache-2.0,spdx_id,MapFuzzyMatch
2731129,Apache-1.0,spdx_id,MapFuzzyMatch
2600058,MIT,spdx_id,MapFuzzyMatch
2993284,MIT,spdx_id,MapFuzzyMatch
5811334,AGPL-1.0,spdx_id,MapFuzzyMatch
2600074,MIT,spdx_id,MapFuzzyMatch
4041867,MIT,spdx_id,MapFuzzyMatch
502925,MIT,spdx_id,MapFuzzyMatch
3517582,MIT,spdx_id,MapFuzzyMatch
5811348,MIT,spdx_id,MapFuzzyMatch
5221525,MIT,spdx_id,MapFuzzyMatch
5483677,CC-PDDC,spdx_id,MapFuzzyMatch
4500638,MIT,spdx_id,MapFuzzyMatch
7646372,GPL-1.0,spdx_id,MapFuzzyMatch
5024938,MIT,spdx_id,MapFuzzyMatch
5024942,BSD-1-Clause,spdx_id,MapFuzzyMatch
5024948,MIT,spdx_id,MapFuzzyMatch
3386550,MIT,spdx_id,MapFuzzyMatch
5614779,Python-2.0,spdx_id,MapFuzzyMatch
109761,LGPL-3.0,spdx_id,MapFuzzyMatch
5156034,LGPL-3.0,spdx_id,MapFuzzyMatch
6139077,GPL-1.0,spdx_id,MapFuzzyMatch
765129,MIT,spdx_id,MapFuzzyMatch
4238537,MIT,spdx_id,MapFuzzyMatch
5811407,MIT,spdx_id,MapFuzzyMatch
5811408,MIT,spdx_id,MapFuzzyMatch
175313,BSD-4-Clause,spdx_id,MapFuzzyMatch
3517652,MIT,spdx_id,MapFuzzyMatch
4435163,MIT,spdx_id,MapFuzzyMatch
3386588,BSD-2-Clause,spdx_id,MapFuzzyMatch
371934,MIT,spdx_id,MapFuzzyMatch
5483743,Apache-1.1,spdx_id,MapFuzzyMatch
1617121,MIT,spdx_id,MapFuzzyMatch
2010342,MIT,spdx_id,MapFuzzyMatch
765160,MIT,spdx_id,MapFuzzyMatch
765164,MIT,spdx_id,MapFuzzyMatch
5221619,Apache-1.1,spdx_id,MapFuzzyMatch
5156084,ISO-permission,spdx_id,MapFuzzyMatch
1158394,MIT,spdx_id,MapFuzzyMatch
3845370,MIT,spdx_id,MapFuzzyMatch
765184,Apache-1.0,spdx_id,MapFuzzyMatch
6466826,BSD-2-Clause,spdx_id,MapFuzzyMatch
503065,MIT,spdx_id,MapFuzzyMatch
3976474,MIT,spdx_id,MapFuzzyMatch
6663456,Apache-1.0,spdx_id,MapFuzzyMatch
3517741,BSD-1-Clause,spdx_id,MapFuzzyMatch
2796846,MIT,spdx_id,MapFuzzyMatch
7122226,copyleft-next-0.3.0,spdx_id,MapFuzzyMatch
503091,MIT,spdx_id,MapFuzzyMatch
4631866,ISO-permission,spdx_id,MapFuzzyMatch
1682749,Elastic-2.0,spdx_id,MapExactMatch
2403651,MIT,spdx_id,MapFuzzyMatch
372036,QPL-1.0,spdx_id,MapFuzzyMatch
4107589,MIT,spdx_id,MapFuzzyMatch
4435267,MIT,spdx_id,MapFuzzyMatch
3845453,MIT,spdx_id,MapFuzzyMatch
372047,LGPL-2.0,spdx_id,MapFuzzyMatch
4435281,MIT,spdx_id,MapFuzzyMatch
109917,CC-BY-4.0,spdx_id,MapFuzzyMatch
372064,MIT,spdx_id,MapFuzzyMatch
2403686,GPL-1.0,spdx_id,MapFuzzyMatch
109930,CC0-1.0,spdx_id,MapFuzzyMatch
6401388,MIT,spdx_id,MapFuzzyMatch
5156206,copyleft-next-0.3.0,spdx_id,MapFuzzyMatch
3714418,MIT,spdx_id,MapFuzzyMatch
5483890,MIT,spdx_id,MapFuzzyMatch
5025141,ANTLR-PD,spdx_id,MapFuzzyMatch
44407,LGPL-2.1,spdx_id,MapFuzzyMatch
765321,BSD-1-Clause,spdx_id,MapFuzzyMatch
1879435,ISO-permission,spdx_id,MapFuzzyMatch
765324,Apache-2.0,spdx_id,MapFuzzyMatch
44430,GPL-3.0,spdx_id,MapExactID
2141589,MIT,spdx_id,MapFuzzyMatch
2796960,MIT,spdx_id,MapFuzzyMatch
3059110,MIT,spdx_id,MapFuzzyMatch
5680555,MIT,spdx_id,MapFuzzyMatch
1551790,MIT,spdx_id,MapFuzzyMatch
7122350,MIT,spdx_id,MapFuzzyMatch
1617328,LPD-document,spdx_id,MapFuzzyMatch
1879484,MIT,spdx_id,MapFuzzyMatch
3321281,BSD-1-Clause,spdx_id,MapFuzzyMatch
241108,NCL,spdx_id,MapFuzzyMatch
7319001,MIT,spdx_id,MapFuzzyMatch
6270427,LPD-document,spdx_id,MapFuzzyMatch
437725,MIT,spdx_id,MapFuzzyMatch
699873,MIT,spdx_id,MapFuzzyMatch
3517930,BSD-1-Clause,spdx_id,MapFuzzyMatch
372203,MIT-feh,spdx_id,MapFuzzyMatch
3714538,Unlicense,spdx_id,MapFuzzyMatch
2993650,WTFNMFPL,spdx_id,MapFuzzyMatch
2207224,MIT,spdx_id,MapFuzzyMatch
5942778,MIT,spdx_id,MapFuzzyMatch
6335995,MIT,spdx_id,MapFuzzyMatch
830972,MIT,spdx_id,MapFuzzyMatch
7384571,MIT,spdx_id,MapFuzzyMatch
830976,Apache-1.1,spdx_id,MapFuzzyMatch
3190276,MIT,spdx_id,MapFuzzyMatch
1814021,MIT,spdx_id,MapFuzzyMatch
1814028,MIT,spdx_id,MapFuzzyMatch
110094,MIT,spdx_id,MapFuzzyMatch
175630,MIT,spdx_id,MapFuzzyMatch
2993680,MIT,spdx_id,MapFuzzyMatch
2272786,MIT,spdx_id,MapFuzzyMatch
6008341,MIT,spdx_id,MapFuzzyMatch
699928,MIT,spdx_id,MapFuzzyMatch
5746205,ISO-permission,spdx_id,MapFuzzyMatch
3714592,Apache-2.0,spdx_id,MapFuzzyMatch
7319077,MIT,spdx_id,MapFuzzyMatch
6467111,MIT,spdx_id,MapFuzzyMatch
44584,Apache-2.0,spdx_id,MapExactMatch
2403883,BSD-2-Clause,spdx_id,MapFuzzyMatch
5287468,NTIA-PD,spdx_id,MapExactMatch
7122476,MIT,spdx_id,MapFuzzyMatch
4566576,CC-BY-4.0,spdx_id,MapFuzzyMatch
175670,MIT,spdx_id,MapFuzzyMatch
568886,MIT,spdx_id,MapFuzzyMatch
241212,MIT,spdx_id,MapFuzzyMatch
4435536,MIT,spdx_id,MapFuzzyMatch
6598233,MIT,spdx_id,MapFuzzyMatch
4042330,MIT,spdx_id,MapFuzzyMatch
4435547,BUSL-1.1,spdx_id,MapFuzzyMatch
5221982,MIT,spdx_id,MapFuzzyMatch
3190384,BSD-1-Clause,spdx_id,MapFuzzyMatch
4501107,GPL-3.0,spdx_id,MapFuzzyMatch
1158772,MIT,spdx_id,MapFuzzyMatch
765560,MIT,spdx_id,MapFuzzyMatch
110202,BSD-1-Clause,spdx_id,MapFuzzyMatch
4238973,MIT,spdx_id,MapFuzzyMatch
5680769,ALGLIB-Documentation,spdx_id,MapFuzzyMatch
5156483,ANTLR-PD,spdx_id,MapFuzzyMatch
4959877,GPL-2.0,spdx_id,MapExactID
3518089,BSD-1-Clause,spdx_id,MapFuzzyMatch
6401673,ISO-permission,spdx_id,MapFuzzyMatch
3911312,MIT,spdx_id,MapFuzzyMatch
2600596,BSD-1-Clause,spdx_id,MapFuzzyMatch
568981,MPL-1.0,spdx_id,MapFuzzyMatch
3518100,MIT,spdx_id,MapFuzzyMatch
700055,OSL-2.0,spdx_id,MapFuzzyMatch
3518106,BSD-1-Clause,spdx_id,MapFuzzyMatch
765599,MIT,spdx_id,MapFuzzyMatch
4501152,ISO-permission,spdx_id,MapFuzzyMatch
6074018,MIT,spdx_id,MapFuzzyMatch
5811876,BSD-1-Clause,spdx_id,MapFuzzyMatch
372389,MIT,spdx_id,MapFuzzyMatch
6336167,SMAIL-GPL,spdx_id,MapFuzzyMatch
3518121,BSD-1-Clause,spdx_id,MapFuzzyMatch
110250,Unlicense,spdx_id,MapFuzzyMatch
4173482,MIT,spdx_id,MapFuzzyMatch
3059374,MIT,spdx_id,MapFuzzyMatch
4042425,GPL-1.0,spdx_id,MapFuzzyMatch
4042427,NPOSL-3.0,spdx_id,MapExactID
3518144,ISO-permission,spdx_id,MapFuzzyMatch
4501185,MIT,spdx_id,MapFuzzyMatch
503494,MIT,spdx_id,MapFuzzyMatch
503503,MIT,spdx_id,MapFuzzyMatch
5615324,MIT,spdx_id,MapFuzzyMatch
765662,MIT,spdx_id,MapFuzzyMatch
503520,MIT,spdx_id,MapFuzzyMatch
5811943,ISO-permission,spdx_id,MapFuzzyMatch
3780334,MIT,spdx_id,MapFuzzyMatch
1879795,LGPL-2.1,spdx_id,MapFuzzyMatch
3190517,CECILL-B,spdx_id,MapFuzzyMatch
3518199,BUSL-1.1,spdx_id,MapFuzzyMatch
2600702,ISO-permission,spdx_id,MapFuzzyMatch
1158912,MIT,spdx_id,MapFuzzyMatch
6270720,MIT,spdx_id,MapFuzzyMatch
5811975,ANTLR-PD,spdx_id,MapFuzzyMatch
2731787,CDDL-1.1,spdx_id,MapExactID
2273050,MIT,spdx_id,MapFuzzyMatch
110364,SL,spdx_id,MapFuzzyMatch
5680936,MIT,spdx_id,MapFuzzyMatch
4239145,MIT,spdx_id,MapFuzzyMatch
44849,MIT,spdx_id,MapFuzzyMatch
5418809,MIT,spdx_id,MapFuzzyMatch
2142016,ISO-permission,spdx_id,MapFuzzyMatch
1158977,MIT,spdx_id,MapFuzzyMatch
3190593,BSD-1-Clause,spdx_id,MapFuzzyMatch
44871,Libpng,spdx_id,MapFuzzyMatch
3780431,MIT,spdx_id,MapFuzzyMatch
1814353,EUPL-1.1,spdx_id,MapFuzzyMatch
5222227,MIT,spdx_id,MapFuzzyMatch
1355608,BSD-3-Clause,spdx_id,MapFuzzyMatch
4173660,MIT,spdx_id,MapFuzzyMatch
1814371,MIT,spdx_id,MapFuzzyMatch
4108135,ANTLR-PD,spdx_id,MapFuzzyMatch
4108136,MIT,spdx_id,MapFuzzyMatch
4501367,CC-BY-NC-SA-1.0,spdx_id,MapExactID
3780477,MIT,spdx_id,MapFuzzyMatch
176009,MIT,spdx_id,MapFuzzyMatch
3125140,MIT,spdx_id,MapFuzzyMatch
1879957,Apache-2.0,spdx_id,MapFuzzyMatch
3518360,BSD-1-Clause,spdx_id,MapFuzzyMatch
176042,APSL-2.0,spdx_id,MapFuzzyMatch
1617834,BSD-Advertising-Acknowledgement,spdx_id,MapFuzzyMatch
5549994,MIT,spdx_id,MapFuzzyMatch
2142125,MIT,spdx_id,MapFuzzyMatch
7516080,MIT,spdx_id,MapFuzzyMatch
3125173,SMAIL-GPL,spdx_id,MapFuzzyMatch
4501430,MIT,spdx_id,MapFuzzyMatch
2207674,ANTLR-PD,spdx_id,MapFuzzyMatch
2273213,ANTLR-PD,spdx_id,MapFuzzyMatch
3518397,ISO-permission,spdx_id,MapFuzzyMatch
5812169,BSD-3-Clause,spdx_id,MapFuzzyMatch
3780569,MIT,spdx_id,MapFuzzyMatch
5484505,MIT,spdx_id,MapFuzzyMatch
3715040,GPL-3.0,spdx_id,MapFuzzyMatch
2535394,CC-PDDC,spdx_id,MapFuzzyMatch
5287910,MIT,spdx_id,MapFuzzyMatch
4173807,MIT,spdx_id,MapFuzzyMatch
765940,ISO-permission,spdx_id,MapFuzzyMatch
6402037,BSD-1-Clause,spdx_id,MapFuzzyMatch
241654,MIT,spdx_id,MapFuzzyMatch
7319565,NASA-1.3,spdx_id,MapFuzzyMatch
6008850,MIT,spdx_id,MapFuzzyMatch
176147,MIT,spdx_id,MapFuzzyMatch
503839,ISO-permission,spdx_id,MapFuzzyMatch
5025838,MIT,spdx_id,MapFuzzyMatch
3715120,MIT,spdx_id,MapFuzzyMatch
372790,GPL-1.0,spdx_id,MapFuzzyMatch
5681213,MIT,spdx_id,MapFuzzyMatch
1880141,MIT,spdx_id,MapFuzzyMatch
2535522,MIT,spdx_id,MapFuzzyMatch
5746796,MIT,spdx_id,MapFuzzyMatch
5615725,MIT,spdx_id,MapFuzzyMatch
4239475,MIT,spdx_id,MapFuzzyMatch
5484659,ISO-permission,spdx_id,MapFuzzyMatch
6205559,MIT,spdx_id,MapFuzzyMatch
5091448,MIT,spdx_id,MapFuzzyMatch
3387516,AGPL-1.0,spdx_id,MapFuzzyMatch
3780734,GPL-3.0,spdx_id,MapFuzzyMatch
1683587,MIT,spdx_id,MapFuzzyMatch
5419139,ISO-permission,spdx_id,MapFuzzyMatch
5943437,MIT,spdx_id,MapFuzzyMatch
4632721,MIT,spdx_id,MapFuzzyMatch
3518617,MIT,spdx_id,MapFuzzyMatch
1028250,MIT,spdx_id,MapFuzzyMatch
2863267,MIT,spdx_id,MapFuzzyMatch
438447,GPL-1.0,spdx_id,MapFuzzyMatch
4894897,MIT,spdx_id,MapFuzzyMatch
3125432,Apache-2.0,spdx_id,MapFuzzyMatch
372923,MIT,spdx_id,MapFuzzyMatch
6205635,MIT,spdx_id,MapFuzzyMatch
6140108,MIT,spdx_id,MapFuzzyMatch
766164,EPL-2.0,spdx_id,MapExactID
2994399,MIT,spdx_id,MapFuzzyMatch
2994403,MIT,spdx_id,MapFuzzyMatch
110821,BSD-3-Clause,spdx_id,MapFuzzyMatch
4501736,MIT,spdx_id,MapFuzzyMatch
3518698,Apache-1.0,spdx_id,MapFuzzyMatch
2273527,ISO-permission,spdx_id,MapFuzzyMatch
4894968,Apache-1.0,spdx_id,MapFuzzyMatch
3387644,MIT,spdx_id,MapFuzzyMatch
700672,Unlicense,spdx_id,MapFuzzyMatch
2928898,MIT,spdx_id,MapFuzzyMatch
5157126,MIT,spdx_id,MapFuzzyMatch
5615880,BUSL-1.1,spdx_id,MapFuzzyMatch
831756,MIT,spdx_id,MapFuzzyMatch
5878029,MIT,spdx_id,MapFuzzyMatch
2142487,BSD-1-Clause,spdx_id,MapFuzzyMatch
5222682,MIT,spdx_id,MapFuzzyMatch
4108572,MIT,spdx_id,MapFuzzyMatch
831774,ISO-permission,spdx_id,MapFuzzyMatch
45344,BSD-3-Clause,spdx_id,MapFuzzyMatch
176416,any-OSI,spdx_id,MapFuzzyMatch
1028385,GPL-3.0,spdx_id,MapFuzzyMatch
4043045,MIT,spdx_id,MapFuzzyMatch
831784,BSD-3-Clause,spdx_id,MapExactID
766250,MIT,spdx_id,MapFuzzyMatch
3191091,MIT,spdx_id,MapFuzzyMatch
4895029,MIT,spdx_id,MapFuzzyMatch
1028411,Apache-1.0,spdx_id,MapFuzzyMatch
3518779,BSD-1-Clause,spdx_id,MapFuzzyMatch
5550397,Apache-1.0,spdx_id,MapFuzzyMatch
3518782,BSD-1-Clause,spdx_id,MapFuzzyMatch
1028415,BSD-1-Clause,spdx_id,MapFuzzyMatch
2666817,copyleft-next-0.3.0,spdx_id,MapFuzzyMatch
4895041,Apache-1.0,spdx_id,MapFuzzyMatch
2666821,MIT,spdx_id,MapFuzzyMatch
2404701,MIT,spdx_id,MapFuzzyMatch
45410,MIT,spdx_id,MapFuzzyMatch
6402403,MIT,spdx_id,MapFuzzyMatch
504171,MIT,spdx_id,MapFuzzyMatch
1159533,BSD-3-Clause,spdx_id,MapExactMatch
2208112,MIT,spdx_id,MapFuzzyMatch
2666866,ISO-permission,spdx_id,MapFuzzyMatch
45436,MIT,spdx_id,MapFuzzyMatch
6205825,MIT,spdx_id,MapFuzzyMatch
5288324,MIT,spdx_id,MapFuzzyMatch
2994572,MIT,spdx_id,MapFuzzyMatch
1356177,AGPL-3.0-only,spdx_id,MapExactMatch
1814935,ISO-permission,spdx_id,MapFuzzyMatch
766360,ISC,spdx_id,MapFuzzyMatch
6336925,GPL-2.0,spdx_id,MapFuzzyMatch
2929055,BSD-3-Clause,spdx_id,MapFuzzyMatch
6074787,MIT,spdx_id,MapFuzzyMatch
2994603,MIT,spdx_id,MapFuzzyMatch
831917,LGPL-3.0,spdx_id,MapFuzzyMatch
7385517,MIT,spdx_id,MapFuzzyMatch
7385519,MIT,spdx_id,MapFuzzyMatch
373170,Apache-1.1,spdx_id,MapFuzzyMatch
176564,Apache-1.0,spdx_id,MapFuzzyMatch
2666938,ISO-permission,spdx_id,MapFuzzyMatch
2208188,MIT,spdx_id,MapFuzzyMatch
2929086,OSL-1.1,spdx_id,MapFuzzyMatch
1946053,MIT,spdx_id,MapFuzzyMatch
5616075,MIT,spdx_id,MapFuzzyMatch
6336971,MIT,spdx_id,MapFuzzyMatch
4698581,BSD-1-Clause,spdx_id,MapFuzzyMatch
4239833,BSD-1-Clause,spdx_id,MapFuzzyMatch
4895193,Artistic-1.0,spdx_id,MapFuzzyMatch
373211,GPL-3.0,spdx_id,MapFuzzyMatch
7057883,MIT,spdx_id,MapFuzzyMatch
2273762,MIT,spdx_id,MapFuzzyMatch
3387878,BSD-1-Clause,spdx_id,MapFuzzyMatch
3977706,ANTLR-PD,spdx_id,MapFuzzyMatch
3977710,MIT,spdx_id,MapFuzzyMatch
6664686,Apache-2.0,spdx_id,MapExactID
2535921,MIT,spdx_id,MapFuzzyMatch
3518965,BSD-1-Clause,spdx_id,MapFuzzyMatch
569850,BSD-1-Clause,spdx_id,MapFuzzyMatch
831998,MIT,spdx_id,MapFuzzyMatch
4239872,BitTorrent-1.0,spdx_id,MapFuzzyMatch
4895235,ISO-permission,spdx_id,MapFuzzyMatch
1421828,copyleft-next-0.3.0,spdx_id,MapFuzzyMatch
4239876,MIT,spdx_id,MapFuzzyMatch
438794,MIT,spdx_id,MapFuzzyMatch
5747213,ISO-permission,spdx_id,MapFuzzyMatch
5419546,MIT,spdx_id,MapFuzzyMatch
5550618,Python-2.0,spdx_id,MapFuzzyMatch
5943836,MIT,spdx_id,MapFuzzyMatch
4895272,MIT,spdx_id,MapFuzzyMatch
5288489,BSD-1-Clause,spdx_id,MapFuzzyMatch
6074920,MIT,spdx_id,MapFuzzyMatch
45616,BSD-3-Clause,spdx_id,MapFuzzyMatch
5681728,MIT,spdx_id,MapFuzzyMatch
4436550,MIT,spdx_id,MapFuzzyMatch
3519048,BSD-1-Clause,spdx_id,MapFuzzyMatch
6009420,copyleft-next-0.3.0,spdx_id,MapFuzzyMatch
176724,LGPL-2.1,spdx_id,MapFuzzyMatch
4698712,ISO-permission,spdx_id,MapFuzzyMatch
3519074,BSD-1-Clause,spdx_id,MapFuzzyMatch
2994791,WTFPL,spdx_id,MapFuzzyMatch
2011754,Apache-2.0,spdx_id,MapFuzzyMatch
6009458,MIT,spdx_id,MapFuzzyMatch
569980,Unlicense,spdx_id,MapFuzzyMatch
6402690,MIT,spdx_id,MapFuzzyMatch
701061,ISO-permission,spdx_id,MapFuzzyMatch
2405001,ISO-permission,spdx_id,MapFuzzyMatch
45710,Apache-2.0,spdx_id,MapFuzzyMatch
5157523,MIT,spdx_id,MapFuzzyMatch
1159828,copyleft-next-0.3.0,spdx_id,MapFuzzyMatch
6140574,MIT,spdx_id,MapFuzzyMatch
6468270,MIT,spdx_id,MapFuzzyMatch
4108977,MIT,spdx_id,MapFuzzyMatch
4960952,MIT,spdx_id,MapFuzzyMatch
2405049,MIT,spdx_id,MapFuzzyMatch
701115,MIT,spdx_id,MapFuzzyMatch
5616316,MIT,spdx_id,MapFuzzyMatch
6402753,ISO-permission,spdx_id,MapFuzzyMatch
3322563,MIT,spdx_id,MapFuzzyMatch
307909,BSD-3-Clause,spdx_id,MapExactID
2863814,MIT,spdx_id,MapExactID
5092046,NIST-Software,spdx_id,MapFuzzyMatch
570063,MIT,spdx_id,MapFuzzyMatch
2470612,MIT,spdx_id,MapFuzzyMatch
4240085,MIT,spdx_id,MapFuzzyMatch
701143,copyleft-next-0.3.0,spdx_id,MapFuzzyMatch
3846872,MIT,spdx_id,MapFuzzyMatch
3519203,BSD-1-Clause,spdx_id,MapFuzzyMatch
5878499,BSD-3-Clause,spdx_id,MapFuzzyMatch
3519207,BSD-1-Clause,spdx_id,MapFuzzyMatch
6402797,GPL-3.0,spdx_id,MapFuzzyMatch
2077423,BSD-2-Clause,spdx_id,MapFuzzyMatch
176881,BSD-2-Clause,spdx_id,MapFuzzyMatch
373489,MIT,spdx_id,MapFuzzyMatch
4895482,MIT,spdx_id,MapFuzzyMatch
5681914,MIT,spdx_id,MapFuzzyMatch
7516930,CC-BY-NC-3.0,spdx_id,MapFuzzyMatch
242437,MIT,spdx_id,MapFuzzyMatch
4109061,SMAIL-GPL,spdx_id,MapFuzzyMatch
3781383,MIT,spdx_id,MapFuzzyMatch
2732816,MIT,spdx_id,MapFuzzyMatch
4174610,Apache-1.0,spdx_id,MapFuzzyMatch
2798363,Apache-2.0,spdx_id,MapFuzzyMatch
6140713,MIT,spdx_id,MapFuzzyMatch
4043564,MIT,spdx_id,MapFuzzyMatch
308016,BSD-3-Clause,spdx_id,MapFuzzyMatch
2929463,MIT,spdx_id,MapFuzzyMatch
5813049,BSD-1-Clause,spdx_id,MapFuzzyMatch
6468415,ISO-permission,spdx_id,MapFuzzyMatch
6075203,GPL-3.0,spdx_id,MapFuzzyMatch
7320393,MIT,spdx_id,MapFuzzyMatch
2405197,MIT,spdx_id,MapFuzzyMatch
3191631,BSD-1-Clause,spdx_id,MapFuzzyMatch
2929494,Apache-1.0,spdx_id,MapFuzzyMatch
176983,AGPL-3.0,spdx_id,MapFuzzyMatch
2536280,MIT,spdx_id,MapFuzzyMatch
6337371,MIT,spdx_id,MapFuzzyMatch
2143068,BSD-1-Clause,spdx_id,MapFuzzyMatch
7648101,ZPL-1.1,spdx_id,MapExactID
1028966,MIT,spdx_id,MapFuzzyMatch
6468455,MIT,spdx_id,MapFuzzyMatch
4174698,MIT,spdx_id,MapFuzzyMatch
7320427,Apache-1.0,spdx_id,MapFuzzyMatch
2929521,MIT,spdx_id,MapFuzzyMatch
7320438,MIT,spdx_id,MapFuzzyMatch
1815417,ISO-permission,spdx_id,MapFuzzyMatch
177020,MIT,spdx_id,MapFuzzyMatch
242556,LGPL-3.0,spdx_id,MapExactID
308093,Apache-1.0,spdx_id,MapFuzzyMatch
5419915,CC-BY-4.0,spdx_id,MapFuzzyMatch
3388300,BSD-1-Clause,spdx_id,MapFuzzyMatch
3584909,LGPL-3.0,spdx_id,MapFuzzyMatch
3519378,BSD-1-Clause,spdx_id,MapFuzzyMatch
439189,MIT,spdx_id,MapFuzzyMatch
3584924,MIT,spdx_id,MapFuzzyMatch
4436894,MIT,spdx_id,MapFuzzyMatch
4109215,MIT,spdx_id,MapFuzzyMatch
6468514,CECILL-1.1,spdx_id,MapFuzzyMatch
4109223,MIT,spdx_id,MapFuzzyMatch
7058345,CECILL-1.0,spdx_id,MapFuzzyMatch
3519403,BSD-1-Clause,spdx_id,MapFuzzyMatch
242605,MIT,spdx_id,MapFuzzyMatch
1815469,CDDL-1.0,spdx_id,MapFuzzyMatch
4240303,BSD-3-Clause,spdx_id,MapFuzzyMatch
3126196,ISO-permission,spdx_id,MapFuzzyMatch
5288902,MIT,spdx_id,MapFuzzyMatch
1029063,MIT,spdx_id,MapFuzzyMatch
1684423,Apache-2.0,spdx_id,MapFuzzyMatch
46030,GPL-3.0,spdx_id,MapFuzzyMatch
3126225,MIT,spdx_id,MapFuzzyMatch
5682131,ISO-permission,spdx_id,MapFuzzyMatch
3519448,BSD-3-Clause,spdx_id,MapFuzzyMatch
1356761,MIT,spdx_id,MapFuzzyMatch
242651,MIT,spdx_id,MapFuzzyMatch
1881057,MIT,spdx_id,MapFuzzyMatch
5288938,MIT,spdx_id,MapFuzzyMatch
308203,MIT,spdx_id,MapFuzzyMatch
2208750,MIT,spdx_id,MapFuzzyMatch
2470894,EUPL-1.2,spdx_id,MapExactMatch
3126254,MIT,spdx_id,MapFuzzyMatch
5026798,Apache-2.0,spdx_id,MapFuzzyMatch
2470904,EUPL-1.2,spdx_id,MapExactMatch
504825,SMAIL-GPL,spdx_id,MapFuzzyMatch
3519483,ISO-permission,spdx_id,MapFuzzyMatch
2601981,MIT,spdx_id,MapFuzzyMatch
2995199,MIT,spdx_id,MapFuzzyMatch
5878788,MIT,spdx_id,MapFuzzyMatch
4240392,ISO-permission,spdx_id,MapFuzzyMatch
2864140,CECILL-2.1,spdx_id,MapFuzzyMatch
2602008,MIT,spdx_id,MapFuzzyMatch
5092376,MIT,spdx_id,MapFuzzyMatch
701466,MIT,spdx_id,MapFuzzyMatch
7320616,LGPL-2.1,spdx_id,MapFuzzyMatch
2995241,ISO-permission,spdx_id,MapFuzzyMatch
242730,Apache-1.1,spdx_id,MapFuzzyMatch
2274347,MIT,spdx_id,MapFuzzyMatch
5878825,MIT,spdx_id,MapFuzzyMatch
2536499,AGPL-3.0,spdx_id,MapFuzzyMatch
3126329,MIT,spdx_id,MapFuzzyMatch
5682236,MIT,spdx_id,MapFuzzyMatch
6599744,MIT,spdx_id,MapFuzzyMatch
3322952,MIT,spdx_id,MapFuzzyMatch
3912780,MIT,spdx_id,MapFuzzyMatch
5289040,NCSA,spdx_id,MapFuzzyMatch
5289047,MIT,spdx_id,MapFuzzyMatch
3978328,BSD-3-Clause-No-Nuclear-License,spdx_id,MapFuzzyMatch
4043866,MIT,spdx_id,MapFuzzyMatch
6206560,MIT,spdx_id,MapFuzzyMatch
439393,CC-BY-SA-3.0,spdx_id,MapFuzzyMatch
242788,AGPL-3.0,spdx_id,MapFuzzyMatch
2798695,MIT,spdx_id,MapFuzzyMatch
1815658,BSD-1-Clause,spdx_id,MapFuzzyMatch
1160307,ISO-permission,spdx_id,MapFuzzyMatch
3585150,MIT,spdx_id,MapFuzzyMatch
504963,BSD-3-Clause-No-Nuclear-License,spdx_id,MapFuzzyMatch
5026950,ISO-permission,spdx_id,MapFuzzyMatch
1160327,CC-BY,license_family,MapLicenseFamily
2143370,MIT,spdx_id,MapFuzzyMatch
3519629,MIT,spdx_id,MapFuzzyMatch
2208910,0BSD,spdx_id,MapFuzzyMatch
3454097,MIT,spdx_id,MapFuzzyMatch
46229,CC-BY-4.0,spdx_id,MapFuzzyMatch
4830358,MIT,spdx_id,MapFuzzyMatch
6010008,MIT,spdx_id,MapFuzzyMatch
1160348,MIT,spdx_id,MapFuzzyMatch
177310,CC-BY-1.0,spdx_id,MapFuzzyMatch
4043939,MIT,spdx_id,MapExactID
504996,MIT,spdx_id,MapFuzzyMatch
504999,BSD-2-Clause,spdx_id,MapFuzzyMatch
3388587,MIT,spdx_id,MapFuzzyMatch
308398,copyleft-next-0.3.0,spdx_id,MapFuzzyMatch
5223601,MIT,spdx_id,MapFuzzyMatch
2798771,MIT,spdx_id,MapFuzzyMatch
5616829,ISO-permission,spdx_id,MapFuzzyMatch
7648455,ZPL-1.1,spdx_id,MapFuzzyMatch
2798794,MIT,spdx_id,MapFuzzyMatch
3388619,MIT,spdx_id,MapFuzzyMatch
4830416,MIT,spdx_id,MapFuzzyMatch
2667730,MIT,spdx_id,MapFuzzyMatch
832726,Apache-1.0,spdx_id,MapFuzzyMatch
2995419,MIT,spdx_id,MapFuzzyMatch
832732,MIT,spdx_id,MapFuzzyMatch
2143458,MIT,spdx_id,MapFuzzyMatch
3519718,BSD-1-Clause,spdx_id,MapFuzzyMatch
2798831,Apache-2.0,spdx_id,MapFuzzyMatch
3912945,MIT,spdx_id,MapFuzzyMatch
4699378,MIT,spdx_id,MapFuzzyMatch
4240630,MIT,spdx_id,MapFuzzyMatch
6141176,BSD-3-Clause,spdx_id,MapFuzzyMatch
1029375,Apache-2.0,spdx_id,MapFuzzyMatch
5092608,BSD-1-Clause,spdx_id,MapFuzzyMatch
2143497,MIT,spdx_id,MapFuzzyMatch
5092617,BSD-1-Clause,spdx_id,MapFuzzyMatch
5747991,GPL-1.0,spdx_id,MapFuzzyMatch
4633880,MIT,spdx_id,MapFuzzyMatch
5092632,BSD-1-Clause,spdx_id,MapFuzzyMatch
1422618,BSD-1-Clause,spdx_id,MapFuzzyMatch
2602271,BSD-2-Clause,spdx_id,MapFuzzyMatch
3519777,Apache-1.0,spdx_id,MapFuzzyMatch
832826,CC-BY-1.0,spdx_id,MapFuzzyMatch
6665532,BSD-3-Clause,spdx_id,MapFuzzyMatch
3519806,BSD-1-Clause,spdx_id,MapFuzzyMatch
3388741,MIT,spdx_id,MapFuzzyMatch
6206795,MIT,spdx_id,MapFuzzyMatch
1029454,MIT,spdx_id,MapFuzzyMatch
3388756,BSD-1-Clause,spdx_id,MapFuzzyMatch
832863,ISO-permission,spdx_id,MapFuzzyMatch
2602343,MIT,spdx_id,MapFuzzyMatch
701800,MIT,spdx_id,MapFuzzyMatch
7648621,VSL-1.0,spdx_id,MapFuzzyMatch
3061104,MIT,spdx_id,MapFuzzyMatch
2602370,Artistic-1.0,spdx_id,MapFuzzyMatch
4830597,MIT,spdx_id,MapFuzzyMatch
4502918,ISO-permission,spdx_id,MapFuzzyMatch
6600069,AGPL-1.0,spdx_id,MapFuzzyMatch
7058825,MIT,spdx_id,MapFuzzyMatch
2602386,copyleft-next-0.3.0,spdx_id,MapFuzzyMatch
7517609,MIT,spdx_id,MapFuzzyMatch
5420469,LPL-1.0,spdx_id,MapFuzzyMatch
112054,AGPL-3.0,spdx_id,MapFuzzyMatch
2733495,ISO-permission,spdx_id,MapFuzzyMatch
1029563,MIT,spdx_id,MapFuzzyMatch
1029579,MIT,spdx_id,MapExactMatch
3519949,BSD-1-Clause,spdx_id,MapFuzzyMatch
6010319,ISO-permission,spdx_id,MapFuzzyMatch
7583185,BSD-1-Clause,spdx_id,MapFuzzyMatch
3519960,BSD-1-Clause,spdx_id,MapFuzzyMatch
3519961,MIT,spdx_id,MapFuzzyMatch
4634072,MIT,spdx_id,MapFuzzyMatch
3454428,MIT,spdx_id,MapFuzzyMatch
243188,MIT,spdx_id,MapFuzzyMatch
3454458,MIT,spdx_id,MapFuzzyMatch
5682685,Apache-2.0,spdx_id,MapExactMatch
7058941,MIT,spdx_id,MapFuzzyMatch
6206979,ISO-permission,spdx_id,MapFuzzyMatch
5486086,Apache-1.0,spdx_id,MapFuzzyMatch
6075918,MIT,spdx_id,MapFuzzyMatch
5617167,ISO-permission,spdx_id,MapFuzzyMatch
3978768,MIT,spdx_id,MapFuzzyMatch
1619473,MIT,spdx_id,MapFuzzyMatch
6469144,MIT,spdx_id,MapFuzzyMatch
6207006,MIT,spdx_id,MapFuzzyMatch
1160738,GPL-3.0,spdx_id,MapFuzzyMatch
5551650,BSD-3-Clause,spdx_id,MapFuzzyMatch
5551654,BSD-3-Clause,spdx_id,MapFuzzyMatch
6207019,ISO-permission,spdx_id,MapFuzzyMatch
5682733,MIT,spdx_id,MapFuzzyMatch
5224007,copyleft-next-0.3.0,spdx_id,MapFuzzyMatch
2471501,BSD-1-Clause,spdx_id,MapFuzzyMatch
2799182,SMAIL-GPL,spdx_id,MapFuzzyMatch
1029715,Apache-2.0,spdx_id,MapFuzzyMatch
5158487,BSD-1-Clause,spdx_id,MapFuzzyMatch
5224024,AGPL-3.0,spdx_id,MapFuzzyMatch
2995814,ISO-permission,spdx_id,MapFuzzyMatch
5551718,BSD-3-Clause,spdx_id,MapFuzzyMatch
3454568,ISO-permission,spdx_id,MapFuzzyMatch
5551724,BSD-3-Clause,spdx_id,MapFuzzyMatch
1029742,MIT,spdx_id,MapFuzzyMatch
6076015,MIT,spdx_id,MapFuzzyMatch
5813880,CC-BY-NC-3.0,spdx_id,MapFuzzyMatch
439929,ISO-permission,spdx_id,MapFuzzyMatch
4830841,ISO-permission,spdx_id,MapFuzzyMatch
6600319,MIT,spdx_id,MapFuzzyMatch
5158528,MIT,spdx_id,MapFuzzyMatch
7583362,MIT,spdx_id,MapFuzzyMatch
5158532,MIT,spdx_id,MapFuzzyMatch
5551764,BSD-3-Clause,spdx_id,MapFuzzyMatch
505497,MIT,spdx_id,MapFuzzyMatch
2471594,MIT,spdx_id,MapFuzzyMatch
3126955,MIT,spdx_id,MapFuzzyMatch
4568749,GPL-3.0,spdx_id,MapFuzzyMatch
1816239,MIT,spdx_id,MapFuzzyMatch
440001,3D-Slicer-1.0,spdx_id,MapFuzzyMatch
4044481,AGPL-1.0,spdx_id,MapFuzzyMatch
4241094,MIT,spdx_id,MapFuzzyMatch
3520200,MIT,spdx_id,MapFuzzyMatch
5551819,MIT,spdx_id,MapFuzzyMatch
3389143,ISO-permission,spdx_id,MapFuzzyMatch
5748442,ISO-permission,spdx_id,MapFuzzyMatch
3520220,ISO-permission,spdx_id,MapFuzzyMatch
3520221,ISO-permission,spdx_id,MapFuzzyMatch
702176,BSD-1-Clause,spdx_id,MapFuzzyMatch
5551843,CC-BY-1.0,spdx_id,MapFuzzyMatch
7517923,MIT,spdx_id,MapFuzzyMatch
1357544,ANTLR-PD,spdx_id,MapFuzzyMatch
5027563,MIT,spdx_id,MapFuzzyMatch
1423094,CC-BY-4.0,spdx_id,MapFuzzyMatch
4896503,MIT,spdx_id,MapFuzzyMatch
1816319,Apache-1.0,spdx_id,MapFuzzyMatch
2144000,BSD-1-Clause,spdx_id,MapFuzzyMatch
4830976,MIT,spdx_id,MapFuzzyMatch
5093122,MIT,spdx_id,MapFuzzyMatch
2799363,ISO-permission,spdx_id,MapFuzzyMatch
7059202,MIT,spdx_id,MapFuzzyMatch
4110086,MIT,spdx_id,MapFuzzyMatch
243464,Apache-1.0,spdx_id,MapFuzzyMatch
4175626,MIT,spdx_id,MapFuzzyMatch
1881867,MIT,spdx_id,MapFuzzyMatch
2602766,MIT,spdx_id,MapFuzzyMatch
3782418,MIT,spdx_id,MapFuzzyMatch
4896531,MIT,spdx_id,MapFuzzyMatch
5748502,MIT,spdx_id,MapFuzzyMatch
5486362,MIT,spdx_id,MapFuzzyMatch
374560,Apache-1.0,spdx_id,MapFuzzyMatch
571168,BSL-1.0,spdx_id,MapExactMatch
6272806,ISO-permission,spdx_id,MapFuzzyMatch
571175,ISO-permission,spdx_id,MapFuzzyMatch
5420840,BSD-2-Clause,spdx_id,MapFuzzyMatch
374572,ISO-permission,spdx_id,MapFuzzyMatch
6207284,ISO-permission,spdx_id,MapFuzzyMatch
5027638,GPL-1.0,spdx_id,MapFuzzyMatch
1423160,BSD-2-Clause,spdx_id,MapFuzzyMatch
5027642,BSD-3-Clause,spdx_id,MapFuzzyMatch
374594,ISO-permission,spdx_id,MapFuzzyMatch
374595,ISO-permission,spdx_id,MapFuzzyMatch
2209602,copyleft-next-0.3.0,spdx_id,MapFuzzyMatch
833350,MIT,spdx_id,MapFuzzyMatch
309065,MIT,spdx_id,MapFuzzyMatch
571209,MIT,spdx_id,MapFuzzyMatch
2733897,MIT,spdx_id,MapFuzzyMatch
2799436,GPL-3.0,spdx_id,MapFuzzyMatch
5158731,ISO-permission,spdx_id,MapFuzzyMatch
2340686,MIT,spdx_id,MapFuzzyMatch
5486417,MIT,spdx_id,MapFuzzyMatch
1357653,BSD-2-Clause,spdx_id,MapExactID
2799449,GPL-3.0,spdx_id,MapFuzzyMatch
3913563,MIT,spdx_id,MapFuzzyMatch
7321436,MIT,spdx_id,MapFuzzyMatch
7518046,MIT,spdx_id,MapFuzzyMatch
1881953,BSD-1-Clause,spdx_id,MapFuzzyMatch
1423207,MIT,spdx_id,MapFuzzyMatch
6141804,MIT,spdx_id,MapFuzzyMatch
4437870,MIT,spdx_id,MapFuzzyMatch
5814131,BUSL-1.1,spdx_id,MapFuzzyMatch
2799476,BSD-1-Clause,spdx_id,MapFuzzyMatch
7386997,MIT,spdx_id,MapFuzzyMatch
6600567,GPL-3.0,spdx_id,MapFuzzyMatch
7386999,MIT,spdx_id,MapFuzzyMatch
2602873,MIT,spdx_id,MapFuzzyMatch
2799484,MIT,spdx_id,MapFuzzyMatch
3979148,Apache-1.0,spdx_id,MapFuzzyMatch
7059341,ISO-permission,spdx_id,MapFuzzyMatch
1161102,AGPL,license_family,MapLicenseFamily
7387029,MIT,spdx_id,MapFuzzyMatch
3585947,MIT,spdx_id,MapFuzzyMatch
309152,GPL-2.0,spdx_id,MapFuzzyMatch
2275238,ISO-permission,spdx_id,MapFuzzyMatch
3454896,MIT,spdx_id,MapFuzzyMatch
1030065,MIT,spdx_id,MapExactMatch
1030068,MIT,spdx_id,MapFuzzyMatch
2013110,ISO-permission,spdx_id,MapFuzzyMatch
1619902,CECILL-1.0,spdx_id,MapFuzzyMatch
833473,Artistic-1.0,spdx_id,MapFuzzyMatch
3520449,MIT,spdx_id,MapFuzzyMatch
3520452,BSD-1-Clause,spdx_id,MapFuzzyMatch
3520453,BSD-3-Clause,spdx_id,MapFuzzyMatch
3520457,MIT,spdx_id,MapFuzzyMatch
4962251,MIT,spdx_id,MapFuzzyMatch
5552080,MIT,spdx_id,MapFuzzyMatch
5552092,MIT,spdx_id,MapFuzzyMatch
243679,BSD-Source-Code,spdx_id,MapFuzzyMatch
4962271,MIT,spdx_id,MapFuzzyMatch
2799590,BSD-1-Clause,spdx_id,MapFuzzyMatch
2930662,MIT,spdx_id,MapFuzzyMatch
178153,MIT,spdx_id,MapFuzzyMatch
5617646,ISO-permission,spdx_id,MapFuzzyMatch
7059440,Python-2.0,spdx_id,MapExactID
6469620,MIT,spdx_id,MapFuzzyMatch
5421045,MIT,spdx_id,MapFuzzyMatch
7059444,MIT,spdx_id,MapFuzzyMatch
178171,BSD-1-Clause,spdx_id,MapFuzzyMatch
47102,ISO-permission,spdx_id,MapFuzzyMatch
7518211,OSET-PL-2.1,spdx_id,MapFuzzyMatch
6469636,MIT,spdx_id,MapFuzzyMatch
3061766,MIT,spdx_id,MapFuzzyMatch
833546,ISO-permission,spdx_id,MapFuzzyMatch
4962319,Apache-1.0,spdx_id,MapFuzzyMatch
2471953,BSD-2-Clause,spdx_id,MapFuzzyMatch
3061780,MIT,spdx_id,MapFuzzyMatch
6600727,MIT,spdx_id,MapFuzzyMatch
5945371,MIT,spdx_id,MapFuzzyMatch
833573,MIT,spdx_id,MapFuzzyMatch
309291,Libpng,spdx_id,MapFuzzyMatch
1816623,MIT,spdx_id,MapFuzzyMatch
3520564,BSD-1-Clause,spdx_id,MapFuzzyMatch
5093431,Artistic-2.0,spdx_id,MapFuzzyMatch
5027896,GPL-1.0,spdx_id,MapFuzzyMatch
309306,Apache-1.0,spdx_id,MapFuzzyMatch
2340923,MIT,spdx_id,MapFuzzyMatch
112704,AGPL-3.0,spdx_id,MapFuzzyMatch
440384,GPL-2.0,spdx_id,MapFuzzyMatch
571467,MIT,spdx_id,MapFuzzyMatch
5945420,ISO-permission,spdx_id,MapFuzzyMatch
3913807,MIT,spdx_id,MapFuzzyMatch
2930769,Apache-1.0,spdx_id,MapFuzzyMatch
1620052,MIT,spdx_id,MapFuzzyMatch
4044887,MIT,spdx_id,MapFuzzyMatch
2013285,MIT,spdx_id,MapFuzzyMatch
2996325,MIT,spdx_id,MapFuzzyMatch
571495,WTFPL,spdx_id,MapFuzzyMatch
3520614,BSD-1-Clause,spdx_id,MapFuzzyMatch
5027944,ISO-permission,spdx_id,MapFuzzyMatch
6207595,AGPL-3.0,spdx_id,MapFuzzyMatch
47213,ISO-permission,spdx_id,MapFuzzyMatch
1620077,BSD-1-Clause,spdx_id,MapFuzzyMatch
47216,MIT,spdx_id,MapFuzzyMatch
3651705,MIT,spdx_id,MapFuzzyMatch
3979389,ISO-permission,spdx_id,MapFuzzyMatch
5879944,BSD-1-Clause,spdx_id,MapFuzzyMatch
3520650,BSD-1-Clause,spdx_id,MapFuzzyMatch
2537621,ISO-permission,spdx_id,MapFuzzyMatch
2537623,MIT,spdx_id,MapFuzzyMatch
5879964,MIT,spdx_id,MapFuzzyMatch
2930863,GD,spdx_id,MapFuzzyMatch
3520693,BSD-1-Clause,spdx_id,MapFuzzyMatch
3586229,MIT,spdx_id,MapFuzzyMatch
5617853,MIT,spdx_id,MapFuzzyMatch
2930880,MIT,spdx_id,MapFuzzyMatch
2013377,Apache-2.0,spdx_id,MapFuzzyMatch
178370,MIT,spdx_id,MapFuzzyMatch
4569281,Apache-2.0,spdx_id,MapFuzzyMatch
6207682,ANTLR-PD,spdx_id,MapFuzzyMatch
3061961,Apache-1.0,spdx_id,MapFuzzyMatch
3782859,GPL-3.0,spdx_id,MapExactID
506067,MIT,spdx_id,MapFuzzyMatch
7583958,ISO-permission,spdx_id,MapFuzzyMatch
3520730,BSD-1-Clause,spdx_id,MapFuzzyMatch
3520734,BSD-1-Clause,spdx_id,MapFuzzyMatch
7583969,MIT,spdx_id,MapFuzzyMatch
1620206,MIT,spdx_id,MapFuzzyMatch
5093617,MIT,spdx_id,MapFuzzyMatch
2603250,MIT,spdx_id,MapFuzzyMatch
506105,BSD-3-Clause,spdx_id,MapFuzzyMatch
5617916,MIT,spdx_id,MapFuzzyMatch
2799872,MIT,spdx_id,MapFuzzyMatch
5617920,MIT,spdx_id,MapFuzzyMatch
178434,ISO-permission,spdx_id,MapFuzzyMatch
5617922,GPL-3.0,spdx_id,MapFuzzyMatch
4438301,BSD-3-Clause,spdx_id,MapExactMatch
3455263,LGPL-2.1,spdx_id,MapFuzzyMatch
4897056,MIT,spdx_id,MapFuzzyMatch
3389744,AGPL-3.0-or-later,spdx_id,MapExactMatch
5945652,MIT,spdx_id,MapFuzzyMatch
5617993,MIT,spdx_id,MapFuzzyMatch
1030483,MIT,spdx_id,MapFuzzyMatch
375128,Artistic-1.0,spdx_id,MapFuzzyMatch
3455331,MIT,spdx_id,MapFuzzyMatch
5224804,BSD-1-Clause,spdx_id,MapFuzzyMatch
5290355,Apache-2.0,spdx_id,MapFuzzyMatch
6207860,MIT,spdx_id,MapFuzzyMatch
3062133,Apache-1.0,spdx_id,MapFuzzyMatch
4438390,MIT,spdx_id,MapFuzzyMatch
6470007,MIT,spdx_id,MapFuzzyMatch
2210174,MIT,spdx_id,MapFuzzyMatch
3455359,Apache-2.0,spdx_id,MapFuzzyMatch
47493,LGPL-3.0,spdx_id,MapFuzzyMatch
3193221,Elastic-2.0,spdx_id,MapExactMatch
2931082,MIT,spdx_id,MapFuzzyMatch
6076814,BSD-3-Clause,spdx_id,MapFuzzyMatch
440725,Apache-1.0,spdx_id,MapFuzzyMatch
3520928,BSD-1-Clause,spdx_id,MapFuzzyMatch
6142371,MIT,spdx_id,MapFuzzyMatch
5159332,MIT,spdx_id,MapFuzzyMatch
6470054,MIT,spdx_id,MapFuzzyMatch
7322023,EPL-1.0,spdx_id,MapFuzzyMatch
5487021,MIT,spdx_id,MapFuzzyMatch
2996655,BSD-1-Clause,spdx_id,MapFuzzyMatch
3520954,MIT,spdx_id,MapFuzzyMatch
2079164,copyleft-next-0.3.0,spdx_id,MapFuzzyMatch
6076862,MIT,spdx_id,MapFuzzyMatch
1685951,Artistic-2.0,spdx_id,MapFuzzyMatch
4504002,Jam,spdx_id,MapExactID
3455427,MIT,spdx_id,MapFuzzyMatch
1030609,ISO-permission,spdx_id,MapFuzzyMatch
3062225,ISO-permission,spdx_id,MapFuzzyMatch
1030611,MIT,spdx_id,MapFuzzyMatch
3520987,BSD-1-Clause,spdx_id,MapFuzzyMatch
3455470,MIT,spdx_id,MapFuzzyMatch
2341360,GPL-3.0,spdx_id,MapExactID
3062259,Apache-2.0,spdx_id,MapFuzzyMatch
2537979,BSD-1-Clause,spdx_id,MapFuzzyMatch
7059964,MIT,spdx_id,MapFuzzyMatch
2800126,ISO-permission,spdx_id,MapFuzzyMatch
4241927,AGPL-3.0-only,spdx_id,MapExactMatch
1161736,GPL-3.0,spdx_id,MapFuzzyMatch
3455496,BSD-3-Clause,spdx_id,MapFuzzyMatch
2734602,MIT,spdx_id,MapFuzzyMatch
5028365,LGPL-2.1,spdx_id,MapFuzzyMatch
1620498,MIT,spdx_id,MapFuzzyMatch
440851,MIT,spdx_id,MapFuzzyMatch
5093910,MIT,spdx_id,MapFuzzyMatch
7059991,MIT,spdx_id,MapFuzzyMatch
6208027,GPL-3.0,spdx_id,MapFuzzyMatch
3979813,MIT,spdx_id,MapFuzzyMatch
4110887,MIT,spdx_id,MapFuzzyMatch
309804,MIT,spdx_id,MapExactMatch
1751596,ISO-permission,spdx_id,MapFuzzyMatch
5814828,MIT,spdx_id,MapFuzzyMatch
834103,GPL-3.0,spdx_id,MapFuzzyMatch
3521083,ISO-permission,spdx_id,MapFuzzyMatch
5421630,MIT,spdx_id,MapFuzzyMatch
571981,ISO-permission,spdx_id,MapFuzzyMatch
4110926,ISO-permission,spdx_id,MapFuzzyMatch
5159511,MIT,spdx_id,MapFuzzyMatch
1030745,MIT,spdx_id,MapExactID
244318,MIT,spdx_id,MapFuzzyMatch
2800228,Apache-2.0,spdx_id,MapFuzzyMatch
2996837,WTFNMFPL,spdx_id,MapFuzzyMatch
375399,BSD-1-Clause,spdx_id,MapFuzzyMatch
5225063,SMAIL-GPL,spdx_id,MapFuzzyMatch
2996856,ISO-permission,spdx_id,MapFuzzyMatch
7518851,GPL-2.0,spdx_id,MapFuzzyMatch
375428,LGPL-2.0,spdx_id,MapFuzzyMatch
1161862,BSD-3-Clause,spdx_id,MapFuzzyMatch
5683851,ISO-permission,spdx_id,MapFuzzyMatch
1030797,ISO-permission,spdx_id,MapFuzzyMatch
4045459,MIT,spdx_id,MapFuzzyMatch
637588,MIT,spdx_id,MapFuzzyMatch
178843,Apache-2.0,spdx_id,MapExactMatch
6208162,CECILL-1.1,spdx_id,MapFuzzyMatch
3979942,BSD-1-Clause,spdx_id,MapFuzzyMatch
2931371,ISO-permission,spdx_id,MapFuzzyMatch
1030828,ISO-permission,spdx_id,MapFuzzyMatch
3521206,BSD-1-Clause,spdx_id,MapFuzzyMatch
2800311,ANTLR-PD,spdx_id,MapFuzzyMatch
4045496,MIT,spdx_id,MapFuzzyMatch
3586747,MIT,spdx_id,MapFuzzyMatch
3521216,BSD-1-Clause,spdx_id,MapFuzzyMatch
1751745,MIT,spdx_id,MapFuzzyMatch
2996936,MIT,spdx_id,MapFuzzyMatch
1161929,ISO-permission,spdx_id,MapFuzzyMatch
6208208,MIT,spdx_id,MapFuzzyMatch
1424085,Apache-1.0,spdx_id,MapFuzzyMatch
3979992,MIT,spdx_id,MapFuzzyMatch
5880542,MIT,spdx_id,MapFuzzyMatch
7322340,ISO-permission,spdx_id,MapFuzzyMatch
2538219,GPL-3.0,spdx_id,MapFuzzyMatch
7650027,GPL-3.0,spdx_id,MapFuzzyMatch
5749487,MIT,spdx_id,MapFuzzyMatch
834289,PSF-2.0,spdx_id,MapExactID
7322355,MIT,spdx_id,MapFuzzyMatch
768757,MIT,spdx_id,MapFuzzyMatch
1424121,CC-BY-4.0,spdx_id,MapFuzzyMatch
4111104,copyleft-next-0.3.0,spdx_id,MapFuzzyMatch
375558,BSD-1-Clause,spdx_id,MapFuzzyMatch
3455756,MIT,spdx_id,MapFuzzyMatch
47890,GPL-3.0,spdx_id,MapFuzzyMatch
3586846,MIT,spdx_id,MapFuzzyMatch
2734879,MIT,spdx_id,MapFuzzyMatch
3128103,MIT,spdx_id,MapFuzzyMatch
7650091,MIT,spdx_id,MapFuzzyMatch
5880627,MIT,spdx_id,MapFuzzyMatch
1030967,ISO-permission,spdx_id,MapFuzzyMatch
7387963,MIT,spdx_id,MapFuzzyMatch
5094205,Apache-2.0,spdx_id,MapFuzzyMatch
6470465,MIT,spdx_id,MapFuzzyMatch
47944,LGPL-3.0,spdx_id,MapExactID
768840,ISC,spdx_id,MapFuzzyMatch
5749576,ISO-permission,spdx_id,MapFuzzyMatch
3652440,MIT,spdx_id,MapFuzzyMatch
1162080,MIT,spdx_id,MapFuzzyMatch
3455840,MIT,spdx_id,MapFuzzyMatch
6339430,MIT,spdx_id,MapFuzzyMatch
5421929,MIT,spdx_id,MapFuzzyMatch
310136,BSD-1-Clause,spdx_id,MapFuzzyMatch
2997140,MIT,spdx_id,MapFuzzyMatch
1751957,MIT,spdx_id,MapFuzzyMatch
2800539,SMAIL-GPL,spdx_id,MapFuzzyMatch
2866076,BSD-2-Clause,spdx_id,MapFuzzyMatch
2931613,MIT,spdx_id,MapFuzzyMatch
6601628,Apache-1.0,spdx_id,MapFuzzyMatch
572324,GPL-3.0,spdx_id,MapExactID
2931622,MIT,spdx_id,MapFuzzyMatch
2800552,MIT,spdx_id,MapFuzzyMatch
7388080,Elastic-2.0,spdx_id,MapFuzzyMatch
3652536,MIT,spdx_id,MapFuzzyMatch
1751998,Apache-2.0,spdx_id,MapExactMatch
1358785,BSD-3-Clause,spdx_id,MapFuzzyMatch
310221,LGPL-2.1,spdx_id,MapFuzzyMatch
4045794,MIT,spdx_id,MapFuzzyMatch
506858,copyleft-next-0.3.0,spdx_id,MapFuzzyMatch
3587052,MIT,spdx_id,MapFuzzyMatch
6077421,DOC,spdx_id,MapFuzzyMatch
2866159,MIT,spdx_id,MapFuzzyMatch
3390453,BSD-1-Clause,spdx_id,MapFuzzyMatch
5225461,MIT,spdx_id,MapFuzzyMatch
6011894,MIT,spdx_id,MapFuzzyMatch
3455998,MIT,spdx_id,MapFuzzyMatch
4045822,MIT,spdx_id,MapFuzzyMatch
7126027,Apache-1.0,spdx_id,MapFuzzyMatch
310290,LGPL-3.0,spdx_id,MapFuzzyMatch
6470674,MIT,spdx_id,MapFuzzyMatch
2866205,SMAIL-GPL,spdx_id,MapFuzzyMatch
310304,MIT,spdx_id,MapFuzzyMatch
5684257,MIT,spdx_id,MapFuzzyMatch
310308,MIT,spdx_id,MapFuzzyMatch
375844,Unlicense,spdx_id,MapFuzzyMatch
506918,Apache-2.0,spdx_id,MapFuzzyMatch
113703,,unknown,MapNA
6077482,AGPL-3.0,spdx_id,MapExactID
7060522,MIT,spdx_id,MapFuzzyMatch
48172,LGPL-2.1,spdx_id,MapFuzzyMatch
7126065,MIT,spdx_id,MapFuzzyMatch
5225522,MIT,spdx_id,MapFuzzyMatch
2538566,Apache-1.0,spdx_id,MapFuzzyMatch
6143054,Apache-2.0,spdx_id,MapFuzzyMatch
4963407,MIT,spdx_id,MapFuzzyMatch
6274129,MIT,spdx_id,MapFuzzyMatch
3390547,MIT,spdx_id,MapFuzzyMatch
4963415,WTFPL,spdx_id,MapExactMatch
3652698,MIT,spdx_id,MapFuzzyMatch
310376,MIT,spdx_id,MapFuzzyMatch
4635760,CNRI-Python,spdx_id,MapFuzzyMatch
638068,MIT,spdx_id,MapFuzzyMatch
5028982,ISO-permission,spdx_id,MapFuzzyMatch
5225591,MIT,spdx_id,MapFuzzyMatch
48248,AGPL-3.0,spdx_id,MapFuzzyMatch
5618807,MIT,spdx_id,MapFuzzyMatch
2145402,CC-BY-4.0,spdx_id,MapFuzzyMatch
6208640,BSD-Source-Code,spdx_id,MapFuzzyMatch
4570244,MIT,spdx_id,MapFuzzyMatch
7650437,MIT,spdx_id,MapFuzzyMatch
1031302,BSD-3-Clause,spdx_id,MapFuzzyMatch
6077577,GPL-1.0,spdx_id,MapFuzzyMatch
1752206,CECILL-C,spdx_id,MapFuzzyMatch
7584911,MIT,spdx_id,MapFuzzyMatch
2604177,MIT,spdx_id,MapFuzzyMatch
2669713,MIT,spdx_id,MapFuzzyMatch
310422,Zlib,spdx_id,MapExactID
6143128,MIT,spdx_id,MapFuzzyMatch
638108,MIT,spdx_id,MapFuzzyMatch
7584925,ISO-permission,spdx_id,MapFuzzyMatch
48287,GPL-3.0,spdx_id,MapFuzzyMatch
2669729,Apache-1.0,spdx_id,MapFuzzyMatch
48290,Apache-2.0,spdx_id,MapFuzzyMatch
4045985,MIT,spdx_id,MapFuzzyMatch
5815457,MIT,spdx_id,MapFuzzyMatch
834747,MIT,spdx_id,MapFuzzyMatch
6208709,MIT,spdx_id,MapFuzzyMatch
5029071,BSD-3-Clause-Modification,spdx_id,MapExactID
1817836,BSD-3-Clause,spdx_id,MapFuzzyMatch
5553390,Apache-1.1,spdx_id,MapFuzzyMatch
4046074,MIT,spdx_id,MapFuzzyMatch
5750010,MIT,spdx_id,MapFuzzyMatch
834812,Apache-1.0,spdx_id,MapFuzzyMatch
6077692,Apache-1.0,spdx_id,MapFuzzyMatch
3849470,MIT,spdx_id,MapFuzzyMatch
6470906,Apache-2.0,spdx_id,MapFuzzyMatch
48384,BSD-3-Clause-No-Nuclear-License,spdx_id,MapFuzzyMatch
6143242,MIT,spdx_id,MapFuzzyMatch
5029131,MIT,spdx_id,MapFuzzyMatch
3521804,BSD-1-Clause,spdx_id,MapFuzzyMatch
1031459,BSD-3-Clause,spdx_id,MapFuzzyMatch
2866480,MIT,spdx_id,MapFuzzyMatch
4111666,MIT,spdx_id,MapFuzzyMatch
4111668,MIT,spdx_id,MapFuzzyMatch
2800951,MIT,spdx_id,MapFuzzyMatch
2997559,MIT,spdx_id,MapFuzzyMatch
638271,CC-BY-NC,license_family,MapLicenseFamily
2800961,MIT,spdx_id,MapFuzzyMatch
1031491,CC0-1.0,spdx_id,MapFuzzyMatch
7126342,MIT,spdx_id,MapFuzzyMatch
245064,MIT,spdx_id,MapFuzzyMatch
1031502,BUSL-1.1,spdx_id,MapFuzzyMatch
638311,BSD-1-Clause,spdx_id,MapFuzzyMatch
3849579,BSD-1-Clause,spdx_id,MapFuzzyMatch
3521904,BSD-1-Clause,spdx_id,MapFuzzyMatch
3128694,AGPL-3.0,spdx_id,MapFuzzyMatch
3915128,ISO-permission,spdx_id,MapFuzzyMatch
5881212,MIT,spdx_id,MapFuzzyMatch
5881218,Apache-2.0,spdx_id,MapFuzzyMatch
2473349,GPL-1.0,spdx_id,MapFuzzyMatch
3325321,MIT,spdx_id,MapFuzzyMatch
3980704,AGPL-1.0,spdx_id,MapFuzzyMatch
5160356,ISO-permission,spdx_id,MapFuzzyMatch
7126439,CC-BY-4.0,spdx_id,MapFuzzyMatch
5815726,Apache-2.0,spdx_id,MapFuzzyMatch
1883574,ISO-permission,spdx_id,MapFuzzyMatch
1359287,GPL-2.0,spdx_id,MapExactID
1818041,MIT,spdx_id,MapFuzzyMatch
2211258,MIT,spdx_id,MapFuzzyMatch
1031612,ISO-permission,spdx_id,MapFuzzyMatch
7519678,MIT,spdx_id,MapFuzzyMatch
48579,MIT,spdx_id,MapFuzzyMatch
5815753,MIT,spdx_id,MapFuzzyMatch
6143439,MIT,spdx_id,MapFuzzyMatch
7585238,MIT,spdx_id,MapFuzzyMatch
1818078,MIT,spdx_id,MapFuzzyMatch
3522026,ISO-permission,spdx_id,MapFuzzyMatch
310774,MIT,spdx_id,MapFuzzyMatch
5553663,Apache-1.0,spdx_id,MapFuzzyMatch
7585288,BSD-1-Clause,spdx_id,MapFuzzyMatch
2604564,Brian-Gladman-2-Clause,spdx_id,MapFuzzyMatch
7585299,BUSL-1.1,spdx_id,MapFuzzyMatch
114200,ISO-permission,spdx_id,MapFuzzyMatch
5946913,MIT,spdx_id,MapFuzzyMatch
1883682,MIT,spdx_id,MapFuzzyMatch
2604578,BSD-2-Clause,spdx_id,MapFuzzyMatch
4570658,copyleft-next-0.3.0,spdx_id,MapFuzzyMatch
1031719,MIT,spdx_id,MapFuzzyMatch
5946920,MIT,spdx_id,MapFuzzyMatch
4832815,Apache-1.0,spdx_id,MapFuzzyMatch
114225,ISO-permission,spdx_id,MapFuzzyMatch
2014777,MIT,spdx_id,MapFuzzyMatch
2211407,GPL-3.0,spdx_id,MapFuzzyMatch
5815888,Apache-2.0,spdx_id,MapFuzzyMatch
5815891,MIT,spdx_id,MapFuzzyMatch
310869,MIT,spdx_id,MapFuzzyMatch
3784286,MIT,spdx_id,MapFuzzyMatch
3980898,MIT,spdx_id,MapFuzzyMatch
2408042,MIT,spdx_id,MapFuzzyMatch
2145903,MIT,spdx_id,MapFuzzyMatch
2408047,MIT,spdx_id,MapFuzzyMatch
5815920,BSD-1-Clause,spdx_id,MapFuzzyMatch
507518,MIT,spdx_id,MapFuzzyMatch
245377,MIT,spdx_id,MapFuzzyMatch
245378,MIT,spdx_id,MapFuzzyMatch
4963973,Apache-1.0,spdx_id,MapFuzzyMatch
6536843,MIT,spdx_id,MapFuzzyMatch
3194509,MIT,spdx_id,MapFuzzyMatch
1031834,MIT,spdx_id,MapFuzzyMatch
1425062,MIT,spdx_id,MapFuzzyMatch
6340266,BSD-Source-Code,spdx_id,MapFuzzyMatch
2735789,Saxpath,spdx_id,MapFuzzyMatch
2408111,MIT,spdx_id,MapFuzzyMatch
3063475,MIT,spdx_id,MapFuzzyMatch
2670261,MIT,spdx_id,MapFuzzyMatch
2145974,CC-BY-SA-3.0,spdx_id,MapExactID
507579,WTFPL,spdx_id,MapExactMatch
3784381,MIT,spdx_id,MapFuzzyMatch
6471361,Apache-2.0,spdx_id,MapFuzzyMatch
835280,MIT,spdx_id,MapFuzzyMatch
1425116,MIT,spdx_id,MapFuzzyMatch
2997988,MIT,spdx_id,MapFuzzyMatch
5553898,BSD-3-Clause,spdx_id,MapFuzzyMatch
3784427,Apache-2.0,spdx_id,MapFuzzyMatch
2604798,MIT,spdx_id,MapFuzzyMatch
5816064,BUSL-1.1,spdx_id,MapFuzzyMatch
2146054,MIT,spdx_id,MapFuzzyMatch
4636422,LGPL-3.0,spdx_id,MapExactID
4833038,MIT,spdx_id,MapFuzzyMatch
573208,MIT,spdx_id,MapFuzzyMatch
3784473,MIT,spdx_id,MapFuzzyMatch
2146075,MIT,spdx_id,MapFuzzyMatch
6340383,MIT,spdx_id,MapFuzzyMatch
507683,BSD-1-Clause,spdx_id,MapFuzzyMatch
5685029,copyleft-next-0.3.0,spdx_id,MapFuzzyMatch
6537002,BSD-1-Clause,spdx_id,MapFuzzyMatch
835377,MIT,spdx_id,MapFuzzyMatch
769845,Apache-1.0,spdx_id,MapFuzzyMatch
442166,AGPL-3.0,spdx_id,MapFuzzyMatch
769846,Apache-1.0,spdx_id,MapFuzzyMatch
769847,Apache-1.0,spdx_id,MapFuzzyMatch
1031996,ISO-permission,spdx_id,MapFuzzyMatch
2211644,MIT,spdx_id,MapFuzzyMatch
507714,BitTorrent-1.0,spdx_id,MapFuzzyMatch
1163079,BSD-3-Clause,spdx_id,MapFuzzyMatch
6012744,ISO-permission,spdx_id,MapFuzzyMatch
5881673,MIT,spdx_id,MapFuzzyMatch
4046676,BSD-2-Clause,spdx_id,MapFuzzyMatch
7585622,MIT,spdx_id,MapFuzzyMatch
7323481,MIT,spdx_id,MapFuzzyMatch
3784540,OSL-1.1,spdx_id,MapFuzzyMatch
2604893,GPL-3.0,spdx_id,MapFuzzyMatch
5291868,MIT,spdx_id,MapFuzzyMatch
2735973,ISO-permission,spdx_id,MapFuzzyMatch
5750635,BSD-Source-Code,spdx_id,MapFuzzyMatch
1163118,MIT,spdx_id,MapFuzzyMatch
1163122,MIT,spdx_id,MapFuzzyMatch
5488502,Apache-1.0,spdx_id,MapFuzzyMatch
835447,MIT,spdx_id,MapFuzzyMatch
573307,ISO-permission,spdx_id,MapFuzzyMatch
1032063,MIT,spdx_id,MapFuzzyMatch
6143871,ISO-permission,spdx_id,MapFuzzyMatch
4571013,MIT,spdx_id,MapFuzzyMatch
2736006,Apache-1.0,spdx_id,MapFuzzyMatch
5881745,ISO-permission,spdx_id,MapFuzzyMatch
1163154,MIT,spdx_id,MapFuzzyMatch
6209433,MIT,spdx_id,MapFuzzyMatch
1032092,Unlicense,spdx_id,MapExactMatch
1359779,BSD-2-Clause,spdx_id,MapFuzzyMatch
5816238,BUSL-1.1,spdx_id,MapFuzzyMatch
5881774,MIT,spdx_id,MapFuzzyMatch
5881776,MIT,spdx_id,MapFuzzyMatch
2736054,MIT,spdx_id,MapFuzzyMatch
6537147,MIT,spdx_id,MapFuzzyMatch
3850173,ISO-permission,spdx_id,MapFuzzyMatch
2211774,BSD-4-Clause,spdx_id,MapFuzzyMatch
2080712,Apache-1.0,spdx_id,MapFuzzyMatch
49100,LGPL-3.0,spdx_id,MapExactID
2015188,MIT,spdx_id,MapFuzzyMatch
5881825,MIT,spdx_id,MapFuzzyMatch
114659,MIT,spdx_id,MapFuzzyMatch
1032165,CC0-1.0,spdx_id,MapFuzzyMatch
6537192,MIT,spdx_id,MapFuzzyMatch
1359858,ISO-permission,spdx_id,MapFuzzyMatch
5488639,MIT,spdx_id,MapFuzzyMatch
5619713,MIT,spdx_id,MapFuzzyMatch
1884173,Apache-2.0,spdx_id,MapFuzzyMatch
3457041,MIT,spdx_id,MapFuzzyMatch
1425430,ISO-permission,spdx_id,MapFuzzyMatch
2998296,MIT,spdx_id,MapFuzzyMatch
2015261,MIT,spdx_id,MapFuzzyMatch
7061534,MIT,spdx_id,MapFuzzyMatch
3522593,BSD-1-Clause,spdx_id,MapFuzzyMatch
3522610,BSD-1-Clause,spdx_id,MapFuzzyMatch
3522612,Elastic-2.0,spdx_id,MapFuzzyMatch
1163320,LGPL-2.0,spdx_id,MapFuzzyMatch
7061566,BSD-1-Clause,spdx_id,MapFuzzyMatch
5619788,MIT,spdx_id,MapFuzzyMatch
6996048,MIT,spdx_id,MapFuzzyMatch
7389285,MIT,spdx_id,MapFuzzyMatch
3457126,MIT,spdx_id,MapFuzzyMatch
4636782,MIT,spdx_id,MapFuzzyMatch
5161076,MIT,spdx_id,MapFuzzyMatch
114805,LGPL,license_family,MapLicenseFamily
1687680,MPL-2.0,spdx_id,MapFuzzyMatch
1360001,ISO-permission,spdx_id,MapFuzzyMatch
3653764,Apache-1.0,spdx_id,MapFuzzyMatch
2343046,GPL-2.0,spdx_id,MapFuzzyMatch
2736264,GPL-3.0,spdx_id,MapFuzzyMatch
114826,BSD-1-Clause,spdx_id,MapFuzzyMatch
3522702,BSD-1-Clause,spdx_id,MapFuzzyMatch
7389326,MIT,spdx_id,MapFuzzyMatch
2736276,MIT,spdx_id,MapFuzzyMatch
49301,Apache-2.0,spdx_id,MapFuzzyMatch
3457175,MIT,spdx_id,MapFuzzyMatch
1425563,AGPL-3.0,spdx_id,MapFuzzyMatch
5030049,MIT,spdx_id,MapFuzzyMatch
3522724,BSD-1-Clause,spdx_id,MapFuzzyMatch
4505766,MIT,spdx_id,MapFuzzyMatch
835751,MIT,spdx_id,MapFuzzyMatch
3522732,BSD-1-Clause,spdx_id,MapFuzzyMatch
5882028,BSD-1-Clause,spdx_id,MapFuzzyMatch
442545,BSD-3-Clause,spdx_id,MapFuzzyMatch
3522741,BSD-1-Clause,spdx_id,MapFuzzyMatch
1425596,LPD-document,spdx_id,MapFuzzyMatch
2212029,ICU,spdx_id,MapFuzzyMatch
4636862,MIT,spdx_id,MapFuzzyMatch
3522758,BSD-1-Clause,spdx_id,MapFuzzyMatch
4178118,MIT,spdx_id,MapFuzzyMatch
311500,MIT,spdx_id,MapFuzzyMatch
6209744,Apache-2.0,spdx_id,MapFuzzyMatch
5751000,EUPL-1.2,spdx_id,MapExactMatch
4505821,MIT,spdx_id,MapFuzzyMatch
2212064,eCos-2.0,spdx_id,MapFuzzyMatch
311523,Apache-2.0,spdx_id,MapExactMatch
1425644,MIT,spdx_id,MapFuzzyMatch
835821,MIT,spdx_id,MapFuzzyMatch
2212079,ISO-permission,spdx_id,MapFuzzyMatch
4243699,Apache-2.0,spdx_id,MapFuzzyMatch
1425654,MIT,spdx_id,MapFuzzyMatch
7389430,MIT,spdx_id,MapFuzzyMatch
2932984,MIT,spdx_id,MapFuzzyMatch
5947655,MIT,spdx_id,MapFuzzyMatch
3522824,BSD-1-Clause,spdx_id,MapFuzzyMatch
1425675,MIT,spdx_id,MapFuzzyMatch
5488919,MIT,spdx_id,MapFuzzyMatch
3522847,BSD-1-Clause,spdx_id,MapFuzzyMatch
2736416,ANTLR-PD,spdx_id,MapFuzzyMatch
3522848,BSD-1-Clause,spdx_id,MapFuzzyMatch
3326247,MIT,spdx_id,MapFuzzyMatch
3522861,BSD-1-Clause,spdx_id,MapFuzzyMatch
1360178,ISO-permission,spdx_id,MapFuzzyMatch
5423411,ISO-permission,spdx_id,MapFuzzyMatch
5161270,MIT,spdx_id,MapFuzzyMatch
6537527,MIT,spdx_id,MapFuzzyMatch
3326277,Apache-2.0,spdx_id,MapFuzzyMatch
2081098,Apache-1.1,spdx_id,MapFuzzyMatch
3522894,BSD-1-Clause,spdx_id,MapFuzzyMatch
115030,MIT,spdx_id,MapExactMatch
1622358,ISO-permission,spdx_id,MapFuzzyMatch
5488985,MIT,spdx_id,MapFuzzyMatch
1818981,MIT,spdx_id,MapFuzzyMatch
1163624,MIT,spdx_id,MapFuzzyMatch
3522928,BSD-1-Clause,spdx_id,MapFuzzyMatch
5554546,SMAIL-GPL,spdx_id,MapFuzzyMatch
3522936,BSD-1-Clause,spdx_id,MapFuzzyMatch
49529,BSD-3-Clause-LBNL,spdx_id,MapFuzzyMatch
1753486,BSD-2-Clause,spdx_id,MapFuzzyMatch
2539919,CC0-1.0,spdx_id,MapExactMatch
6275470,MIT,spdx_id,MapFuzzyMatch
4047251,GPL-3.0,spdx_id,MapFuzzyMatch
3522964,BSD-1-Clause,spdx_id,MapFuzzyMatch
2867610,MIT,spdx_id,MapFuzzyMatch
1360285,ISO-permission,spdx_id,MapFuzzyMatch
2671014,MIT,spdx_id,MapFuzzyMatch
5947817,MIT,spdx_id,MapFuzzyMatch
4637100,LGPL-3.0,spdx_id,MapFuzzyMatch
1360304,MIT,spdx_id,MapFuzzyMatch
3916217,ISO-permission,spdx_id,MapFuzzyMatch
5947835,MIT,spdx_id,MapFuzzyMatch
2671039,GPL-1.0,spdx_id,MapFuzzyMatch
5947841,MIT,spdx_id,MapFuzzyMatch
1163714,BSL-1.0,spdx_id,MapFuzzyMatch
1360328,ISO-permission,spdx_id,MapFuzzyMatch
2539977,ISO-permission,spdx_id,MapFuzzyMatch
3326409,MIT,spdx_id,MapFuzzyMatch
4964808,MIT,spdx_id,MapFuzzyMatch
3916239,MIT,spdx_id,MapFuzzyMatch
5095891,MIT,spdx_id,MapFuzzyMatch
4833751,ISC,spdx_id,MapFuzzyMatch
1360345,ISO-permission,spdx_id,MapFuzzyMatch
6210009,MIT,spdx_id,MapFuzzyMatch
3523037,BSD-1-Clause,spdx_id,MapFuzzyMatch
3064286,MIT,spdx_id,MapFuzzyMatch
115167,ISO-permission,spdx_id,MapFuzzyMatch
3064288,AGPL-3.0,spdx_id,MapFuzzyMatch
5095903,BSD-1-Clause,spdx_id,MapFuzzyMatch
7455203,MIT,spdx_id,MapFuzzyMatch
2343402,LGPL-2.1,spdx_id,MapFuzzyMatch
5226990,MIT,spdx_id,MapFuzzyMatch
3391991,MIT,spdx_id,MapFuzzyMatch
5685755,MIT,spdx_id,MapFuzzyMatch
4571652,MIT,spdx_id,MapFuzzyMatch
246282,wxWindows,spdx_id,MapFuzzyMatch
3392016,MIT,spdx_id,MapFuzzyMatch
5554705,MIT,spdx_id,MapFuzzyMatch
770586,GPL-3.0,spdx_id,MapFuzzyMatch
5554716,MIT,spdx_id,MapFuzzyMatch
770606,AGPL-3.0,spdx_id,MapFuzzyMatch
5816884,MIT,spdx_id,MapFuzzyMatch
6013496,OFL-1.1,spdx_id,MapFuzzyMatch
2605626,MIT,spdx_id,MapFuzzyMatch
2671163,Apache-2.0,spdx_id,MapFuzzyMatch
6013499,Bitstream-Vera,spdx_id,MapFuzzyMatch
574014,LGPL-2.1,spdx_id,MapFuzzyMatch
7455296,ISO-permission,spdx_id,MapFuzzyMatch
6013506,OFL-1.1,spdx_id,MapFuzzyMatch
1622596,MIT,spdx_id,MapFuzzyMatch
2343492,Apache-2.0,spdx_id,MapFuzzyMatch
6013509,IPA,spdx_id,MapFuzzyMatch
311880,GPL-3.0,spdx_id,MapFuzzyMatch
2802250,MIT,spdx_id,MapFuzzyMatch
3064400,MIT,spdx_id,MapFuzzyMatch
311892,ISO-permission,spdx_id,MapFuzzyMatch
377429,MIT,spdx_id,MapFuzzyMatch
3523163,BSD-1-Clause,spdx_id,MapFuzzyMatch
5161573,Apache-1.0,spdx_id,MapFuzzyMatch
3523178,BSD-1-Clause,spdx_id,MapFuzzyMatch
4899439,BSD-1-Clause,spdx_id,MapFuzzyMatch
5227121,MIT,spdx_id,MapFuzzyMatch
5948021,MIT,spdx_id,MapFuzzyMatch
5751414,GPL-3.0,spdx_id,MapFuzzyMatch
5882487,MIT,spdx_id,MapFuzzyMatch
6341240,MIT,spdx_id,MapFuzzyMatch
3523198,BSD-1-Clause,spdx_id,MapFuzzyMatch
5685894,ISO-permission,spdx_id,MapFuzzyMatch
3523214,BSD-1-Clause,spdx_id,MapFuzzyMatch
2343568,MIT,spdx_id,MapFuzzyMatch
3523217,BSD-1-Clause,spdx_id,MapFuzzyMatch
3850902,MIT,spdx_id,MapFuzzyMatch
5882520,MIT,spdx_id,MapFuzzyMatch
2867876,BSD-1-Clause,spdx_id,MapFuzzyMatch
3523236,BSD-1-Clause,spdx_id,MapFuzzyMatch
180902,AGPL-3.0,spdx_id,MapFuzzyMatch
4571816,MIT,spdx_id,MapFuzzyMatch
2343594,MIT,spdx_id,MapFuzzyMatch
3523242,BSD-1-Clause,spdx_id,MapFuzzyMatch
5620398,MIT,spdx_id,MapFuzzyMatch
1163953,BSL-1.0,spdx_id,MapFuzzyMatch
2933429,BSD-2-Clause,spdx_id,MapFuzzyMatch
1557186,MIT-0,spdx_id,MapFuzzyMatch
5227202,MIT,spdx_id,MapFuzzyMatch
1753796,copyleft-next-0.3.0,spdx_id,MapFuzzyMatch
7389891,MIT,spdx_id,MapFuzzyMatch
836296,MIT,spdx_id,MapFuzzyMatch
3523273,BSD-1-Clause,spdx_id,MapFuzzyMatch
3523279,BSD-1-Clause,spdx_id,MapFuzzyMatch
1360593,MIT,spdx_id,MapFuzzyMatch
1360594,MIT,spdx_id,MapFuzzyMatch
6472404,ISO-permission,spdx_id,MapFuzzyMatch
836311,MIT,spdx_id,MapFuzzyMatch
2474711,,unknown,MapNA
246489,LGPL-3.0,spdx_id,MapFuzzyMatch
4834008,MIT,spdx_id,MapFuzzyMatch
3916508,MIT,spdx_id,MapFuzzyMatch
3523295,BSD-1-Clause,spdx_id,MapFuzzyMatch
3523297,BSD-1-Clause,spdx_id,MapFuzzyMatch
5489379,MIT,spdx_id,MapFuzzyMatch
6472420,Apache-2.0,spdx_id,MapFuzzyMatch
5161701,AGPL-3.0,spdx_id,MapFuzzyMatch
3130086,MIT,spdx_id,MapFuzzyMatch
5685992,MIT,spdx_id,MapFuzzyMatch
3064553,GPL-2.0,spdx_id,MapFuzzyMatch
3523310,BSD-1-Clause,spdx_id,MapFuzzyMatch
3523313,BSD-1-Clause,spdx_id,MapFuzzyMatch
1753845,AGPL-3.0-only,spdx_id,MapExactMatch
1164023,MIT,spdx_id,MapFuzzyMatch
5751550,MIT,spdx_id,MapFuzzyMatch
6537985,ISO-permission,spdx_id,MapFuzzyMatch
3982084,Apache-1.0,spdx_id,MapFuzzyMatch
5882629,BSD-1-Clause,spdx_id,MapFuzzyMatch
6013701,ISO-permission,spdx_id,MapFuzzyMatch
2147079,MIT,spdx_id,MapFuzzyMatch
7652111,ISO-permission,spdx_id,MapFuzzyMatch
5423890,MIT,spdx_id,MapFuzzyMatch
5554972,MIT,spdx_id,MapFuzzyMatch
1164066,ISO-permission,spdx_id,MapFuzzyMatch
4178723,MIT,spdx_id,MapFuzzyMatch
443176,GPL-3.0,spdx_id,MapExactMatch
5817128,Apache-1.0,spdx_id,MapFuzzyMatch
7062316,ISO-permission,spdx_id,MapFuzzyMatch
312109,CC-BY-NC-SA-4.0,spdx_id,MapFuzzyMatch
5817144,MIT,spdx_id,MapFuzzyMatch
3064634,SMAIL-GPL,spdx_id,MapFuzzyMatch
3523388,BSD-1-Clause,spdx_id,MapFuzzyMatch
3523394,BSD-1-Clause,spdx_id,MapFuzzyMatch
7586627,MIT,spdx_id,MapFuzzyMatch
1885002,Apache-1.0,spdx_id,MapFuzzyMatch
7652171,MIT,spdx_id,MapFuzzyMatch
1033039,MIT,spdx_id,MapFuzzyMatch
1033045,MIT,spdx_id,MapFuzzyMatch
2474839,MIT,spdx_id,MapFuzzyMatch
3523416,BSD-1-Clause,spdx_id,MapFuzzyMatch
3523435,BSD-1-Clause,spdx_id,MapFuzzyMatch
2540397,BSD-1-Clause,spdx_id,MapFuzzyMatch
5489518,MIT,spdx_id,MapFuzzyMatch
3523444,ISO-permission,spdx_id,MapFuzzyMatch
312182,ISO-permission,spdx_id,MapFuzzyMatch
4506487,MIT,spdx_id,MapFuzzyMatch
7586680,MIT,spdx_id,MapFuzzyMatch
3523449,BSD-1-Clause,spdx_id,MapFuzzyMatch
6538110,MIT,spdx_id,MapFuzzyMatch
3916673,MIT,spdx_id,MapFuzzyMatch
443280,MIT,spdx_id,MapFuzzyMatch
6013843,Apache-1.0,spdx_id,MapFuzzyMatch
3523487,BSD-1-Clause,spdx_id,MapFuzzyMatch
639904,BSD-3-Clause,spdx_id,MapFuzzyMatch
1557409,BSD-1-Clause,spdx_id,MapFuzzyMatch
4178849,MIT,spdx_id,MapFuzzyMatch
5948321,MIT,spdx_id,MapFuzzyMatch
2278309,MIT,spdx_id,MapFuzzyMatch
4637606,AGPL-3.0,spdx_id,MapFuzzyMatch
1426343,,unknown,MapNA
3523505,Apache-1.0,spdx_id,MapFuzzyMatch
7127989,MIT,spdx_id,MapFuzzyMatch
377782,MIT,spdx_id,MapFuzzyMatch
7127993,MIT,spdx_id,MapFuzzyMatch
1164220,AGPL-3.0,spdx_id,MapFuzzyMatch
7586753,MIT,spdx_id,MapFuzzyMatch
1426373,BSD-3-Clause,spdx_id,MapFuzzyMatch
3523529,ISO-permission,spdx_id,MapFuzzyMatch
4178898,MIT,spdx_id,MapFuzzyMatch
3916755,Unlicense,spdx_id,MapFuzzyMatch
4572117,Apache-1.0,spdx_id,MapFuzzyMatch
7455698,ISO-permission,spdx_id,MapFuzzyMatch
3392472,MIT,spdx_id,MapFuzzyMatch
5882847,MIT,spdx_id,MapFuzzyMatch
3523557,MIT,spdx_id,MapFuzzyMatch
115688,MIT,spdx_id,MapFuzzyMatch
3523561,BSD-1-Clause,spdx_id,MapFuzzyMatch
3523564,BSD-3-Clause,spdx_id,MapFuzzyMatch
1885166,MIT,spdx_id,MapFuzzyMatch
443381,MIT,spdx_id,MapFuzzyMatch
3523573,Apache-1.0,spdx_id,MapFuzzyMatch
3523574,BSD-1-Clause,spdx_id,MapFuzzyMatch
377851,MIT,spdx_id,MapFuzzyMatch
4178953,MIT,spdx_id,MapFuzzyMatch
7455753,ISO-permission,spdx_id,MapFuzzyMatch
3523597,BSD-1-Clause,spdx_id,MapFuzzyMatch
2343952,MIT,spdx_id,MapFuzzyMatch
7652368,MIT,spdx_id,MapFuzzyMatch
6472730,ISO-permission,spdx_id,MapFuzzyMatch
3523611,BSD-1-Clause,spdx_id,MapFuzzyMatch
5751837,MIT,spdx_id,MapFuzzyMatch
1557537,Apache-1.0,spdx_id,MapFuzzyMatch
7652390,MIT,spdx_id,MapFuzzyMatch
2212908,BSD-3-Clause,spdx_id,MapFuzzyMatch
5751860,MIT,spdx_id,MapFuzzyMatch
115768,MIT,spdx_id,MapFuzzyMatch
181306,MIT,spdx_id,MapFuzzyMatch
2147393,CC-BY-1.0,spdx_id,MapFuzzyMatch
5489731,MIT,spdx_id,MapFuzzyMatch
2475076,MIT,spdx_id,MapFuzzyMatch
7324742,BSD-3-Clause,spdx_id,MapFuzzyMatch
3851336,Apache-2.0,spdx_id,MapFuzzyMatch
5686350,Apache-1.0,spdx_id,MapFuzzyMatch
3392610,MIT,spdx_id,MapFuzzyMatch
246883,CC-BY-3.0-IGO,spdx_id,MapFuzzyMatch
1426533,BSD-1-Clause,spdx_id,MapFuzzyMatch
2737263,MIT,spdx_id,MapFuzzyMatch
5424241,MIT,spdx_id,MapFuzzyMatch
1426549,Apache-2.0,spdx_id,MapFuzzyMatch
1885304,ISO-permission,spdx_id,MapFuzzyMatch
2475128,BSD-3-Clause,spdx_id,MapFuzzyMatch
50298,SMAIL-GPL,spdx_id,MapFuzzyMatch
312442,AGPL-3.0,spdx_id,MapFuzzyMatch
2409597,MIT,spdx_id,MapFuzzyMatch
7062668,MIT,spdx_id,MapFuzzyMatch
4834445,CC-BY-NC-SA-1.0,spdx_id,MapFuzzyMatch
443536,BSD-1-Clause,spdx_id,MapFuzzyMatch
2999440,WTFPL,spdx_id,MapFuzzyMatch
3064976,Apache-2.0,spdx_id,MapExactMatch
6079640,MIT,spdx_id,MapFuzzyMatch
1164447,MIT,spdx_id,MapFuzzyMatch
5817507,ISO-permission,spdx_id,MapFuzzyMatch
246949,MIT,spdx_id,MapFuzzyMatch
7455911,ISO-permission,spdx_id,MapFuzzyMatch
443566,MIT,spdx_id,MapFuzzyMatch
1164468,MIT,spdx_id,MapFuzzyMatch
509109,copyleft-next-0.3.0,spdx_id,MapFuzzyMatch
6145208,OFL-1.0-no-RFN,spdx_id,MapFuzzyMatch
2344124,copyleft-next-0.3.0,spdx_id,MapFuzzyMatch
5620925,BSD-3-Clause,spdx_id,MapFuzzyMatch
115907,MPL-2.0,spdx_id,MapExactMatch
1754307,Apache-1.0,spdx_id,MapFuzzyMatch
4048075,ISO-permission,spdx_id,MapFuzzyMatch
50380,CC-BY-4.0,spdx_id,MapFuzzyMatch
1557711,ISO-permission,spdx_id,MapFuzzyMatch
2016463,AGPL-1.0,spdx_id,MapFuzzyMatch
1361105,GPL-3.0-or-later,spdx_id,MapExactID
2868444,BSD-1-Clause,spdx_id,MapFuzzyMatch
7062760,MIT,spdx_id,MapFuzzyMatch
2933993,MIT,spdx_id,MapFuzzyMatch
1557746,CPL-1.0,spdx_id,MapFuzzyMatch
7324918,MIT,spdx_id,MapFuzzyMatch
1754374,ISO-permission,spdx_id,MapFuzzyMatch
4048137,MIT,spdx_id,MapFuzzyMatch
2409739,MIT,spdx_id,MapFuzzyMatch
3851532,MIT,spdx_id,MapFuzzyMatch
4048140,LGPL-3.0,spdx_id,MapFuzzyMatch
6079759,MIT,spdx_id,MapFuzzyMatch
443665,AGPL-3.0-only,spdx_id,MapExactMatch
3523857,MIT,spdx_id,MapFuzzyMatch
181526,BitTorrent-1.0,spdx_id,MapFuzzyMatch
3851543,MIT,spdx_id,MapFuzzyMatch
3851546,MIT,spdx_id,MapFuzzyMatch
3851552,MIT,spdx_id,MapFuzzyMatch
2606377,MIT,spdx_id,MapFuzzyMatch
3130683,ISO-permission,spdx_id,MapFuzzyMatch
2737471,MIT,spdx_id,MapFuzzyMatch
4244803,MIT,spdx_id,MapFuzzyMatch
1164615,MIT,spdx_id,MapFuzzyMatch
2344264,ISO-permission,spdx_id,MapFuzzyMatch
2803015,MIT,spdx_id,MapFuzzyMatch
574795,Apache-2.0,spdx_id,MapExactID
3523917,BSD-1-Clause,spdx_id,MapFuzzyMatch
5424463,MIT,spdx_id,MapFuzzyMatch
7325013,BSD-1-Clause,spdx_id,MapFuzzyMatch
2016600,MIT,spdx_id,MapFuzzyMatch
2344281,ISO-permission,spdx_id,MapFuzzyMatch
1885530,CECILL-1.0,spdx_id,MapFuzzyMatch
3327323,CC-PDDC,spdx_id,MapFuzzyMatch
3589472,MIT,spdx_id,MapFuzzyMatch
3327342,MIT,spdx_id,MapFuzzyMatch
3523949,BSD-1-Clause,spdx_id,MapFuzzyMatch
3523952,BSD-1-Clause,spdx_id,MapFuzzyMatch
116084,GPL-1.0,spdx_id,MapFuzzyMatch
1557876,Apache-2.0,spdx_id,MapExactMatch
7325049,ISO-permission,spdx_id,MapFuzzyMatch
4048253,CPAL-1.0,spdx_id,MapExactID
5031295,MIT,spdx_id,MapFuzzyMatch
1426824,BSD-Advertising-Acknowledgement,spdx_id,MapFuzzyMatch
7456145,MIT,spdx_id,MapFuzzyMatch
5424549,ISO-permission,spdx_id,MapFuzzyMatch
7456174,ISO-permission,spdx_id,MapFuzzyMatch
4638128,SMAIL-GPL,spdx_id,MapFuzzyMatch
5490105,MIT,spdx_id,MapFuzzyMatch
2082235,MIT,spdx_id,MapFuzzyMatch
3065276,OSL-1.1,spdx_id,MapFuzzyMatch
3524030,BSD-1-Clause,spdx_id,MapFuzzyMatch
3524033,BSD-1-Clause,spdx_id,MapFuzzyMatch
443847,LGPL-3.0,spdx_id,MapFuzzyMatch
2016712,MIT,spdx_id,MapFuzzyMatch
1164747,ANTLR-PD,spdx_id,MapFuzzyMatch
3327442,MIT,spdx_id,MapFuzzyMatch
3589597,copyleft-next-0.3.0,spdx_id,MapFuzzyMatch
116191,MIT,spdx_id,MapFuzzyMatch
2213344,MIT,spdx_id,MapFuzzyMatch
5096937,Apache-1.0,spdx_id,MapFuzzyMatch
5293558,CECILL-B,spdx_id,MapExactMatch
116220,BSD-3-Clause-Clear,spdx_id,MapFuzzyMatch
1820157,Apache-2.0,spdx_id,MapFuzzyMatch
7456256,Apache-1.0,spdx_id,MapFuzzyMatch
1754629,MIT,spdx_id,MapFuzzyMatch
7390729,MIT,spdx_id,MapFuzzyMatch
312842,LGPL-3.0,spdx_id,MapFuzzyMatch
2213387,MIT,spdx_id,MapFuzzyMatch
6014479,ISO-permission,spdx_id,MapFuzzyMatch
3524112,copyleft-next-0.3.0,spdx_id,MapFuzzyMatch
4638227,MIT,spdx_id,MapFuzzyMatch
3786265,BSD-1-Clause,spdx_id,MapFuzzyMatch
1885722,BSD-1-Clause,spdx_id,MapFuzzyMatch
7521818,MIT-feh,spdx_id,MapFuzzyMatch
6145564,MIT,spdx_id,MapFuzzyMatch
7390750,MIT,spdx_id,MapFuzzyMatch
7325218,MIT,spdx_id,MapFuzzyMatch
3786275,MIT,spdx_id,MapFuzzyMatch
5555747,BSD-Source-Code,spdx_id,MapFuzzyMatch
6473253,GPL-3.0-only,spdx_id,MapExactID
5555756,BSD-Source-Code,spdx_id,MapFuzzyMatch
7063085,MIT,spdx_id,MapFuzzyMatch
3524146,BSD-1-Clause,spdx_id,MapFuzzyMatch
3851829,MIT,spdx_id,MapFuzzyMatch
378422,MIT,spdx_id,MapFuzzyMatch
3524150,BSD-1-Clause,spdx_id,MapFuzzyMatch
7521846,MIT,spdx_id,MapFuzzyMatch
1164869,BSD-1-Clause,spdx_id,MapFuzzyMatch
7652939,Apache-2.0,spdx_id,MapFuzzyMatch
443991,MIT,spdx_id,MapFuzzyMatch
5490265,MIT,spdx_id,MapFuzzyMatch
6604389,CECILL-2.0,spdx_id,MapExactID
6604399,Apache-1.0,spdx_id,MapFuzzyMatch
2279035,ISO-permission,spdx_id,MapFuzzyMatch
7587452,MIT,spdx_id,MapFuzzyMatch
2475650,MIT,spdx_id,MapFuzzyMatch
2934404,MIT,spdx_id,MapFuzzyMatch
6473350,MIT,spdx_id,MapFuzzyMatch
378504,ISO-permission,spdx_id,MapFuzzyMatch
2082450,AGPL-1.0,spdx_id,MapFuzzyMatch
378515,MIT,spdx_id,MapFuzzyMatch
3917462,MIT,spdx_id,MapFuzzyMatch
6604444,ISO-permission,spdx_id,MapFuzzyMatch
1558175,MIT,spdx_id,MapFuzzyMatch
7456436,Adobe-2006,spdx_id,MapFuzzyMatch
2999989,MIT,spdx_id,MapFuzzyMatch
2344633,Fair,spdx_id,MapFuzzyMatch
181951,AGPL-1.0,spdx_id,MapFuzzyMatch
1099458,ISO-permission,spdx_id,MapFuzzyMatch
509644,MIT,spdx_id,MapFuzzyMatch
1099472,MIT,spdx_id,MapFuzzyMatch
313048,MIT,spdx_id,MapExactMatch
7587544,BSD-3-Clause,spdx_id,MapFuzzyMatch
313050,EPL-1.0,spdx_id,MapFuzzyMatch
4048616,MIT,spdx_id,MapFuzzyMatch
5621488,CECILL-1.0,spdx_id,MapFuzzyMatch
3327730,Artistic-1.0,spdx_id,MapFuzzyMatch
1165053,MIT,spdx_id,MapFuzzyMatch
50946,MIT,spdx_id,MapFuzzyMatch
6080262,MIT,spdx_id,MapFuzzyMatch
444169,MIT,spdx_id,MapFuzzyMatch
1885967,MIT,spdx_id,MapFuzzyMatch
378641,Fair,spdx_id,MapFuzzyMatch
5293849,Apache-1.0,spdx_id,MapFuzzyMatch
3786539,MIT,spdx_id,MapFuzzyMatch
509741,AGPL-1.0,spdx_id,MapFuzzyMatch
837423,AGPL-3.0,spdx_id,MapFuzzyMatch
1361724,MIT,spdx_id,MapFuzzyMatch
4572989,MIT,spdx_id,MapFuzzyMatch
3786558,MIT,spdx_id,MapFuzzyMatch
509760,Apache-1.0,spdx_id,MapFuzzyMatch
4507456,MIT,spdx_id,MapFuzzyMatch
2279234,MIT,spdx_id,MapFuzzyMatch
2017093,WTFPL,spdx_id,MapFuzzyMatch
2148171,copyleft-next-0.3.0,spdx_id,MapFuzzyMatch
509772,GPL-3.0,spdx_id,MapFuzzyMatch
3852115,MIT,spdx_id,MapFuzzyMatch
444244,MIT,spdx_id,MapFuzzyMatch
5490521,MIT,spdx_id,MapFuzzyMatch
1034075,Apache-1.0,spdx_id,MapFuzzyMatch
2934623,generic-xts,spdx_id,MapFuzzyMatch
378724,MIT,spdx_id,MapFuzzyMatch
2082664,MIT,spdx_id,MapFuzzyMatch
2934647,ISO-permission,spdx_id,MapFuzzyMatch
116604,GPL-2.0,spdx_id,MapFuzzyMatch
2082687,ISO-permission,spdx_id,MapFuzzyMatch
51075,CC0-1.0,spdx_id,MapExactMatch
6604676,BSD-1-Clause,spdx_id,MapFuzzyMatch
5031816,MIT,spdx_id,MapFuzzyMatch
2017163,MIT,spdx_id,MapFuzzyMatch
182156,LAL-1.2,spdx_id,MapFuzzyMatch
116621,MIT,spdx_id,MapFuzzyMatch
2148253,CC0-1.0,spdx_id,MapFuzzyMatch
640927,MIT,spdx_id,MapFuzzyMatch
2017184,MIT,spdx_id,MapFuzzyMatch
3852193,CECILL-1.1,spdx_id,MapFuzzyMatch
2803622,MIT,spdx_id,MapFuzzyMatch
3786662,MIT,spdx_id,MapFuzzyMatch
6539180,MIT,spdx_id,MapFuzzyMatch
3065776,MIT,spdx_id,MapFuzzyMatch
2803633,OFL-1.1,spdx_id,MapFuzzyMatch
5425081,GPL-2.0,spdx_id,MapFuzzyMatch
5949369,MIT,spdx_id,MapFuzzyMatch
1034177,MIT,spdx_id,MapFuzzyMatch
3000260,MIT,spdx_id,MapFuzzyMatch
4900804,AGPL-3.0-only,spdx_id,MapExactMatch
313290,Apache-2.0,spdx_id,MapFuzzyMatch
5949391,WTFPL,spdx_id,MapFuzzyMatch
116697,Apache-2.0,spdx_id,MapFuzzyMatch
5425114,ISO-permission,spdx_id,MapFuzzyMatch
1034203,MIT,spdx_id,MapFuzzyMatch
2082784,MIT,spdx_id,MapFuzzyMatch
2017252,BSD-2-Clause,spdx_id,MapFuzzyMatch
3327973,Apache-2.0,spdx_id,MapFuzzyMatch
2017257,MIT,spdx_id,MapFuzzyMatch
5556201,MIT,spdx_id,MapFuzzyMatch
1820665,MIT,spdx_id,MapFuzzyMatch
313341,MIT,spdx_id,MapFuzzyMatch
5228544,MIT,spdx_id,MapFuzzyMatch
7587841,Apache-2.0,spdx_id,MapExactMatch
6277123,MIT,spdx_id,MapFuzzyMatch
5556228,Apache-2.0,spdx_id,MapFuzzyMatch
4966405,MIT,spdx_id,MapFuzzyMatch
1034247,MIT,spdx_id,MapFuzzyMatch
3000327,MIT,spdx_id,MapFuzzyMatch
3196939,OSL-1.1,spdx_id,MapFuzzyMatch
5294091,ISO-permission,spdx_id,MapFuzzyMatch
5949457,MIT,spdx_id,MapFuzzyMatch
3917856,MIT,spdx_id,MapFuzzyMatch
2934819,GPL-3.0,spdx_id,MapFuzzyMatch
4966437,MIT,spdx_id,MapFuzzyMatch
5490728,Apache-1.0,spdx_id,MapFuzzyMatch
1165353,NIST-Software,spdx_id,MapFuzzyMatch
2934827,MIT,spdx_id,MapFuzzyMatch
2803762,MIT,spdx_id,MapFuzzyMatch
116787,CC-BY-4.0,spdx_id,MapFuzzyMatch
2213939,ISO-permission,spdx_id,MapFuzzyMatch
7653429,copyleft-next-0.3.0,spdx_id,MapFuzzyMatch
2738258,BSD-1-Clause,spdx_id,MapFuzzyMatch
5425234,MIT,spdx_id,MapFuzzyMatch
4507732,ISO-permission,spdx_id,MapFuzzyMatch
7653460,MIT,spdx_id,MapFuzzyMatch
182358,BSD-1-Clause,spdx_id,MapFuzzyMatch
3065943,MIT,spdx_id,MapFuzzyMatch
4507736,GPL-3.0,spdx_id,MapFuzzyMatch
6604891,MulanPSL-1.0,spdx_id,MapFuzzyMatch
51297,Apache-1.0,spdx_id,MapFuzzyMatch
3917928,MIT,spdx_id,MapFuzzyMatch
6146155,Apache-1.0,spdx_id,MapFuzzyMatch
444524,MIT,spdx_id,MapFuzzyMatch
182383,AFL-3.0,spdx_id,MapFuzzyMatch
1558640,MIT,spdx_id,MapFuzzyMatch
182388,BSD-1-Clause,spdx_id,MapFuzzyMatch
182395,BSD-1-Clause,spdx_id,MapFuzzyMatch
1099908,MIT,spdx_id,MapFuzzyMatch
5884037,GPL-2.0,spdx_id,MapFuzzyMatch
6080644,MPL-2.0,spdx_id,MapExactID
2934921,ISO-permission,spdx_id,MapFuzzyMatch
2803850,Apache-1.0,spdx_id,MapFuzzyMatch
5425289,copyleft-next-0.3.0,spdx_id,MapFuzzyMatch
2869391,Apache-1.1,spdx_id,MapFuzzyMatch
2476182,MIT,spdx_id,MapFuzzyMatch
2476190,MIT,spdx_id,MapFuzzyMatch
116895,NIST-Software,spdx_id,MapFuzzyMatch
5687458,MIT,spdx_id,MapFuzzyMatch
3066021,MIT,spdx_id,MapFuzzyMatch
6211751,LPD-document,spdx_id,MapFuzzyMatch
6146220,Apache-2.0,spdx_id,MapFuzzyMatch
5621933,CECILL-1.1,spdx_id,MapFuzzyMatch
6211765,MIT,spdx_id,MapFuzzyMatch
2541750,ISO-permission,spdx_id,MapFuzzyMatch
575671,Xnet,spdx_id,MapFuzzyMatch
6473920,MIT,spdx_id,MapFuzzyMatch
2541775,MIT,spdx_id,MapFuzzyMatch
5490898,MIT,spdx_id,MapFuzzyMatch
2869460,MIT,spdx_id,MapFuzzyMatch
1886421,MIT,spdx_id,MapFuzzyMatch
313558,MIT,spdx_id,MapFuzzyMatch
2214107,ISO-permission,spdx_id,MapFuzzyMatch
4835548,MIT,spdx_id,MapFuzzyMatch
1034465,CC-BY-NC-4.0,spdx_id,MapFuzzyMatch
2410731,MIT,spdx_id,MapFuzzyMatch
51447,Apache-2.0,spdx_id,MapExactMatch
1886455,MIT,spdx_id,MapFuzzyMatch
6080767,MIT,spdx_id,MapFuzzyMatch
444678,Unlicense,spdx_id,MapFuzzyMatch
379144,CNRI-Python,spdx_id,MapFuzzyMatch
6342936,ISO-permission,spdx_id,MapFuzzyMatch
7325982,GPL-1.0,spdx_id,MapFuzzyMatch
2607392,MIT,spdx_id,MapFuzzyMatch
5228834,Apache-2.0,spdx_id,MapFuzzyMatch
2607396,MIT,spdx_id,MapFuzzyMatch
6146347,MIT,spdx_id,MapFuzzyMatch
51508,GPL-2.0,spdx_id,MapFuzzyMatch
5032253,BSD-1-Clause,spdx_id,MapFuzzyMatch
575813,BSD-2-Clause,spdx_id,MapExactMatch
248134,Apache-2.0,spdx_id,MapFuzzyMatch
182599,MIT,spdx_id,MapFuzzyMatch
2738505,Artistic-1.0,spdx_id,MapFuzzyMatch
1034570,MIT,spdx_id,MapFuzzyMatch
5949772,Apache-1.0,spdx_id,MapFuzzyMatch
117074,MIT,spdx_id,MapFuzzyMatch
7588184,GPL-3.0,spdx_id,MapFuzzyMatch
444765,MPL-2.0,spdx_id,MapFuzzyMatch
3066206,BUSL-1.1,spdx_id,MapFuzzyMatch
1886560,MIT,spdx_id,MapFuzzyMatch
5097825,MIT,spdx_id,MapFuzzyMatch
1689969,MIT,spdx_id,MapFuzzyMatch
2476402,Apache-1.0,spdx_id,MapFuzzyMatch
3328369,ISO-permission,spdx_id,MapFuzzyMatch
1886581,ISO-permission,spdx_id,MapFuzzyMatch
6670709,MIT,spdx_id,MapFuzzyMatch
4966785,BSD-1-Clause,spdx_id,MapFuzzyMatch
1558935,Apache-1.0,spdx_id,MapFuzzyMatch
2476443,NIST-Software,spdx_id,MapFuzzyMatch
248224,BSD-2-Clause,spdx_id,MapFuzzyMatch
575907,Beerware,spdx_id,MapFuzzyMatch
5228969,MIT,spdx_id,MapFuzzyMatch
3066287,MIT,spdx_id,MapFuzzyMatch
2542004,EPICS,spdx_id,MapExactMatch
3197366,BSD-3-Clause,spdx_id,MapExactMatch
7391675,MIT,spdx_id,MapFuzzyMatch
2542013,EPICS,spdx_id,MapExactID
5884352,MIT,spdx_id,MapFuzzyMatch
1034690,ISO-permission,spdx_id,MapFuzzyMatch
2607574,MIT,spdx_id,MapFuzzyMatch
6015452,Apache-1.0,spdx_id,MapFuzzyMatch
3852767,GPL-2.0,spdx_id,MapFuzzyMatch
1362400,MIT,spdx_id,MapFuzzyMatch
4573664,MIT,spdx_id,MapFuzzyMatch
3328494,MIT,spdx_id,MapFuzzyMatch
2345477,Apache-2.0,spdx_id,MapFuzzyMatch
2738694,CC-BY-NC-SA-3.0,spdx_id,MapFuzzyMatch
3131911,MIT,spdx_id,MapFuzzyMatch
1821196,ISO-permission,spdx_id,MapFuzzyMatch
2476559,ISO-permission,spdx_id,MapFuzzyMatch
248336,GPL-2.0,spdx_id,MapFuzzyMatch
7326225,MIT,spdx_id,MapFuzzyMatch
1362453,MIT,spdx_id,MapFuzzyMatch
6015516,BSD-2-Clause,spdx_id,MapFuzzyMatch
5163550,MIT,spdx_id,MapFuzzyMatch
6015520,MIT,spdx_id,MapFuzzyMatch
51748,Apache-2.0,spdx_id,MapFuzzyMatch
5229098,MIT,spdx_id,MapFuzzyMatch
838192,MIT,spdx_id,MapFuzzyMatch
7129649,MIT,spdx_id,MapFuzzyMatch
1755712,BSD-3-Clause,spdx_id,MapFuzzyMatch
6343241,MIT,spdx_id,MapFuzzyMatch
5753418,BSD-1-Clause,spdx_id,MapFuzzyMatch
5229132,MIT,spdx_id,MapFuzzyMatch
1821263,MIT,spdx_id,MapFuzzyMatch
5425745,MIT,spdx_id,MapFuzzyMatch
3983968,MIT,spdx_id,MapFuzzyMatch
117349,Apache-2.0,spdx_id,MapFuzzyMatch
1559141,BSD-2-Clause,spdx_id,MapFuzzyMatch
3328613,ISO-permission,spdx_id,MapFuzzyMatch
3459686,MIT,spdx_id,MapFuzzyMatch
7653994,MIT,spdx_id,MapFuzzyMatch
2214507,CC-BY-SA,license_family,MapLicenseFamily
3328626,ISO-permission,spdx_id,MapFuzzyMatch
7654010,ISO-permission,spdx_id,MapFuzzyMatch
6474377,MIT,spdx_id,MapFuzzyMatch
182923,GPL-1.0,spdx_id,MapFuzzyMatch
248459,CC-BY-SA-3.0,spdx_id,MapExactID
7326348,MIT,spdx_id,MapFuzzyMatch
576142,GPL-3.0,spdx_id,MapExactID
6539920,MIT,spdx_id,MapFuzzyMatch
4180628,MIT,spdx_id,MapFuzzyMatch
248469,Apache-1.0,spdx_id,MapFuzzyMatch
2673304,ISO-permission,spdx_id,MapFuzzyMatch
2935452,MIT,spdx_id,MapFuzzyMatch
3132061,Apache-1.0,spdx_id,MapFuzzyMatch
6539937,ISO-permission,spdx_id,MapFuzzyMatch
5491362,BSD-3-Clause,spdx_id,MapFuzzyMatch
4967086,MIT,spdx_id,MapFuzzyMatch
2542258,ECL-1.0,spdx_id,MapFuzzyMatch
2149044,Fair,spdx_id,MapFuzzyMatch
7654069,MIT,spdx_id,MapFuzzyMatch
3459767,AFL-1.1,spdx_id,MapFuzzyMatch
6605498,MIT,spdx_id,MapFuzzyMatch
2476734,ISO-permission,spdx_id,MapFuzzyMatch
248524,BSL-1.0,spdx_id,MapFuzzyMatch
5425871,GPL-1.0,spdx_id,MapFuzzyMatch
2935512,UPL-1.0,spdx_id,MapFuzzyMatch
3132126,MIT,spdx_id,MapFuzzyMatch
2280166,ISO-permission,spdx_id,MapFuzzyMatch
5753574,MIT,spdx_id,MapFuzzyMatch
6277864,Apache-2.0,spdx_id,MapFuzzyMatch
1034985,BSD-2-Clause,spdx_id,MapExactID
2476778,ISO-permission,spdx_id,MapFuzzyMatch
3001065,MIT,spdx_id,MapFuzzyMatch
6343406,Unlicense,spdx_id,MapFuzzyMatch
4508402,copyleft-next-0.3.0,spdx_id,MapFuzzyMatch
1166075,UPL-1.0,spdx_id,MapFuzzyMatch
1362689,MIT,spdx_id,MapFuzzyMatch
4639491,ISO-permission,spdx_id,MapFuzzyMatch
6146823,GPL-2.0-or-later,spdx_id,MapExactID
4639505,MIT,spdx_id,MapFuzzyMatch
3459858,SPL-1.0,spdx_id,MapFuzzyMatch
5622553,AGPL-1.0,spdx_id,MapFuzzyMatch
314138,ISO-permission,spdx_id,MapFuzzyMatch
5884701,MIT,spdx_id,MapFuzzyMatch
5032734,ISO-permission,spdx_id,MapFuzzyMatch
4967199,BSD-1-Clause,spdx_id,MapFuzzyMatch
6277919,GPL-1.0,spdx_id,MapFuzzyMatch
314154,Apache-1.1,spdx_id,MapFuzzyMatch
1166126,GPL-3.0,spdx_id,MapExactID
4049718,Apache-2.0,spdx_id,MapFuzzyMatch
117559,MIT,spdx_id,MapFuzzyMatch
5425976,CC0-1.0,spdx_id,MapFuzzyMatch
379710,BSD-3-Clause,spdx_id,MapFuzzyMatch
183103,Apache-1.0,spdx_id,MapFuzzyMatch
2083647,BSD-1-Clause,spdx_id,MapFuzzyMatch
1755970,CC-BY-3.0,spdx_id,MapFuzzyMatch
314200,AGPL-3.0,spdx_id,MapFuzzyMatch
3328856,CC-BY-4.0,spdx_id,MapFuzzyMatch
3328861,LGPL-2.1,spdx_id,MapFuzzyMatch
5229406,MIT,spdx_id,MapFuzzyMatch
6474589,ISO-permission,spdx_id,MapFuzzyMatch
4967267,MIT,spdx_id,MapFuzzyMatch
3853163,ISO-permission,spdx_id,MapFuzzyMatch
379756,MIT,spdx_id,MapFuzzyMatch
6343531,Apache-1.0,spdx_id,MapFuzzyMatch
1756015,BSD-1-Clause,spdx_id,MapFuzzyMatch
379761,MIT,spdx_id,MapFuzzyMatch
4967284,Apache-1.0,spdx_id,MapFuzzyMatch
1821557,MIT,spdx_id,MapFuzzyMatch
4639608,MIT,spdx_id,MapFuzzyMatch
2214778,MIT,spdx_id,MapFuzzyMatch
6146940,MIT,spdx_id,MapFuzzyMatch
4836221,MIT,spdx_id,MapFuzzyMatch
5557122,MIT,spdx_id,MapFuzzyMatch
3132300,MIT,spdx_id,MapFuzzyMatch
1035152,MIT,spdx_id,MapFuzzyMatch
3459991,ISO-permission,spdx_id,MapFuzzyMatch
5557147,ISO-permission,spdx_id,MapFuzzyMatch
52125,BSD-2-Clause,spdx_id,MapFuzzyMatch
1035167,Unlicense,spdx_id,MapFuzzyMatch
1166240,Apache-2.0,spdx_id,MapFuzzyMatch
5098404,Hippocratic-2.1,spdx_id,MapExactMatch
2083752,LGPL-3.0-or-later,spdx_id,MapExactID
52139,SMAIL-GPL,spdx_id,MapFuzzyMatch
1035192,MIT,spdx_id,MapFuzzyMatch
5295034,CECILL-1.0,spdx_id,MapFuzzyMatch
6343611,Apache-1.0,spdx_id,MapFuzzyMatch
2280392,MIT,spdx_id,MapFuzzyMatch
1756118,BSD-1-Clause,spdx_id,MapFuzzyMatch
5753817,MIT,spdx_id,MapFuzzyMatch
3918812,MIT,spdx_id,MapFuzzyMatch
3656680,MIT,spdx_id,MapFuzzyMatch
2083823,MIT,spdx_id,MapFuzzyMatch
4639727,MIT,spdx_id,MapFuzzyMatch
5884915,MIT,spdx_id,MapFuzzyMatch
4049909,MIT,spdx_id,MapFuzzyMatch
4049912,MIT,spdx_id,MapFuzzyMatch
4639736,MIT,spdx_id,MapFuzzyMatch
4049914,MIT,spdx_id,MapFuzzyMatch
2411516,MIT,spdx_id,MapFuzzyMatch
7392261,Apache-1.0,spdx_id,MapFuzzyMatch
3197960,CC-BY-4.0,spdx_id,MapFuzzyMatch
7457801,BSD-1-Clause,spdx_id,MapFuzzyMatch
5884948,MIT,spdx_id,MapFuzzyMatch
1821719,BSD-1-Clause,spdx_id,MapFuzzyMatch
445465,GLWTPL,spdx_id,MapExactID
2083865,MIT,spdx_id,MapFuzzyMatch
3329058,BSD-3-Clause-No-Nuclear-License,spdx_id,MapFuzzyMatch
5426210,MIT,spdx_id,MapFuzzyMatch
2411558,generic-xts,spdx_id,MapFuzzyMatch
4049969,MIT,spdx_id,MapFuzzyMatch
5753911,MIT,spdx_id,MapFuzzyMatch
3329081,PolyForm-Noncommercial-1.0.0,spdx_id,MapFuzzyMatch
2411578,MIT,spdx_id,MapFuzzyMatch
6343737,MIT,spdx_id,MapFuzzyMatch
3591240,Apache-1.0,spdx_id,MapFuzzyMatch
52299,CC0-1.0,spdx_id,MapFuzzyMatch
4050014,MIT,spdx_id,MapFuzzyMatch
5229664,ISO-permission,spdx_id,MapFuzzyMatch
3132513,MIT,spdx_id,MapFuzzyMatch
7523425,MIT,spdx_id,MapFuzzyMatch
3198051,ISO-permission,spdx_id,MapFuzzyMatch
3918949,MIT,spdx_id,MapFuzzyMatch
2804845,CC-BY-NC-SA-4.0,spdx_id,MapFuzzyMatch
838773,MIT,spdx_id,MapFuzzyMatch
773249,MIT,spdx_id,MapFuzzyMatch
576642,AGPL-1.0,spdx_id,MapFuzzyMatch
773251,MIT,spdx_id,MapFuzzyMatch
6474881,MIT,spdx_id,MapFuzzyMatch
7457924,MIT,spdx_id,MapFuzzyMatch
4639878,MIT,spdx_id,MapFuzzyMatch
4508808,GPL-1.0,spdx_id,MapFuzzyMatch
3918987,MIT,spdx_id,MapFuzzyMatch
4639888,ISO-permission,spdx_id,MapFuzzyMatch
3067026,MIT,spdx_id,MapFuzzyMatch
314518,AGPL-3.0,spdx_id,MapFuzzyMatch
7326878,MIT,spdx_id,MapFuzzyMatch
1100962,MIT,spdx_id,MapFuzzyMatch
5885091,MIT,spdx_id,MapFuzzyMatch
2542761,GPL-3.0,spdx_id,MapFuzzyMatch
2739373,MIT,spdx_id,MapFuzzyMatch
117935,MIT,spdx_id,MapFuzzyMatch
6147248,Artistic-1.0,spdx_id,MapFuzzyMatch
314550,copyleft-next-0.3.0,spdx_id,MapFuzzyMatch
3984569,MIT,spdx_id,MapFuzzyMatch
4050111,ISO-permission,spdx_id,MapFuzzyMatch
5688516,BSD-Source-Code,spdx_id,MapFuzzyMatch
6474967,ISO-permission,spdx_id,MapFuzzyMatch
576733,MIT,spdx_id,MapFuzzyMatch
4508893,MIT,spdx_id,MapFuzzyMatch
7392480,BSD-Source-Code,spdx_id,MapFuzzyMatch
2477282,BSD-1-Clause,spdx_id,MapFuzzyMatch
5229796,MIT,spdx_id,MapFuzzyMatch
5754084,CECILL-1.1,spdx_id,MapFuzzyMatch
5688561,MIT,spdx_id,MapFuzzyMatch
5623026,PSF-2.0,spdx_id,MapFuzzyMatch
118007,OSL-1.1,spdx_id,MapFuzzyMatch
2542841,MIT,spdx_id,MapFuzzyMatch
4181245,MIT,spdx_id,MapFuzzyMatch
3329280,NTP,spdx_id,MapFuzzyMatch
3591424,MIT,spdx_id,MapFuzzyMatch
1821955,BSD-1-Clause,spdx_id,MapFuzzyMatch
5754122,MIT,spdx_id,MapFuzzyMatch
4508941,GPL-1.0,spdx_id,MapFuzzyMatch
3394834,MIT,spdx_id,MapFuzzyMatch
1821971,MIT,spdx_id,MapFuzzyMatch
2280724,MIT,spdx_id,MapFuzzyMatch
6147350,Apache-1.0,spdx_id,MapFuzzyMatch
52508,MIT,spdx_id,MapFuzzyMatch
2739486,MIT,spdx_id,MapFuzzyMatch
7392551,BSD-1-Clause,spdx_id,MapFuzzyMatch
5557543,BSD-3-Clause,spdx_id,MapFuzzyMatch
4508969,Apache-1.0,spdx_id,MapFuzzyMatch
3853610,MIT,spdx_id,MapFuzzyMatch
4181296,MIT,spdx_id,MapFuzzyMatch
2870578,Apache-2.0,spdx_id,MapFuzzyMatch
5950794,MIT,spdx_id,MapFuzzyMatch
773458,MIT,spdx_id,MapFuzzyMatch
3984726,MIT,spdx_id,MapFuzzyMatch
5557589,MIT,spdx_id,MapFuzzyMatch
4050265,MIT,spdx_id,MapFuzzyMatch
7654742,MIT,spdx_id,MapFuzzyMatch
5164379,Apache-2.0,spdx_id,MapFuzzyMatch
2542940,ISO-permission,spdx_id,MapFuzzyMatch
5557597,Apache-1.0,spdx_id,MapFuzzyMatch
5557600,EPL-2.0,spdx_id,MapFuzzyMatch
773479,Apache-2.0,spdx_id,MapFuzzyMatch
839015,MIT,spdx_id,MapFuzzyMatch
1822055,GPL-3.0,spdx_id,MapFuzzyMatch
1559926,ISO-permission,spdx_id,MapFuzzyMatch
3657079,MIT,spdx_id,MapFuzzyMatch
1691000,MIT,spdx_id,MapFuzzyMatch
3526008,MIT,spdx_id,MapFuzzyMatch
4509049,GPL-1.0,spdx_id,MapFuzzyMatch
3591558,copyleft-next-0.3.0,spdx_id,MapFuzzyMatch
7327125,ISO-permission,spdx_id,MapFuzzyMatch
3526040,BSD-1-Clause,spdx_id,MapFuzzyMatch
3526041,BSD-1-Clause,spdx_id,MapFuzzyMatch
4115864,NLPL,spdx_id,MapFuzzyMatch
5492125,ISO-permission,spdx_id,MapFuzzyMatch
5623198,ISO-permission,spdx_id,MapFuzzyMatch
3067313,MIT,spdx_id,MapFuzzyMatch
6475186,MIT,spdx_id,MapFuzzyMatch
2346419,Apache-1.0,spdx_id,MapFuzzyMatch
773564,MIT,spdx_id,MapFuzzyMatch
3460546,MIT,spdx_id,MapFuzzyMatch
7392709,MIT,spdx_id,MapFuzzyMatch
7458246,MIT,spdx_id,MapFuzzyMatch
3526094,BSD-1-Clause,spdx_id,MapFuzzyMatch
5098965,Apache-1.0,spdx_id,MapFuzzyMatch
5557718,MIT,spdx_id,MapFuzzyMatch
2084318,MIT,spdx_id,MapFuzzyMatch
2346467,Apache-1.0,spdx_id,MapFuzzyMatch
6540789,ISO-permission,spdx_id,MapFuzzyMatch
52728,Apache-2.0,spdx_id,MapFuzzyMatch
3198461,CC0-1.0,spdx_id,MapFuzzyMatch
5885441,BSD-1-Clause,spdx_id,MapFuzzyMatch
3132930,MIT,spdx_id,MapFuzzyMatch
3329541,,unknown,MapNA
1035784,MIT,spdx_id,MapFuzzyMatch
3198476,MIT,spdx_id,MapFuzzyMatch
4050448,MIT,spdx_id,MapFuzzyMatch
3198481,AFL-1.1,spdx_id,MapFuzzyMatch
7130643,MIT,spdx_id,MapFuzzyMatch
2412055,Apache-2.0,spdx_id,MapFuzzyMatch
445978,MIT,spdx_id,MapFuzzyMatch
3001887,MIT,spdx_id,MapFuzzyMatch
4050463,BSD-1-Clause,spdx_id,MapFuzzyMatch
7654944,MIT,spdx_id,MapFuzzyMatch
5557794,MIT,spdx_id,MapFuzzyMatch
2149929,Fair,spdx_id,MapFuzzyMatch
5623339,MIT,spdx_id,MapFuzzyMatch
3526193,MIT,spdx_id,MapFuzzyMatch
6475318,MIT,spdx_id,MapFuzzyMatch
4836921,Apache-1.0,spdx_id,MapFuzzyMatch
2215483,AGPL-3.0,spdx_id,MapFuzzyMatch
7523911,GPL-2.0,spdx_id,MapFuzzyMatch
4181584,MIT,spdx_id,MapFuzzyMatch
52823,AGPL-3.0,spdx_id,MapFuzzyMatch
4181594,MIT,spdx_id,MapFuzzyMatch
5230174,MIT,spdx_id,MapFuzzyMatch
4181599,BSD-1-Clause,spdx_id,MapFuzzyMatch
2281061,ANTLR-PD,spdx_id,MapFuzzyMatch
5754475,MIT,spdx_id,MapFuzzyMatch
314991,MIT,spdx_id,MapFuzzyMatch
3657328,MIT,spdx_id,MapFuzzyMatch
5754485,MIT,spdx_id,MapFuzzyMatch
1560183,LGPL-3.0,spdx_id,MapFuzzyMatch
3526263,ISO-permission,spdx_id,MapFuzzyMatch
3526268,BSD-1-Clause,spdx_id,MapFuzzyMatch
5492358,MIT,spdx_id,MapFuzzyMatch
642706,MIT,spdx_id,MapFuzzyMatch
2739861,Apache-2.0,spdx_id,MapFuzzyMatch
315032,MIT,spdx_id,MapFuzzyMatch
3002010,ISO-permission,spdx_id,MapFuzzyMatch
5623457,Apache-1.0,spdx_id,MapFuzzyMatch
3591845,CDDL-1.0,spdx_id,MapExactID
3133094,EFL-1.0,spdx_id,MapFuzzyMatch
5689003,MIT,spdx_id,MapFuzzyMatch
2805428,GPL-1.0,spdx_id,MapFuzzyMatch
5492405,MIT,spdx_id,MapFuzzyMatch
6540986,GPL-1.0,spdx_id,MapFuzzyMatch
3133122,AGPL-3.0,spdx_id,MapFuzzyMatch
3526339,BSD-1-Clause,spdx_id,MapFuzzyMatch
6409930,MIT,spdx_id,MapFuzzyMatch
184014,BSD-1-Clause,spdx_id,MapFuzzyMatch
5295829,ISO-permission,spdx_id,MapFuzzyMatch
6409948,MIT,spdx_id,MapFuzzyMatch
6475489,MIT,spdx_id,MapFuzzyMatch
5230306,ISO-permission,spdx_id,MapFuzzyMatch
184035,MIT,spdx_id,MapFuzzyMatch
2019045,Apache-1.0,spdx_id,MapFuzzyMatch
2019046,Apache-1.0,spdx_id,MapFuzzyMatch
2019047,Apache-1.0,spdx_id,MapFuzzyMatch
2019049,Apache-1.0,spdx_id,MapFuzzyMatch
2019050,Apache-1.0,spdx_id,MapFuzzyMatch
2019051,Apache-1.0,spdx_id,MapFuzzyMatch
2019052,Apache-1.0,spdx_id,MapFuzzyMatch
2019053,Apache-1.0,spdx_id,MapFuzzyMatch
2150125,MIT,spdx_id,MapFuzzyMatch
5951215,ISO-permission,spdx_id,MapFuzzyMatch
3460850,MIT,spdx_id,MapFuzzyMatch
6475506,MIT,spdx_id,MapFuzzyMatch
2019060,Apache-1.0,spdx_id,MapFuzzyMatch
380668,MIT,spdx_id,MapFuzzyMatch
3133181,MIT,spdx_id,MapFuzzyMatch
4181758,ISO-permission,spdx_id,MapFuzzyMatch
2150144,ISO-permission,spdx_id,MapFuzzyMatch
2936576,ISO-permission,spdx_id,MapFuzzyMatch
3526407,BSD-1-Clause,spdx_id,MapFuzzyMatch
3657481,LGPL-3.0,spdx_id,MapFuzzyMatch
3591953,MIT,spdx_id,MapFuzzyMatch
5033746,MIT,spdx_id,MapFuzzyMatch
3526420,BSD-1-Clause,spdx_id,MapFuzzyMatch
7458587,MIT,spdx_id,MapFuzzyMatch
53020,GPL,license_family,MapLicenseFamily
970524,Apache-2.0,spdx_id,MapFuzzyMatch
5820195,Apache-1.0,spdx_id,MapFuzzyMatch
5623588,GPL-1.0,spdx_id,MapFuzzyMatch
5820199,Apache-1.0,spdx_id,MapFuzzyMatch
5820207,Apache-1.0,spdx_id,MapFuzzyMatch
2543409,BUSL-1.1,spdx_id,MapFuzzyMatch
315188,ISO-permission,spdx_id,MapFuzzyMatch
5623613,MIT,spdx_id,MapFuzzyMatch
1560385,MIT,spdx_id,MapFuzzyMatch
184134,MIT,spdx_id,MapFuzzyMatch
2215770,ISO-permission,spdx_id,MapFuzzyMatch
5099354,MIT,spdx_id,MapFuzzyMatch
446302,Apache-2.0,spdx_id,MapFuzzyMatch
2871137,GPL-2.0,spdx_id,MapExactID
2871144,GPL-3.0,spdx_id,MapExactID
3067760,ISO-permission,spdx_id,MapFuzzyMatch
2740100,ISO-permission,spdx_id,MapFuzzyMatch
1101707,MIT,spdx_id,MapFuzzyMatch
53134,MIT,spdx_id,MapFuzzyMatch
1363863,ISO-permission,spdx_id,MapFuzzyMatch
4116377,MIT,spdx_id,MapFuzzyMatch
5623720,MIT,spdx_id,MapFuzzyMatch
5558191,MIT,spdx_id,MapFuzzyMatch
1560496,MIT,spdx_id,MapFuzzyMatch
1560497,MIT,spdx_id,MapFuzzyMatch
3657652,MIT,spdx_id,MapFuzzyMatch
774069,MIT,spdx_id,MapFuzzyMatch
2019253,BSD-3-Clause,spdx_id,MapFuzzyMatch
380862,MIT,spdx_id,MapFuzzyMatch
4575167,MIT,spdx_id,MapFuzzyMatch
7589824,MIT,spdx_id,MapFuzzyMatch
2543558,MIT,spdx_id,MapFuzzyMatch
4247495,ISO-permission,spdx_id,MapFuzzyMatch
5427142,MIT,spdx_id,MapFuzzyMatch
2543562,MIT,spdx_id,MapFuzzyMatch
4968418,MIT,spdx_id,MapFuzzyMatch
3657701,Apache-1.0,spdx_id,MapFuzzyMatch
6279147,MIT,spdx_id,MapFuzzyMatch
6082550,MIT,spdx_id,MapFuzzyMatch
380923,GPL-2.0,spdx_id,MapFuzzyMatch
4837381,BUSL-1.1,spdx_id,MapFuzzyMatch
1363979,Apache-1.0,spdx_id,MapFuzzyMatch
7589898,MIT,spdx_id,MapFuzzyMatch
4902926,MIT,spdx_id,MapFuzzyMatch
2936847,BSD-1-Clause,spdx_id,MapFuzzyMatch
3526681,MIT,spdx_id,MapFuzzyMatch
1363998,Apache-1.0,spdx_id,MapFuzzyMatch
3526689,MIT,spdx_id,MapFuzzyMatch
3854381,MIT,spdx_id,MapFuzzyMatch
1822768,CECILL-2.0,spdx_id,MapFuzzyMatch
4902960,MIT,spdx_id,MapFuzzyMatch
2150450,MIT,spdx_id,MapFuzzyMatch
6344753,GPL-2.0,spdx_id,MapFuzzyMatch
3723317,MIT,spdx_id,MapFuzzyMatch
4968501,Apache-1.0,spdx_id,MapFuzzyMatch
315448,MIT,spdx_id,MapFuzzyMatch
1101880,MIT,spdx_id,MapFuzzyMatch
4051002,MIT,spdx_id,MapFuzzyMatch
7065660,copyleft-next-0.3.0,spdx_id,MapFuzzyMatch
3854397,GPL-3.0,spdx_id,MapFuzzyMatch
3002430,copyleft-next-0.3.0,spdx_id,MapFuzzyMatch
5820479,Apache-1.0,spdx_id,MapFuzzyMatch
7393343,GPL-3.0,spdx_id,MapFuzzyMatch
774210,LGPL-2.1,spdx_id,MapFuzzyMatch
3461188,MIT,spdx_id,MapFuzzyMatch
5820491,MIT,spdx_id,MapFuzzyMatch
6672465,MIT,spdx_id,MapFuzzyMatch
577621,LGPL-3.0,spdx_id,MapFuzzyMatch
4182102,Apache-1.0,spdx_id,MapFuzzyMatch
2150512,MIT,spdx_id,MapFuzzyMatch
5296244,MIT,spdx_id,MapFuzzyMatch
512119,LGPL-2.1,spdx_id,MapExactID
5296254,MIT,spdx_id,MapFuzzyMatch
3854467,MIT,spdx_id,MapFuzzyMatch
1364100,OSL-3.0,spdx_id,MapExactID
839823,MIT,spdx_id,MapFuzzyMatch
2740372,BSD-3-Clause-No-Nuclear-License,spdx_id,MapFuzzyMatch
1691803,MIT,spdx_id,MapFuzzyMatch
4051099,MIT,spdx_id,MapFuzzyMatch
1560738,CC-BY-3.0,spdx_id,MapFuzzyMatch
2085026,QPL-1.0-INRIA-2004,spdx_id,MapFuzzyMatch
5165227,LGPL-3.0,spdx_id,MapFuzzyMatch
5296309,BSD-1-Clause,spdx_id,MapFuzzyMatch
7524537,MIT,spdx_id,MapFuzzyMatch
1757377,GPL-1.0,spdx_id,MapFuzzyMatch
1560776,BSD-2-Clause,spdx_id,MapExactID
1757384,MIT,spdx_id,MapFuzzyMatch
3854543,MIT,spdx_id,MapFuzzyMatch
5820623,Apache-1.0,spdx_id,MapFuzzyMatch
3592401,BSD-3-Clause,spdx_id,MapFuzzyMatch
3526874,BSD-1-Clause,spdx_id,MapFuzzyMatch
5427419,Artistic-1.0,spdx_id,MapFuzzyMatch
1102060,MIT,spdx_id,MapFuzzyMatch
6672623,ISO-permission,spdx_id,MapFuzzyMatch
7459065,ISC,spdx_id,MapFuzzyMatch
5624061,SMAIL-GPL,spdx_id,MapFuzzyMatch
1364225,BUSL-1.1,spdx_id,MapFuzzyMatch
5624066,SMAIL-GPL,spdx_id,MapFuzzyMatch
53509,MIT,spdx_id,MapFuzzyMatch
3526918,ISO-permission,spdx_id,MapFuzzyMatch
1036551,MIT,spdx_id,MapFuzzyMatch
3920138,MIT,spdx_id,MapFuzzyMatch
4509962,MIT,spdx_id,MapFuzzyMatch
4837648,MIT,spdx_id,MapFuzzyMatch
7524628,GPL-3.0,spdx_id,MapFuzzyMatch
1364246,SMAIL-GPL,spdx_id,MapFuzzyMatch
3526937,ISO-permission,spdx_id,MapFuzzyMatch
5034262,MIT,spdx_id,MapFuzzyMatch
3002661,PolyForm-Noncommercial-1.0.0,spdx_id,MapExactID
2609447,MIT,spdx_id,MapFuzzyMatch
5034279,MIT,spdx_id,MapFuzzyMatch
7459120,ISC,spdx_id,MapFuzzyMatch
7459132,ISC,spdx_id,MapFuzzyMatch
315717,MIT,spdx_id,MapFuzzyMatch
6148422,MIT,spdx_id,MapFuzzyMatch
2740551,MIT,spdx_id,MapFuzzyMatch
1167698,MIT,spdx_id,MapFuzzyMatch
6345051,MIT,spdx_id,MapFuzzyMatch
5427552,MIT,spdx_id,MapFuzzyMatch
5034342,MIT,spdx_id,MapFuzzyMatch
3527017,BSD-1-Clause,spdx_id,MapFuzzyMatch
1823094,copyleft-next-0.3.0,spdx_id,MapFuzzyMatch
2281850,GPL-3.0,spdx_id,MapFuzzyMatch
2085250,Apache-1.0,spdx_id,MapFuzzyMatch
446861,JSON,spdx_id,MapFuzzyMatch
2150799,MIT,spdx_id,MapFuzzyMatch
1692048,MIT,spdx_id,MapFuzzyMatch
4247950,MIT,spdx_id,MapFuzzyMatch
5427606,MIT,spdx_id,MapFuzzyMatch
3002778,BSD-1-Clause,spdx_id,MapFuzzyMatch
3592612,MIT,spdx_id,MapFuzzyMatch
3199408,BSD-1-Clause,spdx_id,MapFuzzyMatch
5755314,MIT,spdx_id,MapFuzzyMatch
3527094,BSD-1-Clause,spdx_id,MapFuzzyMatch
3527098,BSD-1-Clause,spdx_id,MapFuzzyMatch
3527112,BSD-1-Clause,spdx_id,MapFuzzyMatch
774611,MIT,spdx_id,MapFuzzyMatch
7393752,Apache-1.0,spdx_id,MapFuzzyMatch
6410717,copyleft-next-0.3.0,spdx_id,MapFuzzyMatch
1757662,Apache-1.0,spdx_id,MapFuzzyMatch
1036770,MIT,spdx_id,MapFuzzyMatch
1364451,Apache-1.0,spdx_id,MapFuzzyMatch
1823205,MIT,spdx_id,MapFuzzyMatch
2675175,MIT,spdx_id,MapFuzzyMatch
2347509,JSON,spdx_id,MapFuzzyMatch
1036791,X11,spdx_id,MapExactID
2347512,OSL-1.1,spdx_id,MapFuzzyMatch
2347514,MIT,spdx_id,MapFuzzyMatch
2871807,BSD-1-Clause,spdx_id,MapFuzzyMatch
6148607,Artistic-1.0,spdx_id,MapFuzzyMatch
7328260,Apache-2.0,spdx_id,MapFuzzyMatch
1757701,Apache-1.0,spdx_id,MapFuzzyMatch
1036809,MIT,spdx_id,MapFuzzyMatch
2347524,MIT,spdx_id,MapFuzzyMatch
4248077,MIT,spdx_id,MapFuzzyMatch
53773,Apache-2.0,spdx_id,MapFuzzyMatch
1364494,NASA-1.3,spdx_id,MapFuzzyMatch
4117000,MIT,spdx_id,MapFuzzyMatch
1036816,MIT,spdx_id,MapFuzzyMatch
4051473,MIT-feh,spdx_id,MapFuzzyMatch
1102355,BSD-3-Clause-Clear,spdx_id,MapExactMatch
1364500,NASA-1.3,spdx_id,MapFuzzyMatch
1757717,MIT,spdx_id,MapFuzzyMatch
1757720,MIT,spdx_id,MapFuzzyMatch
1364508,MIT,spdx_id,MapFuzzyMatch
5296669,GPL-3.0,spdx_id,MapFuzzyMatch
3723807,MIT,spdx_id,MapFuzzyMatch
5689885,LPD-document,spdx_id,MapFuzzyMatch
1823267,MIT,spdx_id,MapFuzzyMatch
840230,MIT,spdx_id,MapFuzzyMatch
4248102,MIT,spdx_id,MapFuzzyMatch
1364520,NASA-1.3,spdx_id,MapFuzzyMatch
2216489,eCos-2.0,spdx_id,MapFuzzyMatch
5952038,ISO-permission,spdx_id,MapFuzzyMatch
6148651,SOFA,spdx_id,MapFuzzyMatch
3723822,BSD-3-Clause,spdx_id,MapFuzzyMatch
5952048,MIT,spdx_id,MapFuzzyMatch
3527218,BSD-1-Clause,spdx_id,MapFuzzyMatch
3527221,MIT,spdx_id,MapFuzzyMatch
3002946,MIT,spdx_id,MapFuzzyMatch
5755461,MIT,spdx_id,MapFuzzyMatch
3723853,ISO-permission,spdx_id,MapFuzzyMatch
250451,CECILL-2.0,spdx_id,MapFuzzyMatch
3723859,ISO-permission,spdx_id,MapFuzzyMatch
3723860,BSD-3-Clause,spdx_id,MapFuzzyMatch
4051543,CC-BY-4.0,spdx_id,MapFuzzyMatch
5231193,MIT,spdx_id,MapFuzzyMatch
5296729,MIT,spdx_id,MapFuzzyMatch
3723869,BSD-3-Clause,spdx_id,MapFuzzyMatch
2347614,BSD-3-Clause,spdx_id,MapFuzzyMatch
5689949,MIT,spdx_id,MapFuzzyMatch
7328352,MIT,spdx_id,MapFuzzyMatch
7590498,MIT,spdx_id,MapFuzzyMatch
4837988,MIT,spdx_id,MapFuzzyMatch
1757800,MIT,spdx_id,MapFuzzyMatch
774764,MIT,spdx_id,MapFuzzyMatch
2806386,GPL-1.0,spdx_id,MapFuzzyMatch
3723894,AGPL-3.0,spdx_id,MapFuzzyMatch
5689979,BSD-1-Clause,spdx_id,MapFuzzyMatch
3134080,BSD-2-Clause,spdx_id,MapFuzzyMatch
3723908,MIT,spdx_id,MapFuzzyMatch
2347654,SL,spdx_id,MapFuzzyMatch
4117126,MIT,spdx_id,MapFuzzyMatch
3723912,MIT,spdx_id,MapFuzzyMatch
5952134,Apache-2.0,spdx_id,MapFuzzyMatch
7066255,MIT,spdx_id,MapFuzzyMatch
6345363,ISO-permission,spdx_id,MapFuzzyMatch
1757853,GPL-1.0,spdx_id,MapFuzzyMatch
6083230,MIT,spdx_id,MapFuzzyMatch
5034660,GPL-2.0,spdx_id,MapFuzzyMatch
1036971,AGPL-3.0,spdx_id,MapFuzzyMatch
119469,LGPL-3.0,spdx_id,MapFuzzyMatch
3527348,BSD-1-Clause,spdx_id,MapFuzzyMatch
53945,GPL-3.0,spdx_id,MapFuzzyMatch
5558971,BSD-1-Clause,spdx_id,MapFuzzyMatch
3527366,BSD-1-Clause,spdx_id,MapFuzzyMatch
1168072,BlueOak-1.0.0,spdx_id,MapExactID
2085582,MIT,spdx_id,MapFuzzyMatch
3527397,BSD-1-Clause,spdx_id,MapFuzzyMatch
1037030,OGL-UK-3.0,spdx_id,MapFuzzyMatch
3724018,MIT,spdx_id,MapFuzzyMatch
5427963,MIT,spdx_id,MapFuzzyMatch
7459580,MIT,spdx_id,MapFuzzyMatch
5755645,MIT,spdx_id,MapFuzzyMatch
5427968,MIT,spdx_id,MapFuzzyMatch
6673154,MIT,spdx_id,MapFuzzyMatch
3855111,MIT,spdx_id,MapFuzzyMatch
7459597,MIT,spdx_id,MapFuzzyMatch
5755662,MIT,spdx_id,MapFuzzyMatch
3527440,BSD-1-Clause,spdx_id,MapFuzzyMatch
7066386,MIT,spdx_id,MapFuzzyMatch
1168150,ISO-permission,spdx_id,MapFuzzyMatch
1757976,BitTorrent-1.0,spdx_id,MapFuzzyMatch
5231385,MIT,spdx_id,MapFuzzyMatch
1168154,MIT,spdx_id,MapFuzzyMatch
578334,Unlicense,spdx_id,MapFuzzyMatch
119585,MIT,spdx_id,MapFuzzyMatch
316209,GPL-1.0,spdx_id,MapFuzzyMatch
6542136,BSD-2-Clause,spdx_id,MapFuzzyMatch
7066427,MIT,spdx_id,MapFuzzyMatch
1889085,MIT,spdx_id,MapFuzzyMatch
1037128,MIT,spdx_id,MapFuzzyMatch
3003209,MIT,spdx_id,MapFuzzyMatch
774987,BSD-3-Clause,spdx_id,MapFuzzyMatch
1889101,MIT,spdx_id,MapFuzzyMatch
3593055,MIT,spdx_id,MapFuzzyMatch
2544483,MIT,spdx_id,MapFuzzyMatch
5165923,MIT,spdx_id,MapFuzzyMatch
643947,MIT,spdx_id,MapFuzzyMatch
1823595,MIT,spdx_id,MapFuzzyMatch
6017901,MIT,spdx_id,MapFuzzyMatch
5165935,Apache-1.0,spdx_id,MapFuzzyMatch
2544500,AGPL-1.0,spdx_id,MapFuzzyMatch
3658612,CC-BY-NC-1.0,spdx_id,MapFuzzyMatch
2610045,MIT,spdx_id,MapFuzzyMatch
2020225,Beerware,spdx_id,MapExactID
6345606,MIT,spdx_id,MapFuzzyMatch
1037193,AGPL-3.0,spdx_id,MapExactID
1823627,ISO-permission,spdx_id,MapFuzzyMatch
2610060,MIT,spdx_id,MapFuzzyMatch
2675596,MIT,spdx_id,MapFuzzyMatch
4838283,AGPL-3.0,spdx_id,MapFuzzyMatch
5100445,ISO-permission,spdx_id,MapFuzzyMatch
7132069,MIT,spdx_id,MapFuzzyMatch
7525285,ISO-permission,spdx_id,MapFuzzyMatch
381864,MIT,spdx_id,MapFuzzyMatch
6476720,MIT,spdx_id,MapFuzzyMatch
3658678,ISO-permission,spdx_id,MapFuzzyMatch
5100474,GFDL-1.1,spdx_id,MapFuzzyMatch
1692604,GPL-3.0,spdx_id,MapFuzzyMatch
4838332,MIT,spdx_id,MapFuzzyMatch
6542268,MIT,spdx_id,MapFuzzyMatch
7525308,MIT,spdx_id,MapFuzzyMatch
3527619,BSD-1-Clause,spdx_id,MapFuzzyMatch
1758149,GPL-2.0,spdx_id,MapFuzzyMatch
4838341,ISO-permission,spdx_id,MapFuzzyMatch
316361,MIT,spdx_id,MapFuzzyMatch
3527625,MIT,spdx_id,MapFuzzyMatch
1889234,BUSL-1.1,spdx_id,MapFuzzyMatch
840663,MIT,spdx_id,MapFuzzyMatch
4969433,MIT,spdx_id,MapFuzzyMatch
1889243,NIST-Software,spdx_id,MapFuzzyMatch
3724261,copyleft-next-0.3.0,spdx_id,MapFuzzyMatch
4183013,BSD-1-Clause,spdx_id,MapFuzzyMatch
7132135,MIT,spdx_id,MapFuzzyMatch
2085874,MIT,spdx_id,MapFuzzyMatch
3855347,MIT,spdx_id,MapFuzzyMatch
250873,MIT,spdx_id,MapFuzzyMatch
6542334,HTMLTIDY,spdx_id,MapFuzzyMatch
1823745,MIT,spdx_id,MapFuzzyMatch
316418,MIT,spdx_id,MapFuzzyMatch
1889281,BSD-3-Clause,spdx_id,MapFuzzyMatch
5690371,MIT,spdx_id,MapFuzzyMatch
5886978,MIT,spdx_id,MapFuzzyMatch
5952513,MIT,spdx_id,MapFuzzyMatch
381967,MIT,spdx_id,MapFuzzyMatch
3527697,BSD-1-Clause,spdx_id,MapFuzzyMatch
3593248,MIT,spdx_id,MapFuzzyMatch
2413601,MIT,spdx_id,MapFuzzyMatch
513058,AGPL-3.0,spdx_id,MapFuzzyMatch
381990,Libpng,spdx_id,MapFuzzyMatch
2085933,Apache-2.0,spdx_id,MapFuzzyMatch
316463,CC-BY-4.0,spdx_id,MapFuzzyMatch
7394354,MIT,spdx_id,MapFuzzyMatch
3986485,MIT,spdx_id,MapFuzzyMatch
4576316,MIT,spdx_id,MapFuzzyMatch
1889351,Apache-2.0,spdx_id,MapFuzzyMatch
316488,MIT,spdx_id,MapFuzzyMatch
3527750,BSD-1-Clause,spdx_id,MapFuzzyMatch
5690446,MIT,spdx_id,MapFuzzyMatch
447569,BSD-1-Clause,spdx_id,MapFuzzyMatch
1889361,Apache-2.0,spdx_id,MapFuzzyMatch
5166163,MIT,spdx_id,MapFuzzyMatch
119893,MIT,spdx_id,MapFuzzyMatch
250966,ISO-permission,spdx_id,MapFuzzyMatch
3527765,BSD-1-Clause,spdx_id,MapFuzzyMatch
5690455,ISO-permission,spdx_id,MapFuzzyMatch
447580,ISO-permission,spdx_id,MapFuzzyMatch
6411357,MIT,spdx_id,MapFuzzyMatch
1168483,Artistic-1.0,spdx_id,MapFuzzyMatch
1889383,Fair,spdx_id,MapFuzzyMatch
2085992,BUSL-1.1,spdx_id,MapFuzzyMatch
3527785,BSD-1-Clause,spdx_id,MapFuzzyMatch
3527792,BSD-1-Clause,spdx_id,MapFuzzyMatch
2020484,WTFPL,spdx_id,MapExactMatch
775302,Apache-2.0,spdx_id,MapFuzzyMatch
3331206,MIT,spdx_id,MapFuzzyMatch
5756038,BSD-3-Clause,spdx_id,MapFuzzyMatch
5690506,MIT,spdx_id,MapFuzzyMatch
6411404,MIT,spdx_id,MapFuzzyMatch
4117648,MIT,spdx_id,MapFuzzyMatch
2610322,MIT,spdx_id,MapFuzzyMatch
3593365,MIT,spdx_id,MapFuzzyMatch
3527835,BSD-1-Clause,spdx_id,MapFuzzyMatch
513180,copyleft-next-0.3.0,spdx_id,MapFuzzyMatch
5493918,MIT,spdx_id,MapFuzzyMatch
316578,Unlicense,spdx_id,MapFuzzyMatch
2806951,BSD-1-Clause,spdx_id,MapFuzzyMatch
3134634,MIT,spdx_id,MapFuzzyMatch
2282667,GPL-1.0,spdx_id,MapFuzzyMatch
3527857,BSD-1-Clause,spdx_id,MapFuzzyMatch
3855544,GPL-3.0-or-later,spdx_id,MapExactID
5035199,GPL-3.0,spdx_id,MapFuzzyMatch
6608063,MIT,spdx_id,MapFuzzyMatch
4904133,Apache-1.0,spdx_id,MapFuzzyMatch
5756102,ISO-permission,spdx_id,MapFuzzyMatch
1561799,Apache-2.0,spdx_id,MapFuzzyMatch
3069128,CECILL-C,spdx_id,MapExactID
1168585,Apache-2.0,spdx_id,MapFuzzyMatch
4904137,MulanPSL-2.0,spdx_id,MapExactMatch
3527883,BSD-1-Clause,spdx_id,MapFuzzyMatch
6411468,ISO-permission,spdx_id,MapFuzzyMatch
6083789,MIT,spdx_id,MapFuzzyMatch
840915,Apache-1.0,spdx_id,MapFuzzyMatch
513240,BSD-3-Clause,spdx_id,MapFuzzyMatch
1168608,QPL-1.0,spdx_id,MapFuzzyMatch
6149357,GPL-3.0,spdx_id,MapFuzzyMatch
5100787,MIT,spdx_id,MapFuzzyMatch
3527925,BSD-1-Clause,spdx_id,MapFuzzyMatch
840952,ISO-permission,spdx_id,MapFuzzyMatch
5166328,AGPL-3.0-or-later,spdx_id,MapExactID
5297417,MIT,spdx_id,MapFuzzyMatch
3986701,Apache-1.0,spdx_id,MapFuzzyMatch
4183314,GPL-2.0,spdx_id,MapFuzzyMatch
775444,AGPL-1.0,spdx_id,MapFuzzyMatch
3527962,copyleft-next-0.3.0,spdx_id,MapFuzzyMatch
1103134,MIT,spdx_id,MapFuzzyMatch
1889566,MIT,spdx_id,MapFuzzyMatch
3134751,OSL-1.0,spdx_id,MapFuzzyMatch
6608160,MIT,spdx_id,MapFuzzyMatch
7394604,BSD-1-Clause,spdx_id,MapFuzzyMatch
3527985,BSD-1-Clause,spdx_id,MapFuzzyMatch
4969777,CC-BY-4.0,spdx_id,MapFuzzyMatch
3134776,ICU,spdx_id,MapFuzzyMatch
7329085,MIT,spdx_id,MapFuzzyMatch
2544960,ISO-permission,spdx_id,MapFuzzyMatch
3855685,MIT,spdx_id,MapFuzzyMatch
6411590,NCL,spdx_id,MapFuzzyMatch
3069256,MIT,spdx_id,MapFuzzyMatch
5297481,Apache-1.1,spdx_id,MapFuzzyMatch
3528013,BSD-1-Clause,spdx_id,MapFuzzyMatch
54607,Apache-1.1,spdx_id,MapFuzzyMatch
2348368,Cube,spdx_id,MapExactID
5231956,EPL-1.0,spdx_id,MapFuzzyMatch
3528030,MIT,spdx_id,MapFuzzyMatch
3528032,BSD-1-Clause,spdx_id,MapFuzzyMatch
3003758,MIT,spdx_id,MapFuzzyMatch
3331438,MIT,spdx_id,MapFuzzyMatch
120176,MIT,spdx_id,MapFuzzyMatch
5035381,GPL-3.0,spdx_id,MapFuzzyMatch
4248952,GPL-3.0-or-later,spdx_id,MapFuzzyMatch
3200389,MIT,spdx_id,MapFuzzyMatch
3003782,MIT,spdx_id,MapFuzzyMatch
316815,Apache-2.0,spdx_id,MapExactID
5100945,ISO-permission,spdx_id,MapFuzzyMatch
4904338,MIT,spdx_id,MapFuzzyMatch
54681,BSD-1-Clause,spdx_id,MapFuzzyMatch
3397017,MIT,spdx_id,MapFuzzyMatch
4576666,BSD-1-Clause,spdx_id,MapFuzzyMatch
1562023,MIT-0,spdx_id,MapExactMatch
2348455,BSD-3-Clause,spdx_id,MapFuzzyMatch
5166519,MIT,spdx_id,MapFuzzyMatch
3397064,MIT,spdx_id,MapFuzzyMatch
4904392,GPL-1.0,spdx_id,MapFuzzyMatch
7329230,MIT,spdx_id,MapFuzzyMatch
1889746,,unknown,MapNA
54739,copyleft-next-0.3.0,spdx_id,MapFuzzyMatch
6149587,BSD-1-Clause,spdx_id,MapFuzzyMatch
3790293,MIT,spdx_id,MapFuzzyMatch
54742,PSF-2.0,spdx_id,MapFuzzyMatch
5494229,ISO-permission,spdx_id,MapFuzzyMatch
2741720,BSD-1-Clause,spdx_id,MapFuzzyMatch
4052442,ISO-permission,spdx_id,MapFuzzyMatch
3790301,Apache-1.0,spdx_id,MapFuzzyMatch
1168871,MIT,spdx_id,MapFuzzyMatch
3134952,GPL-3.0,spdx_id,MapFuzzyMatch
3528175,BSD-1-Clause,spdx_id,MapFuzzyMatch
775676,ISO-permission,spdx_id,MapFuzzyMatch
3528189,MIT,spdx_id,MapFuzzyMatch
2020862,ISO-permission,spdx_id,MapFuzzyMatch
3528194,BSD-1-Clause,spdx_id,MapFuzzyMatch
6018563,MIT,spdx_id,MapFuzzyMatch
3331588,MIT,spdx_id,MapFuzzyMatch
6018564,MIT,spdx_id,MapFuzzyMatch
7329283,CC-BY-3.0,spdx_id,MapFuzzyMatch
2545159,ISO-permission,spdx_id,MapFuzzyMatch
7329289,CC0-1.0,spdx_id,MapFuzzyMatch
3528205,BSD-1-Clause,spdx_id,MapFuzzyMatch
3790350,Apache-1.0,spdx_id,MapFuzzyMatch
6477329,MIT,spdx_id,MapFuzzyMatch
316948,copyleft-next-0.3.0,spdx_id,MapFuzzyMatch
5625368,Apache-1.0,spdx_id,MapFuzzyMatch
2086441,MIT,spdx_id,MapFuzzyMatch
7525932,GPL-1.0,spdx_id,MapFuzzyMatch
6280750,BSD-2-Clause,spdx_id,MapFuzzyMatch
2086447,MIT,spdx_id,MapFuzzyMatch
3790385,Apache-1.0,spdx_id,MapFuzzyMatch
3135041,MIT,spdx_id,MapFuzzyMatch
5428801,LGPL-2.1,spdx_id,MapFuzzyMatch
1824325,BSD-4-Clause,spdx_id,MapFuzzyMatch
54854,BSD-1-Clause,spdx_id,MapFuzzyMatch
2086471,MIT,spdx_id,MapFuzzyMatch
3331663,MIT,spdx_id,MapFuzzyMatch
5887572,MIT,spdx_id,MapFuzzyMatch
1103465,ISO-permission,spdx_id,MapFuzzyMatch
7591538,AGPL-3.0,spdx_id,MapFuzzyMatch
3331700,CC-BY-3.0-IGO,spdx_id,MapFuzzyMatch
3331711,MIT,spdx_id,MapFuzzyMatch
382595,AGPL-3.0,spdx_id,MapFuzzyMatch
4511364,MIT,spdx_id,MapFuzzyMatch
1693317,MIT,spdx_id,MapFuzzyMatch
6018691,MIT,spdx_id,MapFuzzyMatch
2741898,Apache-2.0,spdx_id,MapExactMatch
5691027,MIT,spdx_id,MapFuzzyMatch
54933,Apache-1.0,spdx_id,MapFuzzyMatch
775838,ISO-permission,spdx_id,MapFuzzyMatch
1169054,MIT,spdx_id,MapFuzzyMatch
2545310,GPL-3.0,spdx_id,MapFuzzyMatch
1758887,MIT,spdx_id,MapFuzzyMatch
2414268,MIT,spdx_id,MapFuzzyMatch
2545340,copyleft-next-0.3.0,spdx_id,MapFuzzyMatch
2545344,BitTorrent-1.0,spdx_id,MapFuzzyMatch
775873,JSON,spdx_id,MapExactMatch
5101251,MIT,spdx_id,MapFuzzyMatch
3856071,MIT,spdx_id,MapFuzzyMatch
2414281,MIT,spdx_id,MapFuzzyMatch
3987147,MIT,spdx_id,MapFuzzyMatch
644814,MIT,spdx_id,MapFuzzyMatch
7526128,ISO-permission,spdx_id,MapFuzzyMatch
7526129,ISO-permission,spdx_id,MapFuzzyMatch
3528435,BSD-1-Clause,spdx_id,MapFuzzyMatch
5756660,MIT,spdx_id,MapFuzzyMatch
1824504,MIT,spdx_id,MapFuzzyMatch
5691131,ISO-permission,spdx_id,MapFuzzyMatch
5625603,Apache-1.0,spdx_id,MapFuzzyMatch
5756678,Apache-2.0,spdx_id,MapFuzzyMatch
1103625,MIT,spdx_id,MapFuzzyMatch
3135241,MIT,spdx_id,MapFuzzyMatch
2676493,MIT,spdx_id,MapFuzzyMatch
2742044,ISO-permission,spdx_id,MapFuzzyMatch
55079,MIT,spdx_id,MapFuzzyMatch
3790637,Apache-1.0,spdx_id,MapFuzzyMatch
2217782,MIT,spdx_id,MapFuzzyMatch
3921718,MIT,spdx_id,MapFuzzyMatch
1693496,MIT,spdx_id,MapFuzzyMatch
55099,ISO-permission,spdx_id,MapFuzzyMatch
3004219,BSD-3-Clause,spdx_id,MapFuzzyMatch
3528524,BSD-1-Clause,spdx_id,MapFuzzyMatch
1824596,MIT,spdx_id,MapFuzzyMatch
4511573,MIT,spdx_id,MapFuzzyMatch
1693528,BSD-1-Clause,spdx_id,MapFuzzyMatch
1759067,MIT,spdx_id,MapFuzzyMatch
7329638,MIT,spdx_id,MapFuzzyMatch
4249447,MIT,spdx_id,MapFuzzyMatch
3135338,MIT,spdx_id,MapFuzzyMatch
3135340,MIT,spdx_id,MapFuzzyMatch
2807663,MIT,spdx_id,MapFuzzyMatch
5429110,MIT,spdx_id,MapFuzzyMatch
4118395,GPL-3.0,spdx_id,MapExactID
3528607,ISO-permission,spdx_id,MapFuzzyMatch
3528610,BSD-1-Clause,spdx_id,MapFuzzyMatch
3790760,Apache-1.0,spdx_id,MapFuzzyMatch
4970420,MIT,spdx_id,MapFuzzyMatch
5756863,Apache-1.1,spdx_id,MapFuzzyMatch
3659719,LGPL-2.0,spdx_id,MapFuzzyMatch
1038286,CC0-1.0,spdx_id,MapFuzzyMatch
5822414,MIT,spdx_id,MapFuzzyMatch
2349011,MIT,spdx_id,MapFuzzyMatch
2938838,ISO-permission,spdx_id,MapFuzzyMatch
3332056,MIT,spdx_id,MapFuzzyMatch
4642789,MIT,spdx_id,MapFuzzyMatch
1038310,MIT,spdx_id,MapFuzzyMatch
3856367,Apache-1.0,spdx_id,MapFuzzyMatch
2283508,ISO-permission,spdx_id,MapFuzzyMatch
1038325,MIT,spdx_id,MapFuzzyMatch
6477814,SMAIL-GPL,spdx_id,MapFuzzyMatch
6084600,MPL-2.0,spdx_id,MapFuzzyMatch
251917,MIT,spdx_id,MapFuzzyMatch
776217,MIT,spdx_id,MapFuzzyMatch
5625884,Apache-1.0,spdx_id,MapFuzzyMatch
317470,MIT,spdx_id,MapFuzzyMatch
776222,BSD-1-Clause,spdx_id,MapFuzzyMatch
6477866,ISO-permission,spdx_id,MapFuzzyMatch
2676784,BSD-3-Clause,spdx_id,MapFuzzyMatch
2742328,copyleft-next-0.3.0,spdx_id,MapFuzzyMatch
3790914,GPL-1.0,spdx_id,MapFuzzyMatch
1562698,Apache-2.0,spdx_id,MapFuzzyMatch
3004490,Apache-1.0,spdx_id,MapFuzzyMatch
3856464,ISO-permission,spdx_id,MapFuzzyMatch
776273,ISO-permission,spdx_id,MapFuzzyMatch
3790933,MIT,spdx_id,MapFuzzyMatch
3922005,MIT,spdx_id,MapFuzzyMatch
3725399,MIT,spdx_id,MapFuzzyMatch
1103970,Apache-1.0,spdx_id,MapFuzzyMatch
1693795,MIT,spdx_id,MapFuzzyMatch
4970596,Apache-1.0,spdx_id,MapFuzzyMatch
7526507,MIT,spdx_id,MapFuzzyMatch
6215788,BSD-1-Clause,spdx_id,MapFuzzyMatch
1366126,MIT,spdx_id,MapFuzzyMatch
7526511,MIT,spdx_id,MapFuzzyMatch
4118641,MIT,spdx_id,MapFuzzyMatch
3201138,MIT,spdx_id,MapFuzzyMatch
3922034,MIT,spdx_id,MapFuzzyMatch
4970612,MIT,spdx_id,MapFuzzyMatch
7395447,MIT,spdx_id,MapFuzzyMatch
55424,MIT,spdx_id,MapFuzzyMatch
3922048,MIT,spdx_id,MapFuzzyMatch
5429376,ANTLR-PD,spdx_id,MapFuzzyMatch
2611332,MIT,spdx_id,MapFuzzyMatch
7395464,CC-BY-4.0,spdx_id,MapFuzzyMatch
5494924,AGPL-3.0,spdx_id,MapFuzzyMatch
317590,Apache-2.0,spdx_id,MapFuzzyMatch
7067800,MIT,spdx_id,MapFuzzyMatch
317598,MIT,spdx_id,MapFuzzyMatch
55461,GPL-3.0-or-later,spdx_id,MapFuzzyMatch
6281391,ISO-permission,spdx_id,MapFuzzyMatch
4970673,Apache-1.0,spdx_id,MapFuzzyMatch
3528904,MIT,spdx_id,MapFuzzyMatch
3201248,ISO-permission,spdx_id,MapFuzzyMatch
4511974,ANTLR-PD,spdx_id,MapFuzzyMatch
5232871,ISO-permission,spdx_id,MapFuzzyMatch
1104110,MIT,spdx_id,MapFuzzyMatch
4053231,MIT,spdx_id,MapFuzzyMatch
3201268,ISO-permission,spdx_id,MapFuzzyMatch
5953787,Fair,spdx_id,MapFuzzyMatch
6543613,MIT,spdx_id,MapFuzzyMatch
5232894,Apache-1.0,spdx_id,MapFuzzyMatch
5232895,Apache-1.0,spdx_id,MapFuzzyMatch
3463430,Fair,spdx_id,MapFuzzyMatch
2218247,Apache-1.0,spdx_id,MapFuzzyMatch
2349322,BSD-2-Clause,spdx_id,MapFuzzyMatch
5626129,Unlicense,spdx_id,MapFuzzyMatch
2677018,ISO-permission,spdx_id,MapFuzzyMatch
3528991,BSD-1-Clause,spdx_id,MapFuzzyMatch
3332385,ISO-permission,spdx_id,MapFuzzyMatch
3594537,Apache-2.0,spdx_id,MapFuzzyMatch
4053290,AFL-2.0,spdx_id,MapFuzzyMatch
5232947,PostgreSQL,spdx_id,MapExactID
7330101,GPL-3.0-or-later,spdx_id,MapFuzzyMatch
7264580,ISO-permission,spdx_id,MapFuzzyMatch
3791173,ISO-permission,spdx_id,MapFuzzyMatch
5626184,HPND,spdx_id,MapFuzzyMatch
3135820,MIT,spdx_id,MapFuzzyMatch
4249933,ISO-permission,spdx_id,MapFuzzyMatch
6216034,Apache-2.0,spdx_id,MapFuzzyMatch
448873,MIT,spdx_id,MapFuzzyMatch
2349423,BSD-2-Clause,spdx_id,MapExactMatch
1038710,AGPL-3.0,spdx_id,MapFuzzyMatch
5626231,MIT,spdx_id,MapFuzzyMatch
448891,MIT,spdx_id,MapFuzzyMatch
1038726,MIT,spdx_id,MapFuzzyMatch
5953929,Apache-1.0,spdx_id,MapFuzzyMatch
7461264,MIT,spdx_id,MapFuzzyMatch
3201428,MIT,spdx_id,MapFuzzyMatch
4184468,MIT,spdx_id,MapFuzzyMatch
3856792,MIT,spdx_id,MapFuzzyMatch
6281634,ISO-permission,spdx_id,MapFuzzyMatch
6216111,MIT,spdx_id,MapFuzzyMatch
4184500,MIT,spdx_id,MapFuzzyMatch
6281652,MIT,spdx_id,MapFuzzyMatch
5102007,MIT,spdx_id,MapFuzzyMatch
4905401,ISO-permission,spdx_id,MapFuzzyMatch
1890751,Apache-1.0,spdx_id,MapFuzzyMatch
1563072,MIT,spdx_id,MapFuzzyMatch
3529155,BSD-1-Clause,spdx_id,MapFuzzyMatch
2021831,AGPL-3.0,spdx_id,MapFuzzyMatch
1890761,BUSL-1.1,spdx_id,MapFuzzyMatch
1890762,BUSL-1.1,spdx_id,MapFuzzyMatch
1890763,Apache-1.0,spdx_id,MapFuzzyMatch
7526857,MIT,spdx_id,MapFuzzyMatch
776654,BSD-2-Clause,spdx_id,MapExactID
645587,MIT,spdx_id,MapFuzzyMatch
2349526,MIT,spdx_id,MapFuzzyMatch
2349535,FTL,spdx_id,MapFuzzyMatch
2021857,MIT,spdx_id,MapFuzzyMatch
5233122,MIT,spdx_id,MapFuzzyMatch
2873834,ISO-permission,spdx_id,MapFuzzyMatch
186860,3D-Slicer-1.0,spdx_id,MapFuzzyMatch
317933,MIT,spdx_id,MapFuzzyMatch
317945,MIT,spdx_id,MapFuzzyMatch
1694201,MIT,spdx_id,MapFuzzyMatch
1169915,MIT,spdx_id,MapFuzzyMatch
1890810,MIT,spdx_id,MapFuzzyMatch
4184572,MIT,spdx_id,MapFuzzyMatch
5626368,MIT,spdx_id,MapFuzzyMatch
1825281,MIT,spdx_id,MapFuzzyMatch
2546177,SMAIL-GPL,spdx_id,MapFuzzyMatch
4184588,MIT,spdx_id,MapFuzzyMatch
3922446,MIT,spdx_id,MapFuzzyMatch
5691924,MIT,spdx_id,MapFuzzyMatch
317973,Xnet,spdx_id,MapFuzzyMatch
3332629,MIT,spdx_id,MapFuzzyMatch
7461412,MIT,spdx_id,MapFuzzyMatch
2349606,MIT,spdx_id,MapFuzzyMatch
1825319,BSD-3-Clause-Open-MPI,spdx_id,MapFuzzyMatch
1825321,GPL-2.0,spdx_id,MapExactID
2284086,MIT,spdx_id,MapFuzzyMatch
4184633,MIT,spdx_id,MapFuzzyMatch
6543933,ISO-permission,spdx_id,MapFuzzyMatch
3791423,SMAIL-GPL,spdx_id,MapFuzzyMatch
6085183,copyleft-next-0.3.0,spdx_id,MapFuzzyMatch
4840004,LGPL-2.1,spdx_id,MapFuzzyMatch
2218567,ANTLR-PD,spdx_id,MapFuzzyMatch
2218568,GPL-1.0,spdx_id,MapFuzzyMatch
776786,ISO-permission,spdx_id,MapFuzzyMatch
1104468,MIT,spdx_id,MapFuzzyMatch
645718,Apache-1.0,spdx_id,MapFuzzyMatch
3725911,ISO-permission,spdx_id,MapFuzzyMatch
776794,BSD-1-Clause,spdx_id,MapFuzzyMatch
3136099,MIT,spdx_id,MapFuzzyMatch
3398248,MIT,spdx_id,MapFuzzyMatch
383593,GPL-3.0,spdx_id,MapFuzzyMatch
7133801,ISO-permission,spdx_id,MapFuzzyMatch
2087531,MIT,spdx_id,MapFuzzyMatch
3660397,LGPL-3.0,spdx_id,MapFuzzyMatch
4184690,MIT,spdx_id,MapFuzzyMatch
4184692,MIT,spdx_id,MapFuzzyMatch
842358,MIT,spdx_id,MapFuzzyMatch
2939512,ISO-permission,spdx_id,MapFuzzyMatch
1825405,copyleft-next-0.3.0,spdx_id,MapFuzzyMatch
645758,MIT,spdx_id,MapFuzzyMatch
7527047,MIT,spdx_id,MapFuzzyMatch
6085259,MIT,spdx_id,MapFuzzyMatch
7527052,GPL-1.0,spdx_id,MapFuzzyMatch
4053645,MIT,spdx_id,MapFuzzyMatch
1104531,ISO-permission,spdx_id,MapFuzzyMatch
2349719,MIT,spdx_id,MapFuzzyMatch
4250273,MIT,spdx_id,MapFuzzyMatch
3332771,Apache-1.0,spdx_id,MapFuzzyMatch
6347434,ISO-permission,spdx_id,MapFuzzyMatch
5429934,MIT,spdx_id,MapFuzzyMatch
514745,MIT,spdx_id,MapFuzzyMatch
5429975,MIT,spdx_id,MapFuzzyMatch
449241,ISO-permission,spdx_id,MapFuzzyMatch
3660505,MIT,spdx_id,MapFuzzyMatch
2349787,MIT,spdx_id,MapFuzzyMatch
5954270,BSD-3-Clause,spdx_id,MapFuzzyMatch
5954272,BSD-3-Clause,spdx_id,MapFuzzyMatch
3005153,AGPL-1.0-or-later,spdx_id,MapExactID
6347488,BUSL-1.1,spdx_id,MapFuzzyMatch
5495525,MIT,spdx_id,MapFuzzyMatch
7658214,MIT,spdx_id,MapFuzzyMatch
1563374,MIT,spdx_id,MapFuzzyMatch
4512496,MIT,spdx_id,MapFuzzyMatch
2611957,MIT,spdx_id,MapFuzzyMatch
5167863,MIT,spdx_id,MapFuzzyMatch
4643576,MIT,spdx_id,MapFuzzyMatch
56057,Apache-1.0,spdx_id,MapFuzzyMatch
3201785,AGPL-1.0,spdx_id,MapFuzzyMatch
3201787,MIT,spdx_id,MapFuzzyMatch
1825533,Apache-2.0,spdx_id,MapFuzzyMatch
1891072,PostgreSQL,spdx_id,MapFuzzyMatch
1104641,BSD-3-Clause-No-Nuclear-License,spdx_id,MapFuzzyMatch
6544128,ISO-permission,spdx_id,MapFuzzyMatch
5430025,MIT,spdx_id,MapFuzzyMatch
776970,MIT,spdx_id,MapFuzzyMatch
4250379,MIT,spdx_id,MapFuzzyMatch
2349840,MIT,spdx_id,MapFuzzyMatch
3332897,DEC-3-Clause,spdx_id,MapFuzzyMatch
252711,EPL-1.0,spdx_id,MapFuzzyMatch
1170228,MIT,spdx_id,MapFuzzyMatch
6085431,CDDL-1.0,spdx_id,MapFuzzyMatch
3988307,AGPL-3.0-only,spdx_id,MapExactMatch
3791702,MIT,spdx_id,MapFuzzyMatch
5167958,BSD-2-Clause-Patent,spdx_id,MapFuzzyMatch
3988320,MIT,spdx_id,MapFuzzyMatch
4512611,MIT,spdx_id,MapFuzzyMatch
252774,ESA-PL-permissive-2.4,spdx_id,MapFuzzyMatch
1563497,MIT,spdx_id,MapFuzzyMatch
777070,MIT,spdx_id,MapFuzzyMatch
7068529,MIT,spdx_id,MapFuzzyMatch
2153332,copyleft-next-0.3.0,spdx_id,MapFuzzyMatch
5167988,BSD-1-Clause,spdx_id,MapFuzzyMatch
6282101,AGPL-3.0,spdx_id,MapExactID
3201911,MIT,spdx_id,MapFuzzyMatch
1039225,MIT,spdx_id,MapFuzzyMatch
252801,BSD-3-Clause-No-Nuclear-License,spdx_id,MapFuzzyMatch
5954435,AGPL-1.0,spdx_id,MapFuzzyMatch
4971396,MIT,spdx_id,MapFuzzyMatch
7068545,WTFPL,spdx_id,MapFuzzyMatch
7527308,MIT,spdx_id,MapFuzzyMatch
5168020,ISO-permission,spdx_id,MapFuzzyMatch
318359,MIT,spdx_id,MapFuzzyMatch
2087842,Apache-1.0,spdx_id,MapFuzzyMatch
4840356,MIT,spdx_id,MapFuzzyMatch
2612136,MIT,spdx_id,MapFuzzyMatch
121786,NIST-Software,spdx_id,MapFuzzyMatch
5495741,MIT,spdx_id,MapFuzzyMatch
2743238,Apache-2.0,spdx_id,MapFuzzyMatch
318408,BSD-1-Clause,spdx_id,MapFuzzyMatch
5692360,ISO-permission,spdx_id,MapFuzzyMatch
7068616,MIT,spdx_id,MapFuzzyMatch
5692373,MPL-2.0-no-copyleft-exception,spdx_id,MapExactMatch
5299165,MIT,spdx_id,MapFuzzyMatch
7396319,MIT,spdx_id,MapFuzzyMatch
3464167,BSD-1-Clause,spdx_id,MapFuzzyMatch
2153455,CC-BY-4.0,spdx_id,MapFuzzyMatch
2612207,MIT,spdx_id,MapFuzzyMatch
3726331,LGPL-2.1,spdx_id,MapFuzzyMatch
56323,ISO-permission,spdx_id,MapFuzzyMatch
5954563,copyleft-next-0.3.0,spdx_id,MapFuzzyMatch
3726342,MIT,spdx_id,MapFuzzyMatch
1563660,MIT,spdx_id,MapFuzzyMatch
7199755,MIT,spdx_id,MapFuzzyMatch
7068686,Apache-1.0,spdx_id,MapFuzzyMatch
4054033,MIT,spdx_id,MapFuzzyMatch
3922963,ISO-permission,spdx_id,MapFuzzyMatch
1563669,MIT,spdx_id,MapFuzzyMatch
7330837,Apache-2.0,spdx_id,MapFuzzyMatch
2743331,ISO-permission,spdx_id,MapFuzzyMatch
2612267,MIT,spdx_id,MapFuzzyMatch
842798,ISO-permission,spdx_id,MapFuzzyMatch
7527474,MIT,spdx_id,MapFuzzyMatch
6151219,MIT,spdx_id,MapFuzzyMatch
4840500,ANTLR-PD,spdx_id,MapFuzzyMatch
777270,MIT,spdx_id,MapFuzzyMatch
6216759,Apache-2.0,spdx_id,MapFuzzyMatch
3857464,MIT,spdx_id,MapFuzzyMatch
3857465,GPL-3.0,spdx_id,MapFuzzyMatch
6151226,BSD-2-Clause,spdx_id,MapFuzzyMatch
7396411,MIT,spdx_id,MapFuzzyMatch
4578364,MIT,spdx_id,MapFuzzyMatch
3595342,ISO-permission,spdx_id,MapFuzzyMatch
4578384,MIT,spdx_id,MapFuzzyMatch
3595345,WTFPL,spdx_id,MapFuzzyMatch
6347861,CDDL-1.1,spdx_id,MapFuzzyMatch
842838,MIT,spdx_id,MapFuzzyMatch
2677851,Apache-1.0,spdx_id,MapFuzzyMatch
1891426,0BSD,spdx_id,MapFuzzyMatch
187491,BSD-3-Clause-No-Nuclear-License,spdx_id,MapFuzzyMatch
4643971,Apache-1.0,spdx_id,MapFuzzyMatch
5495945,BSD-1-Clause,spdx_id,MapFuzzyMatch
2350222,MIT,spdx_id,MapFuzzyMatch
777365,MIT,spdx_id,MapFuzzyMatch
5823642,BSD-1-Clause,spdx_id,MapFuzzyMatch
2874525,MIT,spdx_id,MapFuzzyMatch
7134366,CC0-1.0,spdx_id,MapFuzzyMatch
5954719,MIT,spdx_id,MapFuzzyMatch
4578466,LGPL-2.1,spdx_id,MapExactID
5627049,MIT,spdx_id,MapFuzzyMatch
5299373,OSL-2.1,spdx_id,MapFuzzyMatch
318639,MIT,spdx_id,MapFuzzyMatch
5627063,MIT,spdx_id,MapFuzzyMatch
7527610,MIT,spdx_id,MapFuzzyMatch
5430465,MIT,spdx_id,MapFuzzyMatch
449731,Python-2.0,spdx_id,MapFuzzyMatch
5102789,ISO-permission,spdx_id,MapFuzzyMatch
2612422,MIT,spdx_id,MapFuzzyMatch
3071174,ISO-permission,spdx_id,MapFuzzyMatch
6085833,Apache-2.0,spdx_id,MapFuzzyMatch
3005646,MIT,spdx_id,MapFuzzyMatch
2153685,MIT,spdx_id,MapFuzzyMatch
5627094,GPL-3.0,spdx_id,MapFuzzyMatch
7068888,MIT,spdx_id,MapFuzzyMatch
1694940,ISO-permission,spdx_id,MapFuzzyMatch
7068892,MIT,spdx_id,MapFuzzyMatch
7527645,MIT,spdx_id,MapFuzzyMatch
5102817,MIT,spdx_id,MapFuzzyMatch
3398889,MIT,spdx_id,MapFuzzyMatch
122091,MIT,spdx_id,MapFuzzyMatch
5561580,Apache-1.0,spdx_id,MapFuzzyMatch
6675693,LGPL-3.0,spdx_id,MapFuzzyMatch
2546926,MIT,spdx_id,MapFuzzyMatch
5168374,Libpng,spdx_id,MapFuzzyMatch
2546942,MIT,spdx_id,MapFuzzyMatch
4513038,BSD-3-Clause,spdx_id,MapFuzzyMatch
4513054,MIT,spdx_id,MapFuzzyMatch
2678048,ISO-permission,spdx_id,MapFuzzyMatch
5692711,MIT,spdx_id,MapFuzzyMatch
2547002,ISO-permission,spdx_id,MapFuzzyMatch
3464507,ISO-permission,spdx_id,MapFuzzyMatch
318780,ISO-permission,spdx_id,MapFuzzyMatch
7396669,BSD-Advertising-Acknowledgement,spdx_id,MapFuzzyMatch
5496126,ISO-permission,spdx_id,MapFuzzyMatch
7396671,MIT,spdx_id,MapFuzzyMatch
2350400,MIT,spdx_id,MapFuzzyMatch
5496130,MIT,spdx_id,MapFuzzyMatch
3661129,copyleft-next-0.3.0,spdx_id,MapFuzzyMatch
3398988,BSL-1.0,spdx_id,MapFuzzyMatch
2874703,Apache-1.0,spdx_id,MapFuzzyMatch
7069013,MIT,spdx_id,MapFuzzyMatch
646487,MIT,spdx_id,MapFuzzyMatch
5496160,MIT,spdx_id,MapFuzzyMatch
5627235,BSD-1-Clause,spdx_id,MapFuzzyMatch
4971891,CC0-1.0,spdx_id,MapFuzzyMatch
6282617,ISO-permission,spdx_id,MapFuzzyMatch
2022784,AGPL-1.0,spdx_id,MapFuzzyMatch
5234052,MIT,spdx_id,MapFuzzyMatch
1039762,LGPL-2.1,spdx_id,MapFuzzyMatch
3202451,MIT,spdx_id,MapFuzzyMatch
646548,Apache-1.0,spdx_id,MapFuzzyMatch
4906388,ISO-permission,spdx_id,MapFuzzyMatch
5561771,MIT,spdx_id,MapFuzzyMatch
3005868,MIT,spdx_id,MapFuzzyMatch
5612369,MIT,spdx_id,MapFuzzyMatch
4971955,BSD-1-Clause,spdx_id,MapFuzzyMatch
2874807,CC0-1.0,spdx_id,MapFuzzyMatch
318909,BSD-1-Clause,spdx_id,MapFuzzyMatch
2153920,ISO-permission,spdx_id,MapFuzzyMatch
2809280,MIT,spdx_id,MapFuzzyMatch
6086084,BSD-3-Clause,spdx_id,MapFuzzyMatch
7462340,MIT,spdx_id,MapFuzzyMatch
6282700,MIT,spdx_id,MapFuzzyMatch
1105370,MIT,spdx_id,MapFuzzyMatch
4578783,Apache-1.0,spdx_id,MapFuzzyMatch
1170913,Apache-1.0,spdx_id,MapFuzzyMatch
5692898,MIT,spdx_id,MapFuzzyMatch
7593444,MIT,spdx_id,MapFuzzyMatch
3661286,MIT,spdx_id,MapFuzzyMatch
6020582,MIT,spdx_id,MapFuzzyMatch
3923438,BSD-3-Clause,spdx_id,MapFuzzyMatch
5168622,Apache-1.0,spdx_id,MapFuzzyMatch
5496330,EPL-1.0,spdx_id,MapFuzzyMatch
5168652,MIT,spdx_id,MapFuzzyMatch
2547218,MIT,spdx_id,MapFuzzyMatch
6348311,MIT,spdx_id,MapFuzzyMatch
5168675,ISO-permission,spdx_id,MapFuzzyMatch
3661348,ISO-permission,spdx_id,MapFuzzyMatch
1170985,Apache-2.0,spdx_id,MapFuzzyMatch
4054569,MIT,spdx_id,MapFuzzyMatch
3530290,ANTLR-PD,spdx_id,MapFuzzyMatch
5168697,ISO-permission,spdx_id,MapFuzzyMatch
3530298,BSD-2-Clause,spdx_id,MapFuzzyMatch
7134813,Apache-1.0,spdx_id,MapFuzzyMatch
3792479,CC-BY-NC-1.0,spdx_id,MapFuzzyMatch
2350697,MIT,spdx_id,MapFuzzyMatch
712304,Apache-1.0,spdx_id,MapFuzzyMatch
3333747,MIT,spdx_id,MapFuzzyMatch
5299851,ISO-permission,spdx_id,MapFuzzyMatch
1826444,AGPL-3.0,spdx_id,MapFuzzyMatch
843406,MIT,spdx_id,MapFuzzyMatch
188048,ISO-permission,spdx_id,MapFuzzyMatch
7528081,MIT,spdx_id,MapFuzzyMatch
5955221,CC-BY-4.0,spdx_id,MapFuzzyMatch
4578970,BSD-2-Clause,spdx_id,MapFuzzyMatch
5562025,MIT,spdx_id,MapFuzzyMatch
7528112,Apache-2.0,spdx_id,MapFuzzyMatch
4054709,MIT,spdx_id,MapFuzzyMatch
3661494,MIT,spdx_id,MapFuzzyMatch
5562037,MIT,spdx_id,MapFuzzyMatch
843461,MIT,spdx_id,MapFuzzyMatch
3071688,MIT,spdx_id,MapFuzzyMatch
3006156,ISO-permission,spdx_id,MapFuzzyMatch
2612944,X11,spdx_id,MapFuzzyMatch
6020820,MIT,spdx_id,MapFuzzyMatch
1760982,MIT,spdx_id,MapFuzzyMatch
6151913,ISO-permission,spdx_id,MapFuzzyMatch
5299952,MIT,spdx_id,MapFuzzyMatch
6282997,MIT,spdx_id,MapFuzzyMatch
5168886,MIT,spdx_id,MapFuzzyMatch
4185854,ISO-permission,spdx_id,MapFuzzyMatch
3006217,CC0-1.0,spdx_id,MapFuzzyMatch
974604,BSD-3-Clause,spdx_id,MapFuzzyMatch
3596051,ISO-permission,spdx_id,MapFuzzyMatch
2744086,MIT,spdx_id,MapFuzzyMatch
843549,MIT,spdx_id,MapFuzzyMatch
1761054,MIT,spdx_id,MapFuzzyMatch
319263,AGPL-1.0,spdx_id,MapFuzzyMatch
5168934,ISO-permission,spdx_id,MapFuzzyMatch
3071798,MIT,spdx_id,MapFuzzyMatch
3333951,FreeImage,spdx_id,MapFuzzyMatch
3596096,BSD-1-Clause,spdx_id,MapFuzzyMatch
5955402,AGPL-3.0,spdx_id,MapFuzzyMatch
1761100,MIT,spdx_id,MapFuzzyMatch
2154320,ISO-permission,spdx_id,MapFuzzyMatch
2613083,MIT,spdx_id,MapFuzzyMatch
7200606,MIT,spdx_id,MapFuzzyMatch
5955428,MIT,spdx_id,MapFuzzyMatch
2154346,MIT,spdx_id,MapFuzzyMatch
1105773,MIT,spdx_id,MapFuzzyMatch
5431151,MIT,spdx_id,MapFuzzyMatch
3399536,CC-BY-SA-3.0-IGO,spdx_id,MapFuzzyMatch
1957746,ISO-permission,spdx_id,MapFuzzyMatch
7266172,BSD-1-Clause,spdx_id,MapFuzzyMatch
7397247,MIT,spdx_id,MapFuzzyMatch
6283138,MIT,spdx_id,MapFuzzyMatch
6545283,MIT,spdx_id,MapFuzzyMatch
4513671,MIT,spdx_id,MapFuzzyMatch
515986,MIT,spdx_id,MapFuzzyMatch
188311,Apache-1.1,spdx_id,MapFuzzyMatch
319387,OSL-1.1,spdx_id,MapFuzzyMatch
1761179,MIT,spdx_id,MapFuzzyMatch
57248,MIPS,spdx_id,MapFuzzyMatch
2285473,GPL-3.0,spdx_id,MapFuzzyMatch
6676387,MIT,spdx_id,MapFuzzyMatch
2154412,Apache-2.0,spdx_id,MapFuzzyMatch
122800,Beerware,spdx_id,MapFuzzyMatch
319408,MIT,spdx_id,MapFuzzyMatch
4186040,MIT,spdx_id,MapFuzzyMatch
6676408,AGPL-3.0-only,spdx_id,MapExactMatch
1761217,PHP-3.0,spdx_id,MapFuzzyMatch
122818,GPL-2.0-only,spdx_id,MapExactID
450499,BSL-1.0,spdx_id,MapFuzzyMatch
7004098,MIT,spdx_id,MapFuzzyMatch
3334085,MIT,spdx_id,MapFuzzyMatch
57302,MIT,spdx_id,MapFuzzyMatch
57303,ISO-permission,spdx_id,MapFuzzyMatch
57306,ISO-permission,spdx_id,MapFuzzyMatch
1040352,GPL-3.0,spdx_id,MapFuzzyMatch
7200737,MIT,spdx_id,MapFuzzyMatch
6676474,MIT,spdx_id,MapFuzzyMatch
2547707,MIT,spdx_id,MapFuzzyMatch
2744327,ISO-permission,spdx_id,MapFuzzyMatch
5496843,CECILL-2.1,spdx_id,MapExactMatch
3596309,Apache-2.0,spdx_id,MapFuzzyMatch
253986,MIT,spdx_id,MapFuzzyMatch
3399717,MIT,spdx_id,MapFuzzyMatch
2809921,MIT,spdx_id,MapFuzzyMatch
843843,MIT,spdx_id,MapFuzzyMatch
254020,MIT,spdx_id,MapFuzzyMatch
3596360,Apache-1.0,spdx_id,MapFuzzyMatch
57418,CC-BY-NC-ND-4.0,spdx_id,MapFuzzyMatch
3203151,MIT,spdx_id,MapFuzzyMatch
3792986,MIT,spdx_id,MapFuzzyMatch
4907100,Apache-1.0,spdx_id,MapFuzzyMatch
2744430,MIT,spdx_id,MapFuzzyMatch
3530879,ISO-permission,spdx_id,MapFuzzyMatch
3989635,MIT,spdx_id,MapFuzzyMatch
6611081,ISO-permission,spdx_id,MapFuzzyMatch
57486,MIT,spdx_id,MapFuzzyMatch
516252,copyleft-next-0.3.0,spdx_id,MapFuzzyMatch
6611101,MIT,spdx_id,MapFuzzyMatch
7004319,MIT,spdx_id,MapFuzzyMatch
6545577,GPL-3.0,spdx_id,MapFuzzyMatch
6152369,ISO-permission,spdx_id,MapFuzzyMatch
5234870,MIT,spdx_id,MapFuzzyMatch
254141,Zlib,spdx_id,MapExactID
4055233,MIT,spdx_id,MapFuzzyMatch
843970,GPL-1.0,spdx_id,MapFuzzyMatch
516292,MIT,spdx_id,MapFuzzyMatch
516293,MIT,spdx_id,MapFuzzyMatch
57542,SMAIL-GPL,spdx_id,MapFuzzyMatch
3793093,ISO-permission,spdx_id,MapFuzzyMatch
516300,MIT,spdx_id,MapFuzzyMatch
254159,Apache-2.0,spdx_id,MapFuzzyMatch
2482392,MIT,spdx_id,MapFuzzyMatch
254177,wxWindows,spdx_id,MapExactID
5562595,BSD-3-Clause-LBNL,spdx_id,MapFuzzyMatch
7200996,MIT,spdx_id,MapFuzzyMatch
3465445,ISO-permission,spdx_id,MapFuzzyMatch
5955843,MIT,spdx_id,MapFuzzyMatch
7463171,GPL-3.0,spdx_id,MapExactID
4120844,MIT,spdx_id,MapFuzzyMatch
3596559,GPL-1.0,spdx_id,MapFuzzyMatch
5824784,MIT,spdx_id,MapFuzzyMatch
7332115,MIT,spdx_id,MapFuzzyMatch
2154781,MIT,spdx_id,MapFuzzyMatch
3858722,BSD-3-Clause,spdx_id,MapFuzzyMatch
3137834,MIT,spdx_id,MapFuzzyMatch
6611249,GPL-1.0,spdx_id,MapFuzzyMatch
778550,BSD-3-Clause,spdx_id,MapFuzzyMatch
2154808,BSD-2-Clause,spdx_id,MapFuzzyMatch
516428,psfrag,spdx_id,MapFuzzyMatch
5300565,MIT,spdx_id,MapFuzzyMatch
5759320,MIT,spdx_id,MapFuzzyMatch
975193,MIT,spdx_id,MapFuzzyMatch
6218077,MIT,spdx_id,MapFuzzyMatch
1696095,MIT,spdx_id,MapFuzzyMatch
319852,LGPL-2.1-only,spdx_id,MapExactID
1696113,copyleft-next-0.3.0,spdx_id,MapFuzzyMatch
3072369,MIT,spdx_id,MapFuzzyMatch
6283639,MIT,spdx_id,MapFuzzyMatch
5890429,MIT,spdx_id,MapFuzzyMatch
6218109,MIT,spdx_id,MapFuzzyMatch
2023809,ANTLR-PD,spdx_id,MapFuzzyMatch
6283647,MIT,spdx_id,MapFuzzyMatch
7266695,Apache-2.0,spdx_id,MapFuzzyMatch
2679176,Apache-1.0,spdx_id,MapFuzzyMatch
123276,Apache-2.0,spdx_id,MapExactMatch
2154894,ISO-permission,spdx_id,MapFuzzyMatch
5104014,GLWTPL,spdx_id,MapFuzzyMatch
6283672,MIT,spdx_id,MapFuzzyMatch
5300634,PSF-2.0,spdx_id,MapFuzzyMatch
3596704,ISO-permission,spdx_id,MapFuzzyMatch
4579754,ISO-permission,spdx_id,MapFuzzyMatch
3596715,MIT,spdx_id,MapFuzzyMatch
4514220,MIT,spdx_id,MapFuzzyMatch
319917,CNRI-Python-GPL-Compatible,spdx_id,MapFuzzyMatch
5562795,ISO-permission,spdx_id,MapFuzzyMatch
5562812,MIT,spdx_id,MapFuzzyMatch
2023879,MIT,spdx_id,MapFuzzyMatch
2875849,ISO-permission,spdx_id,MapFuzzyMatch
1106387,Apache-2.0,spdx_id,MapExactMatch
7332326,ISO-permission,spdx_id,MapFuzzyMatch
4973034,BSD-2-Clause,spdx_id,MapFuzzyMatch
3203563,MIT,spdx_id,MapFuzzyMatch
2941435,BSD-1-Clause,spdx_id,MapFuzzyMatch
3990015,AFL-1.1,spdx_id,MapFuzzyMatch
4186627,MIT,spdx_id,MapFuzzyMatch
7660039,MIT,spdx_id,MapFuzzyMatch
5300746,BSD-Source-Code,spdx_id,MapFuzzyMatch
385551,MIT,spdx_id,MapFuzzyMatch
3269137,MIT,spdx_id,MapFuzzyMatch
1958421,MIT,spdx_id,MapFuzzyMatch
2810408,ISO-permission,spdx_id,MapFuzzyMatch
7135789,MIT,spdx_id,MapFuzzyMatch
3793459,MIT,spdx_id,MapFuzzyMatch
6152758,MIT,spdx_id,MapFuzzyMatch
6349370,X11-no-permit-persons,spdx_id,MapFuzzyMatch
713285,Artistic-2.0,spdx_id,MapFuzzyMatch
385618,MIT,spdx_id,MapFuzzyMatch
6480474,MIT,spdx_id,MapFuzzyMatch
6480478,MIT,spdx_id,MapFuzzyMatch
2876010,ISO-permission,spdx_id,MapFuzzyMatch
3596913,MIT,spdx_id,MapFuzzyMatch
7660151,Apache-1.0,spdx_id,MapFuzzyMatch
5628538,ISO-permission,spdx_id,MapFuzzyMatch
3793536,MIT,spdx_id,MapFuzzyMatch
3793550,ANTLR-PD,spdx_id,MapFuzzyMatch
1893013,BSL-1.0,spdx_id,MapFuzzyMatch
7594650,Apache-1.0,spdx_id,MapFuzzyMatch
3007135,MIT,spdx_id,MapFuzzyMatch
3990176,MIT,spdx_id,MapFuzzyMatch
5956255,BSD-3-Clause,spdx_id,MapFuzzyMatch
3203757,ISO-permission,spdx_id,MapFuzzyMatch
3007155,MIT,spdx_id,MapFuzzyMatch
385719,Apache-2.0,spdx_id,MapFuzzyMatch
58044,Unlicense,spdx_id,MapExactID
4580030,MIT,spdx_id,MapFuzzyMatch
647879,ISO-permission,spdx_id,MapFuzzyMatch
516820,MIT,spdx_id,MapFuzzyMatch
516821,MIT,spdx_id,MapFuzzyMatch
4842199,MIT,spdx_id,MapFuzzyMatch
58074,GPL-3.0,spdx_id,MapExactID
5169882,ISO-permission,spdx_id,MapFuzzyMatch
2155228,copyleft-next-0.3.0,spdx_id,MapFuzzyMatch
2941665,MIT,spdx_id,MapFuzzyMatch
1762019,CC-PDDC,spdx_id,MapFuzzyMatch
6284003,MIT,spdx_id,MapFuzzyMatch
3203816,ISO-permission,spdx_id,MapFuzzyMatch
3203817,MIT,spdx_id,MapFuzzyMatch
3990250,BSD-1-Clause,spdx_id,MapFuzzyMatch
7070444,MIT,spdx_id,MapFuzzyMatch
5890798,MIT,spdx_id,MapFuzzyMatch
2024180,MIT,spdx_id,MapFuzzyMatch
713461,ISO-permission,spdx_id,MapFuzzyMatch
2089733,MIT,spdx_id,MapFuzzyMatch
4580113,MIT,spdx_id,MapFuzzyMatch
4580114,MIT,spdx_id,MapFuzzyMatch
2155286,BSD-2-Clause,spdx_id,MapFuzzyMatch
4907801,MIT,spdx_id,MapFuzzyMatch
4580122,MIT,spdx_id,MapFuzzyMatch
4907804,MIT,spdx_id,MapFuzzyMatch
7136043,Apache-1.0,spdx_id,MapFuzzyMatch
6349614,AGPL-3.0,spdx_id,MapFuzzyMatch
4580147,Apache-2.0,spdx_id,MapFuzzyMatch
7332659,Apache-2.0,spdx_id,MapFuzzyMatch
7594806,MIT,spdx_id,MapFuzzyMatch
7267133,CECILL-1.0,spdx_id,MapFuzzyMatch
3924810,OLFL-1.3,spdx_id,MapFuzzyMatch
2614101,MIT,spdx_id,MapFuzzyMatch
58200,MIT,spdx_id,MapFuzzyMatch
3335002,CERN-OHL-1.1,spdx_id,MapFuzzyMatch
58206,,unknown,MapNA
2941791,ISO-permission,spdx_id,MapFuzzyMatch
385890,MIT,spdx_id,MapFuzzyMatch
58215,MIT,spdx_id,MapExactID
713580,Apache-1.0,spdx_id,MapFuzzyMatch
58226,MIT,spdx_id,MapFuzzyMatch
5759861,MIT,spdx_id,MapFuzzyMatch
5956471,GPL-3.0,spdx_id,MapFuzzyMatch
844666,MIT,spdx_id,MapFuzzyMatch
2548603,MIT,spdx_id,MapFuzzyMatch
3793786,MIT,spdx_id,MapFuzzyMatch
5694335,MIT,spdx_id,MapFuzzyMatch
58245,MIT,spdx_id,MapFuzzyMatch
1893255,BUSL-1.1,spdx_id,MapFuzzyMatch
3531660,ISO-permission,spdx_id,MapFuzzyMatch
7070609,MIT,spdx_id,MapFuzzyMatch
5563288,MIT,spdx_id,MapFuzzyMatch
844711,MIT,spdx_id,MapFuzzyMatch
4121512,MIT,spdx_id,MapFuzzyMatch
2679723,BSD-3-Clause-No-Nuclear-License,spdx_id,MapFuzzyMatch
123823,GPL-2.0,spdx_id,MapFuzzyMatch
7136180,MIT,spdx_id,MapFuzzyMatch
5301176,MIT,spdx_id,MapFuzzyMatch
123833,MIT,spdx_id,MapFuzzyMatch
3728317,BUSL-1.1,spdx_id,MapFuzzyMatch
58302,Apache-2.0,spdx_id,MapFuzzyMatch
5301183,MIT,spdx_id,MapFuzzyMatch
5694401,MIT,spdx_id,MapFuzzyMatch
648132,MIT,spdx_id,MapFuzzyMatch
6087626,MIT,spdx_id,MapFuzzyMatch
386001,MIT,spdx_id,MapFuzzyMatch
3269586,MIT,spdx_id,MapFuzzyMatch
5104600,MIT,spdx_id,MapFuzzyMatch
58330,CNRI-Python-GPL-Compatible,spdx_id,MapFuzzyMatch
3466224,ISO-permission,spdx_id,MapFuzzyMatch
3007475,MIT,spdx_id,MapFuzzyMatch
3466229,ISO-permission,spdx_id,MapFuzzyMatch
5497847,AFL-3.0,spdx_id,MapFuzzyMatch
3466233,ISO-permission,spdx_id,MapFuzzyMatch
5039103,MIT,spdx_id,MapFuzzyMatch
4514824,GPL-1.0,spdx_id,MapFuzzyMatch
3662857,MIT,spdx_id,MapFuzzyMatch
2745356,MIT,spdx_id,MapFuzzyMatch
451601,ZPL-2.0,spdx_id,MapFuzzyMatch
3662871,BSD-1-Clause,spdx_id,MapFuzzyMatch
5039127,MIT,spdx_id,MapFuzzyMatch
3925017,GPL-2.0,spdx_id,MapFuzzyMatch
6284319,MIT,spdx_id,MapFuzzyMatch
1696800,BSD-2-Clause,spdx_id,MapExactID
2024485,GPL-1.0,spdx_id,MapFuzzyMatch
648235,GPL-2.0,spdx_id,MapFuzzyMatch
6022189,MIT,spdx_id,MapFuzzyMatch
5825594,Apache-1.0,spdx_id,MapFuzzyMatch
1762364,Intel,spdx_id,MapFuzzyMatch
3204161,MIT,spdx_id,MapFuzzyMatch
3728455,MIT,spdx_id,MapFuzzyMatch
2614362,MIT,spdx_id,MapFuzzyMatch
386139,ISO-permission,spdx_id,MapFuzzyMatch
5760090,MIT,spdx_id,MapFuzzyMatch
2614366,MIT,spdx_id,MapFuzzyMatch
5825632,Apache-2.0,spdx_id,MapFuzzyMatch
844910,MIT,spdx_id,MapFuzzyMatch
1041521,MIT,spdx_id,MapFuzzyMatch
4121723,mpi-permissive,spdx_id,MapFuzzyMatch
3335293,Apache-1.0,spdx_id,MapFuzzyMatch
2614403,MIT,spdx_id,MapFuzzyMatch
1959057,CC-BY-3.0,spdx_id,MapFuzzyMatch
58514,MIT,spdx_id,MapFuzzyMatch
1696915,MIT,spdx_id,MapFuzzyMatch
5825681,MIT,spdx_id,MapFuzzyMatch
7201939,BSD-2-Clause,spdx_id,MapFuzzyMatch
779415,MIT,spdx_id,MapFuzzyMatch
124065,Apache-2.0,spdx_id,MapFuzzyMatch
58531,ISO-permission,spdx_id,MapFuzzyMatch
2286765,ISO-permission,spdx_id,MapFuzzyMatch
3335361,ISO-permission,spdx_id,MapFuzzyMatch
1696962,GPL-3.0,spdx_id,MapFuzzyMatch
2745540,ISC,spdx_id,MapFuzzyMatch
6677705,BSD-1-Clause,spdx_id,MapFuzzyMatch
6022346,ANTLR-PD,spdx_id,MapFuzzyMatch
3859668,BSD-1-Clause,spdx_id,MapFuzzyMatch
6022376,Apache-1.0,spdx_id,MapFuzzyMatch
4646124,MIT,spdx_id,MapFuzzyMatch
779502,MIT,spdx_id,MapFuzzyMatch
4056304,ISO-permission,spdx_id,MapFuzzyMatch
976114,,unknown,MapNA
5170417,Apache-1.1,spdx_id,MapFuzzyMatch
517374,MulanPSL-2.0,spdx_id,MapExactMatch
6677771,MIT,spdx_id,MapFuzzyMatch
3269904,ISO-permission,spdx_id,MapFuzzyMatch
3335444,BUSL-1.1,spdx_id,MapFuzzyMatch
2352406,CECILL-1.0,spdx_id,MapFuzzyMatch
5170455,Adobe-2006,spdx_id,MapFuzzyMatch
2221339,ISO-permission,spdx_id,MapFuzzyMatch
2352416,MIT,spdx_id,MapFuzzyMatch
5498148,ISO-permission,spdx_id,MapFuzzyMatch
3269925,MIT,spdx_id,MapFuzzyMatch
386349,MIT,spdx_id,MapFuzzyMatch
3007789,MIT,spdx_id,MapFuzzyMatch
4187438,copyleft-next-0.3.0,spdx_id,MapFuzzyMatch
5760307,MIT,spdx_id,MapFuzzyMatch
2352437,ISO-permission,spdx_id,MapFuzzyMatch
3401015,MIT,spdx_id,MapFuzzyMatch
5301566,MIT,spdx_id,MapFuzzyMatch
58688,MPL-2.0,spdx_id,MapFuzzyMatch
386373,MIT,spdx_id,MapFuzzyMatch
6088011,BSD-1-Clause,spdx_id,MapFuzzyMatch
3335501,ANTLR-PD,spdx_id,MapFuzzyMatch
7071057,MIT,spdx_id,MapFuzzyMatch
2680153,Apache-1.0,spdx_id,MapFuzzyMatch
7071067,MIT,spdx_id,MapFuzzyMatch
2942303,GPL-1.0,spdx_id,MapFuzzyMatch
7071072,BSD-3-Clause,spdx_id,MapFuzzyMatch
648546,BUSL-1.1,spdx_id,MapExactMatch
5563747,MIT,spdx_id,MapFuzzyMatch
3925367,Apache-2.0,spdx_id,MapFuzzyMatch
4187518,MIT,spdx_id,MapFuzzyMatch
1697184,BSD-1-Clause,spdx_id,MapFuzzyMatch
3532193,Apache-1.0,spdx_id,MapFuzzyMatch
58786,MIT,spdx_id,MapFuzzyMatch
714156,MIT,spdx_id,MapFuzzyMatch
6350264,MIT,spdx_id,MapFuzzyMatch
6612418,AGPL-3.0,spdx_id,MapFuzzyMatch
648656,ISO-permission,spdx_id,MapFuzzyMatch
5563864,MIT,spdx_id,MapFuzzyMatch
6022616,MIT,spdx_id,MapFuzzyMatch
6088154,AGPL-3.0-or-later,spdx_id,MapFuzzyMatch
3466716,BSD-1-Clause,spdx_id,MapFuzzyMatch
2811362,MIT,spdx_id,MapFuzzyMatch
321009,MIT,spdx_id,MapFuzzyMatch
386556,MIT,spdx_id,MapFuzzyMatch
1697278,OSL-2.1,spdx_id,MapFuzzyMatch
4515332,MIT,spdx_id,MapFuzzyMatch
5105156,ISO-permission,spdx_id,MapFuzzyMatch
3466762,MIT,spdx_id,MapFuzzyMatch
2811407,MIT,spdx_id,MapFuzzyMatch
5694994,MIT,spdx_id,MapFuzzyMatch
6612497,MIT,spdx_id,MapFuzzyMatch
124438,BSD-1-Clause,spdx_id,MapFuzzyMatch
2221597,ISO-permission,spdx_id,MapFuzzyMatch
5301790,Artistic-1.0,spdx_id,MapFuzzyMatch
6284832,MIT,spdx_id,MapFuzzyMatch
4580902,MIT,spdx_id,MapFuzzyMatch
5039667,ISO-permission,spdx_id,MapFuzzyMatch
5760563,MIT,spdx_id,MapFuzzyMatch
5236301,MIT,spdx_id,MapFuzzyMatch
4187726,Apache-1.0,spdx_id,MapFuzzyMatch
845398,LGPL-2.0,spdx_id,MapExactID
3860062,MIT,spdx_id,MapFuzzyMatch
2680419,LGPL-3.0,spdx_id,MapFuzzyMatch
2614889,BSD-3-Clause,spdx_id,MapFuzzyMatch
5695093,MIT,spdx_id,MapFuzzyMatch
2811520,LPD-document,spdx_id,MapFuzzyMatch
7464579,MIT,spdx_id,MapFuzzyMatch
5695115,AGPL-3.0-only,spdx_id,MapExactMatch
3335820,MIT,spdx_id,MapFuzzyMatch
1107597,MIT,spdx_id,MapFuzzyMatch
5564050,Apache-1.0,spdx_id,MapFuzzyMatch
5498523,MIT,spdx_id,MapFuzzyMatch
4122274,Apache-1.0,spdx_id,MapFuzzyMatch
6088361,Apache-2.0,spdx_id,MapFuzzyMatch
779947,MIT,spdx_id,MapFuzzyMatch
4122283,MIT,spdx_id,MapFuzzyMatch
59053,Apache-2.0,spdx_id,MapFuzzyMatch
5498542,BSD-1-Clause,spdx_id,MapFuzzyMatch
6612658,MIT,spdx_id,MapFuzzyMatch
3794612,MIT,spdx_id,MapFuzzyMatch
2614968,MIT,spdx_id,MapFuzzyMatch
3663550,MIT,spdx_id,MapFuzzyMatch
7268032,MIT,spdx_id,MapFuzzyMatch
386757,QPL-1.0,spdx_id,MapFuzzyMatch
4122311,MIT,spdx_id,MapFuzzyMatch
386760,QPL-1.0,spdx_id,MapFuzzyMatch
4581065,BSD-3-Clause,spdx_id,MapFuzzyMatch
4581072,BSD-3-Clause,spdx_id,MapFuzzyMatch
3598035,Apache-2.0,spdx_id,MapFuzzyMatch
5433053,MIT,spdx_id,MapFuzzyMatch
5564125,MIT,spdx_id,MapExactID
5564127,ISO-permission,spdx_id,MapFuzzyMatch
7399148,MIT,spdx_id,MapFuzzyMatch
3270382,MIT,spdx_id,MapFuzzyMatch
3925754,ISO-permission,spdx_id,MapFuzzyMatch
6481658,BSD-1-Clause,spdx_id,MapFuzzyMatch
3860221,Apache-1.0,spdx_id,MapFuzzyMatch
3663618,MIT,spdx_id,MapFuzzyMatch
3925766,MIT,spdx_id,MapFuzzyMatch
2221836,ParaType-Free-Font-1.3,spdx_id,MapFuzzyMatch
2221838,MIT,spdx_id,MapFuzzyMatch
5039896,MIT,spdx_id,MapFuzzyMatch
1042209,MIT,spdx_id,MapFuzzyMatch
2025253,MIT,spdx_id,MapFuzzyMatch
649008,MIT,spdx_id,MapFuzzyMatch
649013,MIT,spdx_id,MapFuzzyMatch
7530294,BSD-1-Clause,spdx_id,MapFuzzyMatch
3991358,ISO-permission,spdx_id,MapFuzzyMatch
5564225,GPL-2.0,spdx_id,MapExactID
5629761,MIT,spdx_id,MapFuzzyMatch
780103,BSD-1-Clause,spdx_id,MapFuzzyMatch
5564238,MIT,spdx_id,MapFuzzyMatch
6022992,MIT,spdx_id,MapFuzzyMatch
2090838,MIT,spdx_id,MapFuzzyMatch
7661401,LGPL,license_family,MapLicenseFamily
3729247,MIT,spdx_id,MapFuzzyMatch
7399266,MIT,spdx_id,MapFuzzyMatch
4515687,BSD-3-Clause,spdx_id,MapFuzzyMatch
649064,GPL-3.0,spdx_id,MapFuzzyMatch
6088558,MIT,spdx_id,MapFuzzyMatch
386930,LGPL-2.0,spdx_id,MapFuzzyMatch
3925880,copyleft-next-0.3.0,spdx_id,MapFuzzyMatch
3532671,MIT,spdx_id,MapFuzzyMatch
3336064,AGPL-3.0,spdx_id,MapFuzzyMatch
2877320,ParaType-Free-Font-1.3,spdx_id,MapFuzzyMatch
7071644,MIT,spdx_id,MapFuzzyMatch
124832,MIT,spdx_id,MapFuzzyMatch
518055,MIT,spdx_id,MapFuzzyMatch
1566633,MIPS,spdx_id,MapFuzzyMatch
5629867,GLWTPL,spdx_id,MapFuzzyMatch
5171119,CC-BY-4.0,spdx_id,MapFuzzyMatch
5040049,MIT,spdx_id,MapFuzzyMatch
6481844,MIT,spdx_id,MapFuzzyMatch
5564343,ISO-permission,spdx_id,MapFuzzyMatch
2484152,MIT,spdx_id,MapFuzzyMatch
6088632,MIT,spdx_id,MapFuzzyMatch
7268288,MIT,spdx_id,MapFuzzyMatch
5302222,ISO-permission,spdx_id,MapFuzzyMatch
6350803,ISO-permission,spdx_id,MapFuzzyMatch
3532760,MIT,spdx_id,MapFuzzyMatch
2222056,CC-PDDC,spdx_id,MapFuzzyMatch
5957612,MIT,spdx_id,MapFuzzyMatch
5957615,ISO-permission,spdx_id,MapFuzzyMatch
2090995,MIT,spdx_id,MapFuzzyMatch
6023165,MIT,spdx_id,MapFuzzyMatch
5629953,OSL-1.1,spdx_id,MapFuzzyMatch
3074050,ISC,spdx_id,MapFuzzyMatch
4515851,MIT,spdx_id,MapFuzzyMatch
1107982,MIT,spdx_id,MapFuzzyMatch
7268367,BSD-1-Clause,spdx_id,MapFuzzyMatch
6219802,MIT,spdx_id,MapFuzzyMatch
976928,BSD-3-Clause,spdx_id,MapFuzzyMatch
2484260,copyleft-next-0.3.0,spdx_id,MapFuzzyMatch
452651,Apache-2.0,spdx_id,MapFuzzyMatch
2287668,Apache-1.0,spdx_id,MapFuzzyMatch
6219832,MIT,spdx_id,MapFuzzyMatch
3467325,OpenSSL,spdx_id,MapFuzzyMatch
124990,BSD-3-Clause,spdx_id,MapFuzzyMatch
3926102,MIT,spdx_id,MapFuzzyMatch
4843608,MIT,spdx_id,MapFuzzyMatch
5105753,PostgreSQL,spdx_id,MapExactMatch
7530597,MIT,spdx_id,MapFuzzyMatch
321640,MIT,spdx_id,MapFuzzyMatch
7202929,BSD-Source-Code,spdx_id,MapFuzzyMatch
6219891,AGPL-3.0,spdx_id,MapFuzzyMatch
1894519,MIT,spdx_id,MapFuzzyMatch
7465091,MIT,spdx_id,MapFuzzyMatch
4581509,MIT,spdx_id,MapFuzzyMatch
4647051,MIT,spdx_id,MapFuzzyMatch
4122781,MIT,spdx_id,MapFuzzyMatch
5040289,ISO-permission,spdx_id,MapFuzzyMatch
5040292,MIT,spdx_id,MapFuzzyMatch
5433513,LGPL-2.0,spdx_id,MapFuzzyMatch
3729585,MIT,spdx_id,MapFuzzyMatch
59578,Apache-2.0,spdx_id,MapFuzzyMatch
5499072,MIT,spdx_id,MapFuzzyMatch
452810,LGPL-3.0,spdx_id,MapFuzzyMatch
256208,MIT,spdx_id,MapFuzzyMatch
452816,MIT,spdx_id,MapFuzzyMatch
5105873,PostgreSQL,spdx_id,MapFuzzyMatch
3729622,MIT,spdx_id,MapFuzzyMatch
5171427,LPD-document,spdx_id,MapFuzzyMatch
2222314,MIT,spdx_id,MapFuzzyMatch
2484459,GPL-1.0,spdx_id,MapFuzzyMatch
2025727,MIT,spdx_id,MapFuzzyMatch
6088975,MIT,spdx_id,MapFuzzyMatch
846098,MIT,spdx_id,MapFuzzyMatch
7203095,MIT,spdx_id,MapFuzzyMatch
1829152,MIT,spdx_id,MapFuzzyMatch
190761,AGPL-3.0-only,spdx_id,MapExactMatch
1960235,Apache-1.0,spdx_id,MapFuzzyMatch
3402028,MIT,spdx_id,MapFuzzyMatch
7137594,MIT,spdx_id,MapFuzzyMatch
1960253,MIT,spdx_id,MapFuzzyMatch
5892422,Apache-1.0,spdx_id,MapFuzzyMatch
6351175,MIT,spdx_id,MapFuzzyMatch
1763658,ISO-permission,spdx_id,MapFuzzyMatch
4647247,MIT,spdx_id,MapFuzzyMatch
4843866,ISO-permission,spdx_id,MapFuzzyMatch
6351195,BSD-3-Clause,spdx_id,MapFuzzyMatch
3336546,MIT,spdx_id,MapFuzzyMatch
3991909,MIT,spdx_id,MapFuzzyMatch
321901,MIT,spdx_id,MapFuzzyMatch
5892482,MIT,spdx_id,MapFuzzyMatch
453002,,unknown,MapNA
4516240,Apache-2.0,spdx_id,MapFuzzyMatch
715155,MIT,spdx_id,MapFuzzyMatch
6613400,ISO-permission,spdx_id,MapFuzzyMatch
125338,MIT,spdx_id,MapFuzzyMatch
125339,CDDL-1.0,spdx_id,MapFuzzyMatch
6482333,MIT,spdx_id,MapFuzzyMatch
321954,Zlib,spdx_id,MapFuzzyMatch
190890,SMAIL-GPL,spdx_id,MapFuzzyMatch
4123056,LGPL-2.1,spdx_id,MapFuzzyMatch
5171639,MIT,spdx_id,MapFuzzyMatch
59833,LGPL-2.1,spdx_id,MapFuzzyMatch
5630393,MIT,spdx_id,MapFuzzyMatch
3402174,MIT,spdx_id,MapFuzzyMatch
125400,GPL-3.0,spdx_id,MapFuzzyMatch
4647390,GPL-3.0,spdx_id,MapFuzzyMatch
5695968,MIT,spdx_id,MapFuzzyMatch
7596512,Python-2.0,spdx_id,MapExactMatch
5499363,BSD-1-Clause,spdx_id,MapFuzzyMatch
2091492,MIT,spdx_id,MapFuzzyMatch
649715,MIT,spdx_id,MapFuzzyMatch
5040628,MIT,spdx_id,MapFuzzyMatch
5630451,MIT,spdx_id,MapFuzzyMatch
1763831,MIT,spdx_id,MapFuzzyMatch
518676,MIT,spdx_id,MapFuzzyMatch
3074583,ISO-permission,spdx_id,MapFuzzyMatch
1894937,ISO-permission,spdx_id,MapFuzzyMatch
7662105,MIT,spdx_id,MapFuzzyMatch
59941,ISO-permission,spdx_id,MapFuzzyMatch
4909607,BSD-1-Clause,spdx_id,MapFuzzyMatch
1894953,MIT,spdx_id,MapFuzzyMatch
1763885,CC-BY-4.0,spdx_id,MapFuzzyMatch
6023731,MIT,spdx_id,MapFuzzyMatch
3074619,MIT,spdx_id,MapFuzzyMatch
649788,Apache-1.1,spdx_id,MapFuzzyMatch
3926588,LGPL-2.1,spdx_id,MapFuzzyMatch
2615872,MIT,spdx_id,MapFuzzyMatch
780867,MIT,spdx_id,MapFuzzyMatch
4909638,BSD-1-Clause,spdx_id,MapFuzzyMatch
322119,Zlib,spdx_id,MapFuzzyMatch
2812487,BSD-1-Clause,spdx_id,MapFuzzyMatch
7400015,MIT,spdx_id,MapFuzzyMatch
387673,Apache-1.0,spdx_id,MapFuzzyMatch
3730010,MIT,spdx_id,MapFuzzyMatch
6220379,MIT,spdx_id,MapFuzzyMatch
7137881,Fair,spdx_id,MapFuzzyMatch
6220384,copyleft-next-0.3.0,spdx_id,MapFuzzyMatch
387715,BitTorrent-1.0,spdx_id,MapFuzzyMatch
5171850,MIT,spdx_id,MapFuzzyMatch
6482590,ISO-permission,spdx_id,MapFuzzyMatch
2091682,MIT,spdx_id,MapFuzzyMatch
5171875,CC-PDDC,spdx_id,MapFuzzyMatch
3140261,ISO-permission,spdx_id,MapFuzzyMatch
3074729,MIT,spdx_id,MapFuzzyMatch
5302954,ANTLR-PD,spdx_id,MapFuzzyMatch
5302959,MIT,spdx_id,MapFuzzyMatch
7400111,ISO-permission,spdx_id,MapFuzzyMatch
6613682,CC-BY-4.0,spdx_id,MapFuzzyMatch
3336887,Apache-2.0,spdx_id,MapFuzzyMatch
387779,ISO-permission,spdx_id,MapFuzzyMatch
5892808,Apache-2.0,spdx_id,MapFuzzyMatch
7465672,MIT,spdx_id,MapFuzzyMatch
60106,GPL-2.0,spdx_id,MapFuzzyMatch
2026191,GPL-2.0-or-later,spdx_id,MapFuzzyMatch
977623,CECILL-1.1,spdx_id,MapFuzzyMatch
6482649,MIT,spdx_id,MapFuzzyMatch
518880,MIT,spdx_id,MapFuzzyMatch
6613728,MIT,spdx_id,MapFuzzyMatch
3533539,MIT,spdx_id,MapFuzzyMatch
256748,NCL,spdx_id,MapFuzzyMatch
5434094,GPL-3.0,spdx_id,MapFuzzyMatch
6286065,BSD-3-Clause,spdx_id,MapFuzzyMatch
256760,AGPL-3.0,spdx_id,MapFuzzyMatch
1895162,MIT,spdx_id,MapFuzzyMatch
2288380,MIT,spdx_id,MapFuzzyMatch
2026261,MIT,spdx_id,MapFuzzyMatch
5303071,MIT,spdx_id,MapFuzzyMatch
1043236,ISO-permission,spdx_id,MapFuzzyMatch
4647718,Apache-1.0,spdx_id,MapFuzzyMatch
1960745,BSD-1-Clause,spdx_id,MapFuzzyMatch
387891,MIT,spdx_id,MapFuzzyMatch
2943796,BSD-1-Clause,spdx_id,MapFuzzyMatch
6548275,BSD-3-Clause,spdx_id,MapFuzzyMatch
1698614,MIT,spdx_id,MapFuzzyMatch
3140415,MIT,spdx_id,MapFuzzyMatch
5172033,EUPL-1.2,spdx_id,MapExactMatch
6089540,MIT,spdx_id,MapFuzzyMatch
6286148,Apache-2.0,spdx_id,MapFuzzyMatch
2943814,ISO-permission,spdx_id,MapFuzzyMatch
1043272,ISO-permission,spdx_id,MapFuzzyMatch
6286154,BSD-1-Clause,spdx_id,MapFuzzyMatch
7400267,AGPL-1.0,spdx_id,MapFuzzyMatch
3009358,BSD-1-Clause,spdx_id,MapFuzzyMatch
3140447,MIT,spdx_id,MapFuzzyMatch
1764193,ISO-permission,spdx_id,MapFuzzyMatch
2091889,LGPL-2.1,spdx_id,MapFuzzyMatch
4582259,MIT,spdx_id,MapFuzzyMatch
7662453,BSD-3-Clause,spdx_id,MapFuzzyMatch
781177,MIT,spdx_id,MapFuzzyMatch
7662467,BSD-3-Clause,spdx_id,MapFuzzyMatch
1698693,WTFPL,spdx_id,MapFuzzyMatch
5237640,ISO-permission,spdx_id,MapFuzzyMatch
5565321,MIT,spdx_id,MapFuzzyMatch
4516754,BSD-1-Clause,spdx_id,MapFuzzyMatch
256922,copyleft-next-0.3.0,spdx_id,MapFuzzyMatch
5893021,Apache-1.0,spdx_id,MapFuzzyMatch
715678,ASWF-Digital-Assets-1.0,spdx_id,MapFuzzyMatch
977822,MIT,spdx_id,MapFuzzyMatch
2747298,MIT,spdx_id,MapFuzzyMatch
3664804,MIT,spdx_id,MapFuzzyMatch
3009448,LGPL-2.0,spdx_id,MapFuzzyMatch
715692,ISO-permission,spdx_id,MapFuzzyMatch
3861430,MIT,spdx_id,MapFuzzyMatch
256951,MIT,spdx_id,MapFuzzyMatch
977848,MIT,spdx_id,MapFuzzyMatch
1043384,Apache-1.0,spdx_id,MapFuzzyMatch
3533756,BSD-3-Clause,spdx_id,MapFuzzyMatch
977856,MIT,spdx_id,MapFuzzyMatch
2616260,LGPL-2.1,spdx_id,MapFuzzyMatch
1043400,copyleft-next-0.3.0,spdx_id,MapFuzzyMatch
3140555,GPL-3.0,spdx_id,MapFuzzyMatch
191437,copyleft-next-0.3.0,spdx_id,MapFuzzyMatch
5630925,BSD,license_family,MapLicenseFamily
2288591,MIT,spdx_id,MapFuzzyMatch
3533783,MIT,spdx_id,MapFuzzyMatch
1895390,MIT,spdx_id,MapFuzzyMatch
7203817,MIT,spdx_id,MapFuzzyMatch
6351850,MIT,spdx_id,MapFuzzyMatch
3402747,MIT,spdx_id,MapFuzzyMatch
191489,CERN-OHL-1.1,spdx_id,MapFuzzyMatch
7007239,MIT,spdx_id,MapFuzzyMatch
7072789,LPD-document,spdx_id,MapFuzzyMatch
3337251,MIT,spdx_id,MapFuzzyMatch
7072808,MIT,spdx_id,MapFuzzyMatch
3337257,MIT,spdx_id,MapFuzzyMatch
3599401,LGPL-2.1,spdx_id,MapFuzzyMatch
7203890,BSD-1-Clause,spdx_id,MapFuzzyMatch
1829941,MIT,spdx_id,MapFuzzyMatch
846909,CMU-Mach,spdx_id,MapFuzzyMatch
2288701,GPL-3.0,spdx_id,MapFuzzyMatch
257090,ISO-permission,spdx_id,MapFuzzyMatch
2812994,MIT,spdx_id,MapFuzzyMatch
7203908,BSD-1-Clause,spdx_id,MapFuzzyMatch
322631,MIT,spdx_id,MapFuzzyMatch
846924,BSD-1-Clause,spdx_id,MapFuzzyMatch
191572,SMAIL-GPL,spdx_id,MapFuzzyMatch
60501,LGPL-2.0,spdx_id,MapFuzzyMatch
3533926,BSD,license_family,MapLicenseFamily
4516970,ANTLR-PD,spdx_id,MapFuzzyMatch
126066,Apache-2.0,spdx_id,MapFuzzyMatch
1895539,MIT,spdx_id,MapFuzzyMatch
257140,Apache-1.0,spdx_id,MapFuzzyMatch
191614,MIT,spdx_id,MapFuzzyMatch
2485375,MIT,spdx_id,MapFuzzyMatch
4058250,Mup,spdx_id,MapFuzzyMatch
2026651,MIT,spdx_id,MapFuzzyMatch
3992732,ulem,spdx_id,MapFuzzyMatch
5106847,MIT,spdx_id,MapFuzzyMatch
7335076,ISO-permission,spdx_id,MapFuzzyMatch
2026661,ISO-permission,spdx_id,MapFuzzyMatch
5106855,ISO-permission,spdx_id,MapFuzzyMatch
3992749,MIT,spdx_id,MapFuzzyMatch
1764538,BSD-3-Clause,spdx_id,MapFuzzyMatch
3337415,MIT,spdx_id,MapFuzzyMatch
978121,MIT,spdx_id,MapFuzzyMatch
2092237,LGPL-3.0,spdx_id,MapFuzzyMatch
2485457,MIT,spdx_id,MapFuzzyMatch
388313,Apache-1.0,spdx_id,MapFuzzyMatch
2944219,MIT,spdx_id,MapFuzzyMatch
650463,MIT,spdx_id,MapFuzzyMatch
388324,MIT,spdx_id,MapFuzzyMatch
3927269,ISO-permission,spdx_id,MapFuzzyMatch
2026729,ISO-permission,spdx_id,MapFuzzyMatch
2747629,MIT,spdx_id,MapFuzzyMatch
6024432,CC-BY-4.0,spdx_id,MapFuzzyMatch
7531764,MIT,spdx_id,MapFuzzyMatch
5303547,MIT,spdx_id,MapFuzzyMatch
3861771,SMAIL-GPL,spdx_id,MapFuzzyMatch
5303564,MIT,spdx_id,MapFuzzyMatch
5958925,MIT,spdx_id,MapFuzzyMatch
5106960,ISO-permission,spdx_id,MapFuzzyMatch
5106964,GPL-3.0,spdx_id,MapFuzzyMatch
3927317,ISO-permission,spdx_id,MapFuzzyMatch
4910369,BSD-1-Clause,spdx_id,MapFuzzyMatch
191779,MIT,spdx_id,MapFuzzyMatch
3075366,CC0-1.0,spdx_id,MapFuzzyMatch
3861800,MIT,spdx_id,MapFuzzyMatch
3075369,MIT,spdx_id,MapFuzzyMatch
3861801,MIT,spdx_id,MapFuzzyMatch
4975912,Apache-1.0,spdx_id,MapFuzzyMatch
4189484,MIT,spdx_id,MapFuzzyMatch
7597359,GPL-3.0,spdx_id,MapFuzzyMatch
2092348,MIT,spdx_id,MapFuzzyMatch
3599679,GPL-3.0,spdx_id,MapFuzzyMatch
191809,MIT,spdx_id,MapFuzzyMatch
781634,BSD-2-Clause,spdx_id,MapFuzzyMatch
7269703,ISO-permission,spdx_id,MapFuzzyMatch
3140936,MIT,spdx_id,MapFuzzyMatch
126282,SL,spdx_id,MapFuzzyMatch
322897,BSD-1-Clause,spdx_id,MapFuzzyMatch
453970,MIT,spdx_id,MapFuzzyMatch
453971,BSD-1-Clause,spdx_id,MapFuzzyMatch
3730776,Apache-1.0,spdx_id,MapFuzzyMatch
453983,BSD-1-Clause,spdx_id,MapFuzzyMatch
60768,LGPL-2.1,spdx_id,MapExactID
4844896,ISO-permission,spdx_id,MapFuzzyMatch
978278,MIT,spdx_id,MapFuzzyMatch
3796332,MIT,spdx_id,MapFuzzyMatch
4189550,BSD-3-Clause,spdx_id,MapFuzzyMatch
4648306,MIT,spdx_id,MapFuzzyMatch
5959028,MIT,spdx_id,MapFuzzyMatch
2944376,Apache-2.0,spdx_id,MapExactMatch
1764733,ISO-permission,spdx_id,MapFuzzyMatch
1830269,MIT,spdx_id,MapFuzzyMatch
7531902,MIT,spdx_id,MapFuzzyMatch
3009929,MIT,spdx_id,MapFuzzyMatch
781710,ISC,spdx_id,MapFuzzyMatch
716175,MIT,spdx_id,MapFuzzyMatch
781741,AFL-1.1,spdx_id,MapFuzzyMatch
126392,ISO-permission,spdx_id,MapFuzzyMatch
519611,Apache-2.0,spdx_id,MapFuzzyMatch
2551227,CC0-1.0,spdx_id,MapExactMatch
1830336,BSD-1-Clause,spdx_id,MapFuzzyMatch
716231,MIT,spdx_id,MapFuzzyMatch
1830346,BSD-1-Clause,spdx_id,MapFuzzyMatch
7007692,MIT,spdx_id,MapFuzzyMatch
6483411,MIT,spdx_id,MapFuzzyMatch
4058580,MIT,spdx_id,MapFuzzyMatch
1830362,MIT,spdx_id,MapFuzzyMatch
3403242,MIT,spdx_id,MapFuzzyMatch
1043956,GPL-3.0,spdx_id,MapFuzzyMatch
2813429,MIT,spdx_id,MapFuzzyMatch
5041655,Fair,spdx_id,MapFuzzyMatch
5041669,MIT,spdx_id,MapFuzzyMatch
4648458,MIT,spdx_id,MapFuzzyMatch
2354699,MIT,spdx_id,MapFuzzyMatch
3730963,ASWF-Digital-Assets-1.0,spdx_id,MapFuzzyMatch
5303826,MIT,spdx_id,MapFuzzyMatch
5303829,MIT,spdx_id,MapFuzzyMatch
2551319,MIT,spdx_id,MapFuzzyMatch
7466517,ISO-permission,spdx_id,MapFuzzyMatch
2092574,ISO-permission,spdx_id,MapFuzzyMatch
7597601,MIT,spdx_id,MapFuzzyMatch
4845093,MIT,spdx_id,MapFuzzyMatch
7597608,MIT,spdx_id,MapFuzzyMatch
1961513,NIST-Software,spdx_id,MapFuzzyMatch
3010092,MIT,spdx_id,MapFuzzyMatch
1044014,MIT,spdx_id,MapFuzzyMatch
2813494,MIT,spdx_id,MapFuzzyMatch
4189750,MS-LPL,spdx_id,MapFuzzyMatch
3141181,Noweb,spdx_id,MapFuzzyMatch
1044034,Apache-1.0,spdx_id,MapFuzzyMatch
3665475,Apache-2.0,spdx_id,MapFuzzyMatch
1896010,MIT,spdx_id,MapFuzzyMatch
3665482,MIT,spdx_id,MapFuzzyMatch
2485839,Apache-1.1,spdx_id,MapFuzzyMatch
5762644,0BSD,spdx_id,MapFuzzyMatch
388693,Nokia,spdx_id,MapExactID
1568346,Apache-1.0,spdx_id,MapFuzzyMatch
3534446,LPD-document,spdx_id,MapFuzzyMatch
4517487,MIT,spdx_id,MapFuzzyMatch
3796602,MIT,spdx_id,MapFuzzyMatch
2092669,MIT,spdx_id,MapFuzzyMatch
5041791,Apache-1.0,spdx_id,MapFuzzyMatch
5172864,MIT,spdx_id,MapFuzzyMatch
5238401,MIT,spdx_id,MapFuzzyMatch
5500550,MIT,spdx_id,MapFuzzyMatch
3862157,MIT,spdx_id,MapFuzzyMatch
454289,MIT,spdx_id,MapFuzzyMatch
2092690,MIT,spdx_id,MapFuzzyMatch
3141267,MIT,spdx_id,MapFuzzyMatch
5172885,MIT,spdx_id,MapFuzzyMatch
2092706,BSD-1-Clause,spdx_id,MapFuzzyMatch
650923,MIT,spdx_id,MapFuzzyMatch
3796652,MIT,spdx_id,MapFuzzyMatch
1765037,MIT,spdx_id,MapFuzzyMatch
3010222,ISO-permission,spdx_id,MapFuzzyMatch
3010224,MIT,spdx_id,MapFuzzyMatch
6614706,MIT,spdx_id,MapFuzzyMatch
3796661,MIT,spdx_id,MapFuzzyMatch
61112,CECILL-C,spdx_id,MapFuzzyMatch
2551486,MIT,spdx_id,MapFuzzyMatch
3796671,MIT,spdx_id,MapFuzzyMatch
782021,ISO-permission,spdx_id,MapFuzzyMatch
650953,MIT,spdx_id,MapFuzzyMatch
4452045,BSD-1-Clause,spdx_id,MapFuzzyMatch
1371857,BSD-2-Clause,spdx_id,MapFuzzyMatch
3010261,MIT,spdx_id,MapFuzzyMatch
1371862,Apache-2.0,spdx_id,MapExactMatch
1830614,SL,spdx_id,MapFuzzyMatch
5238490,Apache-1.0,spdx_id,MapFuzzyMatch
1896156,GD,spdx_id,MapFuzzyMatch
3010270,MIT,spdx_id,MapFuzzyMatch
388835,MIT,spdx_id,MapFuzzyMatch
388836,MIT,spdx_id,MapFuzzyMatch
5172972,BSD-1-Clause,spdx_id,MapFuzzyMatch
2748141,MIT,spdx_id,MapFuzzyMatch
257782,MIT,spdx_id,MapFuzzyMatch
6024965,MIT,spdx_id,MapFuzzyMatch
7466761,MIT,spdx_id,MapFuzzyMatch
454413,MIT,spdx_id,MapFuzzyMatch
454414,MIT,spdx_id,MapFuzzyMatch
5828366,Apache-1.0,spdx_id,MapFuzzyMatch
4845329,copyleft-next-0.3.0,spdx_id,MapFuzzyMatch
6024983,MIT,spdx_id,MapFuzzyMatch
2879256,MIT,spdx_id,MapFuzzyMatch
126749,ISO-permission,spdx_id,MapFuzzyMatch
4452130,GPL-3.0,spdx_id,MapFuzzyMatch
5697317,MIT,spdx_id,MapFuzzyMatch
6352690,MIT,spdx_id,MapFuzzyMatch
5762873,LPPL-1.3c,spdx_id,MapExactID
1044285,GPL-3.0,spdx_id,MapFuzzyMatch
5500737,MIT,spdx_id,MapFuzzyMatch
847692,MIT,spdx_id,MapFuzzyMatch
782158,ISO-permission,spdx_id,MapFuzzyMatch
5697358,ISO-permission,spdx_id,MapFuzzyMatch
1044319,LGPL-2.0,spdx_id,MapFuzzyMatch
2289503,ISO-permission,spdx_id,MapFuzzyMatch
5042016,Apache-1.0,spdx_id,MapFuzzyMatch
5697380,BSD-1-Clause,spdx_id,MapFuzzyMatch
2944869,MIT,spdx_id,MapFuzzyMatch
3469167,MIT,spdx_id,MapFuzzyMatch
4190066,Apache-1.0,spdx_id,MapFuzzyMatch
2355061,Apache-2.0,spdx_id,MapFuzzyMatch
3075958,MIT,spdx_id,MapFuzzyMatch
3796856,MIT,spdx_id,MapFuzzyMatch
5500792,Apache-2.0,spdx_id,MapFuzzyMatch
6156155,MIT,spdx_id,MapFuzzyMatch
6352764,MIT,spdx_id,MapFuzzyMatch
6549372,Apache-1.0,spdx_id,MapFuzzyMatch
2223999,LGPL-3.0,spdx_id,MapFuzzyMatch
2158465,AGPL-3.0,spdx_id,MapFuzzyMatch
3796868,MIT,spdx_id,MapFuzzyMatch
2682757,0BSD,spdx_id,MapFuzzyMatch
3862405,BSD-3-Clause,spdx_id,MapExactID
4845444,MIT,spdx_id,MapFuzzyMatch
5762949,GPL-1.0,spdx_id,MapFuzzyMatch
2551690,Python-2.0,spdx_id,MapFuzzyMatch
3010446,BSD-1-Clause,spdx_id,MapFuzzyMatch
5500828,MIT,spdx_id,MapFuzzyMatch
61342,AFL-3.0,spdx_id,MapExactID
2551719,MIT,spdx_id,MapFuzzyMatch
3927978,MIT,spdx_id,MapFuzzyMatch
4452268,MIT,spdx_id,MapFuzzyMatch
2879413,MIT,spdx_id,MapFuzzyMatch
454589,MIT,spdx_id,MapFuzzyMatch
6156229,BSD-1-Clause,spdx_id,MapFuzzyMatch
4059078,BSD-1-Clause,spdx_id,MapFuzzyMatch
3403736,OSL-1.1,spdx_id,MapFuzzyMatch
3796959,WTFPL,spdx_id,MapFuzzyMatch
3403744,MIT,spdx_id,MapFuzzyMatch
3534816,ISO-permission,spdx_id,MapFuzzyMatch
7270378,MIT,spdx_id,MapFuzzyMatch
258033,ISO-permission,spdx_id,MapFuzzyMatch
1765362,MIT,spdx_id,MapFuzzyMatch
389109,BUSL-1.1,spdx_id,MapFuzzyMatch
1830902,MIT,spdx_id,MapFuzzyMatch
5697529,MIT,spdx_id,MapFuzzyMatch
7073789,MIT,spdx_id,MapFuzzyMatch
5632006,MIT,spdx_id,MapFuzzyMatch
2617352,BSL-1.0,spdx_id,MapFuzzyMatch
2224150,MIT,spdx_id,MapFuzzyMatch
389146,MIT,spdx_id,MapFuzzyMatch
3600411,ISO-permission,spdx_id,MapFuzzyMatch
6352924,MIT,spdx_id,MapFuzzyMatch
7139355,LGPL-2.1,spdx_id,MapFuzzyMatch
3600416,MIT,spdx_id,MapFuzzyMatch
5173284,Apache-1.0,spdx_id,MapFuzzyMatch
5697572,BSD-1-Clause,spdx_id,MapFuzzyMatch
520239,MIT,spdx_id,MapFuzzyMatch
4059184,Apache-2.0,spdx_id,MapFuzzyMatch
4583472,Apache-1.0,spdx_id,MapFuzzyMatch
6287417,MIT,spdx_id,MapFuzzyMatch
1110079,Apache-2.0,spdx_id,MapFuzzyMatch
5959748,MIT,spdx_id,MapFuzzyMatch
2748492,ISO-permission,spdx_id,MapFuzzyMatch
7270491,CC-BY-4.0,spdx_id,MapExactID
979037,MIT,spdx_id,MapFuzzyMatch
2355294,Python-2.0,spdx_id,MapFuzzyMatch
3010663,BSD-1-Clause,spdx_id,MapFuzzyMatch
5894252,AGPL-1.0,spdx_id,MapFuzzyMatch
2814064,MIT,spdx_id,MapFuzzyMatch
3862641,GPL-2.0,spdx_id,MapFuzzyMatch
3272818,MIT,spdx_id,MapFuzzyMatch
716915,MIT,spdx_id,MapFuzzyMatch
389237,Apache-2.0,spdx_id,MapFuzzyMatch
5697657,MIT,spdx_id,MapFuzzyMatch
3862652,Intel,spdx_id,MapFuzzyMatch
4059262,MIT,spdx_id,MapFuzzyMatch
4518017,MIT,spdx_id,MapFuzzyMatch
4518022,MIT,spdx_id,MapFuzzyMatch
6680710,GPL-1.0,spdx_id,MapFuzzyMatch
323725,MIT,spdx_id,MapFuzzyMatch
4452494,ISO-permission,spdx_id,MapFuzzyMatch
6680719,MIT,spdx_id,MapFuzzyMatch
6680728,MIT,spdx_id,MapFuzzyMatch
7598237,ISC,spdx_id,MapFuzzyMatch
6680736,MIT,spdx_id,MapFuzzyMatch
5632180,MIT,spdx_id,MapFuzzyMatch
5697717,MIT,spdx_id,MapFuzzyMatch
3862711,Intel,spdx_id,MapFuzzyMatch
5959870,Info-ZIP,spdx_id,MapFuzzyMatch
2617536,ISO-permission,spdx_id,MapFuzzyMatch
5632197,BSD-1-Clause,spdx_id,MapFuzzyMatch
4124871,AFL-1.1,spdx_id,MapFuzzyMatch
4452552,Apache-1.0,spdx_id,MapFuzzyMatch
2945227,MIT,spdx_id,MapFuzzyMatch
6680780,MIT,spdx_id,MapFuzzyMatch
979155,MIT,spdx_id,MapFuzzyMatch
3731667,Apache-2.0,spdx_id,MapFuzzyMatch
2617559,BSD,license_family,MapLicenseFamily
61656,MIT,spdx_id,MapFuzzyMatch
61664,AGPL-3.0,spdx_id,MapFuzzyMatch
2355426,MIT,spdx_id,MapFuzzyMatch
6090982,MIT,spdx_id,MapFuzzyMatch
5173481,MIT,spdx_id,MapFuzzyMatch
192749,CC-BY-4.0,spdx_id,MapFuzzyMatch
6090991,MIT,spdx_id,MapFuzzyMatch
2945273,MIT,spdx_id,MapFuzzyMatch
3797240,Apache-2.0,spdx_id,MapFuzzyMatch
3272959,ANTLR-PD,spdx_id,MapFuzzyMatch
3535107,MIT,spdx_id,MapFuzzyMatch
1765642,MIT,spdx_id,MapFuzzyMatch
3010829,MIT,spdx_id,MapFuzzyMatch
2814228,Caldera,spdx_id,MapFuzzyMatch
3338517,MIT,spdx_id,MapFuzzyMatch
7074070,MIT,spdx_id,MapFuzzyMatch
3797272,MIT,spdx_id,MapFuzzyMatch
3338526,Apache-1.0,spdx_id,MapFuzzyMatch
7139614,MIT,spdx_id,MapFuzzyMatch
323894,MIT,spdx_id,MapFuzzyMatch
2421057,MPL-1.1,spdx_id,MapExactID
2945351,MIT,spdx_id,MapFuzzyMatch
61771,ISO-permission,spdx_id,MapFuzzyMatch
1110365,MIT,spdx_id,MapFuzzyMatch
1110368,MIT,spdx_id,MapFuzzyMatch
5697891,MIT,spdx_id,MapFuzzyMatch
4845927,Artistic-1.0-Perl,spdx_id,MapFuzzyMatch
717161,MIT,spdx_id,MapFuzzyMatch
6287722,MIT,spdx_id,MapFuzzyMatch
3797362,MIT,spdx_id,MapFuzzyMatch
717179,AGPL-3.0,spdx_id,MapFuzzyMatch
1896830,LPD-document,spdx_id,MapFuzzyMatch
3273087,Apache-1.0,spdx_id,MapFuzzyMatch
61824,BSD-2-Clause,spdx_id,MapFuzzyMatch
5435775,ISO-permission,spdx_id,MapFuzzyMatch
6680957,ISO-permission,spdx_id,MapFuzzyMatch
5304710,BSD-1-Clause,spdx_id,MapFuzzyMatch
2421129,ISO-permission,spdx_id,MapFuzzyMatch
1896843,AGPL-3.0,spdx_id,MapFuzzyMatch
2421134,MIT,spdx_id,MapFuzzyMatch
1765778,MIT,spdx_id,MapFuzzyMatch
3076500,Apache-1.1,spdx_id,MapFuzzyMatch
5763485,ISO-permission,spdx_id,MapFuzzyMatch
5239198,MIT,spdx_id,MapFuzzyMatch
2159012,Apache-2.0,spdx_id,MapFuzzyMatch
5632422,BSD-1-Clause,spdx_id,MapFuzzyMatch
3797418,MIT,spdx_id,MapFuzzyMatch
2814382,MIT,spdx_id,MapFuzzyMatch
3797441,MIT,spdx_id,MapFuzzyMatch
127432,ISO-permission,spdx_id,MapFuzzyMatch
5632457,MIT,spdx_id,MapFuzzyMatch
5829073,BSD-2-Clause,spdx_id,MapExactMatch
6156753,ANTLR-PD,spdx_id,MapFuzzyMatch
4059606,BSD-1-Clause,spdx_id,MapFuzzyMatch
6287831,Zlib,spdx_id,MapFuzzyMatch
7270871,MIT,spdx_id,MapFuzzyMatch
5501402,WTFPL,spdx_id,MapExactMatch
3928540,ISO-permission,spdx_id,MapFuzzyMatch
7139810,MIT,spdx_id,MapExactID
2945508,Python-2.0,spdx_id,MapFuzzyMatch
389605,BSD-1-Clause,spdx_id,MapFuzzyMatch
3928549,ISO-permission,spdx_id,MapFuzzyMatch
1896935,MIT,spdx_id,MapFuzzyMatch
258536,AFL-1.1,spdx_id,MapFuzzyMatch
3469801,Apache-1.0,spdx_id,MapFuzzyMatch
1896939,ISO-permission,spdx_id,MapFuzzyMatch
3338731,MIT,spdx_id,MapFuzzyMatch
7270896,ISO-permission,spdx_id,MapFuzzyMatch
2814465,copyleft-next-0.3.0,spdx_id,MapFuzzyMatch
61958,MIT,spdx_id,MapFuzzyMatch
2290185,Beerware,spdx_id,MapFuzzyMatch
2486794,AGPL-3.0,spdx_id,MapFuzzyMatch
3338771,MIT,spdx_id,MapFuzzyMatch
1765912,ISO-permission,spdx_id,MapFuzzyMatch
5501466,ISO-permission,spdx_id,MapFuzzyMatch
1831458,Apache-1.0,spdx_id,MapFuzzyMatch
5108259,ISO-permission,spdx_id,MapFuzzyMatch
6222386,MIT,spdx_id,MapFuzzyMatch
389686,GPL-2.0,spdx_id,MapFuzzyMatch
2355767,MIT,spdx_id,MapFuzzyMatch
5698107,MPL-2.0,spdx_id,MapFuzzyMatch
4583997,AGPL-3.0,spdx_id,MapFuzzyMatch
4518469,BSD-1-Clause,spdx_id,MapFuzzyMatch
4518476,MIT,spdx_id,MapFuzzyMatch
2617934,BUSL-1.1,spdx_id,MapFuzzyMatch
2945614,Apache-2.0,spdx_id,MapFuzzyMatch
1962576,Apache-2.0,spdx_id,MapFuzzyMatch
848469,SL,spdx_id,MapFuzzyMatch
3928663,MIT,spdx_id,MapFuzzyMatch
1897053,MIT,spdx_id,MapFuzzyMatch
4125279,BUSL-1.1,spdx_id,MapFuzzyMatch
389728,CECILL-B,spdx_id,MapExactMatch
5436004,MIT,spdx_id,MapFuzzyMatch
2355813,ISO-permission,spdx_id,MapFuzzyMatch
1962601,MIT,spdx_id,MapFuzzyMatch
520817,MIT,spdx_id,MapFuzzyMatch
2224753,Apache-1.0,spdx_id,MapFuzzyMatch
193142,Apache-2.0,spdx_id,MapFuzzyMatch
782975,BSD-3-Clause,spdx_id,MapFuzzyMatch
258688,MIT,spdx_id,MapFuzzyMatch
3994242,MIT,spdx_id,MapFuzzyMatch
258691,MIT,spdx_id,MapFuzzyMatch
1897096,ISO-permission,spdx_id,MapFuzzyMatch
2814600,MIT,spdx_id,MapFuzzyMatch
7402122,Python-2.0,spdx_id,MapFuzzyMatch
3273364,MIT,spdx_id,MapFuzzyMatch
1372821,Apache-2.0,spdx_id,MapFuzzyMatch
3076761,MIT,spdx_id,MapFuzzyMatch
2355871,LGPL-3.0,spdx_id,MapFuzzyMatch
6353568,MIT,spdx_id,MapFuzzyMatch
193189,CC0-1.0,spdx_id,MapFuzzyMatch
3928746,LGPL-3.0,spdx_id,MapFuzzyMatch
7598764,Apache-2.0,spdx_id,MapFuzzyMatch
455340,Apache-2.0,spdx_id,MapFuzzyMatch
1110706,MIT,spdx_id,MapFuzzyMatch
7467707,MIT,spdx_id,MapFuzzyMatch
4518588,Apache-2.0,spdx_id,MapExactMatch
1766079,GPL-1.0,spdx_id,MapFuzzyMatch
3732162,MIT,spdx_id,MapFuzzyMatch
7467715,MIT,spdx_id,MapFuzzyMatch
5436100,MIT,spdx_id,MapFuzzyMatch
7533258,ISO-permission,spdx_id,MapFuzzyMatch
3797707,MIT,spdx_id,MapFuzzyMatch
3928781,MIT,spdx_id,MapFuzzyMatch
520916,MIT,spdx_id,MapFuzzyMatch
2749144,Artistic-2.0,spdx_id,MapExactID
5436122,MIT,spdx_id,MapFuzzyMatch
1831651,MIT,spdx_id,MapFuzzyMatch
2880227,ISO-permission,spdx_id,MapFuzzyMatch
193259,MIT,spdx_id,MapFuzzyMatch
62189,Apache-2.0,spdx_id,MapExactID
2159354,BSD-3-Clause-No-Nuclear-License,spdx_id,MapFuzzyMatch
193275,CC-BY-4.0,spdx_id,MapFuzzyMatch
6288123,MIT,spdx_id,MapFuzzyMatch
324350,GPL-1.0,spdx_id,MapFuzzyMatch
7533307,BSD-3-Clause,spdx_id,MapFuzzyMatch
62211,MIT,spdx_id,MapFuzzyMatch
7074564,MIT,spdx_id,MapFuzzyMatch
62215,ISO-permission,spdx_id,MapFuzzyMatch
6550283,MIT,spdx_id,MapFuzzyMatch
2552591,MIT,spdx_id,MapFuzzyMatch
5174035,MIT,spdx_id,MapFuzzyMatch
5567251,GPL-1.0,spdx_id,MapFuzzyMatch
5829398,MIT,spdx_id,MapFuzzyMatch
1045274,MIT,spdx_id,MapFuzzyMatch
7074587,ISO-permission,spdx_id,MapFuzzyMatch
7598875,ISO-permission,spdx_id,MapFuzzyMatch
520990,MIT,spdx_id,MapFuzzyMatch
848672,ISO-permission,spdx_id,MapFuzzyMatch
3076898,MIT,spdx_id,MapFuzzyMatch
389925,copyleft-next-0.3.0,spdx_id,MapFuzzyMatch
7336751,MIT,spdx_id,MapFuzzyMatch
7598898,BSD-3-Clause,spdx_id,MapFuzzyMatch
6484790,ISO-permission,spdx_id,MapFuzzyMatch
2618169,Apache-1.0,spdx_id,MapFuzzyMatch
2093891,ISO-permission,spdx_id,MapFuzzyMatch
1700676,BSD-1-Clause,spdx_id,MapFuzzyMatch
389958,ISO-permission,spdx_id,MapFuzzyMatch
2880326,MIT,spdx_id,MapFuzzyMatch
6157127,Artistic-1.0,spdx_id,MapFuzzyMatch
455501,OSL-1.1,spdx_id,MapFuzzyMatch
1373005,AGPL-3.0,spdx_id,MapFuzzyMatch
2618193,MIT,spdx_id,MapFuzzyMatch
4518737,MIT,spdx_id,MapFuzzyMatch
5174100,ISO-permission,spdx_id,MapFuzzyMatch
7074667,MIT,spdx_id,MapFuzzyMatch
4649839,ISO-permission,spdx_id,MapFuzzyMatch
7271281,MIT,spdx_id,MapFuzzyMatch
5763953,MIT,spdx_id,MapFuzzyMatch
7271283,BSD-3-Clause,spdx_id,MapFuzzyMatch
3339132,MIT,spdx_id,MapFuzzyMatch
3142530,Apache-1.0,spdx_id,MapFuzzyMatch
5763985,MIT,spdx_id,MapFuzzyMatch
4518806,MIT,spdx_id,MapFuzzyMatch
4584343,ISO-permission,spdx_id,MapFuzzyMatch
1045402,MIT,spdx_id,MapFuzzyMatch
979874,Apache-1.0,spdx_id,MapFuzzyMatch
2290594,MIT,spdx_id,MapFuzzyMatch
6222756,ISO-permission,spdx_id,MapFuzzyMatch
4191146,MIT,spdx_id,MapFuzzyMatch
5698476,MIT,spdx_id,MapFuzzyMatch
1176501,ISO-permission,spdx_id,MapFuzzyMatch
521143,MIT,spdx_id,MapFuzzyMatch
7599036,MIT,spdx_id,MapFuzzyMatch
2356162,MIT,spdx_id,MapFuzzyMatch
5043138,Apache-1.0,spdx_id,MapFuzzyMatch
7074758,MIT,spdx_id,MapFuzzyMatch
3470280,BUSL-1.1,spdx_id,MapFuzzyMatch
4584399,MIT,spdx_id,MapFuzzyMatch
6157264,MIT,spdx_id,MapFuzzyMatch
1569748,Artistic-1.0,spdx_id,MapFuzzyMatch
1110999,BSD-3-Clause-Attribution,spdx_id,MapExactMatch
127962,ISO-permission,spdx_id,MapFuzzyMatch
1111003,MIT,spdx_id,MapFuzzyMatch
521183,MIT,spdx_id,MapFuzzyMatch
5764063,LGPL-2.1,spdx_id,MapFuzzyMatch
5043171,MIT,spdx_id,MapFuzzyMatch
717799,MIT,spdx_id,MapFuzzyMatch
1766376,MIT,spdx_id,MapFuzzyMatch
5698536,MIT,spdx_id,MapFuzzyMatch
3797999,ISO-permission,spdx_id,MapFuzzyMatch
5239792,LGPL-3.0,spdx_id,MapFuzzyMatch
3535861,BSD-2-Clause,spdx_id,MapFuzzyMatch
2487293,Apache-1.0,spdx_id,MapFuzzyMatch
2356224,LGPL-3.0,spdx_id,MapFuzzyMatch
5567489,MIT,spdx_id,MapFuzzyMatch
2159619,MIT,spdx_id,MapFuzzyMatch
2683907,MIT,spdx_id,MapFuzzyMatch
455694,Apache-1.1,spdx_id,MapFuzzyMatch
521236,MIT,spdx_id,MapFuzzyMatch
5436443,Apache-2.0,spdx_id,MapFuzzyMatch
521247,BUSL-1.1,spdx_id,MapExactID
1831975,Apache-1.0,spdx_id,MapFuzzyMatch
128043,MIT,spdx_id,MapFuzzyMatch
6157359,MIT,spdx_id,MapFuzzyMatch
324656,MIT,spdx_id,MapFuzzyMatch
521265,MIT,spdx_id,MapFuzzyMatch
1766450,MIT,spdx_id,MapFuzzyMatch
1766451,MIT,spdx_id,MapFuzzyMatch
2159670,BSD-1-Clause,spdx_id,MapFuzzyMatch
1700924,BSD-2-Clause,spdx_id,MapFuzzyMatch
3535937,MIT,spdx_id,MapFuzzyMatch
2225222,BSD-1-Clause,spdx_id,MapFuzzyMatch
2946118,BSD-1-Clause,spdx_id,MapFuzzyMatch
3339335,ISO-permission,spdx_id,MapFuzzyMatch
7337031,MIT,spdx_id,MapFuzzyMatch
6157388,BSD-3-Clause,spdx_id,MapFuzzyMatch
7533644,Apache-1.0,spdx_id,MapFuzzyMatch
3339345,MIT,spdx_id,MapFuzzyMatch
4650068,MIT,spdx_id,MapFuzzyMatch
3339352,MIT,spdx_id,MapFuzzyMatch
6288480,QPL-1.0,spdx_id,MapFuzzyMatch
2946146,MIT,spdx_id,MapFuzzyMatch
4125794,MIT,spdx_id,MapFuzzyMatch
5502051,Apache-2.0,spdx_id,MapFuzzyMatch
3273829,MIT,spdx_id,MapFuzzyMatch
1766502,MIT,spdx_id,MapFuzzyMatch
3470439,EPL-1.0,spdx_id,MapFuzzyMatch
6026352,MIT,spdx_id,MapFuzzyMatch
6026357,ISO-permission,spdx_id,MapFuzzyMatch
6616186,MIT,spdx_id,MapFuzzyMatch
5633159,Inner-Net-2.0,spdx_id,MapFuzzyMatch
1832076,MIT,spdx_id,MapFuzzyMatch
3339404,MTLL,spdx_id,MapFuzzyMatch
5698705,MIT,spdx_id,MapFuzzyMatch
2159766,ISO-permission,spdx_id,MapFuzzyMatch
3798166,GPL-1.0,spdx_id,MapFuzzyMatch
4453539,Apache-1.0,spdx_id,MapFuzzyMatch
7599271,MIT,spdx_id,MapFuzzyMatch
7140522,MIT,spdx_id,MapFuzzyMatch
5436587,GPL-3.0,spdx_id,MapFuzzyMatch
1766572,MIT,spdx_id,MapFuzzyMatch
1373358,Apache-2.0,spdx_id,MapFuzzyMatch
2225341,MIT,spdx_id,MapFuzzyMatch
390336,OSL-3.0,spdx_id,MapFuzzyMatch
1766602,MIT,spdx_id,MapFuzzyMatch
3142858,Apache-1.1,spdx_id,MapFuzzyMatch
3732683,MIT,spdx_id,MapFuzzyMatch
3863755,MIT,spdx_id,MapFuzzyMatch
5108949,PostgreSQL,spdx_id,MapFuzzyMatch
2684125,MIT,spdx_id,MapFuzzyMatch
5633247,Apache-2.0,spdx_id,MapFuzzyMatch
390369,MIT,spdx_id,MapFuzzyMatch
1963237,BSD-1-Clause,spdx_id,MapFuzzyMatch
4060393,MIT,spdx_id,MapFuzzyMatch
3077363,ISO-permission,spdx_id,MapFuzzyMatch
521461,GPL-3.0,spdx_id,MapFuzzyMatch
1766652,MIT,spdx_id,MapFuzzyMatch
1111295,BSD-Advertising-Acknowledgement,spdx_id,MapFuzzyMatch
5633301,MIT,spdx_id,MapFuzzyMatch
5698839,MIT,spdx_id,MapFuzzyMatch
1897752,ISO-permission,spdx_id,MapFuzzyMatch
2618648,MIT,spdx_id,MapFuzzyMatch
62747,CECILL-2.0,spdx_id,MapFuzzyMatch
587037,Apache-1.0,spdx_id,MapFuzzyMatch
3077406,MIT,spdx_id,MapFuzzyMatch
1111337,ISO-permission,spdx_id,MapFuzzyMatch
3208507,LGPL-3.0,spdx_id,MapFuzzyMatch
2815292,MIT,spdx_id,MapFuzzyMatch
4519227,MIT,spdx_id,MapFuzzyMatch
6616381,ISO-permission,spdx_id,MapFuzzyMatch
587072,MIT,spdx_id,MapFuzzyMatch
521537,ISO-permission,spdx_id,MapFuzzyMatch
7271755,MIT,spdx_id,MapFuzzyMatch
3798354,MIT,spdx_id,MapFuzzyMatch
849238,Saxpath,spdx_id,MapFuzzyMatch
4191575,MIT,spdx_id,MapFuzzyMatch
2225496,ISO-permission,spdx_id,MapFuzzyMatch
5305689,MIT,spdx_id,MapFuzzyMatch
3208542,MIT,spdx_id,MapFuzzyMatch
5043552,BSD-1-Clause,spdx_id,MapFuzzyMatch
3143027,ISO-permission,spdx_id,MapFuzzyMatch
4453751,MIT,spdx_id,MapFuzzyMatch
4126072,MIT,spdx_id,MapFuzzyMatch
4519290,MIT,spdx_id,MapFuzzyMatch
6485373,MIT,spdx_id,MapFuzzyMatch
2618751,MIT,spdx_id,MapFuzzyMatch
3995009,BSD-1-Clause,spdx_id,MapFuzzyMatch
6681985,Apache-1.0,spdx_id,MapFuzzyMatch
2225548,ISO-permission,spdx_id,MapFuzzyMatch
4126092,MIT,spdx_id,MapFuzzyMatch
4126093,BSD-1-Clause,spdx_id,MapFuzzyMatch
4847019,ISO-permission,spdx_id,MapFuzzyMatch
3732909,MIT,spdx_id,MapFuzzyMatch
1897907,MIT,spdx_id,MapFuzzyMatch
7206324,Apache-1.0,spdx_id,MapFuzzyMatch
1570232,MIT,spdx_id,MapFuzzyMatch
4847034,BSD-1-Clause,spdx_id,MapFuzzyMatch
193984,ISO-permission,spdx_id,MapFuzzyMatch
5633475,MIT,spdx_id,MapFuzzyMatch
5764547,MIT,spdx_id,MapFuzzyMatch
6157774,BSD-1-Clause,spdx_id,MapFuzzyMatch
5109202,xpp,spdx_id,MapFuzzyMatch
3143128,MIT,spdx_id,MapFuzzyMatch
2487772,AGPL-3.0,spdx_id,MapFuzzyMatch
1045981,Apache-2.0,spdx_id,MapFuzzyMatch
521700,MIT,spdx_id,MapFuzzyMatch
5109220,MIT,spdx_id,MapFuzzyMatch
5240305,MIT,spdx_id,MapFuzzyMatch
6288881,CC-PDDC,spdx_id,MapFuzzyMatch
718326,MIT,spdx_id,MapFuzzyMatch
521721,ISO-permission,spdx_id,MapFuzzyMatch
2684411,ISO-permission,spdx_id,MapFuzzyMatch
2684414,GPL-1.0,spdx_id,MapFuzzyMatch
5830144,Apache-2.0,spdx_id,MapFuzzyMatch
2291213,MIT,spdx_id,MapFuzzyMatch
128535,MIT,spdx_id,MapFuzzyMatch
7206425,SL,spdx_id,MapFuzzyMatch
194078,GPL-3.0,spdx_id,MapFuzzyMatch
5043745,MIT,spdx_id,MapFuzzyMatch
3864100,MIT,spdx_id,MapFuzzyMatch
1963557,MIT,spdx_id,MapFuzzyMatch
7075366,MIT,spdx_id,MapFuzzyMatch
3929645,IEC-Code-Components-EULA,spdx_id,MapFuzzyMatch
5240369,MIT,spdx_id,MapFuzzyMatch
2684466,ISO-permission,spdx_id,MapFuzzyMatch
587317,Apache-2.0,spdx_id,MapExactMatch
5240375,MIT,spdx_id,MapFuzzyMatch
1766968,MIT,spdx_id,MapFuzzyMatch
5240376,MIT,spdx_id,MapFuzzyMatch
5240377,MIT,spdx_id,MapFuzzyMatch
5240378,MIT,spdx_id,MapFuzzyMatch
5240379,MIT,spdx_id,MapFuzzyMatch
5240380,MIT,spdx_id,MapFuzzyMatch
5240382,MIT,spdx_id,MapFuzzyMatch
5240384,MIT,spdx_id,MapFuzzyMatch
5240385,MIT,spdx_id,MapFuzzyMatch
718403,AGPL-1.0,spdx_id,MapFuzzyMatch
3536455,MIT,spdx_id,MapFuzzyMatch
521800,MIT,spdx_id,MapFuzzyMatch
2422346,MIT,spdx_id,MapFuzzyMatch
5568073,ISO-permission,spdx_id,MapFuzzyMatch
6092361,copyleft-next-0.3.1,spdx_id,MapFuzzyMatch
4585039,CC-BY-4.0,spdx_id,MapFuzzyMatch
6551120,ISO-permission,spdx_id,MapFuzzyMatch
6551121,ISO-permission,spdx_id,MapFuzzyMatch
3602006,MIT,spdx_id,MapFuzzyMatch
1046103,AGPL-1.0,spdx_id,MapFuzzyMatch
4126294,MIT,spdx_id,MapFuzzyMatch
2618976,MIT,spdx_id,MapFuzzyMatch
2881121,MIT,spdx_id,MapFuzzyMatch
3798635,MIT,spdx_id,MapFuzzyMatch
5699182,BSD-3-Clause-No-Nuclear-License,spdx_id,MapFuzzyMatch
587379,DOC,spdx_id,MapFuzzyMatch
5109364,ISO-permission,spdx_id,MapFuzzyMatch
521845,MIT,spdx_id,MapFuzzyMatch
2553463,Apache-1.0,spdx_id,MapFuzzyMatch
3995259,copyleft-next-0.3.0,spdx_id,MapFuzzyMatch
3798652,SSPL-1.0,spdx_id,MapExactID
390786,Apache-2.0,spdx_id,MapFuzzyMatch
6354565,MIT,spdx_id,MapFuzzyMatch
1832584,MIT,spdx_id,MapFuzzyMatch
2553482,copyleft-next-0.3.0,spdx_id,MapFuzzyMatch
3733138,OGDL-Taiwan-1.0,spdx_id,MapFuzzyMatch
5699225,MIT,spdx_id,MapFuzzyMatch
1767069,MIT,spdx_id,MapFuzzyMatch
1701546,LGPL-2.1,spdx_id,MapFuzzyMatch
7599793,GPL-3.0,spdx_id,MapExactID
3798707,MIT,spdx_id,MapFuzzyMatch
456375,copyleft-next-0.3.0,spdx_id,MapFuzzyMatch
2291383,MIT,spdx_id,MapFuzzyMatch
325322,ISO-permission,spdx_id,MapFuzzyMatch
3733194,MIT,spdx_id,MapFuzzyMatch
3733198,MIT,spdx_id,MapFuzzyMatch
7468758,MIT,spdx_id,MapFuzzyMatch
5699290,MIT,spdx_id,MapFuzzyMatch
5043937,MIT,spdx_id,MapFuzzyMatch
521957,MIT,spdx_id,MapFuzzyMatch
3536615,MIT,spdx_id,MapFuzzyMatch
194282,MIT,spdx_id,MapFuzzyMatch
1898219,MIT,spdx_id,MapFuzzyMatch
1898226,MIT,spdx_id,MapFuzzyMatch
1570551,AGPL-3.0,spdx_id,MapFuzzyMatch
1898235,MIT,spdx_id,MapFuzzyMatch
653055,AGPL-3.0,spdx_id,MapFuzzyMatch
1898239,ISO-permission,spdx_id,MapFuzzyMatch
6223621,ISO-permission,spdx_id,MapFuzzyMatch
4126470,ISO-permission,spdx_id,MapFuzzyMatch
3602190,MIT,spdx_id,MapFuzzyMatch
2946839,MIT,spdx_id,MapFuzzyMatch
4126497,MIT,spdx_id,MapFuzzyMatch
3995427,MIT,spdx_id,MapFuzzyMatch
3143461,GPL-2.0,spdx_id,MapFuzzyMatch
1570599,ISC,spdx_id,MapFuzzyMatch
4126504,MIT,spdx_id,MapFuzzyMatch
5568299,AGPL-3.0,spdx_id,MapExactID
5633846,MIT,spdx_id,MapFuzzyMatch
5109563,ISO-permission,spdx_id,MapFuzzyMatch
4192069,MIT,spdx_id,MapFuzzyMatch
4126544,MIT,spdx_id,MapFuzzyMatch
3798867,MIT,spdx_id,MapExactID
5240659,MIT,spdx_id,MapFuzzyMatch
7075672,AGPL-3.0,spdx_id,MapFuzzyMatch
4061031,Python-2.0,spdx_id,MapFuzzyMatch
194410,MIT,spdx_id,MapFuzzyMatch
1111917,BSD-1-Clause,spdx_id,MapFuzzyMatch
2946927,Apache-2.0,spdx_id,MapFuzzyMatch
849786,MIT,spdx_id,MapFuzzyMatch
4192124,MIT,spdx_id,MapFuzzyMatch
4061057,Python-2.0,spdx_id,MapFuzzyMatch
4192147,Apache-1.0,spdx_id,MapFuzzyMatch
4192149,MIT,spdx_id,MapFuzzyMatch
2553754,MIT,spdx_id,MapFuzzyMatch
3209143,AGPL-3.0,spdx_id,MapFuzzyMatch
4978638,MIT,spdx_id,MapFuzzyMatch
1767380,Artistic-1.0,spdx_id,MapFuzzyMatch
4192214,MIT,spdx_id,MapFuzzyMatch
849899,Apache-1.0,spdx_id,MapFuzzyMatch
6158329,MIT,spdx_id,MapFuzzyMatch
194554,LGPL-2.1,spdx_id,MapFuzzyMatch
3864571,BSD-1-Clause,spdx_id,MapFuzzyMatch
849920,MIT,spdx_id,MapFuzzyMatch
7337986,MIT,spdx_id,MapFuzzyMatch
849938,MIT,spdx_id,MapFuzzyMatch
1898514,MIT,spdx_id,MapFuzzyMatch
1374231,Apache-1.0,spdx_id,MapFuzzyMatch
5044250,Apache-1.0,spdx_id,MapFuzzyMatch
5568540,MIT,spdx_id,MapFuzzyMatch
2553891,MIT,spdx_id,MapFuzzyMatch
6617126,ISO-permission,spdx_id,MapFuzzyMatch
3209255,MIT,spdx_id,MapFuzzyMatch
5503017,MIT,spdx_id,MapFuzzyMatch
3733548,MIT,spdx_id,MapFuzzyMatch
5634092,MIT,spdx_id,MapFuzzyMatch
6223920,MIT,spdx_id,MapFuzzyMatch
4192310,MIT,spdx_id,MapFuzzyMatch
587834,Apache-1.0,spdx_id,MapFuzzyMatch
1898555,MIT,spdx_id,MapFuzzyMatch
4192314,MIT,spdx_id,MapFuzzyMatch
4192316,MIT,spdx_id,MapFuzzyMatch
63553,MIT,spdx_id,MapFuzzyMatch
4192324,MIT,spdx_id,MapFuzzyMatch
4192326,MIT,spdx_id,MapFuzzyMatch
391239,GPL-1.0,spdx_id,MapFuzzyMatch
6092871,Apache-1.0,spdx_id,MapFuzzyMatch
4192330,MIT,spdx_id,MapFuzzyMatch
3930192,BSD-Source-Code,spdx_id,MapFuzzyMatch
2488410,MIT,spdx_id,MapFuzzyMatch
325725,MIT,spdx_id,MapFuzzyMatch
4454495,ISO-permission,spdx_id,MapFuzzyMatch
5568613,MIT,spdx_id,MapFuzzyMatch
4192362,MIT,spdx_id,MapFuzzyMatch
129132,MIT,spdx_id,MapFuzzyMatch
587888,Apache-1.0,spdx_id,MapFuzzyMatch
5109874,BSD-1-Clause,spdx_id,MapFuzzyMatch
7207036,MIT,spdx_id,MapFuzzyMatch
3143811,Apache-1.0,spdx_id,MapFuzzyMatch
4651139,MIT,spdx_id,MapFuzzyMatch
4454535,ISO-permission,spdx_id,MapFuzzyMatch
6289543,MIT,spdx_id,MapFuzzyMatch
5306526,MIT,spdx_id,MapFuzzyMatch
4978856,Apache-1.0,spdx_id,MapFuzzyMatch
981164,MIT,spdx_id,MapFuzzyMatch
522413,AGPL-1.0,spdx_id,MapFuzzyMatch
4192431,MIT,spdx_id,MapFuzzyMatch
63673,CECILL-2.1,spdx_id,MapExactID
4192441,AGPL-3.0-only,spdx_id,MapExactMatch
6486204,Intel,spdx_id,MapFuzzyMatch
7272637,GPL-1.0,spdx_id,MapFuzzyMatch
653502,MIT,spdx_id,MapFuzzyMatch
2488510,eGenix,spdx_id,MapFuzzyMatch
6486208,MIT,spdx_id,MapFuzzyMatch
2488512,eGenix,spdx_id,MapFuzzyMatch
2554046,MIT,spdx_id,MapFuzzyMatch
5830853,MIT,spdx_id,MapFuzzyMatch
6224070,ISO-permission,spdx_id,MapFuzzyMatch
719047,CECILL-2.1,spdx_id,MapExactID
981192,MIT,spdx_id,MapFuzzyMatch
2488518,eGenix,spdx_id,MapFuzzyMatch
5044422,MIT,spdx_id,MapFuzzyMatch
2488523,eGenix,spdx_id,MapFuzzyMatch
2488524,eGenix,spdx_id,MapFuzzyMatch
6158542,BSD-3-Clause,spdx_id,MapFuzzyMatch
6617290,Fair,spdx_id,MapFuzzyMatch
6682829,MIT,spdx_id,MapFuzzyMatch
6158549,BSD-1-Clause,spdx_id,MapFuzzyMatch
4978902,MIT,spdx_id,MapFuzzyMatch
3733728,MIT,spdx_id,MapFuzzyMatch
2488546,eGenix,spdx_id,MapFuzzyMatch
4651234,copyleft-next-0.3.0,spdx_id,MapFuzzyMatch
4192484,MIT,spdx_id,MapFuzzyMatch
63728,MIT,spdx_id,MapFuzzyMatch
1898737,MIT,spdx_id,MapFuzzyMatch
6682867,MIT,spdx_id,MapFuzzyMatch
850167,MIT,spdx_id,MapFuzzyMatch
5634298,MIT,spdx_id,MapFuzzyMatch
391419,ISO-permission,spdx_id,MapFuzzyMatch
3209468,NIST-Software,spdx_id,MapFuzzyMatch
4192510,MIT,spdx_id,MapFuzzyMatch
653567,MIT,spdx_id,MapFuzzyMatch
4192514,Apache-1.0,spdx_id,MapFuzzyMatch
3143943,MIT,spdx_id,MapFuzzyMatch
4520203,MIT,spdx_id,MapFuzzyMatch
4126990,BSD-3-Clause,spdx_id,MapFuzzyMatch
3799319,MIT,spdx_id,MapFuzzyMatch
5830937,MIT,spdx_id,MapFuzzyMatch
4192543,MIT,spdx_id,MapFuzzyMatch
5830947,MIT,spdx_id,MapFuzzyMatch
2619684,MIT,spdx_id,MapFuzzyMatch
1046821,MIT,spdx_id,MapFuzzyMatch
588074,Apache-1.0,spdx_id,MapFuzzyMatch
1767722,MIT,spdx_id,MapFuzzyMatch
1374514,MIT,spdx_id,MapFuzzyMatch
194868,MIT,spdx_id,MapFuzzyMatch
3930421,MIT,spdx_id,MapFuzzyMatch
2292024,GPL-3.0,spdx_id,MapFuzzyMatch
1046845,MIT,spdx_id,MapFuzzyMatch
7141700,OSL-1.1,spdx_id,MapFuzzyMatch
5699915,MIT,spdx_id,MapFuzzyMatch
588109,Apache-1.0,spdx_id,MapFuzzyMatch
4520269,Apache-1.0,spdx_id,MapFuzzyMatch
7141713,OSL-1.1,spdx_id,MapFuzzyMatch
3209556,BSD-Source-Code,spdx_id,MapFuzzyMatch
4651350,ISO-permission,spdx_id,MapFuzzyMatch
3930458,MIT,spdx_id,MapFuzzyMatch
1046875,MIT,spdx_id,MapFuzzyMatch
4913506,Apache-2.0,spdx_id,MapFuzzyMatch
7141734,OSL-1.1,spdx_id,MapFuzzyMatch
1374567,GPL-1.0,spdx_id,MapFuzzyMatch
7141737,OSL-1.1,spdx_id,MapFuzzyMatch
7403883,Apache-1.0,spdx_id,MapFuzzyMatch
325997,MIT,spdx_id,MapFuzzyMatch
2554225,MIT,spdx_id,MapFuzzyMatch
129405,AGPL-3.0,spdx_id,MapFuzzyMatch
63870,Apache-2.0,spdx_id,MapExactMatch
1374598,MIT,spdx_id,MapFuzzyMatch
3930504,MIT,spdx_id,MapFuzzyMatch
4192652,MIT,spdx_id,MapFuzzyMatch
3537295,GPL-1.0,spdx_id,MapFuzzyMatch
7076241,SMAIL-GPL,spdx_id,MapFuzzyMatch
5503379,CECILL-B,spdx_id,MapExactID
3537301,GPL-1.0,spdx_id,MapFuzzyMatch
1112472,Apache-1.0,spdx_id,MapFuzzyMatch
4913560,MIT,spdx_id,MapFuzzyMatch
4520346,ISO-permission,spdx_id,MapFuzzyMatch
194971,ISO-permission,spdx_id,MapFuzzyMatch
5044634,BSD-3-Clause,spdx_id,MapFuzzyMatch
194977,CC0-1.0,spdx_id,MapExactID
4979117,GPL-2.0,spdx_id,MapFuzzyMatch
2554286,BSD-1-Clause,spdx_id,MapFuzzyMatch
6093234,MIT,spdx_id,MapFuzzyMatch
6551988,MIT,spdx_id,MapFuzzyMatch
6486454,MIT,spdx_id,MapFuzzyMatch
4061634,BSD-1-Clause,spdx_id,MapFuzzyMatch
1898951,ISO-permission,spdx_id,MapFuzzyMatch
5241290,MIT,spdx_id,MapFuzzyMatch
5306827,Apache-2.0,spdx_id,MapFuzzyMatch
5241292,MIT,spdx_id,MapFuzzyMatch
129485,,unknown,MapNA
7141839,OSL-1.1,spdx_id,MapFuzzyMatch
981461,MIT,spdx_id,MapFuzzyMatch
2685397,BSD-2-Clause,spdx_id,MapFuzzyMatch
981463,CC-BY-4.0,spdx_id,MapFuzzyMatch
2488799,BSD-1-Clause,spdx_id,MapFuzzyMatch
1374695,MIT,spdx_id,MapFuzzyMatch
4454902,BSD-1-Clause,spdx_id,MapFuzzyMatch
3602935,Apache-2.0,spdx_id,MapExactMatch
2685438,LGPL-2.1,spdx_id,MapFuzzyMatch
6027787,ISO-permission,spdx_id,MapFuzzyMatch
5044749,MIT,spdx_id,MapFuzzyMatch
3668499,Elastic-2.0,spdx_id,MapExactID
64021,MIT,spdx_id,MapFuzzyMatch
1767959,BSL-1.0,spdx_id,MapExactID
1899033,ISO-permission,spdx_id,MapFuzzyMatch
129562,BSD-3-Clause-No-Nuclear-License,spdx_id,MapFuzzyMatch
522780,MIT,spdx_id,MapFuzzyMatch
1899036,MIT,spdx_id,MapFuzzyMatch
1374751,MIT,spdx_id,MapFuzzyMatch
1571360,WTFPL,spdx_id,MapFuzzyMatch
5569059,ISO-permission,spdx_id,MapFuzzyMatch
457257,MIT,spdx_id,MapFuzzyMatch
5503531,BSD-1-Clause,spdx_id,MapFuzzyMatch
5503532,BSD-1-Clause,spdx_id,MapFuzzyMatch
6552108,MIT,spdx_id,MapFuzzyMatch
4848182,Fair,spdx_id,MapFuzzyMatch
7535160,MIT,spdx_id,MapFuzzyMatch
6224442,MIT,spdx_id,MapFuzzyMatch
3537467,GPL-1.0,spdx_id,MapFuzzyMatch
5634621,MIT,spdx_id,MapFuzzyMatch
6224446,MIT,spdx_id,MapFuzzyMatch
64067,MIT,spdx_id,MapFuzzyMatch
2292291,ISO-permission,spdx_id,MapFuzzyMatch
4520517,MIT,spdx_id,MapFuzzyMatch
5241415,MIT,spdx_id,MapFuzzyMatch
5569097,ISO-permission,spdx_id,MapFuzzyMatch
5306957,MIT,spdx_id,MapFuzzyMatch
5503565,MIT,spdx_id,MapFuzzyMatch
522833,Apache-1.0,spdx_id,MapFuzzyMatch
1112658,MIT,spdx_id,MapFuzzyMatch
653907,MIT,spdx_id,MapFuzzyMatch
326231,MIT,spdx_id,MapFuzzyMatch
2488925,BSD-3-Clause,spdx_id,MapFuzzyMatch
4520550,Artistic-1.0,spdx_id,MapFuzzyMatch
1112680,Apache-1.0,spdx_id,MapFuzzyMatch
5044842,MIT,spdx_id,MapFuzzyMatch
1112683,MIT,spdx_id,MapFuzzyMatch
4061807,Unlicense,spdx_id,MapFuzzyMatch
653936,MIT,spdx_id,MapFuzzyMatch
2095730,MIT,spdx_id,MapFuzzyMatch
391797,GPL-2.0-only,spdx_id,MapFuzzyMatch
5044856,MIT,spdx_id,MapFuzzyMatch
588409,Apache-1.0,spdx_id,MapFuzzyMatch
3799685,MIT,spdx_id,MapFuzzyMatch
1768076,Apache-1.0,spdx_id,MapFuzzyMatch
3406477,EPL-1.0,spdx_id,MapFuzzyMatch
7600782,ISO-permission,spdx_id,MapFuzzyMatch
7338639,OAR,spdx_id,MapFuzzyMatch
2554515,BSD-1-Clause,spdx_id,MapFuzzyMatch
2620052,LGPL-3.0,spdx_id,MapExactID
2423448,BSD-3-Clause,spdx_id,MapFuzzyMatch
2947738,Hippocratic-2.1,spdx_id,MapFuzzyMatch
64155,MIT,spdx_id,MapFuzzyMatch
4127393,ISO-permission,spdx_id,MapFuzzyMatch
1112742,BUSL-1.1,spdx_id,MapFuzzyMatch
3799720,MIT,spdx_id,MapFuzzyMatch
4520617,Apache-2.0,spdx_id,MapFuzzyMatch
6027944,MIT,spdx_id,MapFuzzyMatch
3406507,MIT,spdx_id,MapFuzzyMatch
6290096,MIT,spdx_id,MapFuzzyMatch
7404210,DOC,spdx_id,MapFuzzyMatch
1112757,Apache-2.0,spdx_id,MapExactMatch
6093493,BSD-1-Clause,spdx_id,MapFuzzyMatch
522936,MIT,spdx_id,MapFuzzyMatch
3799746,MIT,spdx_id,MapFuzzyMatch
4061890,Apache-2.0,spdx_id,MapFuzzyMatch
2620110,ISO-permission,spdx_id,MapFuzzyMatch
6093524,ISO-permission,spdx_id,MapFuzzyMatch
3668698,BSD-1-Clause,spdx_id,MapFuzzyMatch
5110490,ISO-permission,spdx_id,MapFuzzyMatch
5896925,MIT,spdx_id,MapFuzzyMatch
2489059,MIT,spdx_id,MapFuzzyMatch
5896938,MIT,spdx_id,MapFuzzyMatch
2292460,MIT,spdx_id,MapFuzzyMatch
2292462,ISO-permission,spdx_id,MapFuzzyMatch
6421239,MIT,spdx_id,MapFuzzyMatch
64250,BSL-1.0,spdx_id,MapFuzzyMatch
3013371,MIT,spdx_id,MapFuzzyMatch
4127482,LGPL-2.1,spdx_id,MapFuzzyMatch
3930880,Unlicense,spdx_id,MapExactMatch
326404,SMAIL-GPL,spdx_id,MapFuzzyMatch
2489093,Apache-2.0,spdx_id,MapFuzzyMatch
5241616,ISO-permission,spdx_id,MapFuzzyMatch
2554644,ISO-permission,spdx_id,MapFuzzyMatch
7338778,MIT,spdx_id,MapFuzzyMatch
6552353,ISO-permission,spdx_id,MapFuzzyMatch
7338788,MIT,spdx_id,MapFuzzyMatch
7404333,MIT,spdx_id,MapFuzzyMatch
6486832,MIT,spdx_id,MapFuzzyMatch
3078961,MIT,spdx_id,MapFuzzyMatch
3537720,MIT,spdx_id,MapFuzzyMatch
6552382,Apache-1.0,spdx_id,MapFuzzyMatch
523075,MIT,spdx_id,MapFuzzyMatch
6290246,SMAIL-GPL,spdx_id,MapFuzzyMatch
6290257,ODbL-1.0,spdx_id,MapFuzzyMatch
3603296,MIT,spdx_id,MapFuzzyMatch
64363,GPL-3.0,spdx_id,MapFuzzyMatch
64368,AGPL-1.0,spdx_id,MapFuzzyMatch
1768317,Apache,license_family,MapLicenseFamily
5241729,Apache-1.0,spdx_id,MapFuzzyMatch
523138,AGPL-3.0-only,spdx_id,MapExactMatch
5241730,Apache-1.0,spdx_id,MapFuzzyMatch
2554760,MIT,spdx_id,MapFuzzyMatch
5045128,MIT,spdx_id,MapFuzzyMatch
6159243,Apache-1.0,spdx_id,MapFuzzyMatch
2685836,ISO-permission,spdx_id,MapFuzzyMatch
7142296,MIT,spdx_id,MapFuzzyMatch
5634973,MIT,spdx_id,MapFuzzyMatch
1047480,MIT,spdx_id,MapFuzzyMatch
7142336,MIT,spdx_id,MapFuzzyMatch
5241798,Apache-1.0,spdx_id,MapFuzzyMatch
7535562,MIT,spdx_id,MapFuzzyMatch
5045195,MIT,spdx_id,MapFuzzyMatch
2096079,BSD-3-Clause,spdx_id,MapFuzzyMatch
2358244,MIT,spdx_id,MapFuzzyMatch
4586471,MIT,spdx_id,MapFuzzyMatch
3144681,MIT,spdx_id,MapFuzzyMatch
4193264,AGPL-1.0,spdx_id,MapFuzzyMatch
2227191,ISO-permission,spdx_id,MapFuzzyMatch
392185,MIT,spdx_id,MapFuzzyMatch
2489337,MIT,spdx_id,MapFuzzyMatch
4127738,Apache-1.0,spdx_id,MapFuzzyMatch
5635079,AGPL-1.0,spdx_id,MapFuzzyMatch
3865620,MIT,spdx_id,MapFuzzyMatch
195605,UPL-1.0,spdx_id,MapFuzzyMatch
64538,GPL-2.0,spdx_id,MapExactID
785444,LGPL-3.0,spdx_id,MapFuzzyMatch
6945831,MIT,spdx_id,MapFuzzyMatch
5700648,Apache-1.0,spdx_id,MapFuzzyMatch
5569581,MIT,spdx_id,MapFuzzyMatch
64565,Unlicense,spdx_id,MapFuzzyMatch
7273525,ISO-permission,spdx_id,MapFuzzyMatch
64572,FreeBSD-DOC,spdx_id,MapFuzzyMatch
2948156,MIT,spdx_id,MapFuzzyMatch
4979774,BSD-1-Clause,spdx_id,MapFuzzyMatch
4127809,BSD-2-Clause,spdx_id,MapExactMatch
719941,Apache-1.0,spdx_id,MapFuzzyMatch
4521029,GPL-2.0,spdx_id,MapExactID
2948171,GPL-1.0,spdx_id,MapFuzzyMatch
3144788,MIT,spdx_id,MapFuzzyMatch
3079263,AGPL-3.0,spdx_id,MapFuzzyMatch
2686053,EUPL-1.2,spdx_id,MapFuzzyMatch
326765,copyleft-next-0.3.0,spdx_id,MapFuzzyMatch
3996782,MIT,spdx_id,MapFuzzyMatch
3079279,MIT,spdx_id,MapFuzzyMatch
5831793,MIT,spdx_id,MapFuzzyMatch
2227314,MIT,spdx_id,MapFuzzyMatch
2423945,copyleft-next-0.3.0,spdx_id,MapFuzzyMatch
4193424,MIT,spdx_id,MapFuzzyMatch
4062358,ISO-permission,spdx_id,MapFuzzyMatch
3407005,BSD-1-Clause,spdx_id,MapFuzzyMatch
5110944,MIT,spdx_id,MapFuzzyMatch
1113253,MIT,spdx_id,MapFuzzyMatch
5569703,LPD-document,spdx_id,MapFuzzyMatch
3865778,BUSL-1.1,spdx_id,MapFuzzyMatch
1572022,CC-BY-SA-4.0,spdx_id,MapExactID
1113276,CECILL-1.1,spdx_id,MapFuzzyMatch
2489533,MIT,spdx_id,MapFuzzyMatch
392382,MIT,spdx_id,MapFuzzyMatch
457919,copyleft-next-0.3.0,spdx_id,MapFuzzyMatch
785600,MIT,spdx_id,MapFuzzyMatch
7077059,MIT,spdx_id,MapFuzzyMatch
5766340,MIT,spdx_id,MapFuzzyMatch
392390,MIT,spdx_id,MapFuzzyMatch
2555078,Catharon,spdx_id,MapFuzzyMatch
6094023,MIT,spdx_id,MapFuzzyMatch
7208135,MIT,spdx_id,MapFuzzyMatch
3407052,MIT,spdx_id,MapFuzzyMatch
2948309,GPL-1.0,spdx_id,MapFuzzyMatch
4193499,MIT,spdx_id,MapFuzzyMatch
392416,MIT,spdx_id,MapFuzzyMatch
2555107,MIT,spdx_id,MapFuzzyMatch
1768680,ISO-permission,spdx_id,MapFuzzyMatch
64746,MIT,spdx_id,MapExactMatch
785650,Apache-1.0,spdx_id,MapFuzzyMatch
1572082,ISO-permission,spdx_id,MapFuzzyMatch
4586742,MIT,spdx_id,MapFuzzyMatch
5766390,MIT,spdx_id,MapFuzzyMatch
64767,CC-BY-4.0,spdx_id,MapFuzzyMatch
2292996,MIT,spdx_id,MapFuzzyMatch
589062,Apache-2.0,spdx_id,MapExactMatch
7339280,MIT,spdx_id,MapFuzzyMatch
4979998,MIT,spdx_id,MapFuzzyMatch
326945,GPL-1.0,spdx_id,MapFuzzyMatch
2489636,TekHVC,spdx_id,MapFuzzyMatch
3996966,MIT,spdx_id,MapFuzzyMatch
64807,MIT,spdx_id,MapFuzzyMatch
2948396,NRL,spdx_id,MapFuzzyMatch
1572155,Artistic-2.0,spdx_id,MapExactID
3603771,Apache-1.0,spdx_id,MapFuzzyMatch
6356286,MIT,spdx_id,MapFuzzyMatch
3276096,MIT,spdx_id,MapFuzzyMatch
5045569,MIT,spdx_id,MapFuzzyMatch
3276098,MIT,spdx_id,MapFuzzyMatch
6356292,MIT,spdx_id,MapFuzzyMatch
130374,ISO-permission,spdx_id,MapFuzzyMatch
3276104,ISO-permission,spdx_id,MapFuzzyMatch
589129,Apache-1.0,spdx_id,MapFuzzyMatch
2227529,CC-BY-2.5,spdx_id,MapFuzzyMatch
2882890,MIT,spdx_id,MapFuzzyMatch
392526,Artistic-1.0,spdx_id,MapFuzzyMatch
5045585,BSD-1-Clause,spdx_id,MapFuzzyMatch
1113431,MIT,spdx_id,MapFuzzyMatch
3931487,MIT,spdx_id,MapFuzzyMatch
3079522,MIT,spdx_id,MapFuzzyMatch
3603824,BSD-1-Clause,spdx_id,MapFuzzyMatch
1375607,Apache-1.0,spdx_id,MapFuzzyMatch
3931512,MIT,spdx_id,MapFuzzyMatch
4521347,MIT,spdx_id,MapFuzzyMatch
392580,BSD-1-Clause,spdx_id,MapFuzzyMatch
7273871,AGPL-3.0,spdx_id,MapFuzzyMatch
4586907,MIT,spdx_id,MapFuzzyMatch
1834403,MIT,spdx_id,MapFuzzyMatch
2620837,BSD-1-Clause,spdx_id,MapFuzzyMatch
3603879,BSD-1-Clause,spdx_id,MapFuzzyMatch
3603892,BSD-1-Clause,spdx_id,MapFuzzyMatch
2686398,Apache-1.0,spdx_id,MapFuzzyMatch
7470532,BSD-3-Clause,spdx_id,MapFuzzyMatch
1113555,MIT,spdx_id,MapFuzzyMatch
1113565,MIT,spdx_id,MapFuzzyMatch
2162152,MIT,spdx_id,MapFuzzyMatch
5766688,Zlib,spdx_id,MapFuzzyMatch
720419,Apache-2.0,spdx_id,MapFuzzyMatch
7470627,ISO-permission,spdx_id,MapFuzzyMatch
3997224,CC-BY-4.0,spdx_id,MapExactID
4193832,MIT,spdx_id,MapFuzzyMatch
5307946,MIT,spdx_id,MapFuzzyMatch
6356530,Apache-1.0,spdx_id,MapFuzzyMatch
5307959,ISO-permission,spdx_id,MapFuzzyMatch
1769023,MIT,spdx_id,MapFuzzyMatch
6159963,MIT,spdx_id,MapFuzzyMatch
65122,MIT,spdx_id,MapFuzzyMatch
4980327,MIT,spdx_id,MapFuzzyMatch
7667304,MIT,spdx_id,MapFuzzyMatch
2096746,ISO-permission,spdx_id,MapFuzzyMatch
3407474,0BSD,spdx_id,MapFuzzyMatch
4128374,MIT,spdx_id,MapFuzzyMatch
7667318,GPL-3.0,spdx_id,MapFuzzyMatch
7601784,MIT,spdx_id,MapFuzzyMatch
6159993,BSD-1-Clause,spdx_id,MapFuzzyMatch
3014268,Apache-1.0,spdx_id,MapFuzzyMatch
6159999,ISO-permission,spdx_id,MapFuzzyMatch
7536255,MIT,spdx_id,MapFuzzyMatch
720513,ISO-permission,spdx_id,MapFuzzyMatch
1113729,MIT,spdx_id,MapFuzzyMatch
3735172,MIT,spdx_id,MapFuzzyMatch
1900183,MIT,spdx_id,MapFuzzyMatch
6487707,MIT,spdx_id,MapFuzzyMatch
4652701,MIT,spdx_id,MapFuzzyMatch
523940,MIT,spdx_id,MapFuzzyMatch
6422184,Apache-2.0,spdx_id,MapFuzzyMatch
523946,MIT,spdx_id,MapFuzzyMatch
65203,ISO-permission,spdx_id,MapFuzzyMatch
6946486,BUSL-1.1,spdx_id,MapFuzzyMatch
2227908,ISO-permission,spdx_id,MapFuzzyMatch
5045969,PSF-2.0,spdx_id,MapFuzzyMatch
65234,PADL,spdx_id,MapFuzzyMatch
458455,copyleft-next-0.3.0,spdx_id,MapFuzzyMatch
523996,MIT,spdx_id,MapFuzzyMatch
523998,CC-BY-4.0,spdx_id,MapFuzzyMatch
1834730,BSD-1-Clause,spdx_id,MapFuzzyMatch
2359019,AGPL-3.0,spdx_id,MapFuzzyMatch
130796,ISO-permission,spdx_id,MapFuzzyMatch
1572588,BSD-1-Clause,spdx_id,MapFuzzyMatch
6291180,MIT,spdx_id,MapFuzzyMatch
7208683,BSD-1-Clause,spdx_id,MapFuzzyMatch
2883313,MIT,spdx_id,MapFuzzyMatch
3735296,MIT,spdx_id,MapFuzzyMatch
2293506,GPL-3.0,spdx_id,MapFuzzyMatch
7274242,ISO-permission,spdx_id,MapFuzzyMatch
5308167,CC-BY-SA-4.0,spdx_id,MapExactID
2686731,MIT,spdx_id,MapFuzzyMatch
4456205,Apache-2.0,spdx_id,MapFuzzyMatch
3735311,MIT,spdx_id,MapFuzzyMatch
392977,MIT,spdx_id,MapFuzzyMatch
2883346,BSD-1-Clause,spdx_id,MapFuzzyMatch
5766941,MIT,spdx_id,MapFuzzyMatch
5898013,ISO-permission,spdx_id,MapFuzzyMatch
2228001,ISO-permission,spdx_id,MapFuzzyMatch
4456238,ISO-permission,spdx_id,MapFuzzyMatch
2883377,MIT,spdx_id,MapFuzzyMatch
3014454,MIT,spdx_id,MapFuzzyMatch
2948920,AGPL-1.0,spdx_id,MapFuzzyMatch
1376059,MIT,spdx_id,MapFuzzyMatch
65343,BUSL-1.1,spdx_id,MapFuzzyMatch
5635907,MIT,spdx_id,MapFuzzyMatch
2883403,MIT,spdx_id,MapFuzzyMatch
4194129,MIT,spdx_id,MapFuzzyMatch
1703763,MIT,spdx_id,MapExactID
3080024,Apache-2.0,spdx_id,MapFuzzyMatch
4980568,MIT,spdx_id,MapFuzzyMatch
6618974,BSD-1-Clause,spdx_id,MapFuzzyMatch
1900390,BSD-3-Clause,spdx_id,MapFuzzyMatch
5701481,MIT,spdx_id,MapFuzzyMatch
6618985,MIT,spdx_id,MapFuzzyMatch
2555759,BSD-1-Clause,spdx_id,MapFuzzyMatch
2359153,ISO-permission,spdx_id,MapFuzzyMatch
2555768,BSD-1-Clause,spdx_id,MapFuzzyMatch
655228,Apache-1.0,spdx_id,MapFuzzyMatch
3407749,GPL-3.0,spdx_id,MapFuzzyMatch
4194181,MIT,spdx_id,MapFuzzyMatch
5242758,MIT,spdx_id,MapFuzzyMatch
3538828,MIT,spdx_id,MapFuzzyMatch
393102,SMAIL-GPL,spdx_id,MapFuzzyMatch
7405454,MIT,spdx_id,MapFuzzyMatch
4587419,Apache-2.0,spdx_id,MapFuzzyMatch
2686877,Apache-2.0,spdx_id,MapFuzzyMatch
2883486,ANTLR-PD,spdx_id,MapFuzzyMatch
7274411,MIT,spdx_id,MapFuzzyMatch
4915118,MIT,spdx_id,MapFuzzyMatch
2555829,MIT,spdx_id,MapFuzzyMatch
3801017,ISC,spdx_id,MapFuzzyMatch
7667642,MIT,spdx_id,MapFuzzyMatch
3997631,EUPL-1.2,spdx_id,MapFuzzyMatch
6225859,ANTLR-PD,spdx_id,MapFuzzyMatch
2359236,ISO-permission,spdx_id,MapFuzzyMatch
2949062,ISO-permission,spdx_id,MapFuzzyMatch
1769416,Apache-1.0,spdx_id,MapFuzzyMatch
3735500,ISO-permission,spdx_id,MapFuzzyMatch
2555872,CC0-1.0,spdx_id,MapFuzzyMatch
7667680,MIT,spdx_id,MapFuzzyMatch
65509,BSD-3-Clause,spdx_id,MapExactID
3080166,MIT,spdx_id,MapFuzzyMatch
6225895,Apache-1.0,spdx_id,MapFuzzyMatch
3014636,MIT,spdx_id,MapFuzzyMatch
2949102,MIT,spdx_id,MapFuzzyMatch
3276783,MIT,spdx_id,MapFuzzyMatch
131058,JSON,spdx_id,MapExactMatch
327668,NIST-Software,spdx_id,MapFuzzyMatch
327670,CC-BY-SA-2.1-JP,spdx_id,MapFuzzyMatch
3342328,copyleft-next-0.3.0,spdx_id,MapFuzzyMatch
6094844,MIT,spdx_id,MapFuzzyMatch
